data;horario;n_da_ocorrencia;tipo_de_ocorrencia;km;trecho;sentido;tipo_de_acidente;automovel;bicicleta;caminhao;moto;onibus;outros;tracao_animal;transporte_de_cargas_especiais;trator_maquinas;utilitarios;ilesos;levemente_feridos;moderadamente_feridos;gravemente_feridos;mortos
30/05/2017;18:13:00;357;Atropelamento sem morte;271;BR-101/ES;Norte;Atropelamento;1;0;0;0;0;0;0;0;;;1;0;1;0;0
30/05/2017;19:20:00;369;Atropelamento sem morte;296;BR-101/ES;Norte;Atropelamento e Fuga;0;1;0;0;0;0;0;0;;;0;0;1;0;0
31/05/2017;06:41:00;113;Acidente sem vítima;264;BR-101/ES;Norte;Colisão Transversal;4;0;0;0;0;0;0;0;;;7;0;0;0;0
31/05/2017;07:42:00;134;Acidente com vítima;260,7;BR-101/ES;Sul;Queda de Moto;0;0;0;1;0;0;0;0;;;0;1;0;0;0
31/05/2017;08:06:00;141;Acidente sem vítima;92;BR-101/ES;Norte;Colisão Traseira;1;0;0;0;0;0;0;2;;;4;0;0;0;0
31/05/2017;08:47:00;159;Acidente sem vítima;275;BR-101/ES;Sul;Colisão Traseira;1;0;1;0;0;0;0;1;;;3;0;0;0;0
31/05/2017;09:08:00;163;Acidente sem vítima;254;BR-101/ES;Sul;Engavetamento;3;0;0;0;0;0;0;0;;;6;0;0;0;0
31/05/2017;12:11:00;246;Acidente sem vítima;267;BR-101/ES;Sul;Colisão Traseira;1;0;0;0;1;0;0;0;;;2;0;0;0;0
31/05/2017;12:34:00;256;Atropelamento sem morte;257;BR-101/ES;Sul;Atropelamento;0;0;0;0;0;0;0;2;;;1;0;0;1;0
31/05/2017;13:35:00;278;Acidente sem vítima;399;BR-101/ES;Sul;Colisão Lateral;1;0;1;0;0;0;0;0;;;5;0;0;0;0
31/05/2017;14:14:00;289;Acidente com vítima;210;BR-101/ES;Sul;Colisão;0;1;0;1;0;0;0;0;;;1;1;0;0;0
31/05/2017;15:14:00;310;Acidente sem vítima;264;BR-101/ES;Sul;Veículo em Chamas;1;0;0;0;0;0;0;0;;;1;0;0;0;0
31/05/2017;15:16:00;311;Acidente com vítima;265;BR-101/ES;Norte;Queda de Moto;0;0;0;1;0;0;0;0;;;0;0;1;0;0
31/05/2017;22:23:00;445;Acidente com vítima;126;BR-101/ES;Sul;Colisão;1;1;0;0;0;0;0;0;;;1;0;1;0;0
01/06/2017;07:31:00;129;Acidente sem vítima;956,5;BR-101/BA;Norte;Colisão Traseira;2;0;0;0;0;0;0;0;;;2;0;0;0;0
01/06/2017;10:46:00;224;Acidente sem vítima;292;BR-101/ES;Norte;Engavetamento;3;0;0;0;0;0;0;0;;;2;0;0;0;0
01/06/2017;17:20:00;396;Acidente sem vítima;243;BR-101/ES;Sul;Saída de Pista;1;0;0;0;0;0;0;0;;;1;0;0;0;0
01/06/2017;17:30:00;403;Acidente com vítima;258;BR-101/ES;Sul;Colisão Transversal;1;0;0;1;0;0;0;0;;;1;1;0;0;0
01/06/2017;18:06:00;413;Acidente com vítima;279;BR-101/ES;Norte;Queda de Moto;0;0;0;1;0;0;0;0;;;0;0;1;0;0
01/06/2017;18:46:00;424;Acidente com vítima;268;BR-101/ES;Sul;Colisão Lateral;1;0;0;1;0;0;0;0;;;1;1;0;0;0
01/06/2017;18:55:00;429;Acidente com vítima;413,7;BR-101/ES;Sul;Saída de Pista;1;0;0;0;0;0;0;0;;;0;0;0;1;0
01/06/2017;18:59:00;431;Acidente sem vítima;321;BR-101/ES;Sul;Colisão Traseira;1;0;0;0;0;0;0;1;;;2;0;0;0;0
01/06/2017;19:13:00;437;Acidente sem vítima;286;BR-101/ES;Sul;Choque com Objeto Fixo;1;0;0;0;0;0;0;0;;;1;0;0;0;0
01/06/2017;19:45:00;444;Acidente sem vítima;258;BR-101/ES;Norte;Colisão Transversal;1;0;0;0;1;0;0;0;;;4;0;0;0;0
01/06/2017;21:54:00;495;Acidente com vítima;287;BR-101/ES;Norte;Colisão Traseira;1;0;0;1;0;0;0;0;;;1;0;1;0;0
02/06/2017;02:59:00;73;Acidente sem vítima;303;BR-101/ES;Norte;Veículo em Chamas;0;0;0;0;0;0;0;2;;;1;0;0;0;0
02/06/2017;07:44:00;134;Acidente sem vítima;293;BR-101/ES;Norte;Colisão Traseira;2;0;0;0;0;0;0;0;;;2;0;0;0;0
02/06/2017;09:15:00;179;Acidente sem vítima;269;BR-101/ES;Sul;Colisão Lateral;2;0;0;0;0;0;0;0;;;3;0;0;0;0
02/06/2017;13:24:00;310;Acidente sem vítima;140;BR-101/ES;Norte;Colisão Transversal;2;0;0;0;0;0;0;0;;;2;0;0;0;0
02/06/2017;15:34:00;358;Acidente sem vítima;265;BR-101/ES;Norte;Atropelamento Animal;1;0;0;0;0;0;0;0;;;1;0;0;0;0
02/06/2017;19:22:00;417;Acidente com vítima;280;BR-101/ES;Sul;Saída de Pista;1;0;0;0;0;0;0;0;;;0;0;2;0;0
02/06/2017;21:22:00;463;Acidente com vítima;146;BR-101/ES;Norte;Capotamento;1;0;0;0;0;0;0;0;;;1;2;1;0;0
02/06/2017;23:27:00;507;Acidente sem vítima;137;BR-101/ES;Sul;Saída de Pista;1;0;0;0;0;0;0;0;;;1;0;0;0;0
03/06/2017;11:29:00;213;Acidente com vítima;380;BR-101/ES;Sul;Queda de Moto;0;0;0;1;0;0;0;0;;;0;1;0;0;0
03/06/2017;11:36:00;218;Acidente com vítima;230;BR-101/ES;Sul;Colisão Lateral;1;0;0;1;0;0;0;0;;;2;1;0;0;0
03/06/2017;11:40:00;222;Acidente com vítima;397;BR-101/ES;Norte;Queda de Moto;1;0;0;0;0;0;0;0;;;0;1;1;0;0
03/06/2017;13:36:00;279;Acidente com vítima;253;BR-101/ES;Sul;Colisão Transversal;2;0;0;0;0;0;0;0;;;3;0;1;0;0
03/06/2017;15:29:00;306;Acidente sem vítima;263,4;BR-101/ES;Sul;Colisão Traseira;1;0;1;0;0;0;0;0;;;2;0;0;0;0
03/06/2017;16:04:00;313;Acidente com vítima;315;BR-101/ES;Norte;Queda de Moto;0;0;0;1;0;0;0;0;;;0;0;1;0;0
03/06/2017;18:41:00;347;Acidente sem vítima;264;BR-101/ES;Sul;Engavetamento;4;0;0;0;0;0;0;0;;;4;0;0;0;0
03/06/2017;22:00:00;408;Acidente com vítima;304;BR-101/ES;Norte;Queda de Moto;0;0;0;1;0;0;0;0;;;0;2;0;0;0
03/06/2017;23:08:00;421;Acidente sem vítima;300;BR-101/ES;Sul;Choque com Objeto Fixo;1;0;0;0;0;0;0;0;;;1;0;0;0;0
04/06/2017;06:12:00;126;Acidente com vítima;285;BR-101/ES;Sul;Queda de Moto;0;0;0;1;0;0;0;0;;;0;0;1;0;0
04/06/2017;06:18:00;128;Acidente com vítima;298;BR-101/ES;Sul;Colisão Lateral;0;1;0;1;0;0;0;0;;;1;0;1;0;0
04/06/2017;11:10:00;216;Acidente com vítima;170;BR-101/ES;Norte;Queda de ciclista;0;1;0;0;0;0;0;0;;;0;1;0;0;0
04/06/2017;11:25:00;221;Acidente com vítima;161,5;BR-101/ES;Norte;Saída de Pista;1;0;0;0;0;0;0;0;;;0;0;3;0;0
04/06/2017;11:28:00;223;Acidente com vítima;108;BR-101/ES;Sul;Queda de Moto;0;0;0;1;0;0;0;0;;;0;0;2;0;0
04/06/2017;14:57:00;316;Acidente com vítima;276;BR-101/ES;Norte;Capotamento;1;0;0;0;0;0;0;0;;;0;0;1;0;0
04/06/2017;16:47:00;355;Acidente com vítima;125,5;BR-101/ES;Norte;Colisão Transversal;1;0;0;1;0;0;0;0;;;2;0;1;0;0
04/06/2017;16:49:00;357;Acidente com vítima;162;BR-101/ES;Sul;Colisão Frontal;1;0;1;0;0;0;0;0;;;0;1;1;0;0
04/06/2017;16:49:00;358;Acidente com vítima;289;BR-101/ES;Sul;Colisão Lateral;1;0;0;1;0;0;0;0;;;1;0;2;0;0
04/06/2017;16:50:00;359;Acidente sem vítima;230;BR-101/ES;Sul;Colisão Transversal;1;0;0;1;0;0;0;0;;;2;0;0;0;0
04/06/2017;18:27:00;376;Atropelamento sem morte;270;BR-101/ES;Sul;Atropelamento;1;0;0;0;0;0;0;0;;;1;0;1;0;0
04/06/2017;18:57:00;385;Acidente sem vítima;162;BR-101/ES;Norte;Colisão Traseira;2;0;0;0;0;0;0;0;;;8;0;0;0;0
05/06/2017;06:15:00;116;Acidente com vítima;263;BR-101/ES;Sul;Colisão Transversal;1;1;0;0;0;0;0;0;;;1;0;1;0;0
05/06/2017;07:08:00;126;Acidente sem vítima;61;BR-101/ES;Norte;Colisão Traseira;1;0;0;0;1;0;0;0;;;2;0;0;0;0
05/06/2017;08:22:00;153;Acidente com vítima;141;BR-101/ES;Sul;Queda de Moto;0;0;0;1;0;0;0;0;;;0;1;0;0;0
05/06/2017;09:26:00;179;Acidente com vítima;315;BR-101/ES;Norte;Colisão Lateral;1;0;0;1;0;0;0;0;;;1;0;1;0;0
05/06/2017;10:19:00;202;Acidente sem vítima;313;BR-101/ES;Sul;Colisão Traseira;0;0;1;0;0;0;0;2;;;2;0;0;0;0
05/06/2017;10:42:00;218;Acidente sem vítima;223;BR-101/ES;Norte;Engavetamento;1;0;2;0;0;0;0;0;;;6;0;0;0;0
05/06/2017;11:17:00;239;Acidente com vítima;331,5;BR-101/ES;Sul;Colisão Lateral;2;0;1;0;0;0;0;0;;;5;0;1;0;0
05/06/2017;14:46:00;344;Acidente com vítima;148,7;BR-101/ES;Sul;Colisão Traseira;1;0;0;0;0;0;0;2;;;1;2;0;0;0
05/06/2017;14:50:00;346;Acidente com vítima;188;BR-101/ES;Norte;Capotamento;1;0;0;0;0;0;0;0;;;0;0;1;0;0
05/06/2017;17:38:00;392;Atropelamento sem morte;125;BR-101/ES;Sul;Atropelamento e Fuga;1;1;0;0;0;0;0;0;;;0;1;0;0;0
05/06/2017;18:59:00;408;Acidente com vítima;166;BR-101/ES;Sul;Queda de Moto;0;0;0;1;0;0;0;0;;;0;1;1;0;0
05/06/2017;22:15:00;470;Acidente com vítima;263;BR-101/ES;Sul;Choque;0;0;0;1;0;0;0;0;;;0;0;1;0;0
05/06/2017;22:34:00;473;Acidente com vítima;148;BR-101/ES;Norte;Choque com Objeto Fixo;0;0;0;1;0;0;0;0;;;0;0;0;1;0
06/06/2017;00:30:00;11;Acidente sem vítima;431;BR-101/ES;Norte;Choque com Objeto Fixo;1;0;0;0;0;0;0;0;;;1;0;0;0;0
06/06/2017;01:20:00;32;Acidente sem vítima;85;BR-101/ES;Sul;Atropelamento Animal;1;0;0;0;0;0;0;0;;;1;0;0;0;0
06/06/2017;04:16:00;92;Acidente com vítima;414;BR-101/ES;Sul;Colisão Traseira;1;0;1;0;0;0;0;0;;;1;0;1;1;0
06/06/2017;05:11:00;102;Acidente sem vítima;287;BR-101/ES;Sul;Veículo em Chamas;1;0;0;0;0;0;0;0;;;1;0;0;0;0
06/06/2017;05:20:00;104;Acidente com vítima;162;BR-101/ES;Sul;Colisão Transversal;0;0;0;0;0;0;0;3;;;2;0;1;0;0
06/06/2017;08:07:00;149;Acidente com vítima;221;BR-101/ES;Sul;Choque com Objeto Fixo;1;0;0;0;0;0;0;0;;;0;0;1;0;0
06/06/2017;10:04:00;214;Acidente sem vítima;346;BR-101/ES;Norte;Queda de Moto;0;0;0;1;0;0;0;0;;;1;0;0;0;0
06/06/2017;10:10:00;219;Acidente com vítima;402;BR-101/ES;Norte;Queda de Moto;0;0;0;1;0;0;0;0;;;0;0;1;1;0
06/06/2017;10:15:00;221;Acidente sem vítima;298;BR-101/ES;Norte;Colisão Traseira;2;0;0;0;0;0;0;0;;;1;0;0;0;0
06/06/2017;16:14:00;364;Acidente com vítima;293;BR-101/ES;Norte;Colisão Lateral;0;0;0;2;0;0;0;0;;;1;0;1;0;0
07/06/2017;07:23:00;126;Acidente sem vítima;255;BR-101/ES;Sul;Engavetamento;3;0;0;0;0;0;0;0;;;3;0;0;0;0
07/06/2017;08:52:00;170;Acidente com vítima;297;BR-101/ES;Sul;Engavetamento;2;0;1;0;0;0;0;0;;;1;2;0;0;0
07/06/2017;12:52:00;311;Acidente sem vítima;201;BR-101/ES;Sul;Colisão Lateral;2;0;0;0;0;0;0;0;;;2;0;0;0;0
07/06/2017;14:16:00;348;Acidente sem vítima;297;BR-101/ES;Norte;Choque com Objeto Fixo;0;0;1;0;0;0;0;2;;;2;0;0;0;0
07/06/2017;14:26:00;350;Acidente sem vítima;298;BR-101/ES;Norte;Colisão Traseira;2;0;0;0;0;0;0;0;;;4;0;0;0;0
07/06/2017;15:03:00;359;Acidente com vítima;298;BR-101/ES;Norte;Queda de Moto;0;0;0;1;0;0;0;0;;;0;1;0;0;0
07/06/2017;15:51:00;375;Acidente sem vítima;66;BR-101/ES;Sul;Colisão Lateral;1;0;0;0;0;0;0;2;;;3;0;0;0;0
07/06/2017;16:02:00;378;Atropelamento sem morte;266;BR-101/ES;Norte;Atropelamento;1;0;0;0;0;0;0;0;;;1;0;1;0;0
07/06/2017;16:56:00;398;Acidente com vítima;269;BR-101/ES;Sul;Engavetamento;5;0;0;0;0;0;0;0;;;4;1;0;0;0
07/06/2017;18:20:00;421;Acidente sem vítima;263;BR-101/ES;Norte;Colisão Traseira;1;0;0;0;0;0;0;2;;;2;0;0;0;0
07/06/2017;19:19:00;435;Atropelamento sem morte;293;BR-101/ES;Norte;Atropelamento;1;0;0;0;0;0;0;0;;;4;0;1;0;0
07/06/2017;22:32:00;509;Acidente sem vítima;270;BR-101/ES;Norte;Colisão Lateral;1;0;0;0;0;0;0;2;;;3;0;0;0;0
08/06/2017;06:36:00;105;Acidente com vítima;270;BR-101/ES;Norte;Queda de Moto;0;0;0;1;0;0;0;0;;;0;0;1;0;0
08/06/2017;08:14:00;128;Acidente com vítima;208;BR-101/ES;Norte;Colisão Traseira;2;0;0;0;0;0;0;0;;;3;0;1;0;0
08/06/2017;09:46:00;165;Acidente com vítima;266;BR-101/ES;Norte;Colisão Transversal;1;0;1;0;0;0;0;0;;;2;0;1;0;0
08/06/2017;10:10:00;179;Acidente com vítima;69;BR-101/ES;Norte;Colisão Transversal;1;0;0;1;0;0;0;0;;;1;0;1;0;0
08/06/2017;12:57:00;276;Acidente sem vítima;270;BR-101/ES;Sul;Colisão Lateral;1;0;0;1;0;0;0;0;;;2;0;0;0;0
08/06/2017;13:25:00;285;Acidente com vítima;269;BR-101/ES;Norte;Colisão Traseira;0;0;1;0;1;0;0;0;;;3;0;1;0;0
09/06/2017;07:24:00;140;Acidente com vítima;294;BR-101/ES;Sul;Colisão Traseira;0;0;0;1;0;0;0;2;;;1;0;1;0;0
09/06/2017;08:18:00;158;Acidente sem vítima;117;BR-101/ES;Sul;Engavetamento;2;0;1;0;0;0;0;2;;;7;0;0;0;0
09/06/2017;09:58:00;223;Acidente sem vítima;271;BR-101/ES;Sul;Colisão Traseira;2;0;0;0;0;0;0;0;;;2;0;0;0;0
09/06/2017;10:06:00;231;Acidente sem vítima;291;BR-101/ES;Sul;Colisão Lateral;1;0;0;0;0;0;0;2;;;2;0;0;0;0
09/06/2017;10:57:00;262;Acidente sem vítima;147;BR-101/ES;Sul;Colisão Traseira;2;0;0;0;0;0;0;0;;;2;0;0;0;0
09/06/2017;11:52:00;300;Acidente com vítima;185;BR-101/ES;Sul;Queda de Moto;0;0;0;1;0;0;0;0;;;0;2;0;0;0
09/06/2017;12:37:00;326;Acidente sem vítima;269;BR-101/ES;Norte;Engavetamento;5;0;0;0;0;0;0;0;;;5;0;0;0;0
09/06/2017;13:14:00;334;Acidente com vítima;247;BR-101/ES;Sul;Colisão Transversal;2;0;1;0;0;0;0;1;;;3;0;1;0;0
09/06/2017;14:00:00;356;Acidente com vítima;298;BR-101/ES;Sul;Colisão Traseira;1;0;1;0;0;0;0;0;;;4;0;1;0;0
09/06/2017;17:12:00;408;Acidente com vítima;13,8;BR-101/ES;Sul;Queda de Moto;0;0;0;1;0;0;0;0;;;0;1;0;0;0
09/06/2017;17:38:00;414;Acidente com vítima;298;BR-101/ES;Sul;Engavetamento;3;0;0;0;0;0;0;0;;;2;2;1;0;0
09/06/2017;18:52:00;434;Acidente sem vítima;147;BR-101/ES;Norte;Colisão Traseira;2;0;0;0;0;0;0;0;;;2;0;0;0;0
09/06/2017;20:07:00;460;Acidente sem vítima;292;BR-101/ES;Norte;Colisão Traseira;3;0;0;0;0;0;0;0;;;3;0;0;0;0
09/06/2017;20:10:00;462;Atropelamento sem morte;19;BR-101/ES;Sul;Atropelamento e Fuga;1;0;0;0;0;0;0;0;;;0;1;0;0;0
09/06/2017;22:52:00;525;Acidente sem vítima;263;BR-101/ES;Norte;Engavetamento;3;0;0;0;0;0;0;0;;;3;0;0;0;0
09/06/2017;23:17:00;531;Acidente sem vítima;177;BR-101/ES;Norte;Veículo em Chamas;1;0;0;0;0;0;0;0;;;1;0;0;0;0
10/06/2017;01:21:00;32;Acidente com vítima;293;BR-101/ES;Sul;Queda de Moto;0;0;0;1;0;0;0;0;;;0;0;1;0;0
10/06/2017;02:44:00;60;Acidente sem vítima;28,5;BR-101/ES;Norte;Atropelamento de Bovino;0;0;1;0;0;0;0;0;;;1;0;0;0;0
10/06/2017;04:38:00;89;Atropelamento sem morte;236;BR-101/ES;Norte;Atropelamento;1;0;0;0;0;0;0;0;;;4;0;0;0;0
10/06/2017;05:14:00;97;Acidente sem vítima;139,5;BR-101/ES;Norte;Saída de Pista;1;0;0;0;0;0;0;0;;;1;0;0;0;0
10/06/2017;05:33:00;105;Acidente sem vítima;298;BR-101/ES;Sul;Colisão Lateral;1;0;0;0;0;0;0;3;;;4;0;0;0;0
10/06/2017;09:38:00;198;Atropelamento sem morte;303;BR-101/ES;Sul;Atropelamento e Fuga;1;0;0;0;0;0;0;0;;;0;1;0;0;0
10/06/2017;13:49:00;341;Acidente sem vítima;266;BR-101/ES;Sul;Colisão Lateral;1;0;0;0;1;0;0;0;;;3;0;0;0;0
10/06/2017;14:08:00;346;Acidente com vítima;150;BR-101/ES;Norte;Colisão Traseira;1;0;0;1;0;0;0;0;;;3;1;0;0;0
10/06/2017;15:01:00;359;Acidente com vítima;349;BR-101/ES;Sul;Colisão Lateral;0;0;0;1;0;0;0;3;;;1;0;1;0;0
10/06/2017;15:14:00;365;Acidente com morte;210;BR-101/ES;Norte;Colisão Lateral;2;0;0;0;0;0;0;0;;;0;0;0;1;3
10/06/2017;16:42:00;396;Acidente com vítima;145;BR-101/ES;Sul;Colisão Transversal;1;0;0;1;0;0;0;0;;;2;1;0;0;0
10/06/2017;16:56:00;400;Acidente sem vítima;289;BR-101/ES;Norte;Saída de Pista;1;0;0;0;0;0;0;0;;;2;0;0;0;0
10/06/2017;18:14:00;421;Acidente com vítima;164;BR-101/ES;Norte;Colisão Traseira;2;0;0;0;0;0;0;0;;;2;1;1;0;0
10/06/2017;22:46:00;500;Atropelamento sem morte;257;BR-101/ES;Sul;Atropelamento;1;0;0;0;0;0;0;0;;;1;0;0;1;0
11/06/2017;02:30:00;54;Acidente sem vítima;280,5;BR-101/ES;Sul;Saída de Pista;1;0;0;0;0;0;0;0;;;1;0;0;0;0
11/06/2017;05:06:00;90;Acidente com vítima;267;BR-101/ES;Sul;Queda de Moto;0;0;0;1;0;0;0;0;;;0;0;1;0;0
11/06/2017;06:34:00;106;Acidente sem vítima;301;BR-101/ES;Sul;Colisão Transversal;2;0;0;0;0;0;0;0;;;2;0;0;0;0
11/06/2017;11:35:00;233;Acidente com vítima;150;BR-101/ES;Norte;Colisão Traseira;0;0;0;2;0;0;0;0;;;0;3;1;0;0
11/06/2017;11:50:00;241;Acidente sem vítima;321;BR-101/ES;Norte;Colisão Transversal;2;0;0;0;0;0;0;0;;;2;0;0;0;0
11/06/2017;14:47:00;322;Acidente sem vítima;209;BR-101/ES;Sul;Colisão Traseira;2;0;0;0;0;0;0;3;;;5;0;0;0;0
11/06/2017;17:39:00;389;Acidente sem vítima;241,42;BR-101/ES;Norte;Colisão Traseira;2;0;0;0;0;0;0;0;;;7;0;0;0;0
11/06/2017;21:19:00;456;Acidente com vítima;69;BR-101/ES;Sul;Queda de Moto;0;0;0;1;0;0;0;0;;;0;0;1;0;0
12/06/2017;08:14:00;123;Acidente sem vítima;433;BR-101/ES;Norte;Colisão Lateral;2;0;0;0;0;0;0;0;;;2;0;0;0;0
12/06/2017;09:16:00;140;Acidente com vítima;454,5;BR-101/ES;Sul;Saída de Pista;0;0;0;0;0;0;0;3;;;0;1;0;0;0
12/06/2017;11:32:00;211;Acidente com vítima;269,95;BR-101/ES;Sul;Colisão Lateral;1;1;0;0;0;0;0;0;;;1;0;1;0;0
12/06/2017;12:58:00;251;Acidente com vítima;280;BR-101/ES;Sul;Queda de Moto;0;0;0;1;0;0;0;0;;;0;1;0;0;0
12/06/2017;13:42:00;273;Acidente sem vítima;270;BR-101/ES;Norte;Colisão Lateral;1;0;0;0;0;0;0;3;;;2;0;0;0;0
12/06/2017;14:40:00;294;Acidente sem vítima;187;BR-101/ES;Norte;Queda de Moto;0;0;0;1;0;0;0;0;;;1;0;0;0;0
12/06/2017;15:59:00;318;Acidente com vítima;131;BR-101/ES;Sul;Colisão Traseira;1;0;0;0;0;0;0;1;;;2;1;0;0;0
12/06/2017;16:31:00;330;Acidente com vítima;139;BR-101/ES;Norte;Colisão Transversal;0;0;1;1;0;0;0;0;;;1;1;1;0;0
12/06/2017;17:33:00;343;Atropelamento sem morte;287;BR-101/ES;Norte;Atropelamento;0;0;0;1;0;0;0;0;;;0;0;2;0;0
12/06/2017;17:55:00;352;Acidente sem vítima;292;BR-101/ES;Norte;Engavetamento;3;0;0;0;0;0;0;0;;;3;0;0;0;0
12/06/2017;17:57:00;354;Acidente com vítima;188;BR-101/ES;Norte;Colisão Traseira;1;0;0;1;0;0;0;0;;;2;0;1;0;0
12/06/2017;18:44:00;359;Acidente com vítima;96,6;BR-101/ES;Sul;Colisão Traseira;1;0;0;1;0;0;0;0;;;1;0;0;1;0
12/06/2017;19:12:00;366;Acidente sem vítima;268;BR-101/ES;Sul;Colisão Lateral;1;0;0;1;0;0;0;0;;;2;0;0;0;0
13/06/2017;08:18:00;146;Acidente com vítima;271;BR-101/ES;Norte;Engavetamento;2;0;2;0;0;0;0;0;;;9;1;1;0;0
13/06/2017;08:23:00;148;Acidente sem vítima;297;BR-101/ES;Sul;Colisão Traseira;2;0;0;0;0;0;0;0;;;2;0;0;0;0
13/06/2017;08:33:00;150;Acidente sem vítima;374;BR-101/ES;Norte;Colisão Traseira;2;0;0;0;0;0;0;0;;;2;0;0;0;0
13/06/2017;09:38:00;181;Acidente sem vítima;336;BR-101/ES;Sul;Saída de Pista;1;0;0;0;0;0;0;0;;;1;0;0;0;0
13/06/2017;09:43:00;183;Acidente sem vítima;270;BR-101/ES;Sul;Veículo em Chamas;1;0;0;0;0;0;0;0;;;1;0;0;0;0
13/06/2017;09:47:00;185;Acidente sem vítima;297;BR-101/ES;Norte;Colisão Traseira;2;0;0;0;0;0;0;0;;;2;0;0;0;0
13/06/2017;11:49:00;261;Acidente com vítima;261;BR-101/ES;Norte;Queda de Moto;0;0;0;1;0;0;0;0;;;0;1;0;0;0
13/06/2017;12:27:00;278;Acidente sem vítima;305;BR-101/ES;Sul;Colisão Traseira;2;0;0;0;0;0;0;0;;;1;0;0;0;0
13/06/2017;13:50:00;325;Acidente sem vítima;15,5;BR-101/ES;Norte;Colisão Transversal;2;0;0;0;0;0;0;0;;;2;0;0;0;0
13/06/2017;16:43:00;369;Acidente com vítima;187;BR-101/ES;Norte;Queda de Moto;0;0;0;1;0;0;0;0;;;0;0;1;0;0
13/06/2017;18:06:00;388;Acidente sem vítima;67;BR-101/ES;Norte;Colisão Lateral;2;0;0;0;0;0;0;0;;;2;0;0;0;0
13/06/2017;19:47:00;418;Acidente sem vítima;266;BR-101/ES;Sul;Colisão Lateral;1;0;0;0;2;0;0;0;;;3;0;0;0;0
13/06/2017;22:18:00;490;Acidente sem vítima;294;BR-101/ES;Norte;Saída de Pista;1;0;0;0;0;0;0;0;;;1;0;0;0;0
14/06/2017;05:00:00;99;Acidente com morte;119;BR-101/ES;Norte;Colisão Frontal;2;0;0;0;0;0;0;0;;;0;0;4;2;2
14/06/2017;06:44:00;118;Acidente com vítima;219;BR-101/ES;Sul;Colisão Frontal;1;0;2;0;0;0;0;0;;;3;0;1;1;0
14/06/2017;07:46:00;144;Acidente sem vítima;259;BR-101/ES;Sul;Colisão Lateral;1;0;1;0;0;0;0;0;;;2;0;0;0;0
14/06/2017;07:47:00;145;Acidente sem vítima;292,8;BR-101/ES;Norte;Engavetamento;4;0;0;0;0;0;0;0;;;5;0;0;0;0
14/06/2017;08:32:00;164;Acidente sem vítima;269;BR-101/ES;Sul;Colisão Lateral;1;0;1;0;0;0;0;0;;;2;0;0;0;0
14/06/2017;08:48:00;168;Atropelamento sem morte;268,5;BR-101/ES;Norte;Atropelamento;1;0;0;0;0;0;0;0;;;2;0;1;0;0
14/06/2017;11:14:00;264;Acidente sem vítima;268;BR-101/ES;Sul;Colisão Traseira;2;0;0;0;0;0;0;0;;;2;0;0;0;0
14/06/2017;14:46:00;364;Acidente sem vítima;65;BR-101/ES;Sul;Engavetamento;3;0;0;0;0;0;0;0;;;5;0;0;0;0
14/06/2017;15:27:00;383;Acidente com vítima;267;BR-101/ES;Sul;Colisão;0;1;0;1;0;0;0;0;;;0;0;2;0;0
14/06/2017;15:37:00;386;Acidente com vítima;52;BR-101/ES;Sul;Colisão Traseira;2;0;0;0;0;1;0;0;;;3;0;2;0;0
14/06/2017;17:08:00;416;Acidente sem vítima;264;BR-101/ES;Sul;Colisão Traseira;2;0;0;0;0;0;0;0;;;2;0;0;0;0
14/06/2017;19:37:00;458;Acidente sem vítima;263;BR-101/ES;Norte;Saída de Pista;1;0;0;0;0;0;0;0;;;1;0;0;0;0
14/06/2017;20:31:00;483;Acidente sem vítima;287;BR-101/ES;Sul;Colisão Traseira;2;0;0;0;0;0;0;0;;;2;0;0;0;0
14/06/2017;21:08:00;495;Acidente sem vítima;287;BR-101/ES;Sul;Saída de Pista;0;0;1;0;0;0;0;0;;;1;0;0;0;0
15/06/2017;09:01:00;156;Acidente com vítima;263;BR-101/ES;Sul;Colisão Transversal;1;0;0;1;0;0;0;0;;;1;0;1;0;0
15/06/2017;09:52:00;185;Acidente sem vítima;229;BR-101/ES;Sul;Colisão Traseira;1;0;0;1;0;0;0;0;;;2;0;0;0;0
15/06/2017;10:28:00;201;Acidente sem vítima;209;BR-101/ES;Sul;Colisão Traseira;2;0;0;0;0;0;0;0;;;2;0;0;0;0
15/06/2017;18:36:00;354;Acidente sem vítima;395;BR-101/ES;Norte;Colisão Lateral;1;0;0;0;0;0;0;3;;;2;0;0;0;0
15/06/2017;19:30:00;370;Acidente com vítima;159;BR-101/ES;Norte;Queda de Moto;0;0;0;1;0;0;0;0;;;0;1;0;0;0
15/06/2017;20:57:00;393;Acidente sem vítima;329;BR-101/ES;Norte;Saída de Pista;1;0;0;0;0;0;0;0;;;2;0;0;0;0
15/06/2017;21:57:00;417;Acidente com vítima;258;BR-101/ES;Norte;Colisão Traseira;2;0;0;0;0;0;0;0;;;4;1;0;0;0
16/06/2017;14:05:00;312;Acidente sem vítima;268;BR-101/ES;Norte;Colisão Traseira;1;0;1;0;0;0;0;0;;;2;0;0;0;0
16/06/2017;17:53:00;379;Acidente com vítima;330;BR-101/ES;Norte;Queda de Moto;0;0;0;1;0;0;0;0;;;0;1;0;0;0
17/06/2017;01:37:00;42;Acidente com vítima;419;BR-101/ES;Norte;Capotamento;1;0;0;0;0;0;0;0;;;0;1;0;0;0