data;horario;n_da_ocorrencia;tipo_de_ocorrencia;km;trecho;sentido;tipo_de_acidente;automovel;bicicleta;caminhao;moto;onibus;outros;tracao_animal;transporte_de_cargas_especiais;trator_maquinas;utilitarios;ilesos;levemente_feridos;moderadamente_feridos;gravemente_feridos;mortos
05/07/2017;02:32:00;63;Acidente sem vítima;270;BR-101/ES;Norte;Choque com Objeto Fixo;1;0;0;0;0;0;0;0;;;1;0;0;0;0
05/07/2017;07:27:00;116;Acidente sem vítima;266;BR-101/ES;Sul;Colisão Traseira;2;0;0;0;0;0;0;0;;;1;0;0;0;0
05/07/2017;12:10:00;282;Acidente com vítima;267;BR-101/ES;Sul;Colisão Lateral;1;0;0;1;0;0;0;0;;;2;0;1;0;0
05/07/2017;15:24:00;366;Acidente sem vítima;329,5;BR-101/ES;Norte;Saída de Pista;1;0;0;0;0;0;0;0;;;1;0;0;0;0
05/07/2017;16:49:00;395;Acidente sem vítima;269,9;BR-101/ES;Sul;Colisão Traseira;1;0;1;0;0;0;0;0;;;2;0;0;0;0
05/07/2017;18:52:00;425;Acidente sem vítima;262;BR-101/ES;Sul;Engavetamento;3;0;0;0;0;0;0;0;;;3;0;0;0;0
05/07/2017;20:52:00;458;Acidente com vítima;237;BR-101/ES;Sul;Queda de Moto;0;0;0;1;0;0;0;0;;;0;0;1;0;0
05/07/2017;23:20:00;515;Acidente sem vítima;265;BR-101/ES;Norte;Colisão Traseira;1;0;1;0;0;0;0;0;;;2;0;0;0;0
06/07/2017;00:01:00;1;Acidente sem vítima;269;BR-101/ES;Norte;Saída de Pista;1;0;0;0;0;0;0;0;;;1;0;0;0;0
06/07/2017;07:21:00;126;Acidente sem vítima;146;BR-101/ES;Sul;Engavetamento;3;0;0;0;0;0;0;0;;;3;0;0;0;0
06/07/2017;07:26:00;128;Acidente com vítima;146;BR-101/ES;Sul;Queda de Moto;0;0;0;1;0;0;0;0;;;0;1;0;0;0
06/07/2017;07:51:00;137;Acidente sem vítima;276;BR-101/ES;Norte;Capotamento;1;0;0;0;0;0;0;0;;;2;0;0;0;0
06/07/2017;09:12:00;182;Acidente sem vítima;266;BR-101/ES;Sul;Engavetamento;3;0;0;0;0;0;0;0;;;3;0;0;0;0
06/07/2017;11:36:00;262;Acidente sem vítima;270;BR-101/ES;Norte;Colisão Lateral;1;0;0;0;0;0;0;2;;;2;0;0;0;0
06/07/2017;11:58:00;272;Acidente sem vítima;283;BR-101/ES;Sul;Queda de Moto;0;0;0;1;0;0;0;0;;;1;0;0;0;0
06/07/2017;12:29:00;293;Acidente com vítima;314;BR-101/ES;Norte;Queda de Moto;1;0;1;1;0;0;0;0;;;12;1;0;0;0
06/07/2017;13:09:00;314;Acidente sem vítima;147;BR-101/ES;Norte;Colisão Traseira;2;0;0;0;0;0;0;0;;;2;0;0;0;0
06/07/2017;14:46:00;349;Acidente com vítima;270;BR-101/ES;Sul;Colisão Transversal;1;0;0;1;0;0;0;0;;;1;0;2;0;0
06/07/2017;17:37:00;400;Acidente com vítima;147;BR-101/ES;Norte;Colisão Transversal;1;0;0;1;0;0;0;0;;;1;2;0;0;0
06/07/2017;18:08:00;407;Acidente com vítima;143;BR-101/ES;Norte;Colisão Lateral;1;0;0;1;0;0;0;0;;;1;0;2;0;0
06/07/2017;19:05:00;425;Acidente com vítima;73;BR-101/ES;Norte;Queda de Moto;0;0;0;1;0;0;0;0;;;0;1;0;0;0
06/07/2017;21:10:00;465;Acidente sem vítima;270;BR-101/ES;Norte;Colisão Lateral;1;0;1;0;0;0;0;1;;;2;0;0;0;0
07/07/2017;00:42:00;18;Acidente sem vítima;322;BR-101/ES;Sul;Atropelamento de Equino;0;0;0;0;0;0;0;2;;;1;0;0;0;0
07/07/2017;00:49:00;20;Acidente sem vítima;236;BR-101/ES;Sul;Saída de Pista;0;0;0;0;0;0;0;1;;;1;0;0;0;0
07/07/2017;05:52:00;118;Acidente com vítima;171;BR-101/ES;Sul;Colisão Traseira;2;0;0;0;0;0;0;0;;;5;0;1;0;0
07/07/2017;13:58:00;343;Atropelamento com morte;461;BR-101/ES;Sul;Atropelamento;0;0;2;0;0;0;0;0;;;1;0;0;0;1
07/07/2017;17:15:00;406;Acidente com vítima;144;BR-101/ES;Norte;Colisão;0;1;1;0;0;0;0;0;;;1;0;1;0;0
07/07/2017;17:46:00;414;Acidente sem vítima;65;BR-101/ES;Norte;Saída de Pista;0;0;1;0;0;0;0;0;;;1;0;0;0;0
07/07/2017;18:02:00;419;Acidente sem vítima;146;BR-101/ES;Norte;Colisão Traseira;2;0;0;0;0;0;0;0;;;4;0;0;0;0
07/07/2017;18:19:00;425;Acidente com vítima;145;BR-101/ES;Norte;Colisão Traseira;0;0;0;1;0;0;0;1;;;1;1;0;0;0
07/07/2017;19:44:00;456;Acidente com vítima;36,8;BR-101/ES;Norte;Colisão Lateral;2;0;0;0;0;0;0;0;;;4;1;1;0;0
07/07/2017;19:47:00;458;Acidente com morte;68;BR-101/ES;Norte;Colisão Frontal;1;0;0;1;0;0;0;0;;;3;0;0;0;1
07/07/2017;22:40:00;532;Acidente sem vítima;266;BR-101/ES;Norte;Colisão Transversal;2;0;0;0;0;0;0;0;;;9;0;0;0;0
08/07/2017;00:22:00;6;Acidente sem vítima;258;BR-101/ES;Norte;Choque com Objeto Fixo;1;0;0;0;0;0;0;0;;;1;0;0;0;0
08/07/2017;00:58:00;24;Acidente com vítima;296;BR-101/ES;Norte;Colisão Traseira;1;0;1;0;0;0;0;0;;;2;1;0;0;0
08/07/2017;04:34:00;103;Acidente sem vítima;288;BR-101/ES;Sul;Choque com Objeto Fixo;1;0;0;0;0;0;0;0;;;1;0;0;0;0
08/07/2017;06:33:00;124;Acidente sem vítima;242;BR-101/ES;Norte;Colisão Traseira;2;0;0;0;0;0;0;0;;;5;0;0;0;0
08/07/2017;08:28:00;159;Acidente sem vítima;250;BR-101/ES;Norte;Atropelamento Animal;1;0;0;0;0;0;0;0;;;2;0;0;0;0
08/07/2017;10:48:00;213;Acidente com morte;371;BR-101/ES;Norte;Colisão Transversal;1;0;1;0;0;0;0;0;;;2;0;0;0;1
08/07/2017;13:05:00;295;Acidente sem vítima;282;BR-101/ES;Norte;Choque com Objeto Fixo;1;0;0;0;0;0;0;0;;;3;0;0;0;0
08/07/2017;14:46:00;329;Atropelamento sem morte;66;BR-101/ES;Norte;Atropelamento;0;0;0;0;0;0;0;4;;;1;0;0;0;0
08/07/2017;16:17:00;356;Acidente com vítima;309;BR-101/ES;Sul;Colisão Lateral;2;0;0;0;0;0;0;0;;;2;1;0;0;0
08/07/2017;16:45:00;366;Acidente sem vítima;266;BR-101/ES;Sul;Colisão Traseira;2;0;0;0;0;0;0;0;;;4;0;0;0;0
08/07/2017;18:10:00;389;Acidente sem vítima;144;BR-101/ES;Norte;Colisão Lateral;2;0;0;0;0;0;0;0;;;3;0;0;0;0
08/07/2017;19:36:00;403;Acidente sem vítima;288;BR-101/ES;Sul;Queda de Moto;1;0;0;0;0;0;0;0;;;1;0;0;0;0
08/07/2017;20:40:00;421;Acidente sem vítima;221;BR-101/ES;Sul;Choque;1;0;0;0;1;0;0;0;;;2;0;0;0;0
08/07/2017;22:08:00;446;Acidente sem vítima;271;BR-101/ES;Norte;Colisão Traseira;2;0;0;0;0;0;0;0;;;4;0;0;0;0
08/07/2017;23:05:00;462;Acidente com vítima;312,5;BR-101/ES;Sul;Colisão Traseira;0;0;0;1;0;0;0;2;;;1;1;1;0;0
09/07/2017;00:58:00;15;Acidente com vítima;203;BR-101/ES;Sul;Queda de Moto;1;0;0;0;0;0;0;0;;;0;0;1;0;0
09/07/2017;01:26:00;33;Acidente sem vítima;218;BR-101/ES;Norte;Saída de Pista;1;0;0;0;0;0;0;0;;;1;0;0;0;0
09/07/2017;02:12:00;48;Atropelamento com morte;266,5;BR-101/ES;Sul;Atropelamento e Fuga;1;0;0;0;0;0;0;0;;;0;0;0;0;1
09/07/2017;04:23:00;87;Acidente com vítima;264;BR-101/ES;Sul;Engavetamento;2;0;0;0;0;0;0;3;;;2;1;0;0;0
09/07/2017;06:06:00;96;Acidente sem vítima;269;BR-101/ES;Sul;Saída de Pista;1;0;0;0;0;0;0;0;;;1;0;0;0;0
09/07/2017;06:44:00;100;Acidente com vítima;264;BR-101/ES;Sul;Colisão Traseira;1;0;0;1;0;0;0;0;;;1;0;2;0;0
09/07/2017;09:17:00;149;Acidente sem vítima;266;BR-101/ES;Norte;Colisão Lateral;1;0;1;0;0;0;0;0;;;6;0;0;0;0
09/07/2017;09:19:00;150;Acidente sem vítima;315,5;BR-101/ES;Sul;Queda de Moto;0;0;0;1;0;0;0;0;;;1;0;0;0;0
09/07/2017;11:53:00;212;Acidente sem vítima;401;BR-101/ES;Sul;Saída de Pista;1;0;0;0;0;0;0;0;;;2;0;0;0;0
09/07/2017;13:21:00;254;Acidente com vítima;284;BR-101/ES;Norte;Colisão Lateral;2;0;0;0;0;0;0;0;;;6;0;1;0;0
09/07/2017;13:29:00;257;Acidente sem vítima;213;BR-101/ES;Sul;Colisão Traseira;2;0;0;0;0;0;0;0;;;6;0;0;0;0
09/07/2017;13:35:00;262;Acidente sem vítima;352,6;BR-101/ES;Sul;Saída de Pista;1;0;0;0;0;0;0;0;;;1;0;0;0;0
09/07/2017;15:01:00;288;Acidente com vítima;271;BR-101/ES;Norte;Colisão Traseira;1;0;1;0;0;0;0;1;;;1;0;0;1;0
09/07/2017;15:05:00;289;Acidente sem vítima;293;BR-101/ES;Norte;Colisão Traseira;1;0;0;0;1;0;0;0;;;2;0;0;0;0
09/07/2017;15:42:00;306;Acidente com vítima;274;BR-101/ES;Sul;Capotamento;1;0;0;0;0;0;0;0;;;0;0;5;0;0
09/07/2017;15:49:00;307;Acidente com vítima;269;BR-101/ES;Norte;Colisão Frontal;4;0;0;0;0;0;0;2;;;5;2;0;0;0
09/07/2017;17:51:00;337;Acidente sem vítima;251;BR-101/ES;Norte;Colisão Transversal;2;0;0;0;0;0;0;0;;;3;0;0;0;0
09/07/2017;17:59:00;339;Atropelamento com morte;67;BR-101/ES;Norte;Atropelamento;0;0;0;1;0;0;0;2;;;1;0;1;0;1
09/07/2017;18:38:00;345;Acidente sem vítima;279;BR-101/ES;Sul;Saída de Pista;1;0;0;0;0;0;0;0;;;5;0;0;0;0
09/07/2017;20:53:00;381;Acidente com vítima;78;BR-101/ES;Norte;Colisão;1;1;0;0;0;0;0;0;;;1;0;0;1;0
09/07/2017;22:32:00;418;Acidente sem vítima;33,5;BR-101/ES;Sul;Atropelamento de Equino;1;0;1;0;0;0;0;0;;;5;0;0;0;0
10/07/2017;06:54:00;117;Acidente sem vítima;286;BR-101/ES;Norte;Engavetamento;1;0;0;1;0;0;0;2;;;4;0;0;0;0
10/07/2017;10:53:00;223;Acidente sem vítima;270;BR-101/ES;Norte;Colisão Lateral;1;0;1;0;0;0;0;2;;;3;0;0;0;0
10/07/2017;14:21:00;331;Acidente com vítima;264;BR-101/ES;Norte;Colisão Traseira;2;0;0;0;1;0;0;2;;;2;0;1;1;0
10/07/2017;16:19:00;365;Acidente com vítima;301;BR-101/ES;Sul;Colisão Traseira;1;0;0;0;0;0;0;2;;;1;0;0;2;0
10/07/2017;17:48:00;390;Acidente com vítima;76,5;BR-101/ES;Norte;Colisão Traseira;0;0;0;2;0;0;0;0;;;0;0;3;0;0
10/07/2017;23:04:00;489;Acidente com vítima;293;BR-101/ES;Sul;Colisão Traseira;1;0;0;1;0;0;0;0;;;1;0;1;0;0
11/07/2017;00:32:00;17;Acidente com vítima;265;BR-101/ES;Sul;Colisão Transversal;1;0;0;1;0;0;0;0;;;2;0;1;0;0
11/07/2017;07:54:00;129;Acidente sem vítima;68;BR-101/ES;Norte;Engavetamento;4;0;0;0;0;0;0;0;;;7;0;0;0;0
11/07/2017;08:57:00;152;Acidente sem vítima;146;BR-101/ES;Sul;Colisão Traseira;2;0;0;0;0;0;0;0;;;2;0;0;0;0
11/07/2017;11:56:00;248;Acidente sem vítima;266;BR-101/ES;Sul;Colisão Lateral;1;0;0;1;0;0;0;0;;;2;0;0;0;0
11/07/2017;18:48:00;365;Acidente com vítima;948,5;BR-101/BA;Sul;Colisão Frontal;1;0;1;0;0;0;0;0;;;1;0;0;1;0
11/07/2017;19:03:00;368;Acidente sem vítima;297;BR-101/ES;Sul;Engavetamento;3;0;0;0;0;0;0;0;;;3;0;0;0;0
12/07/2017;09:58:00;197;Acidente com vítima;268,5;BR-101/ES;Norte;Colisão Lateral;0;0;0;1;0;0;0;2;;;1;0;1;0;0
12/07/2017;12:12:00;277;Acidente sem vítima;0,8;BR-101/ES;Sul;Choque com Objeto Fixo;0;0;1;0;0;0;0;0;;;1;0;0;0;0
12/07/2017;13:48:00;331;Acidente com vítima;222;BR-101/ES;Sul;Colisão Traseira;2;0;1;0;0;0;0;0;;;3;1;0;0;0
12/07/2017;15:09:00;359;Acidente com vítima;151;BR-101/ES;Sul;Queda de Moto;0;0;0;1;0;0;0;0;;;0;1;0;0;0
12/07/2017;19:40:00;439;Acidente com vítima;142;BR-101/ES;Sul;Colisão Traseira;0;0;2;0;0;0;0;0;;;0;0;1;1;0
12/07/2017;21:39:00;488;Acidente sem vítima;294;BR-101/ES;Sul;Queda de Moto;0;0;0;1;0;0;0;0;;;2;0;0;0;0
12/07/2017;23:21:00;521;Acidente com vítima;329,5;BR-101/ES;Norte;Colisão Frontal;2;0;0;0;0;0;0;0;;;0;1;4;0;0
12/07/2017;23:27:00;522;Acidente sem vítima;120;BR-101/ES;Norte;Saída de Pista;1;0;0;0;0;0;0;0;;;1;0;0;0;0
13/07/2017;01:55:00;41;Acidente com vítima;77;BR-101/ES;Norte;Colisão Transversal;1;0;1;0;0;0;0;0;;;1;0;1;0;0
13/07/2017;06:34:00;107;Acidente com vítima;264;BR-101/ES;Sul;Colisão Lateral;0;0;0;1;0;0;0;2;;;1;0;1;0;0
13/07/2017;07:49:00;132;Acidente sem vítima;297;BR-101/ES;Norte;Engavetamento;3;0;0;0;0;0;0;0;;;4;0;0;0;0
13/07/2017;07:57:00;136;Acidente sem vítima;265;BR-101/ES;Norte;Saída de Pista;0;0;1;0;0;0;0;0;;;2;0;0;0;0
13/07/2017;11:16:00;248;Acidente com vítima;246;BR-101/ES;Sul;Colisão Lateral;1;0;1;0;0;0;0;0;;;1;0;1;0;0
13/07/2017;12:29:00;298;Acidente sem vítima;422;BR-101/ES;Sul;Saída de Pista;1;0;0;0;0;0;0;0;;;3;0;0;0;0
13/07/2017;14:35:00;349;Acidente sem vítima;264;BR-101/ES;Sul;Colisão Lateral;1;0;0;0;0;0;0;3;;;2;0;0;0;0
13/07/2017;17:16:00;399;Acidente com vítima;285;BR-101/ES;Sul;Colisão Traseira;1;0;0;0;0;0;0;1;;;4;1;0;0;0
13/07/2017;20:19:00;444;Acidente sem vítima;272;BR-101/ES;Sul;Choque com Objeto Fixo;1;0;0;0;0;0;0;0;;;1;0;0;0;0
13/07/2017;20:44:00;459;Acidente sem vítima;270;BR-101/ES;Sul;Colisão Traseira;2;0;0;0;0;0;0;0;;;4;0;0;0;0
14/07/2017;03:15:00;63;Acidente com vítima;87;BR-101/ES;Sul;Saída de Pista;0;0;1;0;0;0;0;0;;;0;1;0;0;0
14/07/2017;07:37:00;119;Acidente sem vítima;215;BR-101/ES;Sul;Colisão Transversal;2;0;0;0;0;0;0;0;;;3;0;0;0;0
14/07/2017;08:39:00;137;Acidente com vítima;459;BR-101/ES;Norte;Saída de Pista;1;0;0;0;0;0;0;0;;;0;0;1;0;0
14/07/2017;09:32:00;158;Acidente sem vítima;285;BR-101/ES;Sul;Saída de Pista;1;0;0;0;0;0;0;0;;;1;0;0;0;0
14/07/2017;09:58:00;168;Acidente com morte;437,6;BR-101/ES;Sul;Colisão Frontal;2;0;1;0;0;0;0;1;;;2;0;0;2;2
14/07/2017;14:48:00;303;Acidente sem vítima;166;BR-101/ES;Sul;Engavetamento;3;0;0;0;0;0;0;0;;;8;0;0;0;0
14/07/2017;14:59:00;306;Acidente com vítima;437;BR-101/ES;Sul;Queda de Moto;0;0;0;1;0;0;0;0;;;0;0;1;0;0
14/07/2017;18:11:00;373;Acidente com vítima;125;BR-101/ES;Norte;Colisão;0;1;0;1;0;0;0;0;;;1;1;0;0;0
14/07/2017;18:43:00;376;Atropelamento sem morte;262;BR-101/ES;Norte;Atropelamento e Fuga;0;0;0;1;0;0;0;0;;;1;0;1;0;0
14/07/2017;19:30:00;392;Acidente sem vítima;198;BR-101/ES;Norte;Queda de Moto;0;0;0;1;0;0;0;0;;;1;0;0;0;0
14/07/2017;20:16:00;411;Acidente sem vítima;189,5;BR-101/ES;Sul;Saída de Pista;1;0;0;0;0;0;0;0;;;1;0;0;0;0
14/07/2017;20:54:00;429;Acidente com vítima;415;BR-101/ES;Norte;Colisão Frontal;1;0;1;0;0;0;0;0;;;2;0;2;0;0
14/07/2017;22:40:00;479;Acidente com vítima;395;BR-101/ES;Sul;Colisão Lateral;1;0;1;0;0;0;0;0;;;1;0;0;1;0
15/07/2017;02:07:00;55;Acidente com vítima;147;BR-101/ES;Norte;Queda de Moto;0;0;0;1;0;0;0;0;;;0;0;2;0;0
15/07/2017;02:43:00;69;Acidente sem vítima;73;BR-101/ES;Sul;Saída de Pista;1;0;0;0;0;0;0;0;;;2;0;0;0;0
15/07/2017;04:32:00;100;Acidente sem vítima;286,5;BR-101/ES;Norte;Choque com Objeto Fixo;1;0;0;0;0;0;0;0;;;1;0;0;0;0
15/07/2017;05:37:00;111;Acidente sem vítima;330;BR-101/ES;Sul;Saída de Pista;1;0;0;0;0;0;0;0;;;2;0;0;0;0
15/07/2017;06:22:00;125;Acidente com vítima;66;BR-101/ES;Norte;Colisão Traseira;1;0;0;1;0;0;0;0;;;5;0;1;0;0
15/07/2017;06:52:00;127;Acidente com vítima;342,5;BR-101/ES;Norte;Saída de Pista;1;0;0;0;0;0;0;0;;;3;1;1;0;0
15/07/2017;08:04:00;146;Acidente sem vítima;297;BR-101/ES;Norte;Choque com Objeto Fixo;1;0;0;0;0;0;0;0;;;1;0;0;0;0
15/07/2017;10:52:00;204;Acidente sem vítima;301;BR-101/ES;Sul;Choque com Objeto Fixo;1;0;0;0;0;0;0;0;;;3;0;0;0;0
15/07/2017;12:51:00;272;Acidente com vítima;384;BR-101/ES;Norte;Capotamento;1;0;0;0;0;0;0;0;;;3;0;0;1;0
15/07/2017;17:47:00;368;Acidente com vítima;1;BR-101/ES;Sul;Queda de Moto;0;0;0;1;0;0;0;0;;;1;0;1;0;0
15/07/2017;18:33:00;374;Acidente com vítima;146;BR-101/ES;Sul;Colisão Lateral;2;0;0;1;0;0;0;0;;;8;1;0;0;0
16/07/2017;02:13:00;52;Acidente sem vítima;267;BR-101/ES;Sul;Colisão Lateral;1;0;0;1;0;0;0;0;;;2;0;0;0;0
16/07/2017;07:22:00;126;Acidente sem vítima;249;BR-101/ES;Norte;Saída de Pista;1;0;0;0;0;0;0;0;;;1;0;0;0;0
16/07/2017;09:14:00;154;Acidente sem vítima;151;BR-101/ES;Sul;Colisão Traseira;2;0;0;0;0;0;0;0;;;3;0;0;0;0
16/07/2017;12:38:00;254;Acidente sem vítima;276;BR-101/ES;Sul;Choque com Objeto Fixo;1;0;0;0;0;0;0;0;;;1;0;0;0;0
16/07/2017;12:38:00;255;Acidente com vítima;175;BR-101/ES;Sul;Saída de Pista;1;0;0;0;0;0;0;0;;;0;1;0;0;0
16/07/2017;15:43:00;329;Acidente sem vítima;206;BR-101/ES;Norte;Colisão Traseira;2;0;0;0;0;0;0;0;;;8;0;0;0;0
16/07/2017;15:57:00;333;Acidente com vítima;309,5;BR-101/ES;Norte;Colisão Transversal;1;0;0;1;0;0;0;0;;;2;1;0;0;0
16/07/2017;17:16:00;363;Acidente com vítima;166;BR-101/ES;Norte;Colisão;1;1;0;0;0;0;0;0;;;1;1;0;0;0
16/07/2017;17:52:00;383;Acidente sem vítima;229;BR-101/ES;Norte;Colisão Traseira;1;0;0;0;0;0;0;2;;;3;0;0;0;0
16/07/2017;18:35:00;390;Acidente sem vítima;169;BR-101/ES;Sul;Saída de Pista;1;0;0;0;0;0;0;0;;;1;0;0;0;0
16/07/2017;18:52:00;393;Acidente sem vítima;172;BR-101/ES;Sul;Saída de Pista;1;0;0;0;0;0;0;0;;;1;0;0;0;0
16/07/2017;19:11:00;401;Acidente com vítima;135;BR-101/ES;Sul;Colisão Transversal;1;0;0;1;0;0;0;0;;;1;0;2;0;0
17/07/2017;08:41:00;168;Acidente sem vítima;269;BR-101/ES;Norte;Colisão Traseira;2;0;0;0;0;0;0;0;;;2;0;0;0;0
17/07/2017;08:45:00;169;Acidente com vítima;268;BR-101/ES;Sul;Colisão Lateral;0;0;2;0;1;0;0;0;;;5;2;0;0;0
17/07/2017;14:27:00;364;Acidente sem vítima;268;BR-101/ES;Sul;Colisão Traseira;1;0;1;0;0;0;0;0;;;7;0;0;0;0
17/07/2017;14:55:00;372;Acidente sem vítima;266;BR-101/ES;Sul;Engavetamento;3;0;0;0;0;0;0;0;;;1;0;0;0;0
17/07/2017;19:09:00;455;Acidente com vítima;308;BR-101/ES;Sul;Colisão Transversal;1;0;0;1;0;0;0;0;;;2;0;2;0;0
17/07/2017;20:39:00;486;Acidente sem vítima;128;BR-101/ES;Norte;Atropelamento Animal;1;0;0;0;0;0;0;0;;;1;0;0;0;0
17/07/2017;21:34:00;515;Acidente com vítima;441,5;BR-101/ES;Sul;Saída de Pista;0;0;1;0;0;0;0;0;;;0;1;0;0;0
18/07/2017;06:30:00;116;Acidente sem vítima;126;BR-101/ES;Sul;Colisão Transversal;0;0;1;0;0;0;0;3;;;2;0;0;0;0
18/07/2017;08:18:00;135;Acidente sem vítima;119,5;BR-101/ES;Norte;Colisão Transversal;2;0;0;0;0;0;0;0;;;2;0;0;0;0
18/07/2017;08:39:00;141;Acidente com vítima;65;BR-101/ES;Norte;Queda de Moto;0;0;0;1;0;0;0;0;;;0;1;0;0;0
18/07/2017;08:53:00;147;Acidente sem vítima;397;BR-101/ES;Sul;Engavetamento;1;0;1;0;0;0;0;2;;;3;0;0;0;0
18/07/2017;11:07:00;216;Acidente com vítima;268;BR-101/ES;Sul;Colisão Transversal;1;1;0;0;0;0;0;0;;;1;0;1;0;0
18/07/2017;18:45:00;393;Acidente com vítima;145;BR-101/ES;Norte;Colisão Traseira;1;0;0;1;0;0;0;0;;;1;1;0;0;0
18/07/2017;19:02:00;401;Acidente sem vítima;370;BR-101/ES;Norte;Colisão Lateral;2;0;0;0;0;0;0;0;;;3;0;0;0;0
18/07/2017;22:49:00;482;Acidente com vítima;18,5;BR-101/ES;Norte;Queda de Moto;0;0;0;1;0;0;0;0;;;0;1;0;0;0
19/07/2017;04:00:00;92;Acidente sem vítima;271;BR-101/ES;Norte;Veículo em Chamas;0;0;0;0;0;0;0;3;;;1;0;0;0;0
19/07/2017;05:50:00;116;Acidente sem vítima;334;BR-101/ES;Norte;Saída de Pista;1;0;0;0;0;0;0;0;;;3;0;0;0;0
19/07/2017;15:17:00;344;Acidente com morte;376,5;BR-101/ES;Norte;Colisão Lateral;0;0;1;1;0;0;0;0;;;1;1;0;0;1
19/07/2017;15:30:00;346;Acidente com vítima;146;BR-101/ES;Norte;Colisão Traseira;2;0;0;0;0;0;0;0;;;2;1;0;0;0
19/07/2017;18:59:00;391;Acidente sem vítima;268;BR-101/ES;Sul;Engavetamento;3;0;0;0;0;0;0;0;;;3;0;0;0;0
20/07/2017;07:31:00;120;Acidente sem vítima;297;BR-101/ES;Sul;Colisão Traseira;2;0;0;0;0;0;0;0;;;2;0;0;0;0
20/07/2017;11:08:00;249;Acidente sem vítima;366;BR-101/ES;Norte;Choque com Objeto Fixo;0;0;1;0;0;0;0;0;;;1;0;0;0;0
20/07/2017;12:01:00;280;Acidente sem vítima;417;BR-101/ES;Sul;Saída de Pista;1;0;0;0;0;0;0;0;;;1;0;0;0;0
20/07/2017;13:21:00;332;Acidente sem vítima;301;BR-101/ES;Norte;Colisão Traseira;1;0;1;0;0;0;0;0;;;2;0;0;0;0
20/07/2017;15:25:00;366;Acidente sem vítima;225;BR-101/ES;Sul;Choque com Objeto Fixo;1;0;0;0;0;0;0;0;;;1;0;0;0;0
20/07/2017;15:32:00;368;Acidente sem vítima;265;BR-101/ES;Sul;Colisão Lateral;1;0;0;0;0;0;0;2;;;2;0;0;0;0
20/07/2017;16:09:00;379;Acidente sem vítima;266;BR-101/ES;Sul;Colisão Traseira;1;0;0;1;0;0;0;0;;;3;0;0;0;0
20/07/2017;21:07:00;473;Acidente sem vítima;318;BR-101/ES;Norte;Atropelamento Animal;1;0;0;0;0;0;0;0;;;1;0;0;0;0
21/07/2017;05:20:00;96;Acidente sem vítima;287;BR-101/ES;Sul;Choque com Objeto Fixo;1;0;0;0;0;0;0;0;;;1;0;0;0;0
21/07/2017;07:07:00;118;Acidente sem vítima;375;BR-101/ES;Norte;Saída de Pista;1;0;0;1;0;0;0;0;;;2;0;0;0;0
21/07/2017;07:55:00;129;Acidente sem vítima;448;BR-101/ES;Norte;Colisão Frontal;2;0;0;0;0;0;0;0;;;4;0;0;0;0
21/07/2017;11:48:00;277;Acidente sem vítima;262;BR-101/ES;Sul;Colisão Traseira;1;0;1;0;0;0;0;0;;;2;0;0;0;0
21/07/2017;11:48:00;278;Acidente com vítima;265;BR-101/ES;Sul;Colisão Traseira;1;0;0;1;0;0;0;0;;;1;0;1;0;0
21/07/2017;13:42:00;341;Acidente sem vítima;125;BR-101/ES;Sul;Colisão Lateral;1;0;1;0;0;0;0;0;;;5;0;0;0;0
21/07/2017;14:23:00;353;Acidente sem vítima;387;BR-101/ES;Norte;Colisão Lateral;1;0;1;0;0;0;0;0;;;2;0;0;0;0
21/07/2017;14:35:00;355;Acidente sem vítima;278;BR-101/ES;Norte;Colisão Lateral;1;0;1;0;0;0;0;0;;;3;0;0;0;0
21/07/2017;18:15:00;444;Acidente sem vítima;301;BR-101/ES;Norte;Colisão Traseira;2;0;0;0;0;0;0;0;;;2;0;0;0;0
21/07/2017;18:29:00;446;Acidente com vítima;298;BR-101/ES;Norte;Queda de Moto;0;0;0;1;0;0;0;0;;;0;1;0;0;0
21/07/2017;19:19:00;459;Acidente com vítima;281;BR-101/ES;Norte;Capotamento;1;0;0;0;0;0;0;0;;;3;0;1;0;0
21/07/2017;19:43:00;467;Acidente com vítima;263;BR-101/ES;Norte;Colisão Traseira;1;0;0;2;0;0;0;0;;;4;0;1;0;0
21/07/2017;19:46:00;471;Acidente sem vítima;141;BR-101/ES;Norte;Colisão Traseira;2;0;0;0;0;0;0;0;;;4;0;0;0;0
21/07/2017;21:54:00;521;Acidente sem vítima;321;BR-101/ES;Sul;Colisão Traseira;1;0;1;0;0;0;0;0;;;2;0;0;0;0
21/07/2017;22:34:00;533;Acidente sem vítima;271,5;BR-101/ES;Sul;Colisão Traseira;2;0;0;0;0;0;0;0;;;3;0;0;0;0
21/07/2017;23:28:00;551;Acidente sem vítima;264;BR-101/ES;Norte;Colisão Transversal;1;0;0;1;0;0;0;0;;;2;0;0;0;0
22/07/2017;00:23:00;8;Acidente com vítima;200,8;BR-101/ES;Sul;Colisão Frontal;1;0;0;0;0;0;0;2;;;1;0;0;2;0
22/07/2017;07:36:00;111;Acidente sem vítima;396;BR-101/ES;Sul;Colisão Traseira;1;0;0;0;0;0;0;2;;;2;0;0;0;0
22/07/2017;13:53:00;264;Acidente com vítima;339;BR-101/ES;Norte;Choque com Objeto Fixo;1;0;0;0;0;0;0;0;;;0;0;1;0;0
22/07/2017;14:53:00;277;Acidente com vítima;51,5;BR-101/ES;Norte;Colisão Transversal;1;0;1;0;0;0;0;0;;;1;0;2;0;0