data;horario;n_da_ocorrencia;tipo_de_ocorrencia;km;trecho;sentido;tipo_de_acidente;automovel;bicicleta;caminhao;moto;onibus;outros;tracao_animal;transporte_de_cargas_especiais;trator_maquinas;utilitarios;ilesos;levemente_feridos;moderadamente_feridos;gravemente_feridos;mortos
27/08/2017;20:38:00;333;Acidente sem vítima;167;BR-101/ES;Sul;Colisão Traseira;2;0;0;0;0;0;0;0;;;9;0;0;0;0
27/08/2017;21:32:00;344;Acidente sem vítima;266;BR-101/ES;Sul;Choque;1;0;1;0;0;0;0;0;;;2;0;0;0;0
28/08/2017;06:54:00;93;Atropelamento sem morte;269;BR-101/ES;Norte;Atropelamento;0;0;0;1;0;0;0;0;;;0;1;1;0;0
28/08/2017;07:18:00;101;Acidente sem vítima;266;BR-101/ES;Sul;Engavetamento;3;0;0;0;0;0;0;0;;;3;0;0;0;0
28/08/2017;07:49:00;109;Acidente sem vítima;270,1;BR-101/ES;Norte;Engavetamento;2;0;1;0;0;0;0;0;;;3;0;0;0;0
28/08/2017;08:32:00;123;Acidente com vítima;270;BR-101/ES;Sul;Choque;1;0;0;0;0;0;0;0;;;0;0;1;0;0
28/08/2017;10:48:00;202;Acidente sem vítima;270;BR-101/ES;Sul;Engavetamento;3;0;0;0;0;0;0;0;;;7;0;0;0;0
28/08/2017;12:12:00;259;Acidente com vítima;77,9;BR-101/ES;Sul;Colisão Lateral;1;0;0;1;0;0;0;0;;;1;1;1;0;0
28/08/2017;12:52:00;281;Acidente com vítima;129;BR-101/ES;Norte;Queda de Moto;0;0;0;1;0;0;0;0;;;0;0;1;0;0
28/08/2017;13:47:00;303;Acidente sem vítima;264;BR-101/ES;Norte;Colisão Transversal;3;0;0;0;0;0;0;0;;;3;0;0;0;0
28/08/2017;14:52:00;328;Acidente sem vítima;271;BR-101/ES;Sul;Colisão Traseira;2;0;0;0;0;0;0;0;;;4;0;0;0;0
28/08/2017;15:47:00;344;Acidente sem vítima;298;BR-101/ES;Sul;Engavetamento;2;0;1;0;0;0;0;0;;;3;0;0;0;0
28/08/2017;16:35:00;358;Acidente com vítima;284;BR-101/ES;Sul;Queda de Moto;1;0;0;0;0;0;0;0;;;0;0;1;0;0
28/08/2017;17:24:00;369;Acidente com vítima;276;BR-101/ES;Sul;Colisão;0;1;0;1;0;0;0;0;;;0;0;2;0;0
28/08/2017;19:14:00;401;Acidente com vítima;246;BR-101/ES;Sul;Saída de Pista;1;0;1;0;0;0;0;2;;;5;0;0;1;0
28/08/2017;22:38:00;449;Acidente com vítima;146;BR-101/ES;Norte;Colisão Traseira;1;0;0;1;0;0;0;0;;;2;0;2;0;0
29/08/2017;07:46:00;94;Acidente sem vítima;273;BR-101/ES;Norte;Choque com Objeto Fixo;1;0;0;0;0;0;0;0;;;1;0;0;0;0
29/08/2017;08:21:00;106;Acidente sem vítima;269;BR-101/ES;Norte;Colisão Lateral;1;0;1;0;0;0;0;0;;;2;0;0;0;0
29/08/2017;09:01:00;120;Acidente sem vítima;213;BR-101/ES;Sul;Colisão Traseira;2;0;0;0;0;0;0;0;;;3;0;0;0;0
29/08/2017;12:36:00;232;Acidente sem vítima;295;BR-101/ES;Norte;Colisão Traseira;2;0;0;0;0;0;0;0;;;2;0;0;0;0
29/08/2017;17:58:00;331;Acidente sem vítima;269;BR-101/ES;Norte;Colisão Lateral;1;0;0;0;0;0;0;2;;;2;0;0;0;0
29/08/2017;20:34:00;360;Acidente sem vítima;373;BR-101/ES;Sul;Saída de Pista;1;0;0;0;0;0;0;0;;;1;0;0;0;0
30/08/2017;06:26:00;70;Acidente sem vítima;303,1;BR-101/ES;Norte;Colisão Lateral;1;0;1;0;0;0;0;0;;;2;0;0;0;0
30/08/2017;08:34:00;110;Acidente sem vítima;269;BR-101/ES;Sul;Engavetamento;2;0;1;0;0;0;0;0;;;5;0;0;0;0
30/08/2017;09:59:00;145;Acidente sem vítima;254;BR-101/ES;Sul;Engavetamento;3;0;0;0;0;0;0;0;;;10;0;0;0;0
30/08/2017;11:57:00;231;Atropelamento sem morte;149;BR-101/ES;Sul;Atropelamento;0;0;0;0;0;0;0;2;;;2;0;0;0;0
30/08/2017;13:05:00;264;Acidente com vítima;241;BR-101/ES;Sul;Colisão Transversal;1;0;1;0;0;0;0;0;;;1;1;0;0;0
30/08/2017;15:15:00;312;Acidente com vítima;360;BR-101/ES;Norte;Tombamento;0;0;1;0;0;0;0;1;;;0;0;2;0;0
30/08/2017;16:24:00;334;Acidente sem vítima;412;BR-101/ES;Sul;Choque;1;0;1;0;0;0;0;0;;;2;0;0;0;0
30/08/2017;17:19:00;347;Acidente com vítima;266;BR-101/ES;Sul;Colisão Traseira;0;0;0;1;0;0;0;0;;;0;0;2;0;0
30/08/2017;18:53:00;373;Acidente sem vítima;288;BR-101/ES;Norte;Colisão Lateral;1;0;0;0;0;0;0;3;;;2;0;0;0;0
31/08/2017;04:57:00;64;Acidente sem vítima;207;BR-101/ES;Sul;Saída de Pista;1;0;0;0;0;0;0;0;;;2;0;0;0;0
31/08/2017;05:33:00;72;Acidente com vítima;288;BR-101/ES;Norte;Colisão Traseira;1;0;1;1;0;0;0;0;;;3;0;1;0;0
31/08/2017;08:42:00;123;Acidente com vítima;255;BR-101/ES;Sul;Colisão Transversal;1;0;0;1;0;0;0;0;;;1;1;0;0;0
31/08/2017;09:21:00;140;Acidente com vítima;261;BR-101/ES;Sul;Queda de Moto;0;0;0;1;0;0;0;0;;;0;0;1;0;0
31/08/2017;14:16:00;291;Acidente com vítima;142,6;BR-101/ES;Sul;Engavetamento;4;0;0;0;0;0;0;0;;;5;2;0;0;0
31/08/2017;23:36:00;439;Acidente com vítima;424,6;BR-101/ES;Norte;Choque com Objeto Fixo;1;0;1;0;0;0;0;0;;;0;1;0;0;0
01/09/2017;08:05:00;104;Atropelamento sem morte;66;BR-101/ES;Sul;Atropelamento;1;0;0;0;0;0;0;0;;;1;0;1;0;0
01/09/2017;11:51:00;205;Acidente com vítima;293;BR-101/ES;Norte;Colisão Lateral;1;0;0;0;1;0;0;0;;;4;0;1;0;0
01/09/2017;14:32:00;265;Acidente sem vítima;61;BR-101/ES;Norte;Colisão Traseira;1;0;1;0;0;0;0;0;;;4;0;0;0;0
01/09/2017;15:11:00;275;Acidente sem vítima;276;BR-101/ES;Sul;Saída de Pista;0;0;1;0;0;0;0;0;;;2;0;0;0;0
01/09/2017;16:53:00;305;Acidente sem vítima;212;BR-101/ES;Norte;Veículo em Chamas;0;0;0;0;0;0;0;2;;;1;0;0;0;0
01/09/2017;18:14:00;338;Acidente sem vítima;437;BR-101/ES;Norte;Atropelamento de Bovino;1;0;0;0;0;0;0;0;;;2;0;0;0;0
01/09/2017;19:18:00;361;Acidente sem vítima;267;BR-101/ES;Norte;Colisão;1;0;0;1;0;0;0;0;;;5;0;0;0;0
01/09/2017;19:25:00;362;Atropelamento sem morte;266;BR-101/ES;Norte;Atropelamento;0;0;0;1;0;0;0;0;;;0;0;2;0;0
01/09/2017;20:20:00;376;Acidente sem vítima;279;BR-101/ES;Norte;Colisão Lateral;2;0;0;0;0;0;0;0;;;2;0;0;0;0
01/09/2017;21:31:00;393;Acidente sem vítima;270;BR-101/ES;Sul;Colisão Lateral;1;0;0;0;0;0;0;2;;;2;0;0;0;0
02/09/2017;01:24:00;25;Acidente sem vítima;260;BR-101/ES;Sul;Choque com Objeto Fixo;0;0;1;0;0;0;0;0;;;1;0;0;0;0
02/09/2017;03:19:00;52;Acidente sem vítima;351;BR-101/ES;Sul;Saída de Pista;1;0;0;0;0;0;0;0;;;1;0;0;0;0
02/09/2017;07:06:00;85;Acidente com vítima;361;BR-101/ES;Sul;Queda de Moto;0;0;0;1;0;0;0;0;;;0;1;0;0;0
02/09/2017;10:45:00;166;Acidente sem vítima;268,5;BR-101/ES;Norte;Engavetamento;3;0;0;0;0;0;0;0;;;3;0;0;0;0
02/09/2017;11:35:00;191;Acidente com vítima;396;BR-101/ES;Sul;Capotamento;1;0;0;0;0;0;0;0;;;0;0;1;0;0
02/09/2017;12:56:00;225;Acidente com vítima;367;BR-101/ES;Sul;Saída de Pista;1;0;0;0;0;0;0;0;;;2;1;0;0;0
02/09/2017;13:29:00;238;Acidente com vítima;66;BR-101/ES;Sul;Choque com Objeto Fixo;0;0;0;1;0;0;0;0;;;0;0;1;0;0
02/09/2017;13:57:00;253;Acidente com vítima;270;BR-101/ES;Norte;Queda de Moto;0;0;0;1;0;0;0;0;;;0;1;0;0;0
02/09/2017;14:09:00;255;Acidente sem vítima;67;BR-101/ES;Sul;Colisão Lateral;1;0;0;0;1;0;0;0;;;8;0;0;0;0
02/09/2017;15:04:00;277;Acidente com vítima;254;BR-101/ES;Norte;Colisão;1;1;0;0;0;0;0;0;;;1;0;1;0;0
02/09/2017;15:13:00;279;Acidente com vítima;353;BR-101/ES;Norte;Colisão Lateral;2;0;0;0;0;0;0;0;;;3;0;2;0;0
02/09/2017;15:44:00;285;Acidente sem vítima;298;BR-101/ES;Norte;Colisão Traseira;3;0;0;0;0;0;0;0;;;6;0;0;0;0
02/09/2017;17:42:00;308;Acidente sem vítima;219;BR-101/ES;Sul;Colisão Traseira;1;0;0;0;0;0;0;2;;;2;0;0;0;0
02/09/2017;18:29:00;318;Acidente com vítima;66;BR-101/ES;Norte;Colisão Lateral;1;0;0;0;0;0;0;3;;;3;0;1;0;0
02/09/2017;20:13:00;339;Acidente sem vítima;262;BR-101/ES;Sul;Colisão Traseira;2;0;0;0;0;0;0;0;;;2;0;0;0;0
02/09/2017;22:27:00;366;Acidente sem vítima;347;BR-101/ES;Sul;Choque com Objeto Fixo;1;0;0;0;0;0;0;0;;;1;0;0;0;0
03/09/2017;06:10:00;63;Acidente sem vítima;430;BR-101/ES;Sul;Saída de Pista;1;0;0;0;0;0;0;0;;;2;0;0;0;0
03/09/2017;06:12:00;64;Acidente com vítima;130;BR-101/ES;Sul;Saída de Pista;1;0;0;0;0;0;0;0;;;0;0;2;0;0
03/09/2017;06:28:00;65;Acidente sem vítima;430;BR-101/ES;Norte;Capotamento;1;0;0;0;0;0;0;0;;;4;0;0;0;0
03/09/2017;06:43:00;66;Acidente com vítima;376,4;BR-101/ES;Norte;Saída de Pista;1;0;0;0;0;0;0;0;;;0;1;0;0;0
03/09/2017;07:01:00;70;Acidente sem vítima;297;BR-101/ES;Sul;Choque com Objeto Fixo;1;0;0;0;0;0;0;0;;;2;0;0;0;0
03/09/2017;09:31:00;106;Acidente sem vítima;32;BR-101/ES;Sul;Saída de Pista;1;0;0;0;0;0;0;0;;;1;0;0;0;0
03/09/2017;15:52:00;231;Acidente com vítima;181,3;BR-101/ES;Sul;Saída de Pista;0;0;0;1;0;0;0;0;;;0;0;2;0;0
03/09/2017;16:59:00;249;Acidente sem vítima;225;BR-101/ES;Sul;Saída de Pista;1;0;0;0;0;0;0;0;;;4;0;0;0;0
03/09/2017;17:28:00;260;Acidente sem vítima;292,7;BR-101/ES;Norte;Colisão Lateral;2;0;0;0;0;0;0;0;;;2;0;0;0;0
03/09/2017;19:10:00;282;Acidente com vítima;67;BR-101/ES;Norte;Engavetamento;2;0;0;1;0;0;0;0;;;2;1;0;0;0
03/09/2017;19:34:00;286;Acidente sem vítima;15;BR-101/ES;Sul;Colisão Lateral;1;0;1;0;0;0;0;0;;;4;0;0;0;0
03/09/2017;20:14:00;293;Acidente com vítima;144;BR-101/ES;Norte;Choque com Objeto Fixo;0;0;0;1;0;0;0;0;;;0;0;1;0;0
04/09/2017;01:36:00;35;Acidente sem vítima;292;BR-101/ES;Norte;Veículo em Chamas;1;0;0;0;0;0;0;0;;;1;0;0;0;0
04/09/2017;07:37:00;85;Acidente sem vítima;207;BR-101/ES;Norte;Queda de Moto;0;0;0;1;0;0;0;0;;;1;0;0;0;0
04/09/2017;08:42:00;104;Acidente sem vítima;176;BR-101/ES;Norte;Colisão Traseira;2;0;0;0;0;0;0;0;;;4;0;0;0;0
04/09/2017;09:04:00;114;Acidente sem vítima;170;BR-101/ES;Sul;Tombamento;0;0;0;0;0;0;0;4;;;1;0;0;0;0
04/09/2017;09:24:00;123;Acidente sem vítima;266;BR-101/ES;Sul;Colisão Traseira;1;0;1;0;0;0;0;0;;;2;0;0;0;0
04/09/2017;09:27:00;125;Acidente sem vítima;368;BR-101/ES;Norte;Saída de Pista;1;0;0;0;0;0;0;0;;;3;0;0;0;0
04/09/2017;10:17:00;136;Acidente sem vítima;296;BR-101/ES;Norte;Veículo em Chamas;1;0;0;0;0;0;0;0;;;3;0;0;0;0
04/09/2017;11:53:00;207;Acidente sem vítima;333;BR-101/ES;Norte;Saída de Pista;1;0;0;0;0;0;0;0;;;2;0;0;0;0
04/09/2017;14:02:00;262;Acidente sem vítima;301;BR-101/ES;Norte;Colisão Traseira;1;0;0;0;0;0;0;2;;;2;0;0;0;0
04/09/2017;17:51:00;323;Atropelamento com morte;143;BR-101/ES;Norte;Atropelamento;0;0;1;0;0;0;0;0;;;1;0;0;0;1
04/09/2017;19:01:00;332;Acidente com vítima;143;BR-101/ES;Norte;Colisão Traseira;1;0;0;1;0;0;0;0;;;1;1;0;0;0
04/09/2017;21:26:00;364;Acidente com vítima;70;BR-101/ES;Norte;Colisão Transversal;1;0;0;0;0;0;0;4;;;1;0;1;0;0
05/09/2017;05:10:00;72;Acidente sem vítima;452;BR-101/ES;Norte;Colisão Traseira;0;0;1;0;0;0;0;3;;;2;0;0;0;0
05/09/2017;06:38:00;86;Acidente com vítima;265;BR-101/ES;Sul;Colisão;0;1;0;1;0;0;0;0;;;0;0;2;0;0
05/09/2017;08:30:00;116;Atropelamento sem morte;267;BR-101/ES;Norte;Atropelamento;0;0;0;1;0;0;0;0;;;2;0;0;0;0
05/09/2017;16:02:00;323;Acidente sem vítima;288;BR-101/ES;Sul;Choque com Objeto Fixo;0;0;1;0;0;0;0;1;;;1;0;0;0;0
05/09/2017;20:25:00;392;Acidente sem vítima;335;BR-101/ES;Norte;Choque com Objeto Fixo;1;0;0;0;0;0;0;0;;;1;0;0;0;0
06/09/2017;04:04:00;51;Acidente com vítima;215;BR-101/ES;Norte;Choque com Objeto Fixo;0;0;1;0;0;0;0;0;;;0;1;0;0;0
06/09/2017;05:55:00;77;Acidente com vítima;403;BR-101/ES;Sul;Colisão Traseira;1;0;1;0;0;0;0;0;;;2;0;1;0;0
06/09/2017;08:27:00;117;Acidente sem vítima;345;BR-101/ES;Sul;Saída de Pista;1;0;0;0;0;0;0;0;;;1;0;0;0;0
06/09/2017;09:53:00;154;Acidente sem vítima;269;BR-101/ES;Sul;Colisão Traseira;2;0;0;0;0;0;0;0;;;2;0;0;0;0
06/09/2017;10:19:00;179;Acidente sem vítima;266;BR-101/ES;Sul;Colisão Lateral;1;0;1;0;0;0;0;0;;;2;0;0;0;0
06/09/2017;12:26:00;254;Acidente com vítima;274,5;BR-101/ES;Norte;Colisão Traseira;0;0;1;1;0;0;0;0;;;1;0;0;1;0
06/09/2017;13:25:00;279;Acidente sem vítima;305;BR-101/ES;Norte;Colisão Lateral;0;0;1;0;0;0;0;2;;;2;0;0;0;0
06/09/2017;16:33:00;356;Acidente sem vítima;255;BR-101/ES;Norte;Colisão Transversal;1;0;1;0;0;0;0;0;;;2;0;0;0;0
06/09/2017;17:04:00;367;Acidente sem vítima;77;BR-101/ES;Sul;Colisão Lateral;1;0;1;0;0;0;0;0;;;4;0;0;0;0
06/09/2017;17:21:00;374;Acidente sem vítima;255;BR-101/ES;Sul;Colisão Traseira;2;0;0;0;0;0;0;0;;;3;0;0;0;0
06/09/2017;18:08:00;388;Acidente com morte;265;BR-101/ES;Norte;Colisão;0;1;0;0;0;0;0;2;;;1;0;0;0;1
06/09/2017;19:58:00;414;Acidente com vítima;265;BR-101/ES;Norte;Queda de Moto;0;0;0;1;0;0;0;0;;;0;0;1;0;0
07/09/2017;01:09:00;21;Acidente com vítima;141;BR-101/ES;Sul;Queda de Moto;0;0;0;1;0;0;0;0;;;0;0;1;0;0
07/09/2017;05:35:00;81;Acidente com vítima;266;BR-101/ES;Norte;Engavetamento;4;0;0;0;0;0;0;0;;;4;0;2;0;0
07/09/2017;08:19:00;113;Acidente sem vítima;270;BR-101/ES;Norte;Colisão Traseira;1;0;1;0;0;0;0;0;;;2;0;0;0;0
07/09/2017;08:31:00;119;Acidente sem vítima;393;BR-101/ES;Sul;Engavetamento;4;0;0;0;0;0;0;0;;;9;0;0;0;0
07/09/2017;08:33:00;120;Acidente sem vítima;137;BR-101/ES;Sul;Colisão Traseira;2;0;0;0;0;0;0;0;;;7;0;0;0;0
07/09/2017;08:58:00;131;Acidente sem vítima;270;BR-101/ES;Norte;Colisão Lateral;1;0;0;0;0;0;0;2;;;2;0;0;0;0
07/09/2017;10:22:00;155;Acidente sem vítima;107;BR-101/ES;Norte;Colisão Traseira;2;0;0;0;0;0;0;0;;;6;0;0;0;0
07/09/2017;16:17:00;279;Acidente sem vítima;296;BR-101/ES;Norte;Colisão Lateral;2;0;0;0;0;0;0;0;;;8;0;0;0;0
07/09/2017;19:55:00;335;Acidente sem vítima;452;BR-101/ES;Norte;Colisão Traseira;1;0;1;0;0;0;0;0;;;3;0;0;0;0
07/09/2017;20:22:00;338;Acidente sem vítima;172;BR-101/ES;Norte;Choque com Objeto Fixo;0;0;0;0;0;0;0;1;;;1;0;0;0;0
07/09/2017;22:59:00;374;Acidente com vítima;296;BR-101/ES;Norte;Choque com Objeto Fixo;0;0;0;1;0;0;0;0;;;0;0;1;0;0
08/09/2017;05:18:00;55;Acidente sem vítima;449;BR-101/ES;Norte;Saída de Pista;1;0;0;0;0;0;0;0;;;1;0;0;0;0
08/09/2017;06:26:00;67;Acidente sem vítima;292;BR-101/ES;Sul;Colisão Traseira;0;0;1;0;0;0;0;2;;;2;0;0;0;0
08/09/2017;07:20:00;76;Acidente sem vítima;295;BR-101/ES;Sul;Colisão Traseira;2;0;0;0;0;0;0;0;;;9;0;0;0;0
08/09/2017;08:22:00;92;Acidente com vítima;276;BR-101/ES;Sul;Colisão Transversal;0;0;1;0;0;0;0;2;;;1;1;0;0;0
08/09/2017;08:25:00;94;Acidente sem vítima;276;BR-101/ES;Sul;Saída de Pista;1;0;0;0;0;0;0;0;;;1;0;0;0;0
08/09/2017;10:12:00;121;Acidente sem vítima;380;BR-101/ES;Sul;Colisão Transversal;2;0;0;0;0;0;0;0;;;4;0;0;0;0
08/09/2017;12:05:00;165;Acidente com vítima;93,1;BR-101/ES;Sul;Queda de ciclista;0;1;0;0;0;0;0;0;;;0;1;0;0;0
08/09/2017;13:02:00;194;Acidente sem vítima;37;BR-101/ES;Sul;Saída de Pista;1;0;0;0;0;0;0;0;;;2;0;0;0;0
08/09/2017;16:45:00;287;Acidente com vítima;375;BR-101/ES;Sul;Colisão Lateral;1;0;1;0;0;0;0;0;;;2;0;1;0;0
08/09/2017;17:20:00;297;Acidente com vítima;140;BR-101/ES;Sul;Colisão Lateral;0;0;0;2;0;0;0;0;;;0;1;1;0;0
08/09/2017;17:41:00;306;Acidente com vítima;321;BR-101/ES;Sul;Colisão Transversal;2;0;0;0;0;0;0;0;;;1;0;0;2;0
08/09/2017;18:46:00;316;Acidente sem vítima;291;BR-101/ES;Sul;Colisão Traseira;2;0;0;0;0;0;0;0;;;4;0;0;0;0
08/09/2017;18:50:00;317;Acidente com vítima;102;BR-101/ES;Sul;Colisão Traseira;3;0;0;0;0;0;0;0;;;6;1;0;0;0
08/09/2017;19:51:00;330;Acidente sem vítima;31,5;BR-101/ES;Norte;Colisão Traseira;2;0;0;0;0;0;0;0;;;2;0;0;0;0
09/09/2017;01:02:00;18;Acidente sem vítima;102;BR-101/ES;Norte;Colisão Traseira;1;0;1;0;0;0;0;0;;;3;0;0;0;0
09/09/2017;03:55:00;47;Acidente com vítima;264;BR-101/ES;Norte;Colisão Traseira;1;0;0;1;0;0;0;0;;;1;1;0;0;0
09/09/2017;05:33:00;59;Acidente com vítima;264;BR-101/ES;Sul;Colisão Traseira;0;0;0;1;0;0;0;1;;;0;0;1;0;0
09/09/2017;05:56:00;63;Acidente sem vítima;403;BR-101/ES;Sul;Saída de Pista;1;0;0;0;0;0;0;0;;;2;0;0;0;0
09/09/2017;09:41:00;120;Acidente sem vítima;292;BR-101/ES;Sul;Colisão Transversal;2;0;0;0;0;0;0;0;;;3;0;0;0;0
09/09/2017;10:39:00;140;Acidente com vítima;162;BR-101/ES;Norte;Saída de Pista;1;0;0;0;0;0;0;0;;;2;1;0;0;0
09/09/2017;11:27:00;160;Acidente com vítima;265;BR-101/ES;Norte;Colisão Lateral;1;1;0;0;0;0;0;0;;;1;0;1;0;0
09/09/2017;11:52:00;172;Acidente com vítima;270;BR-101/ES;Norte;Colisão Traseira;0;1;0;1;0;0;0;0;;;1;0;1;0;0
09/09/2017;13:50:00;215;Acidente com vítima;271;BR-101/ES;Norte;Colisão Transversal;2;0;0;0;0;0;0;0;;;1;1;1;0;0
09/09/2017;15:52:00;249;Acidente com morte;92,05;BR-101/ES;Norte;Saída de Pista;1;0;0;0;0;0;0;0;;;0;2;0;2;1
09/09/2017;16:36:00;260;Acidente sem vítima;296;BR-101/ES;Norte;Choque com Objeto Fixo;1;0;0;0;0;0;0;0;;;3;0;0;0;0
09/09/2017;17:31:00;276;Acidente sem vítima;284;BR-101/ES;Norte;Colisão Traseira;2;0;0;0;0;0;0;0;;;3;0;0;0;0
09/09/2017;18:58:00;292;Acidente sem vítima;270;BR-101/ES;Sul;Choque com Objeto Fixo;1;0;0;0;0;0;0;0;;;1;0;0;0;0
09/09/2017;19:43:00;303;Acidente sem vítima;285;BR-101/ES;Sul;Choque com Objeto Fixo;1;0;0;0;0;0;0;0;;;1;0;0;0;0
09/09/2017;19:57:00;308;Acidente com vítima;460;BR-101/ES;Sul;Capotamento;1;0;0;0;0;0;0;0;;;1;1;0;0;0
09/09/2017;23:31:00;366;Acidente sem vítima;262;BR-101/ES;Norte;Choque com Objeto Fixo;1;0;0;0;0;0;0;0;;;1;0;0;0;0
10/09/2017;05:50:00;77;Acidente sem vítima;377;BR-101/ES;Sul;Colisão Lateral;1;0;0;0;0;0;0;2;;;3;0;0;0;0
10/09/2017;08:23:00;104;Acidente sem vítima;282;BR-101/ES;Sul;Queda de Moto;0;0;0;1;0;0;0;0;;;1;0;0;0;0
10/09/2017;10:55:00;154;Acidente sem vítima;181;BR-101/ES;Sul;Colisão Transversal;2;0;0;0;0;0;0;0;;;6;0;0;0;0
10/09/2017;11:38:00;171;Acidente sem vítima;176;BR-101/ES;Norte;Colisão Traseira;2;0;0;0;0;0;0;0;;;5;0;0;0;0
10/09/2017;11:40:00;173;Acidente com vítima;226;BR-101/ES;Norte;Colisão Frontal;2;0;0;0;0;0;0;0;;;0;1;2;0;0
10/09/2017;12:05:00;180;Acidente sem vítima;253;BR-101/ES;Sul;Engavetamento;3;0;0;0;0;0;0;0;;;3;0;0;0;0
10/09/2017;14:02:00;222;Acidente sem vítima;120;BR-101/ES;Sul;Colisão Traseira;2;0;0;0;0;0;0;0;;;3;0;0;0;0
10/09/2017;14:46:00;244;Acidente com morte;450;BR-101/ES;Norte;Colisão Lateral;1;0;1;0;1;0;0;2;;;4;7;0;2;11
10/09/2017;15:37:00;260;Acidente com vítima;41;BR-101/ES;Sul;Queda de Moto;0;0;0;1;0;0;0;0;;;0;1;0;0;0
10/09/2017;16:46:00;289;Acidente sem vítima;343;BR-101/ES;Sul;Engavetamento;3;0;0;0;0;0;0;0;;;7;0;0;0;0
10/09/2017;17:09:00;300;Acidente com vítima;101;BR-101/ES;Sul;Colisão Lateral;2;0;0;0;0;0;0;0;;;1;4;1;0;0
10/09/2017;18:17:00;320;Atropelamento sem morte;141;BR-101/ES;Sul;Atropelamento;1;0;0;0;0;0;0;0;;;1;1;1;0;0
10/09/2017;19:09:00;330;Acidente com vítima;181;BR-101/ES;Norte;Colisão Frontal;2;0;0;0;0;0;0;0;;;0;1;2;0;0
10/09/2017;19:14:00;331;Acidente com vítima;281,2;BR-101/ES;Norte;Colisão Frontal;1;0;0;1;0;0;0;0;;;1;0;1;0;0
10/09/2017;19:15:00;332;Acidente sem vítima;190;BR-101/ES;Sul;Colisão Traseira;2;0;0;0;0;0;0;0;;;5;0;0;0;0
10/09/2017;19:34:00;336;Acidente com vítima;165;BR-101/ES;Norte;Queda de ciclista;0;1;0;0;0;0;0;0;;;0;0;1;0;0
10/09/2017;20:23:00;347;Acidente sem vítima;216;BR-101/ES;Norte;Saída de Pista;1;0;0;0;0;0;0;0;;;1;0;0;0;0
10/09/2017;22:38:00;387;Acidente sem vítima;393;BR-101/ES;Sul;Colisão Traseira;2;0;0;0;0;0;0;0;;;2;0;0;0;0
11/09/2017;03:32:00;53;Acidente sem vítima;374;BR-101/ES;Norte;Atropelamento de Bovino;0;0;0;0;1;0;0;0;;;1;0;0;0;0
11/09/2017;05:21:00;70;Acidente sem vítima;946;BR-101/BA;Norte;Veículo em Chamas;0;0;0;0;0;0;0;4;;;1;0;0;0;0
11/09/2017;07:58:00;90;Acidente sem vítima;320;BR-101/ES;Sul;Colisão Traseira;0;0;2;0;0;0;0;1;;;2;0;0;0;0
11/09/2017;08:01:00;91;Acidente com vítima;225;BR-101/ES;Norte;Colisão Traseira;2;0;1;0;0;0;0;0;;;4;2;0;0;0
11/09/2017;08:36:00;102;Acidente sem vítima;345;BR-101/ES;Norte;Colisão Traseira;2;0;0;0;0;0;0;0;;;4;0;0;0;0
11/09/2017;09:25:00;116;Acidente sem vítima;266;BR-101/ES;Sul;Colisão Traseira;3;0;0;0;0;0;0;0;;;9;0;0;0;0
11/09/2017;10:02:00;136;Acidente sem vítima;266;BR-101/ES;Sul;Colisão Traseira;2;0;0;0;0;0;0;0;;;6;0;0;0;0
11/09/2017;11:37:00;186;Acidente com vítima;266;BR-101/ES;Sul;Colisão Lateral;1;0;0;1;0;0;0;0;;;1;1;0;0;0
11/09/2017;12:36:00;204;Acidente sem vítima;263;BR-101/ES;Sul;Colisão Traseira;1;0;0;0;0;0;0;2;;;2;0;0;0;0
11/09/2017;14:04:00;238;Acidente sem vítima;204;BR-101/ES;Sul;Colisão Transversal;2;0;0;0;0;0;0;0;;;2;0;0;0;0
11/09/2017;15:08:00;261;Acidente sem vítima;68;BR-101/ES;Sul;Colisão Traseira;2;0;0;0;0;0;0;0;;;6;0;0;0;0
11/09/2017;18:09:00;318;Acidente com vítima;266;BR-101/ES;Sul;Colisão Transversal;1;0;0;1;0;0;0;0;;;2;0;1;0;0
11/09/2017;19:32:00;342;Acidente com vítima;282;BR-101/ES;Norte;Queda de Moto;0;0;0;1;0;0;0;0;;;0;0;1;0;0
11/09/2017;21:04:00;358;Acidente sem vítima;149;BR-101/ES;Norte;Colisão Transversal;2;0;0;0;0;0;0;0;;;2;0;0;0;0
11/09/2017;22:33:00;375;Acidente sem vítima;219;BR-101/ES;Norte;Saída de Pista;1;0;0;0;0;0;0;0;;;1;0;0;0;0
12/09/2017;00:37:00;11;Acidente sem vítima;130;BR-101/ES;Sul;Atropelamento de Bovino;0;0;0;0;0;0;0;3;;;1;0;0;0;0
12/09/2017;06:42:00;60;Acidente com vítima;145;BR-101/ES;Sul;Colisão Transversal;2;0;0;0;0;0;0;0;;;1;1;0;0;0
12/09/2017;06:54:00;62;Acidente com vítima;145;BR-101/ES;Sul;Colisão Traseira;1;0;0;1;0;0;0;0;;;3;1;0;0;0
12/09/2017;07:09:00;65;Acidente com vítima;272;BR-101/ES;Norte;Saída de Pista;1;0;0;0;0;0;0;0;;;0;0;1;0;0
12/09/2017;07:58:00;78;Acidente sem vítima;284;BR-101/ES;Norte;Saída de Pista;1;0;0;0;0;0;0;0;;;1;0;0;0;0
12/09/2017;17:48:00;330;Acidente sem vítima;262;BR-101/ES;Sul;Colisão Traseira;2;0;0;0;0;0;0;0;;;2;0;0;0;0