data;horario;n_da_ocorrencia;tipo_de_ocorrencia;km;trecho;sentido;tipo_de_acidente;automovel;bicicleta;caminhao;moto;onibus;outros;tracao_animal;transporte_de_cargas_especiais;trator_maquinas;utilitarios;ilesos;levemente_feridos;moderadamente_feridos;gravemente_feridos;mortos
29/10/2017;17:48:00;327;Acidente com vítima;262;BR-101/ES;Norte;Queda de Moto;0;0;0;1;0;0;0;0;;;0;1;0;0;0
29/10/2017;18:38:00;333;Acidente sem vítima;288;BR-101/ES;Norte;Capotamento;1;0;0;0;0;0;0;0;;;1;0;0;0;0
30/10/2017;06:22:00;71;Acidente com vítima;263;BR-101/ES;Sul;Queda de Moto;0;0;0;1;0;0;0;0;;;0;0;1;0;0
30/10/2017;06:50:00;74;Acidente com vítima;268;BR-101/ES;Norte;Queda de Moto;0;0;0;1;0;0;0;0;;;0;0;1;0;0
30/10/2017;06:57:00;77;Acidente sem vítima;358;BR-101/ES;Sul;Colisão Traseira;1;0;0;0;0;0;0;2;;;5;0;0;0;0
30/10/2017;10:12:00;157;Acidente sem vítima;383;BR-101/ES;Sul;Colisão Traseira;2;0;0;0;0;0;0;0;;;3;0;0;0;0
30/10/2017;10:13:00;158;Acidente sem vítima;264;BR-101/ES;Sul;Colisão Transversal;0;0;0;0;1;0;0;2;;;2;0;0;0;0
30/10/2017;13:51:00;287;Acidente sem vítima;61;BR-101/ES;Norte;Colisão Traseira;1;0;0;0;1;0;0;0;;;3;0;0;0;0
30/10/2017;17:47:00;365;Acidente com vítima;268;BR-101/ES;Norte;Colisão Lateral;1;0;0;1;0;0;0;0;;;2;1;0;0;0
30/10/2017;22:08:00;416;Acidente sem vítima;270;BR-101/ES;Norte;Colisão Lateral;1;0;0;0;0;0;0;2;;;4;0;0;0;0
31/10/2017;07:27:00;99;Acidente com vítima;417;BR-101/ES;Sul;Colisão Traseira;1;1;0;0;0;0;0;0;;;0;0;0;1;0
31/10/2017;10:16:00;171;Acidente sem vítima;269;BR-101/ES;Sul;Engavetamento;3;0;0;0;0;0;0;0;;;2;0;0;0;0
31/10/2017;11:18:00;199;Acidente sem vítima;66,2;BR-101/ES;Sul;Colisão Lateral;1;0;0;0;0;0;0;2;;;2;0;0;0;0
31/10/2017;14:04:00;284;Acidente sem vítima;106;BR-101/ES;Sul;Engavetamento;1;0;2;0;0;0;0;0;;;4;0;0;0;0
31/10/2017;15:12:00;303;Acidente sem vítima;265;BR-101/ES;Norte;Colisão Traseira;2;0;0;0;0;0;0;0;;;2;0;0;0;0
31/10/2017;15:18:00;308;Acidente com vítima;281;BR-101/ES;Sul;Colisão Traseira;1;0;0;1;0;0;0;0;;;4;0;1;0;0
31/10/2017;17:08:00;340;Acidente com vítima;262,6;BR-101/ES;Sul;Colisão Lateral;0;0;0;1;1;0;0;0;;;1;1;0;0;0
31/10/2017;17:32:00;347;Acidente com vítima;335,5;BR-101/ES;Sul;Colisão Frontal;1;0;0;1;0;0;0;0;;;1;0;0;1;0
31/10/2017;17:38:00;351;Acidente sem vítima;369;BR-101/ES;Norte;Saída de Pista;1;0;0;0;0;0;0;0;;;2;0;0;0;0
31/10/2017;19:14:00;367;Acidente com vítima;269;BR-101/ES;Norte;Colisão Lateral;1;0;1;0;0;0;0;0;;;1;0;1;0;0
31/10/2017;20:15:00;386;Acidente com morte;269;BR-101/ES;Norte;Queda de Moto;0;0;0;1;0;0;0;0;;;0;0;0;0;1
31/10/2017;21:08:00;395;Acidente com vítima;269;BR-101/ES;Norte;Queda de Moto;0;0;0;1;0;0;0;0;;;0;1;0;0;0
31/10/2017;21:15:00;397;Acidente com vítima;288;BR-101/ES;Sul;Queda de Moto;0;0;0;1;0;0;0;0;;;0;2;0;0;0
31/10/2017;23:09:00;421;Atropelamento sem morte;298;BR-101/ES;Sul;Atropelamento;0;0;0;0;0;0;0;2;;;1;0;0;1;0
01/11/2017;06:19:00;74;Acidente com vítima;265,5;BR-101/ES;Sul;Colisão Traseira;0;0;0;1;1;0;0;0;;;2;1;1;0;0
01/11/2017;06:30:00;75;Acidente sem vítima;207;BR-101/ES;Sul;Colisão Lateral;2;0;0;0;0;0;0;0;;;7;0;0;0;0
01/11/2017;08:53:00;114;Acidente sem vítima;290;BR-101/ES;Sul;Colisão Traseira;2;0;0;0;0;0;0;0;;;2;0;0;0;0
01/11/2017;09:11:00;126;Acidente com vítima;291;BR-101/ES;Sul;Colisão Traseira;2;0;0;0;0;0;0;0;;;3;0;1;0;0
01/11/2017;09:17:00;128;Acidente sem vítima;271;BR-101/ES;Norte;Colisão Transversal;1;0;1;0;0;0;0;0;;;2;0;0;0;0
01/11/2017;10:34:00;176;Acidente sem vítima;281;BR-101/ES;Norte;Saída de Pista;1;0;0;0;0;0;0;0;;;1;0;0;0;0
01/11/2017;12:02:00;215;Acidente sem vítima;147;BR-101/ES;Norte;Colisão Traseira;1;0;0;1;0;0;0;0;;;2;0;0;0;0
01/11/2017;14:49:00;276;Acidente sem vítima;389;BR-101/ES;Sul;Saída de Pista;1;0;0;0;0;0;0;0;;;1;0;0;0;0
01/11/2017;17:40:00;320;Acidente sem vítima;147;BR-101/ES;Norte;Engavetamento;2;0;1;0;0;0;0;0;;;3;0;0;0;0
01/11/2017;19:01:00;333;Acidente sem vítima;262;BR-101/ES;Norte;Colisão Lateral;1;0;0;0;0;0;0;2;;;2;0;0;0;0
01/11/2017;23:37:00;392;Acidente sem vítima;266;BR-101/ES;Norte;Colisão Transversal;2;0;0;0;0;0;0;0;;;4;0;0;0;0
02/11/2017;03:54:00;44;Acidente com vítima;293;BR-101/ES;Norte;Queda de Moto;0;0;0;1;0;0;0;0;;;0;0;2;0;0
02/11/2017;06:21:00;67;Acidente sem vítima;276;BR-101/ES;Sul;Choque com Objeto Fixo;1;0;0;0;0;0;0;0;;;1;0;0;0;0
02/11/2017;09:27:00;129;Acidente sem vítima;204;BR-101/ES;Sul;Colisão Transversal;1;0;0;0;0;0;0;3;;;3;0;0;0;0
02/11/2017;11:58:00;199;Acidente com vítima;144;BR-101/ES;Sul;Queda de ciclista;0;1;0;0;0;0;0;0;;;0;1;0;0;0
02/11/2017;15:05:00;257;Acidente sem vítima;366;BR-101/ES;Norte;Colisão Traseira;2;0;0;0;0;0;0;0;;;6;0;0;0;0
02/11/2017;15:56:00;274;Acidente com vítima;292;BR-101/ES;Norte;Queda de Moto;1;0;0;0;0;0;0;0;;;0;0;1;0;0
02/11/2017;20:20:00;326;Acidente sem vítima;442;BR-101/ES;Sul;Colisão Traseira;0;0;0;0;0;0;0;4;;;2;0;0;0;0
02/11/2017;20:20:00;327;Acidente com vítima;143;BR-101/ES;Sul;Queda de Moto;0;0;0;1;0;0;0;0;;;0;0;1;0;0
03/11/2017;03:20:00;42;Acidente com vítima;254;BR-101/ES;Norte;Queda de Moto;0;0;0;1;0;0;0;0;;;0;1;1;0;0
03/11/2017;07:43:00;83;Acidente com vítima;277;BR-101/ES;Norte;Queda de Moto;0;0;0;1;0;0;0;0;;;0;1;0;0;0
03/11/2017;07:53:00;86;Acidente sem vítima;229;BR-101/ES;Norte;Colisão Traseira;2;0;0;0;0;0;0;0;;;2;0;0;0;0
03/11/2017;08:25:00;97;Acidente sem vítima;283;BR-101/ES;Norte;Choque com Objeto Fixo;1;0;0;0;0;0;0;0;;;2;0;0;0;0
03/11/2017;09:20:00;121;Acidente sem vítima;61;BR-101/ES;Sul;Colisão Lateral;2;0;0;0;0;0;0;0;;;2;0;0;0;0
03/11/2017;10:11:00;139;Acidente sem vítima;242;BR-101/ES;Norte;Colisão Lateral;0;0;1;0;0;0;0;3;;;2;0;0;0;0
03/11/2017;16:40:00;275;Acidente sem vítima;298;BR-101/ES;Norte;Colisão Lateral;1;0;1;0;0;0;0;1;;;2;0;0;0;0
03/11/2017;18:01:00;298;Acidente com vítima;149;BR-101/ES;Sul;Colisão Traseira;0;0;0;1;1;0;0;0;;;1;0;1;0;0
03/11/2017;18:38:00;306;Acidente sem vítima;149;BR-101/ES;Norte;Colisão Transversal;1;0;0;1;0;0;0;0;;;2;0;0;0;0
03/11/2017;20:13:00;325;Acidente sem vítima;206;BR-101/ES;Sul;Choque com Objeto Fixo;1;0;0;0;0;0;0;0;;;1;0;0;0;0
03/11/2017;20:32:00;333;Acidente sem vítima;276;BR-101/ES;Sul;Queda de Moto;0;0;0;1;0;0;0;0;;;1;0;0;0;0
03/11/2017;22:42:00;366;Acidente com vítima;333;BR-101/ES;Sul;Queda de Moto;1;0;0;0;0;0;0;0;;;0;1;0;0;0
04/11/2017;00:08:00;3;Acidente com vítima;285;BR-101/ES;Norte;Queda de Moto;0;0;0;1;0;0;0;0;;;0;0;0;1;0
04/11/2017;01:48:00;31;Acidente com vítima;270;BR-101/ES;Sul;Colisão Lateral;1;0;0;0;0;0;0;2;;;3;1;1;0;0
04/11/2017;05:47:00;77;Acidente sem vítima;389,5;BR-101/ES;Sul;Tombamento;0;0;0;0;0;0;0;2;;;3;0;0;0;0
04/11/2017;07:52:00;99;Acidente com vítima;144;BR-101/ES;Sul;Colisão Traseira;1;0;0;0;0;0;0;1;;;3;1;0;0;0
04/11/2017;11:21:00;179;Acidente sem vítima;229;BR-101/ES;Sul;Colisão Traseira;2;0;0;0;0;0;0;0;;;2;0;0;0;0
04/11/2017;13:32:00;227;Acidente sem vítima;398;BR-101/ES;Sul;Choque com Objeto Fixo;1;0;0;0;0;0;0;0;;;3;0;0;0;0
04/11/2017;13:50:00;236;Acidente com vítima;261;BR-101/ES;Norte;Queda de ciclista;0;1;0;0;0;0;0;0;;;0;1;0;0;0
04/11/2017;16:11:00;284;Acidente sem vítima;232;BR-101/ES;Sul;Saída de Pista;1;0;0;0;0;0;0;0;;;1;0;0;0;0
04/11/2017;16:27:00;293;Acidente sem vítima;265;BR-101/ES;Sul;Choque com Veículo Estacionado;1;0;1;0;0;0;0;0;;;2;0;0;0;0
04/11/2017;17:23:00;304;Acidente sem vítima;271;BR-101/ES;Sul;Queda de Moto;0;0;0;1;0;0;0;0;;;1;0;0;0;0
04/11/2017;20:48:00;345;Acidente sem vítima;197;BR-101/ES;Norte;Atropelamento Animal;1;0;0;0;0;0;0;0;;;3;0;0;0;0
04/11/2017;21:26:00;355;Acidente sem vítima;273;BR-101/ES;Sul;Saída de Pista;1;0;0;0;0;0;0;0;;;1;0;0;0;0
05/11/2017;00:55:00;20;Acidente com vítima;188;BR-101/ES;Sul;Tombamento;0;0;1;0;0;0;0;0;;;0;1;0;0;0
05/11/2017;07:26:00;91;Acidente com vítima;448;BR-101/ES;Sul;Queda de Moto;0;0;0;1;0;0;0;0;;;0;1;0;0;0
05/11/2017;07:45:00;94;Acidente com morte;111,5;BR-101/ES;Sul;Queda de Moto;1;0;0;0;0;0;0;0;;;0;0;1;0;1
05/11/2017;07:45:00;95;Acidente sem vítima;294;BR-101/ES;Sul;Choque com Objeto Fixo;1;0;0;0;0;0;0;0;;;1;0;0;0;0
05/11/2017;10:22:00;132;Acidente com vítima;229;BR-101/ES;Norte;Colisão Transversal;1;0;0;1;0;0;0;0;;;1;1;0;0;0
05/11/2017;11:42:00;168;Acidente com vítima;264;BR-101/ES;Sul;Colisão Traseira;0;0;0;1;1;0;0;0;;;2;0;1;0;0
05/11/2017;13:26:00;206;Acidente sem vítima;449;BR-101/ES;Norte;Capotamento;1;0;0;0;0;0;0;0;;;1;0;0;0;0
05/11/2017;15:09:00;238;Acidente sem vítima;176;BR-101/ES;Sul;Colisão Traseira;3;0;0;0;0;0;0;0;;;4;0;0;0;0
05/11/2017;15:11:00;240;Acidente sem vítima;454;BR-101/ES;Norte;Saída de Pista;1;0;0;0;0;0;0;0;;;2;0;0;0;0
05/11/2017;15:27:00;241;Acidente com vítima;222;BR-101/ES;Norte;Queda de Moto;1;0;0;1;0;0;0;0;;;3;1;0;0;0
05/11/2017;15:49:00;250;Acidente com vítima;416;BR-101/ES;Sul;Tombamento;0;0;1;0;0;0;0;0;;;0;0;0;1;0
05/11/2017;16:23:00;258;Acidente sem vítima;402;BR-101/ES;Sul;Choque com Objeto Fixo;1;0;0;0;0;0;0;0;;;2;0;0;0;0
05/11/2017;17:33:00;281;Acidente sem vítima;255;BR-101/ES;Sul;Colisão Transversal;2;0;0;0;0;0;0;0;;;2;0;0;0;0
05/11/2017;17:58:00;287;Acidente com vítima;298;BR-101/ES;Norte;Colisão Lateral;1;0;0;1;0;0;0;0;;;2;1;0;0;0
05/11/2017;18:08:00;288;Acidente sem vítima;403;BR-101/ES;Sul;Saída de Pista;1;0;0;0;0;0;0;0;;;2;0;0;0;0
05/11/2017;19:17:00;301;Acidente sem vítima;262;BR-101/ES;Sul;Colisão Traseira;2;0;0;0;0;0;0;0;;;2;0;0;0;0
05/11/2017;19:35:00;314;Acidente sem vítima;145;BR-101/ES;Sul;Colisão Traseira;2;0;0;0;0;0;0;0;;;2;0;0;0;0
05/11/2017;21:30:00;334;Acidente sem vítima;269;BR-101/ES;Sul;Colisão Traseira;1;0;0;0;0;0;0;2;;;3;0;0;0;0
05/11/2017;22:37:00;355;Acidente sem vítima;286;BR-101/ES;Norte;Capotamento;1;0;0;0;0;0;0;0;;;2;0;0;0;0
06/11/2017;00:41:00;13;Acidente sem vítima;177;BR-101/ES;Norte;Saída de Pista;1;0;0;0;0;0;0;0;;;1;0;0;0;0
06/11/2017;05:33:00;57;Acidente sem vítima;287;BR-101/ES;Sul;Choque com Objeto Fixo;1;0;0;0;0;0;0;0;;;1;0;0;0;0
06/11/2017;06:10:00;65;Acidente com vítima;72;BR-101/ES;Sul;Saída de Pista;1;0;0;0;0;0;0;0;;;0;0;1;0;0
06/11/2017;11:04:00;190;Acidente sem vítima;423;BR-101/ES;Norte;Tombamento;1;0;0;0;0;0;0;0;;;1;0;0;0;0
06/11/2017;13:00:00;242;Acidente com vítima;222;BR-101/ES;Norte;Colisão Lateral;1;0;1;0;0;0;0;0;;;3;1;0;0;0
06/11/2017;16:52:00;299;Acidente sem vítima;281;BR-101/ES;Norte;Colisão Lateral;1;0;0;0;0;0;0;2;;;3;0;0;0;0
06/11/2017;17:10:00;303;Acidente sem vítima;293;BR-101/ES;Sul;Queda de Moto;0;0;0;1;0;0;0;0;;;2;0;0;0;0
07/11/2017;00:43:00;13;Acidente com vítima;264;BR-101/ES;Norte;Colisão Transversal;1;0;0;0;0;0;0;2;;;1;1;3;0;0
07/11/2017;02:57:00;35;Acidente com vítima;253;BR-101/ES;Sul;Colisão Transversal;1;0;1;0;0;0;0;0;;;2;0;1;0;0
07/11/2017;07:03:00;70;Acidente sem vítima;294;BR-101/ES;Norte;Saída de Pista;0;0;0;0;0;0;0;2;;;1;0;0;0;0
07/11/2017;07:44:00;81;Acidente sem vítima;294,5;BR-101/ES;Norte;Colisão Lateral;1;0;0;0;0;0;0;2;;;3;0;0;0;0
07/11/2017;10:50:00;168;Acidente sem vítima;287;BR-101/ES;Sul;Colisão Lateral;2;0;0;0;0;0;0;0;;;2;0;0;0;0
07/11/2017;18:31:00;367;Acidente sem vítima;264;BR-101/ES;Norte;Queda de ciclista;0;1;0;0;0;0;0;0;;;1;0;0;0;0
07/11/2017;19:43:00;378;Acidente sem vítima;262;BR-101/ES;Sul;Colisão Lateral;3;0;0;0;0;0;0;0;;;5;0;0;0;0
08/11/2017;08:46:00;130;Acidente com vítima;257;BR-101/ES;Sul;Colisão Lateral;0;1;0;1;0;0;0;0;;;0;0;2;0;0
08/11/2017;09:08:00;144;Acidente com morte;360,5;BR-101/ES;Norte;Colisão Frontal;0;0;2;0;0;0;0;0;;;2;0;1;0;1
08/11/2017;11:04:00;184;Acidente com vítima;149;BR-101/ES;Sul;Colisão Lateral;0;0;1;1;0;0;0;0;;;2;1;0;0;0
08/11/2017;13:08:00;235;Acidente sem vítima;298;BR-101/ES;Sul;Colisão Transversal;1;0;1;0;0;0;0;0;;;2;0;0;0;0
08/11/2017;13:19:00;241;Acidente sem vítima;62;BR-101/ES;Sul;Colisão Lateral;1;0;0;0;0;0;0;3;;;4;0;0;0;0
08/11/2017;22:00:00;385;Acidente com vítima;295,5;BR-101/ES;Sul;Colisão Traseira;1;0;0;1;0;0;0;0;;;1;0;1;0;0
09/11/2017;00:38:00;16;Acidente com vítima;29,2;BR-101/ES;Sul;Tombamento;0;0;0;0;0;0;0;3;;;0;0;1;0;0
09/11/2017;06:22:00;69;Acidente sem vítima;278;BR-101/ES;Norte;Choque com Objeto Fixo;1;0;0;0;0;0;0;0;;;1;0;0;0;0
09/11/2017;06:35:00;70;Acidente sem vítima;278;BR-101/ES;Norte;Engavetamento;5;0;0;0;0;0;0;0;;;9;0;0;0;0
09/11/2017;06:49:00;72;Acidente sem vítima;294;BR-101/ES;Sul;Saída de Pista;0;0;1;0;0;0;0;0;;;1;0;0;0;0
09/11/2017;06:55:00;73;Acidente sem vítima;278;BR-101/ES;Sul;Colisão Lateral;1;0;0;1;0;0;0;0;;;2;0;0;0;0
09/11/2017;07:11:00;79;Acidente com vítima;284;BR-101/ES;Norte;Colisão Traseira;1;0;1;0;0;0;0;0;;;1;1;0;0;0
09/11/2017;07:42:00;100;Acidente com vítima;300;BR-101/ES;Norte;Choque com Objeto Fixo;1;0;0;0;0;0;0;0;;;0;1;0;0;0
09/11/2017;10:44:00;179;Acidente com vítima;60;BR-101/ES;Sul;Colisão Transversal;1;0;0;0;1;0;0;0;;;3;2;0;0;0
09/11/2017;15:03:00;281;Acidente sem vítima;292;BR-101/ES;Sul;Engavetamento;3;0;0;0;0;0;0;0;;;3;0;0;0;0
09/11/2017;15:52:00;291;Acidente sem vítima;11;BR-101/ES;Sul;Saída de Pista;1;0;0;0;0;0;0;0;;;3;0;0;0;0
09/11/2017;16:39:00;302;Acidente com vítima;333,4;BR-101/ES;Norte;Saída de Pista;0;0;0;1;0;0;0;0;;;0;0;1;0;0
09/11/2017;17:47:00;325;Acidente com vítima;261,18;BR-101/ES;Sul;Choque com Objeto Fixo;0;0;0;1;0;0;0;0;;;0;0;1;0;0
09/11/2017;18:48:00;335;Acidente sem vítima;260;BR-101/ES;Norte;Tombamento;0;0;0;0;0;0;0;2;;;1;0;0;0;0
09/11/2017;19:20:00;341;Acidente sem vítima;184;BR-101/ES;Sul;Choque;1;0;1;0;0;0;0;0;;;3;0;0;0;0
10/11/2017;02:22:00;36;Acidente sem vítima;270;BR-101/ES;Norte;Colisão Lateral;1;0;1;0;0;0;0;1;;;3;0;0;0;0
10/11/2017;04:41:00;54;Acidente sem vítima;458;BR-101/ES;Norte;Saída de Pista;1;0;0;0;0;0;0;0;;;3;0;0;0;0
10/11/2017;05:18:00;58;Acidente sem vítima;265;BR-101/ES;Norte;Colisão Traseira;1;0;1;0;0;0;0;0;;;2;0;0;0;0
10/11/2017;09:26:00;129;Acidente sem vítima;399;BR-101/ES;Norte;Colisão Traseira;1;0;0;0;0;0;0;2;;;5;0;0;0;0
10/11/2017;10:27:00;180;Acidente sem vítima;280;BR-101/ES;Norte;Engavetamento;3;0;0;0;0;0;0;0;;;4;0;0;0;0
10/11/2017;11:36:00;208;Acidente sem vítima;169;BR-101/ES;Norte;Colisão Lateral;1;0;1;0;0;0;0;0;;;2;0;0;0;0
10/11/2017;12:32:00;236;Acidente com vítima;79,8;BR-101/ES;Sul;Saída de Pista;1;0;0;0;0;0;0;0;;;0;0;1;0;0
10/11/2017;12:38:00;239;Acidente com vítima;67;BR-101/ES;Sul;Colisão Lateral;1;0;0;1;0;0;0;0;;;1;0;1;0;0
10/11/2017;14:04:00;277;Acidente com vítima;284,6;BR-101/ES;Norte;Colisão Lateral;2;0;0;1;0;0;0;0;;;8;0;1;0;0
10/11/2017;14:07:00;279;Acidente sem vítima;297;BR-101/ES;Sul;Colisão Lateral;1;0;1;0;0;0;0;0;;;3;0;0;0;0
10/11/2017;17:15:00;336;Acidente com vítima;376;BR-101/ES;Sul;Colisão Lateral;0;0;0;1;0;0;0;3;;;1;1;0;0;0
10/11/2017;19:12:00;369;Acidente com vítima;203;BR-101/ES;Norte;Queda de Moto;0;0;0;1;0;0;0;0;;;0;0;2;0;0
10/11/2017;19:49:00;381;Acidente sem vítima;254;BR-101/ES;Sul;Engavetamento;2;0;1;0;0;0;0;3;;;8;0;0;0;0
10/11/2017;20:04:00;387;Acidente sem vítima;288;BR-101/ES;Sul;Atropelamento de Equino;1;0;0;0;0;0;0;0;;;1;0;0;0;0
10/11/2017;23:18:00;432;Acidente com vítima;321;BR-101/ES;Norte;Saída de Pista;0;0;0;1;0;0;0;0;;;0;0;1;0;0
11/11/2017;00:38:00;11;Acidente com vítima;65;BR-101/ES;Norte;Colisão Transversal;1;0;0;1;0;0;0;0;;;1;0;1;0;0
11/11/2017;03:15:00;51;Acidente sem vítima;269;BR-101/ES;Norte;Saída de Pista;1;0;0;0;0;0;0;0;;;1;0;0;0;0
11/11/2017;05:56:00;78;Acidente sem vítima;269,5;BR-101/ES;Norte;Colisão Traseira;1;0;1;0;0;0;0;0;;;2;0;0;0;0
11/11/2017;11:01:00;179;Acidente com vítima;164;BR-101/ES;Sul;Queda de Moto;0;0;0;1;0;0;0;0;;;0;1;1;0;0
11/11/2017;11:04:00;183;Acidente sem vítima;280;BR-101/ES;Sul;Queda de Moto;0;0;0;1;0;0;0;0;;;1;0;0;0;0
11/11/2017;11:21:00;188;Acidente sem vítima;293;BR-101/ES;Sul;Colisão Traseira;0;0;0;0;0;0;0;5;;;2;0;0;0;0
11/11/2017;11:55:00;203;Acidente sem vítima;276,5;BR-101/ES;Sul;Saída de Pista;1;0;0;0;0;0;0;0;;;1;0;0;0;0
11/11/2017;15:51:00;282;Acidente com vítima;53,5;BR-101/ES;Sul;Saída de Pista;1;0;0;0;0;0;0;0;;;3;0;1;0;0
11/11/2017;18:57:00;328;Acidente com vítima;275;BR-101/ES;Sul;Saída de Pista;1;0;0;0;0;0;0;0;;;0;0;1;0;0
12/11/2017;04:28:00;57;Acidente sem vítima;371;BR-101/ES;Norte;Colisão Transversal;2;0;0;0;0;0;0;0;;;2;0;0;0;0
12/11/2017;05:49:00;76;Acidente com vítima;400;BR-101/ES;Sul;Saída de Pista;1;0;0;0;0;0;0;0;;;0;0;1;0;0
12/11/2017;08:25:00;91;Acidente sem vítima;952;BR-101/BA;Norte;Saída de Pista;1;0;0;0;0;0;0;0;;;2;0;0;0;0
12/11/2017;09:14:00;109;Acidente sem vítima;8;BR-101/ES;Sul;Saída de Pista;1;0;0;0;0;0;0;0;;;1;0;0;0;0
12/11/2017;11:41:00;169;Acidente sem vítima;127;BR-101/ES;Sul;Choque com Objeto Fixo;1;0;0;0;0;0;0;0;;;2;0;0;0;0
12/11/2017;13:18:00;198;Acidente sem vítima;150;BR-101/ES;Sul;Colisão Traseira;2;0;0;0;0;0;0;0;;;2;0;0;0;0
12/11/2017;15:41:00;240;Acidente com vítima;259;BR-101/ES;Sul;Colisão Lateral;1;0;0;0;1;0;0;2;;;4;3;1;0;0
12/11/2017;17:05:00;260;Acidente com vítima;367;BR-101/ES;Norte;Colisão Traseira;1;0;0;1;0;0;0;0;;;1;1;0;0;0
12/11/2017;18:11:00;280;Acidente sem vítima;220;BR-101/ES;Sul;Saída de Pista;1;0;0;0;0;0;0;0;;;1;0;0;0;0
12/11/2017;18:58:00;285;Acidente sem vítima;261;BR-101/ES;Sul;Saída de Pista;1;0;0;0;0;0;0;0;;;1;0;0;0;0
12/11/2017;19:50:00;297;Acidente com vítima;355;BR-101/ES;Sul;Atropelamento de Equino;0;0;0;0;1;0;0;0;;;1;0;0;1;0
13/11/2017;01:06:00;18;Acidente sem vítima;358;BR-101/ES;Norte;Colisão Lateral;0;0;2;0;0;0;0;2;;;2;0;0;0;0
13/11/2017;04:08:00;46;Acidente sem vítima;302;BR-101/ES;Norte;Choque com Objeto Fixo;1;0;0;0;0;0;0;0;;;1;0;0;0;0
13/11/2017;05:46:00;59;Acidente com morte;159,8;BR-101/ES;Norte;Colisão Frontal;0;0;0;1;1;0;0;0;;;1;0;0;0;1
13/11/2017;07:07:00;74;Acidente sem vítima;222;BR-101/ES;Norte;Capotamento;1;0;0;0;0;0;0;0;;;1;0;0;0;0
13/11/2017;09:15:00;118;Acidente sem vítima;269;BR-101/ES;Sul;Colisão Traseira;2;0;0;0;0;0;0;0;;;2;0;0;0;0
13/11/2017;12:05:00;219;Acidente com vítima;268;BR-101/ES;Norte;Colisão Transversal;2;0;0;0;0;0;0;0;;;1;0;1;0;0
13/11/2017;17:16:00;339;Acidente sem vítima;298;BR-101/ES;Norte;Colisão Traseira;1;0;0;0;0;0;0;3;;;2;0;0;0;0
13/11/2017;18:10:00;366;Acidente com vítima;203;BR-101/ES;Sul;Colisão Transversal;1;0;0;1;0;0;0;0;;;3;0;0;2;0
13/11/2017;18:32:00;370;Acidente com vítima;271;BR-101/ES;Sul;Queda de Moto;0;0;0;1;0;0;0;0;;;0;1;0;0;0
13/11/2017;19:00:00;375;Acidente com vítima;290;BR-101/ES;Sul;Colisão Lateral;1;0;1;0;0;0;0;0;;;3;1;0;0;0
14/11/2017;05:35:00;60;Acidente sem vítima;264;BR-101/ES;Norte;Colisão Transversal;2;0;0;0;0;0;0;0;;;3;0;0;0;0
14/11/2017;08:33:00;103;Acidente sem vítima;297;BR-101/ES;Sul;Colisão Traseira;1;0;1;0;0;0;0;0;;;5;0;0;0;0
14/11/2017;10:24:00;165;Acidente com vítima;296;BR-101/ES;Sul;Queda de Moto;0;0;0;1;0;0;0;0;;;1;0;0;1;0
14/11/2017;13:33:00;234;Acidente com vítima;207;BR-101/ES;Sul;Colisão Traseira;1;0;1;0;0;0;0;0;;;1;0;1;0;0
14/11/2017;13:41:00;240;Acidente com vítima;276;BR-101/ES;Norte;Colisão Lateral;1;0;0;0;0;0;0;1;;;1;1;1;0;0
14/11/2017;14:31:00;255;Acidente sem vítima;264;BR-101/ES;Norte;Colisão Traseira;1;0;1;0;0;0;0;0;;;2;0;0;0;0
14/11/2017;17:40:00;328;Acidente sem vítima;281;BR-101/ES;Norte;Choque com Objeto Fixo;1;0;0;0;0;0;0;0;;;1;0;0;0;0
15/11/2017;08:46:00;113;Acidente com vítima;80;BR-101/ES;Norte;Queda de ciclista;0;1;0;0;0;0;0;0;;;0;1;0;0;0
15/11/2017;08:47:00;116;Acidente com vítima;150;BR-101/ES;Norte;Colisão Frontal;1;0;0;1;0;0;0;0;;;1;0;1;0;0
15/11/2017;14:19:00;238;Acidente com vítima;266,8;BR-101/ES;Sul;Queda de Moto;0;0;0;1;0;0;0;0;;;0;1;0;0;0
15/11/2017;15:45:00;257;Acidente sem vítima;256;BR-101/ES;Norte;Colisão Lateral;2;0;0;0;0;0;0;0;;;2;0;0;0;0
15/11/2017;17:33:00;287;Acidente sem vítima;414;BR-101/ES;Sul;Colisão Transversal;1;0;1;0;0;0;0;0;;;3;0;0;0;0
16/11/2017;00:06:00;2;Acidente sem vítima;402;BR-101/ES;Sul;Saída de Pista;1;0;0;0;0;0;0;0;;;1;0;0;0;0
16/11/2017;00:17:00;4;Acidente sem vítima;84;BR-101/ES;Sul;Atropelamento Animal;0;0;1;0;0;0;0;0;;;1;0;0;0;0
16/11/2017;05:29:00;64;Acidente com vítima;266,8;BR-101/ES;Sul;Colisão Frontal;1;1;0;0;0;0;0;0;;;2;0;1;0;0
16/11/2017;08:42:00;101;Acidente com vítima;187;BR-101/ES;Norte;Atropelamento Animal;0;0;0;1;0;0;0;0;;;0;1;0;0;0
16/11/2017;13:38:00;275;Acidente com vítima;266;BR-101/ES;Norte;Colisão Traseira;1;1;0;0;0;0;0;0;;;3;0;1;0;0
16/11/2017;14:28:00;292;Acidente com vítima;203;BR-101/ES;Norte;Colisão Lateral;1;0;1;0;0;0;0;0;;;1;2;0;0;0