data;horario;n_da_ocorrencia;tipo_de_ocorrencia;km;trecho;sentido;tipo_de_acidente;automovel;bicicleta;caminhao;moto;onibus;outros;tracao_animal;transporte_de_cargas_especiais;trator_maquinas;utilitarios;ilesos;levemente_feridos;moderadamente_feridos;gravemente_feridos;mortos
16/11/2017;14:36:00;294;Acidente sem vítima;262;BR-101/ES;Sul;Colisão Traseira;2;0;0;0;0;0;0;0;;;2;0;0;0;0
16/11/2017;15:19:00;305;Acidente com vítima;159;BR-101/ES;Sul;Colisão Transversal;0;0;0;1;0;0;0;2;;;1;1;0;0;0
16/11/2017;16:07:00;322;Acidente sem vítima;301;BR-101/ES;Norte;Colisão Traseira;3;0;0;0;0;0;0;0;;;3;0;0;0;0
17/11/2017;06:40:00;69;Atropelamento sem morte;269;BR-101/ES;Norte;Atropelamento;0;0;0;0;1;0;0;0;;;1;1;0;0;0
17/11/2017;07:20:00;82;Acidente com vítima;270;BR-101/ES;Sul;Colisão Traseira;1;0;0;1;0;0;0;0;;;1;0;1;0;0
17/11/2017;08:25:00;114;Acidente com vítima;267;BR-101/ES;Sul;Colisão Lateral;1;0;0;1;0;0;0;0;;;1;0;1;0;0
17/11/2017;08:29:00;116;Acidente com vítima;145;BR-101/ES;Norte;Queda de Moto;0;0;0;1;0;0;0;0;;;0;1;0;0;0
17/11/2017;12:50:00;262;Acidente sem vítima;264;BR-101/ES;Norte;Colisão Traseira;1;0;0;0;0;0;0;2;;;2;0;0;0;0
17/11/2017;16:23:00;353;Acidente sem vítima;276;BR-101/ES;Sul;Danos Eventuais;1;0;1;0;0;0;0;0;;;1;0;0;0;0
17/11/2017;16:37:00;359;Acidente com morte;266;BR-101/ES;Sul;Colisão Lateral;3;0;0;0;0;0;0;0;;;4;0;0;0;1
17/11/2017;18:46:00;400;Atropelamento sem morte;147;BR-101/ES;Norte;Atropelamento;1;0;0;0;0;0;0;0;;;1;1;0;0;0
17/11/2017;20:38:00;427;Acidente com vítima;128;BR-101/ES;Norte;Colisão Traseira;2;0;0;0;0;0;0;0;;;1;0;3;3;0
18/11/2017;01:44:00;33;Acidente com vítima;338;BR-101/ES;Sul;Colisão Frontal;1;0;0;1;0;0;0;0;;;0;1;1;0;0
18/11/2017;04:50:00;59;Acidente com vítima;129;BR-101/ES;Norte;Capotamento;1;0;0;0;0;0;0;0;;;0;1;1;0;0
18/11/2017;05:19:00;64;Acidente sem vítima;458;BR-101/ES;Sul;Colisão Traseira;0;0;1;0;0;0;0;1;;;3;0;0;0;0
18/11/2017;06:11:00;75;Acidente sem vítima;276;BR-101/ES;Norte;Colisão Traseira;2;0;0;0;0;0;0;0;;;2;0;0;0;0
18/11/2017;07:30:00;88;Acidente com vítima;285,23;BR-101/ES;Sul;Colisão Traseira;2;0;0;0;0;0;0;0;;;1;0;1;0;0
18/11/2017;10:14:00;129;Acidente sem vítima;452;BR-101/ES;Norte;Saída de Pista;1;0;0;0;0;0;0;0;;;1;0;0;0;0
18/11/2017;10:19:00;134;Acidente com vítima;401;BR-101/ES;Sul;Queda de Moto;0;0;0;1;0;0;0;0;;;0;0;2;0;0
18/11/2017;10:52:00;146;Acidente com morte;939;BR-101/BA;Norte;Colisão Transversal;1;0;0;0;0;0;0;2;;;1;1;3;1;1
18/11/2017;12:06:00;176;Acidente com vítima;89;BR-101/ES;Norte;Colisão Transversal;2;0;0;0;0;0;0;0;;;1;1;0;0;0
18/11/2017;13:09:00;194;Acidente com vítima;416;BR-101/ES;Sul;Saída de Pista;1;0;0;0;0;0;0;0;;;0;0;2;0;0
18/11/2017;13:38:00;203;Acidente com morte;260;BR-101/ES;Norte;Colisão Transversal;3;0;0;0;0;0;0;1;;;3;1;1;0;1
18/11/2017;14:41:00;234;Acidente com vítima;144;BR-101/ES;Sul;Colisão Traseira;1;0;0;2;0;0;0;0;;;3;2;0;0;0
18/11/2017;16:42:00;268;Acidente com vítima;264;BR-101/ES;Norte;Colisão Transversal;0;0;0;1;1;0;0;0;;;1;0;0;1;0
18/11/2017;19:08:00;303;Acidente sem vítima;267;BR-101/ES;Sul;Choque com Objeto Fixo;1;0;0;0;0;0;0;0;;;1;0;0;0;0
18/11/2017;20:42:00;329;Acidente com vítima;145;BR-101/ES;Norte;Colisão Transversal;1;0;0;1;0;0;0;0;;;2;2;0;0;0
18/11/2017;20:54:00;331;Acidente com vítima;234;BR-101/ES;Sul;Saída de Pista;1;0;0;0;0;0;0;0;;;0;0;0;1;0
18/11/2017;22:50:00;361;Acidente sem vítima;12;BR-101/ES;Norte;Colisão Transversal;2;0;0;0;0;0;0;0;;;2;0;0;0;0
18/11/2017;23:45:00;380;Acidente sem vítima;283;BR-101/ES;Norte;Queda de Moto;0;0;0;1;0;0;0;0;;;1;0;0;0;0
19/11/2017;00:04:00;4;Atropelamento sem morte;260;BR-101/ES;Norte;Atropelamento e Fuga;1;0;0;0;0;0;0;0;;;0;0;1;0;0
19/11/2017;01:15:00;25;Acidente com vítima;288;BR-101/ES;Norte;Atropelamento de Equino;1;0;0;0;0;0;0;0;;;0;0;1;0;0
19/11/2017;01:32:00;29;Acidente sem vítima;269;BR-101/ES;Norte;Colisão Transversal;1;0;0;0;1;0;0;0;;;2;0;0;0;0
19/11/2017;02:48:00;46;Acidente com vítima;211;BR-101/ES;Norte;Queda de Moto;0;0;0;1;0;0;0;0;;;0;0;1;0;0
19/11/2017;04:10:00;63;Acidente com vítima;434;BR-101/ES;Sul;Queda de Moto;0;0;0;1;0;0;0;0;;;0;0;1;0;0
19/11/2017;05:01:00;77;Acidente com vítima;264,5;BR-101/ES;Sul;Colisão Transversal;2;0;0;0;0;0;0;0;;;2;1;2;0;0
19/11/2017;08:48:00;115;Acidente com vítima;68;BR-101/ES;Sul;Engavetamento;1;0;1;0;0;0;0;2;;;6;0;1;0;0
19/11/2017;10:15:00;135;Acidente sem vítima;262;BR-101/ES;Sul;Colisão Traseira;2;0;0;0;0;0;0;0;;;6;0;0;0;0
19/11/2017;13:39:00;222;Acidente com vítima;264;BR-101/ES;Norte;Queda de Moto;0;0;0;1;0;0;0;0;;;0;0;1;0;0
19/11/2017;16:37:00;271;Acidente com vítima;264;BR-101/ES;Norte;Colisão Transversal;2;0;0;0;0;0;0;0;;;2;1;0;0;0
19/11/2017;18:00:00;300;Acidente sem vítima;140;BR-101/ES;Sul;Colisão Traseira;1;0;0;1;0;0;0;0;;;2;0;0;0;0
19/11/2017;18:24:00;306;Acidente sem vítima;366;BR-101/ES;Sul;Saída de Pista;1;0;0;0;0;0;0;0;;;2;0;0;0;0
19/11/2017;20:47:00;333;Acidente sem vítima;452;BR-101/ES;Sul;Choque com Objeto Fixo;0;0;1;0;0;0;0;0;;;1;0;0;0;0
19/11/2017;21:27:00;347;Acidente com vítima;203;BR-101/ES;Norte;Colisão Transversal;1;0;0;1;0;0;0;1;;;4;0;1;0;0
19/11/2017;22:06:00;359;Acidente sem vítima;399;BR-101/ES;Sul;Veículo em Chamas;0;0;0;0;0;0;0;2;;;1;0;0;0;0
19/11/2017;23:25:00;378;Acidente com vítima;264;BR-101/ES;Norte;Colisão Traseira;1;0;0;1;0;0;0;0;;;1;0;2;0;0
20/11/2017;05:33:00;67;Acidente com vítima;451,5;BR-101/ES;Norte;Saída de Pista;0;0;1;0;0;0;0;0;;;0;2;0;0;0
20/11/2017;07:03:00;79;Acidente sem vítima;423;BR-101/ES;Sul;Saída de Pista;1;0;0;0;0;0;0;0;;;1;0;0;0;0
20/11/2017;10:47:00;162;Acidente com vítima;262;BR-101/ES;Sul;Colisão Traseira;1;0;0;1;0;0;0;0;;;2;1;0;0;0
20/11/2017;11:21:00;174;Acidente com vítima;268;BR-101/ES;Norte;Queda de Moto;0;0;0;1;0;0;0;0;;;0;2;0;0;0
20/11/2017;11:43:00;192;Acidente sem vítima;75,9;BR-101/ES;Sul;Veículo em Chamas;1;0;0;0;0;0;0;0;;;1;0;0;0;0
20/11/2017;12:37:00;216;Acidente sem vítima;205;BR-101/ES;Norte;Colisão Traseira;2;0;0;0;0;0;0;0;;;3;0;0;0;0
20/11/2017;13:26:00;234;Acidente sem vítima;265,9;BR-101/ES;Sul;Engavetamento;3;0;0;0;0;0;0;0;;;7;0;0;0;0
20/11/2017;13:59:00;248;Acidente com vítima;374;BR-101/ES;Norte;Colisão Traseira;1;0;0;1;0;0;0;0;;;2;1;0;0;0
20/11/2017;14:47:00;269;Acidente sem vítima;374;BR-101/ES;Norte;Colisão Traseira;1;0;1;0;0;0;0;0;;;2;0;0;0;0
20/11/2017;15:43:00;292;Acidente com vítima;334;BR-101/ES;Norte;Capotamento;1;0;0;0;0;0;0;0;;;2;0;1;0;0
20/11/2017;16:23:00;310;Acidente com vítima;268,5;BR-101/ES;Sul;Choque com Objeto Fixo;1;0;0;0;0;0;0;0;;;0;0;1;0;0
20/11/2017;19:20:00;357;Acidente sem vítima;297;BR-101/ES;Sul;Colisão Traseira;1;0;1;0;0;0;0;0;;;2;0;0;0;0
20/11/2017;20:46:00;369;Acidente com vítima;336,5;BR-101/ES;Norte;Tombamento;0;0;1;0;0;0;0;0;;;0;1;0;0;0
20/11/2017;22:53:00;398;Acidente sem vítima;353,6;BR-101/ES;Norte;Saída de Pista;1;0;0;0;0;0;0;0;;;1;0;0;0;0
21/11/2017;07:25:00;103;Acidente sem vítima;264;BR-101/ES;Sul;Colisão Lateral;1;0;0;1;0;0;0;0;;;3;0;0;0;0
21/11/2017;08:09:00;115;Acidente com vítima;159;BR-101/ES;Sul;Colisão Transversal;2;0;0;0;0;0;0;0;;;5;0;1;0;0
21/11/2017;10:11:00;164;Acidente sem vítima;255;BR-101/ES;Norte;Colisão Traseira;1;0;0;0;0;0;0;2;;;2;0;0;0;0
21/11/2017;10:54:00;215;Acidente sem vítima;360;BR-101/ES;Sul;Choque com Veículo Estacionado;1;0;1;0;0;0;0;0;;;2;0;0;0;0
21/11/2017;15:51:00;333;Acidente sem vítima;449,9;BR-101/ES;Sul;Choque com Objeto Fixo;1;0;0;0;0;0;0;0;;;4;0;0;0;0
21/11/2017;16:55:00;360;Acidente com vítima;384;BR-101/ES;Norte;Saída de Pista;0;0;0;0;0;0;0;2;;;0;1;0;0;0
21/11/2017;17:43:00;377;Acidente sem vítima;264;BR-101/ES;Sul;Colisão Traseira;1;0;1;0;0;0;0;0;;;3;0;0;0;0
21/11/2017;17:52:00;381;Acidente sem vítima;262;BR-101/ES;Sul;Colisão Traseira;2;0;0;0;0;0;0;0;;;2;0;0;0;0
21/11/2017;19:41:00;415;Acidente sem vítima;5;BR-101/ES;Sul;Veículo em Chamas;1;0;0;0;0;0;0;0;;;2;0;0;0;0
22/11/2017;02:36:00;39;Acidente sem vítima;301;BR-101/ES;Norte;Queda de Moto;0;0;0;1;0;0;0;0;;;1;0;0;0;0
22/11/2017;04:12:00;51;Acidente sem vítima;81;BR-101/ES;Sul;Saída de Pista;0;0;1;0;0;0;0;0;;;1;0;0;0;0
22/11/2017;06:58:00;79;Acidente sem vítima;270;BR-101/ES;Norte;Colisão Lateral;1;0;0;1;0;0;0;0;;;3;0;0;0;0
22/11/2017;07:56:00;100;Acidente com vítima;147,6;BR-101/ES;Sul;Colisão Traseira;0;0;0;0;2;0;0;0;;;3;11;0;0;0
22/11/2017;08:33:00;111;Acidente sem vítima;298;BR-101/ES;Sul;Colisão Traseira;1;0;1;0;0;0;0;0;;;2;0;0;0;0
22/11/2017;09:13:00;124;Acidente sem vítima;270;BR-101/ES;Sul;Engavetamento;3;0;0;0;0;0;0;0;;;3;0;0;0;0
22/11/2017;10:25:00;185;Acidente sem vítima;272;BR-101/ES;Sul;Choque com Objeto Fixo;1;0;0;0;0;0;0;0;;;1;0;0;0;0
22/11/2017;11:36:00;218;Acidente sem vítima;262;BR-101/ES;Norte;Colisão Traseira;2;0;0;0;0;0;0;0;;;3;0;0;0;0
22/11/2017;11:39:00;220;Acidente sem vítima;270;BR-101/ES;Sul;Colisão Traseira;1;0;0;0;0;0;0;2;;;2;0;0;0;0
22/11/2017;14:48:00;308;Acidente sem vítima;265,7;BR-101/ES;Sul;Colisão Traseira;2;0;0;0;0;0;0;0;;;2;0;0;0;0
22/11/2017;22:50:00;446;Acidente sem vítima;436;BR-101/ES;Norte;Tombamento;0;0;1;0;0;0;0;0;;;1;0;0;0;0
23/11/2017;05:01:00;52;Acidente com vítima;338;BR-101/ES;Norte;Saída de Pista;1;0;0;0;0;0;0;0;;;0;0;1;0;0
23/11/2017;05:22:00;55;Acidente sem vítima;436;BR-101/ES;Sul;Saída de Pista;0;0;1;0;0;0;0;0;;;1;0;0;0;0
23/11/2017;07:42:00;81;Acidente sem vítima;321;BR-101/ES;Sul;Colisão Traseira;1;0;1;0;0;0;0;0;;;4;0;0;0;0
23/11/2017;08:30:00;99;Acidente sem vítima;68;BR-101/ES;Norte;Colisão Traseira;1;0;1;0;0;0;0;0;;;2;0;0;0;0
23/11/2017;08:30:00;100;Acidente com vítima;264;BR-101/ES;Norte;Queda de Moto;0;0;0;1;0;0;0;0;;;0;0;1;0;0
23/11/2017;11:21:00;151;Acidente com vítima;295;BR-101/ES;Norte;Queda de Moto;0;0;0;1;0;0;0;0;;;0;0;1;0;0
23/11/2017;12:27:00;181;Acidente com vítima;270;BR-101/ES;Norte;Colisão Lateral;0;0;1;1;0;0;0;0;;;2;0;1;0;0
23/11/2017;15:01:00;250;Acidente com vítima;448;BR-101/ES;Sul;Choque com Objeto Fixo;1;0;0;0;0;0;0;0;;;1;1;0;0;0
23/11/2017;19:22:00;321;Acidente sem vítima;377,5;BR-101/ES;Norte;Colisão Lateral;1;0;1;0;0;0;0;0;;;2;0;0;0;0
24/11/2017;05:35:00;67;Acidente sem vítima;406;BR-101/ES;Norte;Choque com Veículo Estacionado;1;0;1;0;0;0;0;0;;;2;0;0;0;0
24/11/2017;06:45:00;80;Acidente sem vítima;293;BR-101/ES;Sul;Colisão Traseira;1;0;0;0;0;0;0;2;;;3;0;0;0;0
24/11/2017;12:39:00;277;Acidente sem vítima;417;BR-101/ES;Norte;Saída de Pista;1;0;0;0;0;0;0;0;;;1;0;0;0;0
24/11/2017;15:41:00;337;Acidente com vítima;296;BR-101/ES;Sul;Choque com Objeto Fixo;0;0;0;1;0;0;0;0;;;0;0;1;0;0
24/11/2017;19:50:00;420;Atropelamento sem morte;368;BR-101/ES;Norte;Atropelamento e Fuga;0;0;0;1;0;0;0;0;;;0;0;1;0;0
24/11/2017;20:03:00;423;Acidente com vítima;415;BR-101/ES;Sul;Queda de Moto;0;0;0;1;0;0;0;0;;;0;0;1;0;0
24/11/2017;20:47:00;434;Acidente sem vítima;377,2;BR-101/ES;Sul;Choque com Objeto Fixo;1;0;0;0;0;0;0;0;;;1;0;0;0;0
24/11/2017;22:19:00;454;Acidente com vítima;153;BR-101/ES;Norte;Colisão Traseira;2;0;0;0;0;0;0;3;;;2;0;2;1;0
24/11/2017;23:59:00;484;Acidente sem vítima;153;BR-101/ES;Sul;Colisão Traseira;1;0;1;0;0;0;0;0;;;3;0;0;0;0
25/11/2017;02:03:00;35;Acidente com vítima;286;BR-101/ES;Norte;Queda de Moto;0;0;0;1;0;0;0;0;;;0;1;0;0;0
25/11/2017;02:26:00;44;Acidente com vítima;84,5;BR-101/ES;Norte;Queda de Moto;0;0;0;1;0;0;0;0;;;0;1;0;0;0
25/11/2017;04:14:00;57;Acidente sem vítima;231;BR-101/ES;Norte;Saída de Pista;1;0;0;0;0;0;0;0;;;2;0;0;0;0
25/11/2017;05:17:00;77;Acidente sem vítima;148;BR-101/ES;Norte;Colisão Transversal;2;0;0;0;0;0;0;0;;;2;0;0;0;0
25/11/2017;05:24:00;78;Acidente com vítima;67;BR-101/ES;Sul;Colisão Traseira;0;0;1;0;1;0;0;0;;;2;1;1;0;0
25/11/2017;06:11:00;83;Acidente com vítima;335;BR-101/ES;Norte;Tombamento;0;0;0;0;0;0;0;2;;;1;1;0;0;0
25/11/2017;11:46:00;212;Acidente sem vítima;268;BR-101/ES;Sul;Colisão Traseira;1;0;0;0;0;0;0;2;;;2;0;0;0;0
25/11/2017;13:45:00;256;Acidente sem vítima;147;BR-101/ES;Sul;Colisão Lateral;2;0;0;0;0;0;0;0;;;10;0;0;0;0
25/11/2017;14:51:00;273;Acidente com vítima;290;BR-101/ES;Norte;Queda de Moto;0;0;0;1;0;0;0;0;;;0;0;1;0;0
25/11/2017;15:19:00;279;Acidente sem vítima;264;BR-101/ES;Sul;Colisão Traseira;2;0;0;0;0;0;0;0;;;2;0;0;0;0
25/11/2017;20:37:00;365;Acidente com vítima;175;BR-101/ES;Sul;Colisão;1;1;0;0;0;0;0;0;;;1;0;1;0;0
26/11/2017;09:57:00;127;Acidente com vítima;63,8;BR-101/ES;Norte;Saída de Pista;1;0;0;0;0;0;0;0;;;0;0;1;0;0
26/11/2017;15:55:00;238;Acidente sem vítima;348;BR-101/ES;Sul;Colisão Traseira;2;0;0;0;0;0;0;0;;;4;0;0;0;0
26/11/2017;17:37:00;271;Acidente com vítima;291,9;BR-101/ES;Norte;Queda de Moto;0;0;0;1;0;0;0;0;;;0;1;1;0;0
26/11/2017;18:09:00;282;Acidente sem vítima;403;BR-101/ES;Sul;Colisão Transversal;2;0;0;0;0;0;0;0;;;7;0;0;0;0
26/11/2017;20:07:00;304;Acidente sem vítima;263;BR-101/ES;Norte;Colisão Transversal;3;0;0;0;0;0;0;0;;;7;0;0;0;0
26/11/2017;21:08:00;317;Acidente com vítima;296;BR-101/ES;Sul;Choque com Objeto Fixo;1;0;0;0;0;0;0;0;;;0;1;0;0;0
26/11/2017;22:48:00;339;Acidente com vítima;292;BR-101/ES;Sul;Colisão Lateral;2;0;0;0;0;0;0;0;;;1;0;0;1;0
26/11/2017;23:19:00;349;Acidente com vítima;255;BR-101/ES;Norte;Colisão Frontal;0;0;0;2;0;0;0;0;;;0;0;2;1;0
27/11/2017;08:00:00;102;Acidente com vítima;255,5;BR-101/ES;Norte;Colisão Traseira;2;0;0;0;0;0;0;0;;;3;1;0;0;0
27/11/2017;08:29:00;112;Acidente com vítima;147;BR-101/ES;Sul;Colisão Traseira;1;0;0;1;0;0;0;0;;;1;1;0;0;0
27/11/2017;08:45:00;122;Acidente sem vítima;231;BR-101/ES;Norte;Colisão Traseira;2;0;0;0;0;0;0;0;;;4;0;0;0;0
27/11/2017;11:34:00;226;Acidente com vítima;156;BR-101/ES;Norte;Queda de Moto;0;0;0;1;0;0;0;0;;;0;1;0;0;0
27/11/2017;11:43:00;231;Acidente com vítima;141;BR-101/ES;Norte;Queda de Moto;0;0;0;1;0;0;0;0;;;0;0;1;0;0
27/11/2017;15:35:00;314;Atropelamento sem morte;293;BR-101/ES;Norte;Atropelamento;0;1;0;0;0;0;0;2;;;1;0;1;0;0
27/11/2017;17:17:00;347;Acidente sem vítima;144,9;BR-101/ES;Norte;Colisão Traseira;2;0;0;0;0;0;0;0;;;2;0;0;0;0
27/11/2017;17:40:00;356;Acidente sem vítima;262;BR-101/ES;Sul;Colisão Lateral;0;0;1;1;0;1;0;0;;;4;0;0;0;0
27/11/2017;19:39:00;383;Acidente com vítima;269;BR-101/ES;Norte;Queda de Moto;0;0;0;1;0;0;0;0;;;0;0;1;0;0
28/11/2017;00:57:00;18;Acidente com vítima;423;BR-101/ES;Norte;Saída de Pista;1;0;0;0;0;0;0;0;;;0;1;0;0;0
28/11/2017;07:18:00;96;Acidente com vítima;130;BR-101/ES;Norte;Colisão Lateral;1;0;1;0;0;0;0;0;;;2;1;0;0;0
28/11/2017;07:33:00;107;Acidente sem vítima;335;BR-101/ES;Sul;Colisão Traseira;2;0;0;0;0;0;0;0;;;2;0;0;0;0
28/11/2017;09:41:00;159;Acidente sem vítima;66,3;BR-101/ES;Norte;Colisão Lateral;1;0;1;0;0;0;0;1;;;2;0;0;0;0
28/11/2017;13:08:00;262;Acidente sem vítima;70,5;BR-101/ES;Norte;Colisão Transversal;1;0;1;0;0;0;0;0;;;2;0;0;0;0
28/11/2017;14:32:00;293;Acidente com vítima;344;BR-101/ES;Sul;Choque com Objeto Fixo;1;0;0;0;0;0;0;0;;;0;1;0;0;0
28/11/2017;15:43:00;312;Acidente sem vítima;393;BR-101/ES;Sul;Colisão Lateral;0;0;2;0;0;0;0;0;;;2;0;0;0;0
28/11/2017;15:51:00;319;Acidente com vítima;457;BR-101/ES;Norte;Capotamento;1;0;0;0;0;0;0;0;;;1;0;1;0;0
28/11/2017;17:42:00;353;Acidente sem vítima;320;BR-101/ES;Norte;Queda de Moto;0;0;0;1;0;0;0;0;;;2;0;0;0;0
28/11/2017;21:00:00;410;Acidente sem vítima;258;BR-101/ES;Norte;Saída de Pista;1;0;0;0;0;0;0;0;;;1;0;0;0;0
29/11/2017;05:17:00;76;Acidente sem vítima;325;BR-101/ES;Sul;Atropelamento de Equino;0;0;1;0;0;0;0;0;;;1;0;0;0;0
29/11/2017;07:34:00;106;Acidente sem vítima;353;BR-101/ES;Sul;Colisão Traseira;2;0;0;0;0;0;0;0;;;2;0;0;0;0
29/11/2017;09:15:00;147;Acidente sem vítima;147;BR-101/ES;Sul;Colisão Traseira;1;0;0;0;1;0;0;0;;;2;0;0;0;0
29/11/2017;09:24:00;148;Acidente sem vítima;110;BR-101/ES;Norte;Colisão Traseira;3;0;0;0;0;0;0;0;;;7;0;0;0;0
29/11/2017;09:27:00;151;Acidente sem vítima;293,5;BR-101/ES;Sul;Colisão Traseira;2;0;0;0;0;0;0;0;;;3;0;0;0;0
29/11/2017;11:13:00;220;Acidente sem vítima;157,5;BR-101/ES;Norte;Colisão Traseira;2;0;0;0;0;0;0;0;;;2;0;0;0;0
29/11/2017;15:27:00;320;Acidente com vítima;147;BR-101/ES;Norte;Colisão Traseira;0;0;0;0;1;0;0;2;;;2;1;0;0;0
29/11/2017;19:56:00;399;Acidente sem vítima;225;BR-101/ES;Sul;Saída de Pista;1;0;0;0;0;0;0;0;;;1;0;0;0;0
30/11/2017;07:09:00;89;Acidente sem vítima;321;BR-101/ES;Norte;Colisão Lateral;0;0;1;0;0;0;0;1;;;3;0;0;0;0
30/11/2017;07:16:00;92;Acidente sem vítima;262;BR-101/ES;Norte;Colisão Traseira;1;0;0;0;1;0;0;0;;;3;0;0;0;0
30/11/2017;11:05:00;217;Acidente sem vítima;304;BR-101/ES;Sul;Colisão Lateral;1;0;1;0;0;0;0;0;;;3;0;0;0;0
30/11/2017;23:06:00;436;Acidente sem vítima;256;BR-101/ES;Norte;Atropelamento de Equino;1;0;0;0;0;0;0;0;;;1;0;0;0;0
01/12/2017;00:05:00;3;Acidente com vítima;187,791;BR-101/ES;Norte;Saída de Pista;1;0;0;0;0;0;0;0;;;0;1;1;0;0
01/12/2017;07:14:00;74;Acidente sem vítima;273;BR-101/ES;Norte;Saída de Pista;1;0;0;0;0;0;0;0;;;1;0;0;0;0
01/12/2017;08:23:00;98;Acidente sem vítima;271;BR-101/ES;Norte;Choque com Objeto Fixo;1;0;0;0;0;0;0;0;;;1;0;0;0;0
01/12/2017;10:29:00;146;Acidente com vítima;416;BR-101/ES;Sul;Saída de Pista;1;0;0;0;0;0;0;0;;;0;1;0;0;0
01/12/2017;11:48:00;178;Acidente sem vítima;284;BR-101/ES;Norte;Saída de Pista;1;0;0;0;0;0;0;0;;;1;0;0;0;0
01/12/2017;11:49:00;180;Acidente com vítima;146;BR-101/ES;Norte;Colisão Lateral;2;0;0;0;0;0;0;0;;;2;2;0;0;0
01/12/2017;12:11:00;187;Acidente sem vítima;258;BR-101/ES;Norte;Colisão Lateral;1;0;0;0;1;0;0;0;;;3;0;0;0;0
01/12/2017;12:46:00;210;Acidente com vítima;271;BR-101/ES;Sul;Colisão Traseira;1;0;1;0;0;0;0;0;;;2;0;1;0;0
01/12/2017;13:47:00;235;Acidente sem vítima;293;BR-101/ES;Norte;Colisão Traseira;1;0;1;0;0;0;0;0;;;2;0;0;0;0
01/12/2017;15:00:00;267;Acidente sem vítima;454;BR-101/ES;Norte;Saída de Pista;0;0;1;0;0;0;0;0;;;1;0;0;0;0
01/12/2017;15:12:00;271;Acidente sem vítima;345,2;BR-101/ES;Sul;Tombamento;0;0;0;0;0;0;0;2;;;1;0;0;0;0
01/12/2017;16:37:00;302;Acidente sem vítima;278;BR-101/ES;Sul;Saída de Pista;1;0;0;0;0;0;0;0;;;1;0;0;0;0
01/12/2017;17:08:00;312;Acidente com vítima;283;BR-101/ES;Norte;Saída de Pista;1;0;0;0;0;0;0;0;;;0;0;1;0;0
01/12/2017;17:29:00;318;Acidente sem vítima;341,5;BR-101/ES;Norte;Colisão Traseira;2;0;0;0;0;0;0;0;;;2;0;0;0;0
01/12/2017;17:33:00;325;Acidente com vítima;174;BR-101/ES;Sul;Queda de ciclista;0;1;0;0;0;0;0;0;;;0;0;1;0;0
01/12/2017;17:53:00;330;Acidente com vítima;272;BR-101/ES;Norte;Queda de Moto;0;0;0;1;0;0;0;0;;;0;0;1;0;0
01/12/2017;18:12:00;336;Acidente sem vítima;284;BR-101/ES;Norte;Choque com Objeto Fixo;0;0;1;0;0;0;0;0;;;1;0;0;0;0
01/12/2017;18:24:00;339;Acidente sem vítima;272;BR-101/ES;Norte;Saída de Pista;1;0;0;0;0;0;0;0;;;1;0;0;0;0
01/12/2017;20:49:00;374;Acidente sem vítima;204;BR-101/ES;Norte;Capotamento;1;0;0;0;0;0;0;0;;;1;0;0;0;0
01/12/2017;20:57:00;376;Acidente sem vítima;284;BR-101/ES;Norte;Saída de Pista;1;0;0;0;0;0;0;0;;;1;0;0;0;0
01/12/2017;21:14:00;379;Acidente sem vítima;295;BR-101/ES;Norte;Capotamento;1;0;0;0;0;0;0;0;;;1;0;0;0;0
01/12/2017;23:22:00;417;Acidente sem vítima;274;BR-101/ES;Norte;Saída de Pista;1;0;0;0;0;0;0;0;;;1;0;0;0;0
02/12/2017;06:32:00;81;Acidente com vítima;129;BR-101/ES;Norte;Queda de Moto;0;0;0;1;0;0;0;0;;;0;0;1;0;0
02/12/2017;06:51:00;85;Acidente com vítima;262;BR-101/ES;Norte;Saída de Pista;1;0;0;0;0;0;0;0;;;1;0;1;0;0
02/12/2017;07:32:00;94;Acidente com vítima;63,5;BR-101/ES;Norte;Saída de Pista;1;0;0;0;0;0;0;0;;;0;3;0;0;0
02/12/2017;08:07:00;104;Acidente com vítima;373;BR-101/ES;Sul;Queda de Moto;0;0;0;1;0;0;0;0;;;0;1;0;0;0
02/12/2017;08:10:00;105;Acidente com vítima;145;BR-101/ES;Sul;Colisão Traseira;2;0;0;0;0;0;0;0;;;1;1;0;0;0
02/12/2017;10:42:00;159;Acidente sem vítima;258;BR-101/ES;Sul;Choque com Objeto Fixo;1;0;0;0;0;0;0;0;;;1;0;0;0;0
02/12/2017;14:45:00;257;Acidente com vítima;250;BR-101/ES;Norte;Saída de Pista;1;0;0;0;0;0;0;0;;;0;1;0;0;0
02/12/2017;19:22:00;314;Acidente sem vítima;287;BR-101/ES;Norte;Colisão Lateral;2;0;0;0;0;0;0;0;;;2;0;0;0;0
02/12/2017;20:11:00;329;Acidente sem vítima;287;BR-101/ES;Sul;Choque com Objeto Fixo;1;0;0;0;0;0;0;0;;;1;0;0;0;0
02/12/2017;22:30:00;356;Acidente com vítima;8,1;BR-101/ES;Sul;Tombamento;0;0;1;0;0;0;0;0;;;0;2;0;0;0
03/12/2017;03:53:00;56;Acidente sem vítima;31;BR-101/ES;Sul;Saída de Pista;1;0;0;0;0;0;0;0;;;1;0;0;0;0
03/12/2017;04:57:00;70;Acidente sem vítima;4;BR-101/ES;Sul;Saída de Pista;1;0;0;0;0;0;0;0;;;4;0;0;0;0