data;horario;n_da_ocorrencia;tipo_de_ocorrencia;km;trecho;sentido;tipo_de_acidente;automovel;bicicleta;caminhao;moto;onibus;outros;tracao_animal;transporte_de_cargas_especiais;trator_maquinas;utilitarios;ilesos;levemente_feridos;moderadamente_feridos;gravemente_feridos;mortos
21/12/2017;22:06:00;434;Acidente com vítima;259,5;BR-101/ES;Norte;Colisão Traseira;0;0;1;1;0;0;0;0;;;1;0;1;0;0
22/12/2017;04:00:00;66;Atropelamento sem morte;269;BR-101/ES;Sul;Atropelamento e Fuga;1;0;0;0;0;0;0;0;;;0;0;1;0;0
22/12/2017;06:06:00;98;Acidente sem vítima;8;BR-101/ES;Norte;Saída de Pista;1;0;0;0;0;0;0;0;;;2;0;0;0;0
22/12/2017;07:13:00;110;Acidente sem vítima;335,7;BR-101/ES;Sul;Colisão Lateral;1;0;0;0;0;0;0;2;;;5;0;0;0;0
22/12/2017;07:48:00;117;Acidente sem vítima;269;BR-101/ES;Norte;Colisão Lateral;1;0;0;0;0;0;0;2;;;5;0;0;0;0
22/12/2017;09:15:00;157;Acidente sem vítima;398,9;BR-101/ES;Norte;Colisão Traseira;1;0;0;0;0;0;0;2;;;2;0;0;0;0
22/12/2017;09:36:00;179;Acidente sem vítima;270;BR-101/ES;Sul;Colisão Traseira;1;0;0;1;0;0;0;0;;;2;0;0;0;0
22/12/2017;09:46:00;189;Acidente sem vítima;256;BR-101/ES;Norte;Choque;1;0;0;0;0;0;0;0;;;1;0;0;0;0
22/12/2017;11:32:00;241;Acidente sem vítima;266;BR-101/ES;Sul;Engavetamento;3;0;0;0;0;0;0;0;;;3;0;0;0;0
22/12/2017;12:17:00;260;Acidente com vítima;181;BR-101/ES;Sul;Colisão Traseira;1;0;1;0;0;0;0;0;;;1;3;1;0;0
22/12/2017;15:28:00;345;Acidente sem vítima;263;BR-101/ES;Norte;Colisão Traseira;2;0;0;0;0;0;0;0;;;2;0;0;0;0
22/12/2017;15:59:00;354;Acidente sem vítima;293;BR-101/ES;Norte;Colisão Traseira;0;0;2;0;0;0;0;0;;;2;0;0;0;0
22/12/2017;16:08:00;361;Acidente sem vítima;210;BR-101/ES;Norte;Colisão Lateral;2;0;1;0;0;0;0;0;;;6;0;0;0;0
22/12/2017;17:15:00;390;Acidente sem vítima;269;BR-101/ES;Norte;Colisão Traseira;1;0;1;0;0;0;0;2;;;5;0;0;0;0
22/12/2017;17:42:00;401;Acidente com vítima;84;BR-101/ES;Norte;Saída de Pista;0;0;0;1;0;0;0;0;;;0;1;0;0;0
22/12/2017;18:13:00;415;Acidente com vítima;319;BR-101/ES;Sul;Queda de Moto;0;0;0;1;0;0;0;0;;;0;1;0;0;0
22/12/2017;21:00:00;466;Acidente com vítima;91,5;BR-101/ES;Norte;Queda de Moto;0;0;0;1;0;0;0;0;;;0;1;0;1;0
22/12/2017;21:13:00;473;Acidente com vítima;256;BR-101/ES;Norte;Colisão Frontal;1;0;0;1;0;0;0;0;;;4;0;1;0;0
22/12/2017;22:17:00;495;Acidente sem vítima;265;BR-101/ES;Norte;Engavetamento;3;0;0;0;0;0;0;0;;;5;0;0;0;0
23/12/2017;01:38:00;36;Acidente com vítima;267;BR-101/ES;Sul;Colisão Transversal;1;0;0;1;0;0;0;0;;;1;0;1;0;0
23/12/2017;05:19:00;88;Acidente sem vítima;326,9;BR-101/ES;Norte;Tombamento;0;0;1;0;0;0;0;0;;;1;0;0;0;0
23/12/2017;05:23:00;94;Acidente sem vítima;180;BR-101/ES;Norte;Colisão Traseira;2;0;0;0;0;0;0;0;;;6;0;0;0;0
23/12/2017;08:32:00;149;Acidente sem vítima;232;BR-101/ES;Sul;Colisão Lateral;1;0;0;0;1;0;0;0;;;2;0;0;0;0
23/12/2017;08:35:00;150;Acidente sem vítima;70;BR-101/ES;Norte;Engavetamento;3;0;0;0;0;0;0;0;;;7;0;0;0;0
23/12/2017;08:35:00;151;Acidente com vítima;4;BR-101/ES;Sul;Saída de Pista;1;0;0;0;0;0;0;0;;;1;0;1;0;0
23/12/2017;08:46:00;154;Acidente com vítima;255;BR-101/ES;Sul;Colisão Transversal;1;0;0;1;0;0;0;0;;;4;0;1;0;0
23/12/2017;10:43:00;196;Acidente sem vítima;234;BR-101/ES;Norte;Engavetamento;3;0;0;0;0;0;0;0;;;3;0;0;0;0
23/12/2017;10:51:00;198;Acidente sem vítima;39;BR-101/ES;Sul;Colisão Traseira;2;0;0;0;0;0;0;0;;;2;0;0;0;0
23/12/2017;10:55:00;200;Acidente sem vítima;149;BR-101/ES;Sul;Engavetamento;3;0;0;0;0;0;0;0;;;4;0;0;0;0
23/12/2017;11:18:00;213;Acidente sem vítima;247;BR-101/ES;Norte;Colisão Traseira;2;0;0;0;0;0;0;0;;;4;0;0;0;0
23/12/2017;11:51:00;228;Acidente com vítima;266;BR-101/ES;Norte;Colisão Transversal;1;0;0;1;0;0;0;0;;;1;1;1;0;0
23/12/2017;12:23:00;242;Acidente com vítima;247;BR-101/ES;Sul;Colisão Traseira;2;0;0;0;0;0;0;0;;;5;0;1;0;0
23/12/2017;12:41:00;248;Acidente sem vítima;263;BR-101/ES;Sul;Queda de Moto;0;0;0;1;0;0;0;0;;;1;0;0;0;0
23/12/2017;13:14:00;259;Acidente sem vítima;247;BR-101/ES;Sul;Engavetamento;3;0;0;0;0;0;0;0;;;3;0;0;0;0
23/12/2017;13:28:00;267;Acidente com vítima;301;BR-101/ES;Sul;Colisão Traseira;2;0;0;0;0;0;0;2;;;2;1;0;0;0
23/12/2017;13:49:00;278;Acidente com vítima;67;BR-101/ES;Sul;Colisão Lateral;1;0;0;1;0;0;0;0;;;1;0;1;0;0
23/12/2017;14:08:00;287;Acidente sem vítima;85;BR-101/ES;Norte;Engavetamento;3;0;0;0;0;0;0;0;;;6;0;0;0;0
23/12/2017;14:50:00;310;Acidente sem vítima;30;BR-101/ES;Sul;Saída de Pista;1;0;0;0;0;0;0;0;;;1;0;0;0;0
23/12/2017;15:09:00;319;Acidente com vítima;212;BR-101/ES;Sul;Queda de Moto;0;0;0;1;0;0;0;0;;;0;2;0;0;0
23/12/2017;15:16:00;322;Acidente com vítima;206;BR-101/ES;Sul;Colisão Traseira;1;0;0;1;0;0;0;0;;;2;0;1;0;0
23/12/2017;17:48:00;389;Acidente com vítima;346;BR-101/ES;Norte;Colisão Traseira;2;0;0;0;0;0;0;0;;;8;2;0;0;0
24/12/2017;05:27:00;73;Acidente com vítima;251;BR-101/ES;Norte;Colisão Lateral;1;0;0;1;0;0;0;0;;;3;0;1;0;0
24/12/2017;12:32:00;167;Acidente sem vítima;85;BR-101/ES;Sul;Colisão Lateral;2;0;0;0;0;0;0;0;;;10;0;0;0;0
24/12/2017;13:19:00;190;Acidente sem vítima;276;BR-101/ES;Norte;Veículo em Chamas;1;0;0;0;0;0;0;0;;;1;0;0;0;0
24/12/2017;14:09:00;208;Acidente com vítima;176;BR-101/ES;Sul;Colisão Traseira;2;0;0;0;0;0;0;0;;;8;1;2;0;0
24/12/2017;15:02:00;220;Acidente com vítima;144;BR-101/ES;Sul;Queda de Moto;0;0;0;1;0;0;0;0;;;0;0;0;1;0
24/12/2017;16:11:00;236;Acidente com vítima;104;BR-101/ES;Sul;Saída de Pista;1;0;0;0;0;0;0;0;;;1;1;0;0;0
24/12/2017;16:38:00;241;Acidente com vítima;269;BR-101/ES;Norte;Colisão Traseira;1;0;0;1;0;0;0;0;;;3;0;1;0;0
24/12/2017;19:34:00;292;Acidente com vítima;213;BR-101/ES;Norte;Queda de Moto;0;0;0;1;0;0;0;0;;;0;0;1;0;0
24/12/2017;20:20:00;303;Acidente sem vítima;85;BR-101/ES;Sul;Colisão Traseira;2;0;0;0;0;0;0;0;;;4;0;0;0;0
25/12/2017;00:20:00;2;Acidente sem vítima;125;BR-101/ES;Norte;Colisão Transversal;2;0;0;0;0;0;0;0;;;3;0;0;0;0
25/12/2017;10:32:00;127;Acidente sem vítima;245;BR-101/ES;Sul;Capotamento;1;0;0;0;0;0;0;0;;;2;0;0;0;0
25/12/2017;11:06:00;144;Acidente sem vítima;29;BR-101/ES;Norte;Saída de Pista;1;0;0;0;0;0;0;0;;;2;0;0;0;0
25/12/2017;16:09:00;260;Acidente com vítima;124,9;BR-101/ES;Norte;Colisão Traseira;1;0;0;1;0;0;0;0;;;0;0;2;0;0
25/12/2017;16:10:00;261;Acidente sem vítima;340,8;BR-101/ES;Norte;Engavetamento;4;0;0;0;0;0;0;0;;;12;0;0;0;0
25/12/2017;16:29:00;270;Acidente sem vítima;67;BR-101/ES;Norte;Colisão Lateral;2;0;0;0;0;0;0;0;;;4;0;0;0;0
25/12/2017;17:28:00;298;Acidente sem vítima;171;BR-101/ES;Norte;Engavetamento;4;0;0;0;0;0;0;0;;;9;0;0;0;0
25/12/2017;17:49:00;307;Acidente sem vítima;224;BR-101/ES;Sul;Colisão Traseira;2;0;0;0;0;0;0;0;;;2;0;0;0;0
25/12/2017;18:09:00;314;Acidente com vítima;183;BR-101/ES;Sul;Queda de Moto;0;0;0;1;0;0;0;0;;;0;0;1;0;0
25/12/2017;18:12:00;315;Acidente com vítima;293;BR-101/ES;Norte;Queda de Moto;0;0;0;1;0;0;0;0;;;0;0;1;0;0
25/12/2017;18:18:00;317;Acidente com vítima;130;BR-101/ES;Norte;Queda de Moto;0;0;0;1;0;0;0;0;;;0;1;0;0;0
25/12/2017;20:11:00;356;Acidente com vítima;96;BR-101/ES;Sul;Queda de Moto;0;0;0;1;0;0;0;0;;;0;1;1;0;0
25/12/2017;20:43:00;365;Acidente com vítima;396;BR-101/ES;Norte;Atropelamento Animal;0;0;0;1;0;0;0;0;;;0;2;0;0;0
25/12/2017;21:51:00;385;Acidente com morte;437;BR-101/ES;Sul;Colisão Frontal;1;0;1;0;0;0;0;0;;;1;0;0;0;1
26/12/2017;00:20:00;4;Acidente com vítima;237;BR-101/ES;Norte;Queda de Moto;1;0;0;0;0;0;0;0;;;0;0;1;0;0
26/12/2017;01:51:00;34;Acidente sem vítima;189;BR-101/ES;Sul;Atropelamento Animal;1;0;0;0;0;0;0;0;;;1;0;0;0;0
26/12/2017;05:40:00;78;Acidente sem vítima;271;BR-101/ES;Norte;Colisão Lateral;1;0;0;0;0;0;0;2;;;2;0;0;0;0
26/12/2017;06:47:00;90;Acidente sem vítima;203;BR-101/ES;Norte;Colisão Traseira;1;0;0;1;0;0;0;0;;;5;0;0;0;0
26/12/2017;08:30:00;134;Acidente sem vítima;266;BR-101/ES;Norte;Colisão Transversal;1;0;0;0;0;0;0;1;;;2;0;0;0;0
26/12/2017;10:10:00;166;Acidente sem vítima;203;BR-101/ES;Norte;Colisão Lateral;2;0;0;0;0;0;0;0;;;3;0;0;0;0
26/12/2017;12:26:00;246;Acidente com vítima;212;BR-101/ES;Norte;Colisão Traseira;1;0;0;1;0;0;0;0;;;4;0;1;0;0
26/12/2017;14:08:00;296;Acidente sem vítima;269;BR-101/ES;Sul;Colisão Transversal;1;0;0;1;0;0;0;0;;;2;0;0;0;0
26/12/2017;14:35:00;303;Acidente sem vítima;242;BR-101/ES;Norte;Colisão Traseira;2;0;0;0;0;0;0;0;;;3;0;0;0;0
26/12/2017;15:55:00;347;Acidente com vítima;259;BR-101/ES;Sul;Colisão Frontal;2;0;0;0;0;1;0;0;;;5;1;0;0;0
26/12/2017;18:33:00;397;Acidente com vítima;147;BR-101/ES;Norte;Colisão Transversal;1;0;0;1;0;0;0;0;;;2;0;1;0;0
26/12/2017;18:40:00;402;Acidente com vítima;262;BR-101/ES;Norte;Queda de Moto;0;0;0;1;0;0;0;0;;;0;1;0;0;0
26/12/2017;19:46:00;421;Acidente sem vítima;254,5;BR-101/ES;Norte;Saída de Pista;1;0;0;0;0;0;0;0;;;2;0;0;0;0
26/12/2017;20:12:00;427;Acidente sem vítima;254,2;BR-101/ES;Sul;Colisão Traseira;1;0;0;1;0;0;0;0;;;3;0;0;0;0
27/12/2017;00:53:00;15;Acidente sem vítima;257;BR-101/ES;Sul;Colisão Transversal;2;0;0;0;0;0;0;0;;;2;0;0;0;0
27/12/2017;01:06:00;20;Acidente com vítima;260;BR-101/ES;Sul;Colisão Traseira;0;0;0;2;0;0;0;0;;;0;0;2;0;0
27/12/2017;05:37:00;69;Acidente sem vítima;268,5;BR-101/ES;Sul;Colisão Traseira;2;0;0;0;0;0;0;0;;;2;0;0;0;0
27/12/2017;06:58:00;80;Atropelamento sem morte;146;BR-101/ES;Sul;Atropelamento;1;0;0;0;0;0;0;0;;;1;1;0;0;0
27/12/2017;07:19:00;84;Acidente sem vítima;298;BR-101/ES;Norte;Engavetamento;4;0;0;0;0;0;0;0;;;7;0;0;0;0
27/12/2017;07:53:00;94;Acidente sem vítima;266;BR-101/ES;Sul;Colisão Lateral;2;0;0;0;0;0;0;0;;;3;0;0;0;0
27/12/2017;08:32:00;109;Acidente sem vítima;80;BR-101/ES;Norte;Colisão Lateral;0;0;1;0;0;0;0;1;;;3;0;0;0;0
27/12/2017;09:30:00;124;Acidente com vítima;239;BR-101/ES;Sul;Colisão Traseira;1;0;1;0;0;0;0;0;;;3;1;0;0;0
27/12/2017;10:00:00;131;Acidente com vítima;310;BR-101/ES;Norte;Colisão Traseira;1;0;1;0;0;0;0;0;;;3;1;0;0;0
27/12/2017;10:34:00;144;Acidente com vítima;389;BR-101/ES;Norte;Engavetamento;4;0;0;1;0;0;0;0;;;9;1;0;0;0
27/12/2017;10:54:00;150;Acidente com vítima;313;BR-101/ES;Norte;Colisão Frontal;1;0;1;0;0;0;0;0;;;0;0;5;0;0
27/12/2017;10:58:00;154;Acidente sem vítima;266;BR-101/ES;Norte;Colisão Traseira;2;0;0;0;0;0;0;0;;;8;0;0;0;0
27/12/2017;13:39:00;222;Acidente sem vítima;310;BR-101/ES;Sul;Saída de Pista;0;0;0;0;0;0;0;2;;;1;0;0;0;0
27/12/2017;15:22:00;258;Acidente com vítima;233;BR-101/ES;Sul;Engavetamento;2;0;1;0;0;0;0;0;;;7;1;1;0;0
27/12/2017;20:19:00;354;Acidente sem vítima;147;BR-101/ES;Sul;Colisão Transversal;2;0;0;0;0;0;0;0;;;2;0;0;0;0
27/12/2017;22:15:00;397;Acidente sem vítima;289,5;BR-101/ES;Sul;Choque com Objeto Fixo;1;0;0;0;0;0;0;0;;;1;0;0;0;0
28/12/2017;05:48:00;78;Acidente sem vítima;161;BR-101/ES;Sul;Atropelamento de Equino;0;0;0;0;1;0;0;0;;;1;0;0;0;0
28/12/2017;06:20:00;82;Acidente sem vítima;374;BR-101/ES;Sul;Choque com Objeto Fixo;1;0;0;0;0;0;0;0;;;3;0;0;0;0
28/12/2017;10:42:00;161;Acidente sem vítima;407;BR-101/ES;Norte;Colisão Traseira;2;0;0;0;0;0;0;0;;;7;0;0;0;0
28/12/2017;13:03:00;246;Acidente sem vítima;298,4;BR-101/ES;Sul;Choque com Objeto Fixo;1;0;1;0;0;0;0;0;;;4;0;0;0;0
28/12/2017;14:01:00;268;Acidente sem vítima;229,3;BR-101/ES;Sul;Colisão Lateral;1;0;0;0;0;0;0;3;;;2;0;0;0;0
28/12/2017;16:14:00;313;Acidente com vítima;273;BR-101/ES;Sul;Colisão Lateral;2;0;1;0;0;0;0;0;;;4;1;0;0;0
28/12/2017;16:43:00;324;Acidente com vítima;259;BR-101/ES;Sul;Colisão Traseira;2;0;0;0;0;0;0;0;;;6;1;0;0;0
28/12/2017;16:46:00;327;Acidente sem vítima;127;BR-101/ES;Norte;Colisão Lateral;1;0;1;0;0;0;0;0;;;2;0;0;0;0
29/12/2017;07:02:00;88;Acidente com vítima;290;BR-101/ES;Sul;Queda de Moto;0;0;0;1;0;0;0;0;;;0;0;1;0;0
29/12/2017;08:26:00;124;Acidente com vítima;275;BR-101/ES;Norte;Choque com Objeto Fixo;1;0;0;0;0;0;0;0;;;1;1;0;0;0
29/12/2017;11:37:00;245;Acidente com vítima;273;BR-101/ES;Sul;Queda de Moto;1;0;0;0;0;0;0;0;;;0;0;1;0;0
29/12/2017;11:44:00;258;Acidente sem vítima;227,8;BR-101/ES;Norte;Colisão Traseira;1;0;1;0;0;0;0;0;;;2;0;0;0;0
29/12/2017;13:21:00;308;Acidente sem vítima;103;BR-101/ES;Norte;Saída de Pista;1;0;0;0;0;0;0;1;;;1;0;0;0;0
29/12/2017;13:39:00;314;Acidente sem vítima;383;BR-101/ES;Sul;Colisão Traseira;2;0;0;0;0;0;0;0;;;2;0;0;0;0
29/12/2017;14:40:00;345;Acidente sem vítima;138;BR-101/ES;Sul;Colisão Traseira;2;0;0;0;0;0;0;0;;;2;0;0;0;0
29/12/2017;15:53:00;375;Acidente sem vítima;301,7;BR-101/ES;Norte;Colisão Traseira;1;0;1;0;0;0;0;2;;;7;0;0;0;0
29/12/2017;16:10:00;382;Acidente sem vítima;206;BR-101/ES;Norte;Colisão Transversal;2;0;0;0;0;0;0;0;;;3;0;0;0;0
29/12/2017;16:32:00;388;Acidente sem vítima;293;BR-101/ES;Norte;Colisão Traseira;2;0;0;0;0;0;0;0;;;4;0;0;0;0
29/12/2017;17:01:00;401;Acidente sem vítima;183;BR-101/ES;Sul;Colisão Traseira;1;0;0;0;0;0;0;2;;;2;0;0;0;0
29/12/2017;19:32:00;443;Acidente sem vítima;269;BR-101/ES;Sul;Colisão Lateral;1;0;0;0;1;0;0;0;;;3;0;0;0;0
29/12/2017;21:45:00;478;Acidente sem vítima;382;BR-101/ES;Sul;Colisão Traseira;2;0;0;0;0;0;0;0;;;6;0;0;0;0
29/12/2017;22:52:00;500;Acidente sem vítima;147;BR-101/ES;Norte;Colisão Traseira;2;0;0;0;0;0;0;0;;;2;0;0;0;0
29/12/2017;22:52:00;501;Acidente com vítima;292;BR-101/ES;Sul;Colisão Frontal;1;0;0;1;0;0;0;0;;;2;0;2;0;0
30/12/2017;03:39:00;55;Acidente sem vítima;358;BR-101/ES;Norte;Colisão Lateral;2;0;0;0;0;0;0;0;;;6;0;0;0;0
30/12/2017;05:27:00;75;Acidente com vítima;372;BR-101/ES;Norte;Queda de Moto;0;0;0;1;0;0;0;0;;;0;0;1;0;0
30/12/2017;07:19:00;96;Acidente sem vítima;105;BR-101/ES;Norte;Choque com Objeto Fixo;1;0;0;0;0;0;0;0;;;1;0;0;0;0
30/12/2017;07:49:00;110;Acidente sem vítima;231;BR-101/ES;Norte;Colisão Traseira;2;0;0;0;0;0;0;0;;;2;0;0;0;0
30/12/2017;10:24:00;160;Acidente sem vítima;331;BR-101/ES;Sul;Colisão Traseira;2;0;0;0;0;0;0;0;;;7;0;0;0;0
30/12/2017;12:27:00;214;Acidente com vítima;267;BR-101/ES;Sul;Colisão Traseira;2;0;0;0;0;0;0;0;;;3;0;1;0;0
30/12/2017;12:47:00;227;Acidente sem vítima;379;BR-101/ES;Norte;Engavetamento;3;0;0;0;0;0;0;0;;;12;0;0;0;0
30/12/2017;15:44:00;292;Acidente com morte;939;BR-101/BA;Sul;Colisão Transversal;2;0;0;0;0;0;0;0;;;1;0;5;0;1
30/12/2017;18:51:00;349;Acidente sem vítima;266;BR-101/ES;Sul;Colisão Traseira;2;0;0;0;0;0;0;0;;;4;0;0;0;0
30/12/2017;20:28:00;364;Acidente com vítima;66,2;BR-101/ES;Norte;Colisão Transversal;0;0;0;2;0;0;0;0;;;0;0;4;0;0
30/12/2017;20:34:00;365;Acidente com vítima;142;BR-101/ES;Norte;Colisão Transversal;0;1;0;1;0;0;0;0;;;0;2;0;0;0
30/12/2017;23:28:00;404;Acidente com vítima;144;BR-101/ES;Norte;Queda de Moto;0;0;0;1;0;0;0;0;;;0;1;1;0;0
31/12/2017;01:16:00;23;Acidente com vítima;235;BR-101/ES;Norte;Colisão Lateral;1;0;0;0;0;0;0;3;;;1;3;0;1;0
31/12/2017;08:57:00;101;Acidente sem vítima;289,3;BR-101/ES;Sul;Choque com Objeto Fixo;1;0;0;0;0;0;0;0;;;3;0;0;0;0
31/12/2017;17:48:00;275;Acidente com vítima;385;BR-101/ES;Sul;Queda de Moto;0;0;0;1;0;0;0;0;;;0;2;0;0;0
31/12/2017;18:29:00;281;Acidente sem vítima;456;BR-101/ES;Sul;Capotamento;1;0;0;0;0;0;0;0;;;1;0;0;0;0
31/12/2017;20:05:00;302;Acidente sem vítima;295;BR-101/ES;Sul;Colisão Lateral;1;0;0;0;0;0;0;2;;;2;0;0;0;0
31/12/2017;21:14:00;315;Atropelamento sem morte;267;BR-101/ES;Sul;Atropelamento;1;0;0;0;0;0;0;0;;;1;0;1;0;0
31/12/2017;21:57:00;322;Acidente sem vítima;272;BR-101/ES;Sul;Choque com Objeto Fixo;1;0;0;0;0;0;0;0;;;3;0;0;0;0
01/01/2018;00:18:00;3;Acidente sem vítima;265;BR-101/ES;Sul;Saída de Pista;1;0;0;0;0;0;0;0;;;1;0;0;0;0
01/01/2018;10:35:00;116;Acidente sem vítima;230;BR-101/ES;Norte;Colisão Traseira;2;0;0;0;0;0;0;0;;;3;0;0;0;0
01/01/2018;16:01:00;236;Acidente com vítima;428;BR-101/ES;Sul;Queda de Moto;0;0;0;1;0;0;0;0;;;0;2;0;0;0
01/01/2018;16:09:00;238;Acidente com vítima;204;BR-101/ES;Norte;Engavetamento;3;0;0;1;0;0;0;0;;;5;0;1;0;0
01/01/2018;16:26:00;250;Acidente com vítima;307;BR-101/ES;Sul;Saída de Pista;1;0;0;0;0;0;0;0;;;1;3;0;0;0
01/01/2018;17:55:00;284;Acidente sem vítima;284;BR-101/ES;Norte;Colisão Lateral;2;0;0;0;0;0;0;0;;;2;0;0;0;0
01/01/2018;20:08:00;322;Acidente sem vítima;205;BR-101/ES;Norte;Colisão Lateral;2;0;0;0;0;0;0;0;;;6;0;0;0;0
01/01/2018;20:25:00;325;Acidente sem vítima;451;BR-101/ES;Sul;Queda de Moto;0;0;0;1;0;0;0;0;;;1;0;0;0;0
01/01/2018;21:20:00;342;Acidente sem vítima;146;BR-101/ES;Norte;Colisão Traseira;0;0;2;0;0;0;0;0;;;2;0;0;0;0
02/01/2018;00:23:00;7;Acidente com vítima;42;BR-101/ES;Norte;Colisão Transversal;2;0;0;0;0;0;0;0;;;3;0;4;0;0
02/01/2018;01:24:00;26;Acidente sem vítima;245;BR-101/ES;Sul;Colisão Lateral;0;0;0;0;0;1;0;2;;;2;0;0;0;0
02/01/2018;11:15:00;206;Acidente sem vítima;280,6;BR-101/ES;Sul;Capotamento;1;0;0;0;0;0;0;0;;;1;0;0;0;0
02/01/2018;11:18:00;209;Acidente com vítima;280,5;BR-101/ES;Sul;Choque com Objeto Fixo;1;0;0;0;0;0;0;0;;;0;0;1;0;0
02/01/2018;15:10:00;305;Acidente sem vítima;215;BR-101/ES;Sul;Colisão Traseira;1;0;0;0;0;0;0;2;;;4;0;0;0;0
02/01/2018;15:55:00;326;Acidente sem vítima;380;BR-101/ES;Sul;Saída de Pista;1;0;0;0;0;0;0;0;;;2;0;0;0;0
02/01/2018;21:27:00;422;Acidente sem vítima;67;BR-101/ES;Sul;Colisão Lateral;1;0;0;0;0;0;0;2;;;2;0;0;0;0
02/01/2018;21:54:00;430;Acidente com vítima;364;BR-101/ES;Sul;Atropelamento Animal;1;0;0;0;0;0;0;0;;;0;0;2;0;0
02/01/2018;21:55:00;431;Atropelamento sem morte;269;BR-101/ES;Norte;Atropelamento;1;0;0;0;0;0;0;0;;;1;1;0;0;0
02/01/2018;21:59:00;432;Acidente com vítima;295;BR-101/ES;Norte;Queda de Moto;0;0;0;1;0;0;0;0;;;0;0;1;0;0
02/01/2018;23:03:00;453;Acidente sem vítima;321,5;BR-101/ES;Sul;Colisão Traseira;3;0;0;0;0;0;0;0;;;2;0;0;0;0
02/01/2018;23:47:00;466;Acidente com vítima;298;BR-101/ES;Sul;Queda de Moto;0;0;0;1;0;0;0;0;;;0;0;1;0;0
03/01/2018;00:32:00;15;Acidente sem vítima;298;BR-101/ES;Sul;Atropelamento de Equino;1;0;0;0;0;0;0;0;;;2;0;0;0;0
03/01/2018;04:39:00;71;Acidente sem vítima;138;BR-101/ES;Sul;Atropelamento Animal;1;0;0;0;0;0;0;0;;;1;0;0;0;0
03/01/2018;10:53:00;207;Acidente sem vítima;265,9;BR-101/ES;Norte;Colisão Traseira;2;0;0;0;0;0;0;0;;;2;0;0;0;0
03/01/2018;14:05:00;298;Acidente sem vítima;430;BR-101/ES;Norte;Colisão Transversal;2;0;0;0;0;0;0;0;;;5;0;0;0;0
03/01/2018;16:49:00;366;Acidente sem vítima;147;BR-101/ES;Norte;Colisão Transversal;2;0;0;0;0;0;0;0;;;2;0;0;0;0
03/01/2018;20:11:00;417;Acidente sem vítima;258;BR-101/ES;Sul;Choque com Objeto Fixo;3;0;1;0;0;0;0;0;;;10;0;0;0;0
03/01/2018;21:11:00;428;Acidente sem vítima;276;BR-101/ES;Sul;Queda de Moto;0;0;0;1;0;0;0;0;;;1;0;0;0;0
03/01/2018;21:24:00;431;Acidente sem vítima;277;BR-101/ES;Norte;Atropelamento Animal;1;0;0;0;0;0;0;0;;;1;0;0;0;0
04/01/2018;00:17:00;4;Acidente sem vítima;110;BR-101/ES;Norte;Saída de Pista;1;0;0;0;0;0;0;0;;;3;0;0;0;0
04/01/2018;01:16:00;21;Acidente sem vítima;266;BR-101/ES;Norte;Choque com Objeto Fixo;1;0;0;0;0;0;0;0;;;1;0;0;0;0
04/01/2018;02:30:00;41;Acidente com vítima;151;BR-101/ES;Norte;Saída de Pista;1;0;0;0;0;0;0;0;;;1;0;1;0;0
04/01/2018;08:20:00;121;Acidente sem vítima;268;BR-101/ES;Sul;Colisão Traseira;2;0;0;0;0;0;0;0;;;2;0;0;0;0
04/01/2018;09:23:00;155;Acidente com vítima;264;BR-101/ES;Sul;Colisão Lateral;2;0;0;0;0;0;0;0;;;3;0;1;0;0
04/01/2018;11:18:00;220;Acidente com vítima;285;BR-101/ES;Sul;Queda de Moto;0;0;0;2;0;0;0;0;;;1;0;1;0;0
04/01/2018;13:20:00;273;Acidente sem vítima;336;BR-101/ES;Norte;Engavetamento;2;0;1;0;0;0;0;0;;;5;0;0;0;0
04/01/2018;14:04:00;293;Acidente sem vítima;416;BR-101/ES;Sul;Saída de Pista;1;0;0;0;0;0;0;0;;;1;0;0;0;0
04/01/2018;15:27:00;318;Acidente sem vítima;401;BR-101/ES;Sul;Saída de Pista;1;0;0;0;0;0;0;0;;;1;0;0;0;0
04/01/2018;15:42:00;321;Acidente com vítima;320;BR-101/ES;Sul;Colisão Transversal;1;0;0;1;0;0;0;0;;;2;1;0;0;0
04/01/2018;15:59:00;328;Acidente com vítima;15;BR-101/ES;Sul;Queda de Moto;0;0;0;1;0;0;0;0;;;0;0;1;0;0
04/01/2018;18:50:00;375;Acidente sem vítima;147;BR-101/ES;Norte;Colisão Traseira;2;0;0;0;0;0;0;0;;;2;0;0;0;0
04/01/2018;21:14:00;395;Acidente sem vítima;276;BR-101/ES;Norte;Veículo em Chamas;1;0;0;0;0;0;0;0;;;2;0;0;0;0
04/01/2018;22:39:00;416;Acidente com vítima;144;BR-101/ES;Norte;Queda de Moto;0;0;0;1;0;0;0;0;;;0;2;0;0;0
05/01/2018;01:17:00;21;Acidente sem vítima;392;BR-101/ES;Norte;Tombamento;0;0;1;0;0;0;0;0;;;2;0;0;0;0
05/01/2018;04:43:00;60;Acidente com vítima;217;BR-101/ES;Norte;Queda de Moto;0;0;0;1;0;0;0;0;;;0;0;2;0;0
05/01/2018;08:23:00;114;Acidente sem vítima;37,5;BR-101/ES;Sul;Saída de Pista;0;0;1;0;0;0;0;0;;;1;0;0;0;0
05/01/2018;11:29:00;199;Acidente sem vítima;336;BR-101/ES;Norte;Saída de Pista;0;0;0;0;0;0;0;2;;;1;0;0;0;0