data;horario;n_da_ocorrencia;tipo_de_ocorrencia;km;trecho;sentido;tipo_de_acidente;automovel;bicicleta;caminhao;moto;onibus;outros;tracao_animal;transporte_de_cargas_especiais;trator_maquinas;utilitarios;ilesos;levemente_feridos;moderadamente_feridos;gravemente_feridos;mortos
05/01/2018;13:45:00;263;Acidente sem vítima;252;BR-101/ES;Norte;Colisão Traseira;2;0;0;0;0;0;0;0;;;3;0;0;0;0
05/01/2018;16:31:00;324;Acidente sem vítima;279;BR-101/ES;Sul;Queda de Moto;0;0;0;1;0;0;0;0;;;1;0;0;0;0
05/01/2018;17:16:00;335;Acidente sem vítima;287;BR-101/ES;Sul;Colisão Transversal;1;0;0;1;0;0;0;0;;;2;0;0;0;0
05/01/2018;18:25:00;358;Acidente sem vítima;443;BR-101/ES;Sul;Colisão Lateral;2;0;0;0;0;0;0;0;;;2;0;0;0;0
05/01/2018;18:59:00;369;Acidente sem vítima;181;BR-101/ES;Sul;Saída de Pista;1;0;0;0;0;0;0;0;;;1;0;0;0;0
05/01/2018;20:26:00;400;Acidente com vítima;266,5;BR-101/ES;Sul;Queda de Moto;0;0;0;1;0;0;0;0;;;0;2;0;0;0
05/01/2018;21:38:00;410;Acidente sem vítima;204;BR-101/ES;Norte;Colisão Lateral;1;0;0;1;0;0;0;0;;;2;0;0;0;0
06/01/2018;09:19:00;153;Acidente com vítima;63,4;BR-101/ES;Norte;Queda de Moto;0;0;0;1;0;0;0;0;;;0;0;1;0;0
06/01/2018;11:40:00;223;Acidente sem vítima;151;BR-101/ES;Sul;Colisão Traseira;2;0;0;0;0;0;0;0;;;9;0;0;0;0
06/01/2018;17:54:00;358;Acidente com vítima;300;BR-101/ES;Norte;Colisão Lateral;1;0;0;1;0;0;0;0;;;1;0;1;0;0
06/01/2018;19:47:00;391;Acidente sem vítima;126;BR-101/ES;Sul;Colisão Lateral;2;0;0;0;0;0;0;0;;;2;0;0;0;0
06/01/2018;21:13:00;414;Acidente sem vítima;383;BR-101/ES;Sul;Saída de Pista;1;0;0;0;0;0;0;0;;;3;0;0;0;0
06/01/2018;22:42:00;441;Acidente com vítima;255;BR-101/ES;Norte;Queda de ciclista;0;1;0;0;0;0;0;0;;;0;0;1;0;0
06/01/2018;23:12:00;448;Acidente com vítima;301,7;BR-101/ES;Sul;Colisão Traseira;0;0;0;2;0;0;0;0;;;0;1;1;0;0
07/01/2018;00:02:00;2;Acidente com morte;317;BR-101/ES;Norte;Colisão Transversal;2;0;0;0;0;0;0;0;;;0;2;1;1;1
07/01/2018;04:51:00;58;Acidente sem vítima;231;BR-101/ES;Norte;Saída de Pista;1;0;0;0;0;0;0;0;;;3;0;0;0;0
07/01/2018;15:52:00;274;Acidente com vítima;333;BR-101/ES;Sul;Queda de Moto;0;0;0;1;0;0;0;0;;;1;0;1;0;0
07/01/2018;16:03:00;278;Acidente sem vítima;385;BR-101/ES;Norte;Queda de Moto;0;0;0;1;0;0;0;0;;;1;0;0;0;0
07/01/2018;16:13:00;282;Acidente com vítima;146;BR-101/ES;Norte;Colisão;1;1;0;0;0;0;0;0;;;1;1;0;0;0
07/01/2018;16:57:00;297;Acidente sem vítima;255;BR-101/ES;Sul;Engavetamento;4;0;0;0;0;0;0;0;;;14;0;0;0;0
07/01/2018;20:50:00;350;Acidente com vítima;131,65;BR-101/ES;Norte;Queda de Moto;0;0;0;1;0;0;0;0;;;0;0;0;2;0
07/01/2018;22:51:00;382;Atropelamento sem morte;66,5;BR-101/ES;Norte;Atropelamento;0;0;1;0;0;0;0;0;;;1;1;0;0;0
08/01/2018;05:15:00;63;Acidente com vítima;342;BR-101/ES;Sul;Saída de Pista;1;0;0;0;0;0;0;0;;;0;1;0;0;0
08/01/2018;05:37:00;68;Acidente com morte;316;BR-101/ES;Sul;Colisão Frontal;1;0;0;0;0;0;0;3;;;1;0;0;0;3
08/01/2018;08:35:00;102;Acidente sem vítima;131;BR-101/ES;Norte;Colisão Lateral;1;0;1;0;0;0;0;0;;;2;0;0;0;0
08/01/2018;10:26:00;135;Acidente com vítima;422;BR-101/ES;Norte;Colisão Lateral;0;0;1;1;0;0;0;2;;;1;0;0;1;0
08/01/2018;11:17:00;178;Acidente com vítima;66;BR-101/ES;Sul;Colisão;0;1;1;0;0;0;0;0;;;2;0;1;0;0
08/01/2018;11:37:00;187;Acidente sem vítima;269;BR-101/ES;Sul;Colisão Traseira;1;0;0;1;0;0;0;0;;;2;0;0;0;0
08/01/2018;17:51:00;314;Acidente com vítima;108;BR-101/ES;Sul;Colisão Transversal;0;0;0;2;0;0;0;0;;;0;1;1;0;0
08/01/2018;21:00:00;354;Acidente com vítima;268;BR-101/ES;Sul;Colisão Lateral;1;0;0;1;0;0;0;0;;;1;0;1;0;0
09/01/2018;01:29:00;29;Acidente com vítima;275,5;BR-101/ES;Sul;Saída de Pista;1;0;0;0;0;0;0;0;;;2;0;1;0;0
09/01/2018;03:15:00;46;Acidente sem vítima;223;BR-101/ES;Sul;Tombamento;0;0;1;0;0;0;0;0;;;1;0;0;0;0
09/01/2018;04:08:00;55;Acidente sem vítima;277,5;BR-101/ES;Sul;Saída de Pista;0;0;0;0;0;0;0;2;;;1;0;0;0;0
09/01/2018;05:34:00;66;Acidente sem vítima;277;BR-101/ES;Sul;Choque com Objeto Fixo;0;0;0;0;0;0;0;2;;;1;0;0;0;0
09/01/2018;07:25:00;91;Acidente com vítima;270;BR-101/ES;Sul;Colisão Lateral;1;0;0;0;1;0;0;0;;;3;1;0;0;0
09/01/2018;07:40:00;104;Acidente sem vítima;283;BR-101/ES;Sul;Capotamento;1;0;0;0;0;0;0;0;;;1;0;0;0;0
09/01/2018;09:01:00;128;Acidente sem vítima;255;BR-101/ES;Sul;Colisão Traseira;2;0;0;0;0;0;0;0;;;2;0;0;0;0
09/01/2018;09:50:00;148;Acidente sem vítima;298;BR-101/ES;Norte;Choque com Objeto Fixo;1;0;0;0;0;0;0;0;;;1;0;0;0;0
09/01/2018;09:57:00;151;Acidente sem vítima;230;BR-101/ES;Norte;Colisão Traseira;2;0;0;0;0;0;0;0;;;4;0;0;0;0
09/01/2018;11:31:00;189;Acidente sem vítima;269;BR-101/ES;Sul;Engavetamento;3;0;0;0;0;0;0;0;;;3;0;0;0;0
09/01/2018;13:40:00;238;Acidente sem vítima;117;BR-101/ES;Sul;Colisão Traseira;0;0;1;1;0;0;0;0;;;2;0;0;0;0
09/01/2018;19:15:00;319;Acidente sem vítima;147;BR-101/ES;Norte;Colisão Traseira;2;0;0;0;0;0;0;0;;;2;0;0;0;0
09/01/2018;22:00:00;358;Acidente sem vítima;97;BR-101/ES;Norte;Atropelamento Animal;1;0;0;0;0;0;0;0;;;1;0;0;0;0
09/01/2018;23:53:00;392;Acidente sem vítima;275;BR-101/ES;Sul;Saída de Pista;1;0;0;0;0;0;0;0;;;3;0;0;0;0
10/01/2018;06:16:00;88;Acidente sem vítima;227;BR-101/ES;Sul;Saída de Pista;1;0;0;0;0;0;0;0;;;2;0;0;0;0
10/01/2018;06:21:00;89;Acidente com vítima;266;BR-101/ES;Sul;Queda de Moto;0;0;0;1;0;0;0;0;;;0;0;1;0;0
10/01/2018;10:13:00;149;Acidente com vítima;258;BR-101/ES;Norte;Capotamento;0;0;1;0;0;0;0;0;;;3;0;1;0;0
10/01/2018;10:36:00;162;Acidente sem vítima;262;BR-101/ES;Norte;Colisão Traseira;2;0;0;0;0;0;0;0;;;2;0;0;0;0
10/01/2018;14:22:00;253;Acidente sem vítima;270;BR-101/ES;Sul;Engavetamento;2;0;1;0;0;0;0;0;;;3;0;0;0;0
10/01/2018;16:41:00;294;Acidente sem vítima;268;BR-101/ES;Norte;Colisão Lateral;1;0;0;0;0;0;0;2;;;2;0;0;0;0
10/01/2018;17:11:00;304;Acidente com vítima;150;BR-101/ES;Sul;Colisão Traseira;1;0;0;1;0;0;0;0;;;1;1;0;0;0
10/01/2018;17:37:00;315;Acidente com vítima;397;BR-101/ES;Sul;Queda de Moto;0;0;0;1;0;0;0;0;;;0;1;0;0;0
11/01/2018;05:38:00;67;Acidente sem vítima;267;BR-101/ES;Sul;Colisão Lateral;2;0;0;0;0;0;0;0;;;2;0;0;0;0
11/01/2018;07:13:00;81;Acidente com vítima;138;BR-101/ES;Sul;Colisão Transversal;0;0;1;1;0;0;0;0;;;0;1;1;0;0
11/01/2018;07:42:00;93;Acidente sem vítima;233,2;BR-101/ES;Sul;Saída de Pista;1;0;0;0;0;0;0;0;;;1;0;0;0;0
11/01/2018;07:46:00;95;Acidente com vítima;263;BR-101/ES;Sul;Colisão Lateral;1;0;0;0;0;0;0;2;;;3;1;0;0;0
11/01/2018;08:53:00;118;Acidente com vítima;294;BR-101/ES;Sul;Choque com Objeto Fixo;1;0;0;0;0;0;0;0;;;2;0;1;0;0
11/01/2018;09:41:00;136;Acidente com vítima;159;BR-101/ES;Sul;Queda de Moto;0;0;0;1;0;0;0;0;;;0;2;0;0;0
11/01/2018;11:17:00;176;Acidente com vítima;305;BR-101/ES;Sul;Colisão Transversal;1;0;0;1;0;0;0;0;;;2;0;1;0;0
11/01/2018;11:39:00;193;Acidente sem vítima;277;BR-101/ES;Norte;Colisão Lateral;0;0;1;0;0;0;0;2;;;8;0;0;0;0
11/01/2018;12:50:00;225;Acidente sem vítima;283;BR-101/ES;Norte;Colisão Lateral;2;0;0;0;0;0;0;0;;;2;0;0;0;0
11/01/2018;15:44:00;284;Acidente com vítima;181;BR-101/ES;Norte;Queda de Moto;0;0;0;1;0;0;0;0;;;1;1;0;0;0
11/01/2018;16:31:00;297;Acidente sem vítima;283;BR-101/ES;Norte;Colisão Frontal;1;0;1;0;0;0;0;0;;;3;0;0;0;0
11/01/2018;17:00:00;311;Acidente com vítima;450;BR-101/ES;Norte;Choque com Objeto Fixo;1;0;0;0;0;0;0;0;;;0;0;1;0;0
11/01/2018;20:34:00;363;Acidente com morte;33;BR-101/ES;Sul;Colisão Transversal;1;0;1;0;0;0;0;0;;;1;1;1;2;1
11/01/2018;20:48:00;366;Atropelamento com morte;298;BR-101/ES;Norte;Atropelamento;1;0;0;0;0;0;0;0;;;2;0;0;0;1
12/01/2018;04:45:00;61;Atropelamento sem morte;28;BR-101/ES;Sul;Atropelamento;0;0;0;1;0;0;0;0;;;0;0;2;0;0
12/01/2018;05:56:00;75;Atropelamento sem morte;295;BR-101/ES;Sul;Atropelamento;1;0;0;0;0;0;0;0;;;2;0;1;0;0
12/01/2018;06:58:00;89;Acidente com vítima;305;BR-101/ES;Norte;Colisão Transversal;1;0;0;1;0;0;0;0;;;7;1;0;0;0
12/01/2018;07:37:00;101;Acidente com vítima;232,6;BR-101/ES;Norte;Queda de Moto;0;0;0;1;0;0;0;0;;;0;1;0;0;0
12/01/2018;07:55:00;107;Acidente sem vítima;83;BR-101/ES;Sul;Tombamento;0;0;1;0;0;0;0;0;;;3;0;0;0;0
12/01/2018;08:47:00;123;Acidente com vítima;256;BR-101/ES;Sul;Colisão Transversal;0;0;0;2;0;0;0;0;;;0;0;2;1;0
12/01/2018;09:55:00;154;Acidente com vítima;294,8;BR-101/ES;Norte;Engavetamento;0;0;0;0;0;0;0;5;;;1;0;2;0;0
12/01/2018;13:38:00;255;Acidente sem vítima;269;BR-101/ES;Sul;Colisão Traseira;2;0;0;0;0;0;0;0;;;2;0;0;0;0
12/01/2018;17:54:00;343;Acidente sem vítima;411;BR-101/ES;Sul;Veículo em Chamas;0;0;0;0;0;0;0;2;;;1;0;0;0;0
12/01/2018;18:55:00;352;Acidente sem vítima;50;BR-101/ES;Sul;Saída de Pista;1;0;0;0;0;0;0;0;;;1;0;0;0;0
12/01/2018;20:30:00;378;Acidente com vítima;146;BR-101/ES;Sul;Queda de Moto;0;0;0;1;0;0;0;0;;;0;1;0;0;0
12/01/2018;23:18:00;420;Acidente com vítima;299;BR-101/ES;Norte;Queda de Moto;0;0;0;1;0;0;0;0;;;0;0;2;0;0
13/01/2018;07:19:00;83;Acidente com vítima;101;BR-101/ES;Norte;Colisão Transversal;1;0;1;0;0;0;0;0;;;4;1;0;0;0
13/01/2018;10:43:00;149;Acidente sem vítima;282;BR-101/ES;Sul;Veículo em Chamas;1;0;0;0;0;0;0;0;;;1;0;0;0;0
13/01/2018;15:07:00;243;Acidente com vítima;257;BR-101/ES;Sul;Queda de ciclista;0;1;0;0;0;0;0;0;;;0;1;0;0;0
13/01/2018;17:54:00;285;Acidente sem vítima;266;BR-101/ES;Norte;Colisão Lateral;1;0;1;0;0;0;0;0;;;2;0;0;0;0
13/01/2018;20:02:00;309;Acidente sem vítima;297;BR-101/ES;Sul;Choque com Objeto Fixo;1;0;0;0;0;0;0;0;;;2;0;0;0;0
13/01/2018;20:41:00;317;Acidente sem vítima;187;BR-101/ES;Sul;Veículo em Chamas;0;0;0;0;0;0;0;3;;;1;0;0;0;0
14/01/2018;02:53:00;49;Acidente com vítima;304;BR-101/ES;Norte;Queda de Moto;0;0;0;1;0;0;0;0;;;0;1;0;0;0
14/01/2018;09:16:00;139;Acidente com vítima;385;BR-101/ES;Norte;Queda de Moto;0;0;0;1;0;0;0;0;;;0;1;0;0;0
14/01/2018;10:01:00;157;Acidente sem vítima;85,8;BR-101/ES;Norte;Colisão Traseira;1;0;1;0;0;0;0;0;;;3;0;0;0;0
14/01/2018;11:12:00;188;Acidente com vítima;310,5;BR-101/ES;Sul;Colisão Lateral;2;0;0;0;0;0;0;0;;;8;0;1;0;0
14/01/2018;17:57:00;330;Acidente com vítima;325,5;BR-101/ES;Norte;Colisão Lateral;2;0;0;0;0;0;0;0;;;19;2;0;0;0
14/01/2018;18:57:00;343;Acidente sem vítima;251;BR-101/ES;Norte;Queda de Moto;0;0;0;1;0;0;0;0;;;2;0;0;0;0
14/01/2018;20:45:00;371;Acidente com vítima;212;BR-101/ES;Sul;Queda de Moto;1;0;0;1;0;0;0;0;;;1;0;2;0;0
15/01/2018;04:11:00;55;Acidente sem vítima;198;BR-101/ES;Sul;Saída de Pista;1;0;0;0;0;0;0;0;;;2;0;0;0;0
15/01/2018;07:48:00;114;Acidente sem vítima;362;BR-101/ES;Norte;Saída de Pista;1;0;0;0;0;0;0;0;;;1;0;0;0;0
15/01/2018;08:06:00;117;Acidente com vítima;288;BR-101/ES;Sul;Colisão Transversal;2;0;0;1;0;0;0;0;;;2;0;2;0;0
15/01/2018;11:27:00;225;Acidente com vítima;139;BR-101/ES;Sul;Colisão Transversal;2;0;0;0;0;0;0;0;;;2;0;1;0;0
15/01/2018;11:30:00;229;Acidente sem vítima;400;BR-101/ES;Sul;Colisão Traseira;2;0;0;0;0;0;0;0;;;4;0;0;0;0
15/01/2018;11:58:00;240;Acidente sem vítima;399;BR-101/ES;Norte;Engavetamento;2;0;0;1;0;0;0;0;;;6;0;0;0;0
15/01/2018;14:51:00;323;Acidente com vítima;146;BR-101/ES;Norte;Colisão Traseira;1;0;0;1;0;0;0;0;;;2;1;0;0;0
15/01/2018;18:02:00;396;Acidente com vítima;280;BR-101/ES;Sul;Queda de Moto;0;0;0;1;0;0;0;0;;;0;1;0;0;0
15/01/2018;18:19:00;404;Acidente sem vítima;361;BR-101/ES;Sul;Colisão Traseira;1;0;0;0;0;0;0;1;;;2;0;0;0;0
15/01/2018;20:23:00;432;Acidente com vítima;342;BR-101/ES;Norte;Queda de Moto;0;0;0;1;0;0;0;0;;;0;1;0;0;0
16/01/2018;06:12:00;89;Acidente sem vítima;371;BR-101/ES;Sul;Colisão Transversal;1;0;1;0;0;0;0;0;;;2;0;0;0;0
16/01/2018;08:31:00;140;Acidente com vítima;210;BR-101/ES;Norte;Colisão Lateral;1;0;0;0;0;0;0;2;;;0;2;0;0;0
16/01/2018;09:09:00;150;Acidente sem vítima;312;BR-101/ES;Norte;Colisão Lateral;1;0;0;0;0;0;0;2;;;4;0;0;0;0
16/01/2018;09:21:00;155;Acidente sem vítima;451;BR-101/ES;Sul;Engavetamento;3;0;0;0;0;0;0;0;;;8;0;0;0;0
16/01/2018;11:23:00;228;Acidente sem vítima;312;BR-101/ES;Norte;Colisão Traseira;2;0;0;0;0;0;0;0;;;3;0;0;0;0
16/01/2018;12:42:00;257;Acidente sem vítima;364;BR-101/ES;Sul;Engavetamento;2;0;1;0;0;0;0;0;;;3;0;0;0;0
16/01/2018;16:48:00;338;Acidente sem vítima;203;BR-101/ES;Norte;Colisão Transversal;2;0;0;0;0;0;0;0;;;4;0;0;0;0
16/01/2018;17:36:00;359;Acidente sem vítima;295;BR-101/ES;Sul;Colisão Traseira;2;0;0;0;0;0;0;0;;;5;0;0;0;0
16/01/2018;22:14:00;435;Acidente sem vítima;293;BR-101/ES;Norte;Colisão Lateral;2;0;0;0;0;0;0;0;;;3;0;0;0;0
17/01/2018;07:29:00;109;Acidente sem vítima;267;BR-101/ES;Sul;Colisão Lateral;1;0;0;0;0;0;0;1;;;2;0;0;0;0
17/01/2018;10:36:00;223;Acidente com vítima;264;BR-101/ES;Sul;Colisão Transversal;1;0;0;1;0;0;0;0;;;2;0;1;0;0
17/01/2018;11:06:00;233;Acidente com vítima;123;BR-101/ES;Norte;Queda de Moto;0;0;0;1;0;0;0;0;;;0;1;0;0;0
17/01/2018;13:03:00;282;Acidente sem vítima;294;BR-101/ES;Sul;Colisão Traseira;3;0;0;0;0;0;0;0;;;8;0;0;0;0
17/01/2018;17:20:00;361;Acidente sem vítima;212;BR-101/ES;Norte;Colisão Traseira;2;0;0;0;0;0;0;0;;;3;0;0;0;0
17/01/2018;17:54:00;368;Acidente com vítima;203;BR-101/ES;Sul;Colisão Transversal;1;0;1;0;0;0;0;0;;;1;0;1;0;0
17/01/2018;21:54:00;426;Acidente sem vítima;263;BR-101/ES;Norte;Colisão Traseira;2;0;0;0;0;0;0;0;;;2;0;0;0;0
18/01/2018;07:00:00;87;Acidente com vítima;141;BR-101/ES;Sul;Colisão Traseira;1;0;0;0;1;0;0;0;;;2;1;0;0;0
18/01/2018;07:51:00;108;Acidente sem vítima;171;BR-101/ES;Norte;Colisão Lateral;1;0;0;0;0;0;0;3;;;3;0;0;0;0
18/01/2018;09:40:00;151;Acidente sem vítima;317;BR-101/ES;Norte;Colisão Traseira;0;0;0;0;0;0;0;3;;;1;0;0;0;0
18/01/2018;10:20:00;169;Acidente sem vítima;266;BR-101/ES;Sul;Colisão Traseira;3;0;0;0;0;0;0;0;;;4;0;0;0;0
18/01/2018;11:02:00;190;Acidente com vítima;158;BR-101/ES;Norte;Colisão Traseira;0;0;1;1;0;0;0;0;;;1;0;1;0;0
18/01/2018;11:09:00;192;Acidente com vítima;395;BR-101/ES;Norte;Colisão Transversal;0;0;0;2;0;0;0;0;;;1;2;0;0;0
18/01/2018;11:40:00;206;Acidente sem vítima;255;BR-101/ES;Norte;Colisão Traseira;1;0;0;0;0;0;0;2;;;4;0;0;0;0
18/01/2018;13:19:00;247;Acidente sem vítima;264;BR-101/ES;Norte;Colisão Lateral;1;0;0;0;1;0;0;0;;;3;0;0;0;0
18/01/2018;14:03:00;261;Acidente sem vítima;264;BR-101/ES;Norte;Colisão Traseira;1;0;0;0;1;0;0;0;;;3;0;0;0;0
18/01/2018;15:04:00;284;Acidente com vítima;387;BR-101/ES;Norte;Colisão Lateral;1;0;0;0;0;0;0;3;;;4;1;0;0;0
18/01/2018;16:08:00;309;Acidente sem vítima;307;BR-101/ES;Norte;Colisão Traseira;1;0;1;0;0;0;0;0;;;3;0;0;0;0
18/01/2018;17:14:00;332;Acidente sem vítima;269;BR-101/ES;Norte;Colisão Lateral;1;0;0;1;0;0;0;0;;;2;0;0;0;0
18/01/2018;17:56:00;345;Acidente com vítima;266;BR-101/ES;Norte;Colisão Transversal;2;0;0;0;0;0;0;0;;;2;2;0;0;0
18/01/2018;18:15:00;354;Acidente com vítima;123;BR-101/ES;Sul;Colisão Traseira;1;0;0;1;0;0;0;0;;;1;1;1;0;0
18/01/2018;18:35:00;357;Acidente com vítima;366,1;BR-101/ES;Sul;Colisão Transversal;1;0;0;0;0;0;0;2;;;1;1;0;0;0
18/01/2018;19:45:00;371;Acidente sem vítima;66;BR-101/ES;Norte;Engavetamento;2;0;0;0;1;0;0;0;;;5;0;0;0;0
19/01/2018;06:43:00;72;Acidente com vítima;266;BR-101/ES;Norte;Colisão Lateral;0;0;0;1;1;0;0;0;;;2;0;1;0;0
19/01/2018;08:09:00;105;Acidente com vítima;266;BR-101/ES;Sul;Atropelamento Animal;0;0;0;1;0;0;0;0;;;0;0;1;0;0
19/01/2018;08:53:00;124;Acidente sem vítima;67;BR-101/ES;Norte;Colisão Transversal;2;0;0;0;0;0;0;0;;;4;0;0;0;0
19/01/2018;09:29:00;142;Acidente sem vítima;266;BR-101/ES;Sul;Engavetamento;2;0;1;0;0;0;0;0;;;3;0;0;0;0
19/01/2018;10:19:00;160;Acidente sem vítima;949;BR-101/BA;Norte;Saída de Pista;1;0;0;0;0;0;0;0;;;2;0;0;0;0
19/01/2018;12:30:00;227;Acidente com vítima;331;BR-101/ES;Norte;Colisão Traseira;1;0;1;0;0;0;0;0;;;2;1;1;0;0
19/01/2018;17:26:00;349;Acidente com vítima;234;BR-101/ES;Norte;Queda de Moto;0;0;0;1;0;0;0;0;;;0;0;1;0;0
19/01/2018;18:27:00;371;Acidente sem vítima;203;BR-101/ES;Norte;Colisão Lateral;2;0;0;0;0;0;0;0;;;2;0;0;0;0
20/01/2018;01:33:00;28;Acidente com vítima;169;BR-101/ES;Norte;Saída de Pista;0;0;1;0;0;0;0;0;;;0;0;1;0;0
20/01/2018;07:20:00;95;Acidente sem vítima;295;BR-101/ES;Norte;Colisão Traseira;1;0;1;0;0;0;0;0;;;5;0;0;0;0
20/01/2018;09:32:00;143;Acidente com vítima;239;BR-101/ES;Sul;Queda de Moto;0;0;0;1;0;0;0;0;;;0;0;1;0;0
20/01/2018;13:01:00;221;Acidente com vítima;293;BR-101/ES;Norte;Colisão Lateral;1;0;0;1;0;0;0;0;;;1;0;2;0;0
20/01/2018;21:34:00;379;Acidente sem vítima;149;BR-101/ES;Norte;Colisão Transversal;1;0;0;1;0;0;0;0;;;2;0;0;0;0
21/01/2018;08:28:00;91;Acidente sem vítima;245;BR-101/ES;Sul;Colisão Lateral;1;0;0;0;0;0;0;1;;;5;0;0;0;0
21/01/2018;09:01:00;106;Acidente sem vítima;428;BR-101/ES;Norte;Saída de Pista;1;0;0;0;0;0;0;0;;;1;0;0;0;0
21/01/2018;11:57:00;174;Acidente sem vítima;241;BR-101/ES;Norte;Colisão Lateral;1;0;1;0;0;0;0;0;;;2;0;0;0;0
21/01/2018;13:13:00;206;Acidente com vítima;279,7;BR-101/ES;Norte;Colisão Traseira;2;0;0;0;0;0;0;0;;;4;0;1;0;0
21/01/2018;14:19:00;230;Acidente com vítima;286;BR-101/ES;Norte;Queda de Moto;0;0;0;1;0;0;0;0;;;1;0;1;0;0
21/01/2018;19:12:00;326;Acidente com vítima;94;BR-101/ES;Sul;Colisão Lateral;0;0;0;1;1;0;0;0;;;1;1;0;0;0
21/01/2018;19:50:00;336;Acidente sem vítima;398;BR-101/ES;Sul;Colisão Traseira;2;0;0;0;0;0;0;0;;;2;0;0;0;0
22/01/2018;02:22:00;40;Acidente com vítima;398;BR-101/ES;Norte;Tombamento;0;0;1;0;0;0;0;1;;;0;1;0;0;0
22/01/2018;04:41:00;64;Acidente sem vítima;259;BR-101/ES;Norte;Saída de Pista;1;0;0;0;0;0;0;0;;;1;0;0;0;0
22/01/2018;12:00:00;242;Acidente com vítima;117;BR-101/ES;Sul;Colisão Lateral;5;0;2;1;0;0;0;0;;;16;3;0;0;0
22/01/2018;14:19:00;296;Acidente sem vítima;181;BR-101/ES;Sul;Saída de Pista;0;0;1;0;0;0;0;0;;;1;0;0;0;0
22/01/2018;15:02:00;311;Acidente sem vítima;294;BR-101/ES;Norte;Colisão Lateral;1;0;1;0;0;0;0;0;;;2;0;0;0;0
22/01/2018;15:42:00;324;Acidente sem vítima;68,5;BR-101/ES;Norte;Colisão Traseira;2;0;0;0;0;0;0;0;;;5;0;0;0;0
22/01/2018;18:07:00;373;Acidente sem vítima;212,6;BR-101/ES;Sul;Colisão Traseira;1;0;1;0;0;0;0;0;;;2;0;0;0;0
22/01/2018;20:39:00;413;Acidente com vítima;202,2;BR-101/ES;Sul;Choque com Objeto Fixo;0;0;1;0;0;0;0;0;;;1;0;1;0;0
22/01/2018;21:19:00;425;Atropelamento sem morte;271;BR-101/ES;Sul;Atropelamento e Fuga;1;0;0;0;0;0;0;0;;;0;0;1;0;0
22/01/2018;21:31:00;427;Acidente sem vítima;266;BR-101/ES;Sul;Colisão Traseira;2;0;0;0;0;0;0;0;;;3;0;0;0;0
23/01/2018;08:00:00;113;Acidente sem vítima;270;BR-101/ES;Norte;Colisão Lateral;1;0;0;0;0;0;0;2;;;4;0;0;0;0
23/01/2018;09:11:00;138;Acidente sem vítima;358;BR-101/ES;Sul;Engavetamento;4;0;0;0;0;0;0;0;;;6;0;0;0;0
23/01/2018;10:24:00;164;Acidente sem vítima;65,4;BR-101/ES;Norte;Colisão Traseira;2;0;0;0;0;0;0;0;;;2;0;0;0;0
23/01/2018;12:40:00;240;Acidente sem vítima;186;BR-101/ES;Norte;Colisão Traseira;2;0;0;0;0;0;0;0;;;6;0;0;0;0
23/01/2018;16:31:00;342;Atropelamento sem morte;288,7;BR-101/ES;Norte;Atropelamento;0;0;0;0;0;0;0;2;;;2;0;0;1;0
23/01/2018;18:26:00;389;Acidente com vítima;265;BR-101/ES;Norte;Colisão Traseira;0;0;0;1;0;0;0;2;;;1;0;1;0;0
23/01/2018;18:57:00;395;Acidente sem vítima;280;BR-101/ES;Sul;Choque com Objeto Fixo;1;0;0;0;0;0;0;0;;;1;0;0;0;0
23/01/2018;20:00:00;416;Acidente com vítima;70,2;BR-101/ES;Sul;Atropelamento Animal;0;0;0;1;0;0;0;0;;;0;0;1;0;0
23/01/2018;21:07:00;437;Acidente sem vítima;255;BR-101/ES;Sul;Engavetamento;3;0;0;0;0;0;0;0;;;5;0;0;0;0
24/01/2018;11:26:00;230;Acidente sem vítima;335;BR-101/ES;Sul;Choque;1;0;0;0;0;0;0;1;;;3;0;0;0;0
24/01/2018;14:56:00;309;Acidente sem vítima;212;BR-101/ES;Sul;Colisão Traseira;2;0;0;0;0;0;0;0;;;4;0;0;0;0
24/01/2018;18:16:00;387;Acidente sem vítima;217;BR-101/ES;Sul;Colisão Lateral;1;0;0;0;0;0;0;2;;;2;0;0;0;0
25/01/2018;03:00:00;48;Acidente com morte;131;BR-101/ES;Norte;Saída de Pista;1;0;0;0;0;0;0;0;;;0;0;0;0;1
25/01/2018;08:42:00;126;Acidente com vítima;266;BR-101/ES;Sul;Colisão Traseira;1;0;0;1;0;0;0;0;;;3;0;1;0;0
25/01/2018;11:28:00;222;Acidente sem vítima;171;BR-101/ES;Norte;Saída de Pista;1;0;0;0;0;0;0;0;;;1;0;0;0;0
25/01/2018;12:05:00;239;Acidente sem vítima;264;BR-101/ES;Sul;Saída de Pista;1;0;0;0;0;0;0;0;;;1;0;0;0;0
25/01/2018;13:55:00;276;Acidente sem vítima;266;BR-101/ES;Sul;Colisão Traseira;2;0;0;0;0;0;0;0;;;2;0;0;0;0
25/01/2018;15:48:00;310;Acidente sem vítima;232;BR-101/ES;Norte;Colisão Traseira;2;0;0;0;0;0;0;0;;;8;0;0;0;0
25/01/2018;20:29:00;391;Acidente sem vítima;286;BR-101/ES;Norte;Colisão Lateral;1;0;1;0;0;0;0;0;;;2;0;0;0;0
26/01/2018;06:02:00;67;Acidente com vítima;337;BR-101/ES;Norte;Colisão;0;1;0;0;0;0;0;2;;;1;0;0;1;0