data;horario;n_da_ocorrencia;tipo_de_ocorrencia;km;trecho;sentido;tipo_de_acidente;automovel;bicicleta;caminhao;moto;onibus;outros;tracao_animal;transporte_de_cargas_especiais;trator_maquinas;utilitarios;ilesos;levemente_feridos;moderadamente_feridos;gravemente_feridos;mortos
29/03/2018;11:56:00;236;Acidente com vítima;415;BR-101/ES;Sul;Colisão Transversal;2;0;0;0;0;0;0;0;;;0;2;0;0;0
29/03/2018;12:24:00;241;Acidente com vítima;424;BR-101/ES;Sul;Saída de Pista;1;0;0;0;0;0;0;0;;;0;4;0;0;0
29/03/2018;13:48:00;277;Acidente com vítima;947;BR-101/BA;Sul;Capotamento;1;0;0;0;0;0;0;0;;;0;3;1;0;0
29/03/2018;14:25:00;291;Acidente sem vítima;264;BR-101/ES;Norte;Colisão Transversal;1;0;0;1;0;0;0;0;;;2;0;0;0;0
29/03/2018;14:44:00;300;Acidente com vítima;235;BR-101/ES;Sul;Colisão Frontal;1;0;1;0;0;0;0;0;;;3;0;1;1;0
29/03/2018;14:50:00;301;Acidente sem vítima;142;BR-101/ES;Norte;Colisão Lateral;0;0;2;0;0;0;0;1;;;2;0;0;0;0
29/03/2018;15:29:00;310;Acidente sem vítima;220;BR-101/ES;Norte;Colisão Traseira;2;0;0;0;0;0;0;1;;;2;0;0;0;0
29/03/2018;19:04:00;376;Acidente com vítima;393;BR-101/ES;Norte;Colisão Transversal;1;0;0;1;0;0;0;0;;;2;0;1;0;0
29/03/2018;20:40:00;398;Acidente sem vítima;213;BR-101/ES;Sul;Saída de Pista;0;0;1;0;0;0;0;0;;;1;0;0;0;0
29/03/2018;21:42:00;413;Acidente com vítima;219;BR-101/ES;Norte;Queda de Moto;0;0;0;1;0;0;0;0;;;0;1;0;0;0
29/03/2018;22:16:00;420;Acidente sem vítima;273;BR-101/ES;Norte;Saída de Pista;1;0;0;0;0;0;0;0;;;1;0;0;0;0
29/03/2018;22:21:00;423;Acidente sem vítima;266,1;BR-101/ES;Norte;Colisão Traseira;2;0;0;0;0;0;0;0;;;5;0;0;0;0
29/03/2018;23:36:00;457;Acidente sem vítima;181;BR-101/ES;Sul;Colisão Lateral;1;0;1;0;0;0;0;0;;;3;0;0;0;0
30/03/2018;00:56:00;13;Acidente sem vítima;142;BR-101/ES;Sul;Colisão Transversal;2;0;0;0;0;0;0;0;;;7;0;0;0;0
30/03/2018;07:31:00;87;Acidente sem vítima;213;BR-101/ES;Norte;Colisão Traseira;2;0;0;0;0;0;0;0;;;2;0;0;0;0
30/03/2018;07:50:00;96;Acidente sem vítima;169,8;BR-101/ES;Norte;Saída de Pista;1;0;0;0;0;0;0;0;;;5;0;0;0;0
30/03/2018;08:28:00;106;Acidente sem vítima;68;BR-101/ES;Norte;Colisão Traseira;2;0;0;0;0;0;0;0;;;6;0;0;0;0
30/03/2018;12:19:00;192;Acidente com vítima;64;BR-101/ES;Norte;Colisão Traseira;2;0;0;0;0;0;0;0;;;8;0;1;0;0
30/03/2018;16:59:00;270;Acidente sem vítima;213;BR-101/ES;Sul;Veículo em Chamas;1;0;0;0;0;0;0;0;;;1;0;0;0;0
30/03/2018;17:14:00;275;Acidente sem vítima;192;BR-101/ES;Sul;Atropelamento Animal;1;0;0;0;0;0;0;0;;;1;0;0;0;0
30/03/2018;20:07:00;322;Acidente com vítima;210;BR-101/ES;Sul;Choque com Objeto Fixo;1;0;0;0;0;0;0;0;;;1;1;0;0;0
31/03/2018;07:06:00;80;Acidente sem vítima;277;BR-101/ES;Norte;Choque com Objeto Fixo;1;0;0;0;0;0;0;0;;;1;0;0;0;0
31/03/2018;07:19:00;83;Acidente sem vítima;61;BR-101/ES;Norte;Colisão Traseira;2;0;0;0;0;0;0;0;;;1;0;0;0;0
31/03/2018;07:23:00;84;Acidente com vítima;142;BR-101/ES;Sul;Queda de Moto;0;0;0;1;0;0;0;0;;;0;1;0;0;0
31/03/2018;10:35:00;134;Acidente sem vítima;331;BR-101/ES;Sul;Colisão Traseira;2;0;0;0;0;0;0;0;;;5;0;0;0;0
31/03/2018;11:13:00;147;Acidente com vítima;146;BR-101/ES;Norte;Colisão Traseira;2;0;0;0;0;0;0;0;;;1;1;0;0;0
31/03/2018;11:31:00;150;Acidente sem vítima;260;BR-101/ES;Norte;Colisão Lateral;2;0;0;0;0;0;0;0;;;5;0;0;0;0
31/03/2018;15:17:00;236;Acidente sem vítima;293;BR-101/ES;Norte;Colisão Traseira;2;0;0;0;0;0;0;0;;;1;0;0;0;0
31/03/2018;16:32:00;257;Acidente com vítima;267;BR-101/ES;Sul;Colisão Lateral;1;0;0;1;0;0;0;0;;;0;0;1;0;0
01/04/2018;10:47:00;139;Acidente sem vítima;334;BR-101/ES;Norte;Colisão Lateral;2;0;0;0;0;0;0;0;;;8;0;0;0;0
01/04/2018;11:12:00;143;Acidente com vítima;100,5;BR-101/ES;Sul;Queda de Moto;0;0;0;1;0;0;0;0;;;0;0;2;0;0
01/04/2018;12:06:00;166;Acidente com vítima;159;BR-101/ES;Norte;Colisão Transversal;1;0;0;1;0;0;0;0;;;1;0;1;0;0
01/04/2018;19:13:00;322;Acidente sem vítima;276;BR-101/ES;Sul;Saída de Pista;1;0;0;0;0;0;0;1;;;3;0;0;0;0
01/04/2018;20:14:00;336;Acidente com vítima;294;BR-101/ES;Norte;Queda de Moto;0;0;0;1;0;0;0;0;;;0;0;1;0;0
02/04/2018;05:20:00;76;Acidente sem vítima;402;BR-101/ES;Sul;Saída de Pista;1;0;0;0;0;0;0;0;;;2;0;0;0;0
02/04/2018;05:21:00;77;Acidente com vítima;229;BR-101/ES;Norte;Colisão Lateral;1;0;0;0;1;0;0;0;;;2;1;0;0;0
02/04/2018;07:52:00;129;Atropelamento sem morte;268;BR-101/ES;Sul;Atropelamento e Fuga;0;0;0;1;0;0;0;0;;;0;0;1;0;0
02/04/2018;11:41:00;216;Acidente com vítima;162;BR-101/ES;Norte;Colisão Traseira;0;0;0;1;1;0;0;0;;;2;0;1;0;0
02/04/2018;13:57:00;282;Acidente sem vítima;292,8;BR-101/ES;Norte;Engavetamento;3;0;0;0;0;0;0;0;;;6;0;0;0;0
02/04/2018;16:28:00;315;Acidente sem vítima;282;BR-101/ES;Sul;Colisão Lateral;1;0;1;0;0;0;0;1;;;3;0;0;0;0
02/04/2018;17:16:00;330;Acidente sem vítima;335;BR-101/ES;Sul;Colisão Lateral;1;0;1;0;0;0;0;0;;;2;0;0;0;0
02/04/2018;17:58:00;348;Acidente com vítima;266;BR-101/ES;Sul;Colisão Transversal;1;0;0;1;0;0;0;0;;;1;0;1;0;0
02/04/2018;18:27:00;354;Acidente com vítima;368;BR-101/ES;Norte;Saída de Pista;0;0;1;0;0;0;0;0;;;0;0;1;0;0
02/04/2018;19:44:00;377;Acidente sem vítima;171;BR-101/ES;Norte;Queda de ciclista;0;1;0;0;0;0;0;0;;;1;0;0;0;0
02/04/2018;19:50:00;380;Acidente com vítima;148;BR-101/ES;Norte;Colisão Traseira;2;0;0;0;0;0;0;0;;;1;1;0;0;0
03/04/2018;00:06:00;2;Acidente com vítima;374;BR-101/ES;Norte;Saída de Pista;1;0;0;0;0;0;0;0;;;0;1;0;0;0
03/04/2018;01:05:00;21;Acidente sem vítima;237;BR-101/ES;Sul;Saída de Pista;1;0;0;0;0;0;0;0;;;2;0;0;0;0
03/04/2018;05:41:00;63;Acidente sem vítima;71;BR-101/ES;Norte;Colisão Lateral;1;0;0;0;1;0;0;0;;;2;0;0;0;0
03/04/2018;06:46:00;78;Acidente com vítima;265;BR-101/ES;Norte;Queda de Moto;0;0;0;1;0;0;0;0;;;0;0;1;0;0
03/04/2018;11:02:00;177;Acidente com vítima;358;BR-101/ES;Sul;Queda de Moto;0;0;0;1;0;0;0;0;;;0;0;2;0;0
03/04/2018;12:14:00;206;Acidente com vítima;300;BR-101/ES;Norte;Colisão Traseira;0;0;0;1;0;0;0;2;;;1;0;1;0;0
03/04/2018;12:27:00;214;Acidente sem vítima;264;BR-101/ES;Norte;Colisão Traseira;0;0;0;0;0;0;0;3;;;2;0;0;0;0
03/04/2018;13:22:00;229;Acidente sem vítima;229,265;BR-101/ES;Norte;Colisão Traseira;1;0;1;0;0;0;0;0;;;5;0;0;0;0
03/04/2018;15:30:00;272;Acidente sem vítima;266;BR-101/ES;Sul;Colisão Traseira;2;0;0;0;0;0;0;0;;;2;0;0;0;0
03/04/2018;18:21:00;318;Acidente com vítima;271;BR-101/ES;Sul;Colisão;1;1;0;0;0;0;0;0;;;1;1;0;0;0
04/04/2018;08:58:00;132;Acidente sem vítima;293;BR-101/ES;Sul;Engavetamento;3;0;1;0;0;0;0;0;;;1;0;0;0;0
04/04/2018;09:59:00;157;Acidente com vítima;293;BR-101/ES;Sul;Colisão Transversal;1;0;0;0;0;0;0;2;;;2;1;0;0;0
04/04/2018;16:15:00;289;Acidente com vítima;84;BR-101/ES;Sul;Colisão Traseira;2;0;0;0;0;0;0;0;;;2;4;0;0;0
04/04/2018;17:17:00;311;Acidente com vítima;264;BR-101/ES;Norte;Colisão Transversal;3;0;0;0;0;0;0;0;;;3;1;0;0;0
04/04/2018;17:45:00;318;Acidente sem vítima;263;BR-101/ES;Norte;Colisão Traseira;1;0;1;0;0;0;0;0;;;2;0;0;0;0
04/04/2018;18:29:00;331;Acidente com vítima;283;BR-101/ES;Norte;Choque com Objeto Fixo;0;0;0;1;0;0;0;0;;;1;0;1;0;0
05/04/2018;00:39:00;7;Acidente com vítima;221;BR-101/ES;Sul;Saída de Pista;1;0;0;0;0;0;0;0;;;5;1;0;0;0
05/04/2018;02:20:00;32;Acidente sem vítima;431;BR-101/ES;Norte;Choque com Objeto Fixo;0;0;1;0;0;0;0;0;;;1;0;0;0;0
05/04/2018;06:41:00;71;Acidente sem vítima;293;BR-101/ES;Sul;Colisão Traseira;0;0;1;0;0;0;0;1;;;2;0;0;0;0
05/04/2018;07:40:00;90;Acidente sem vítima;283;BR-101/ES;Sul;Colisão Frontal;2;0;0;0;0;0;0;0;;;3;0;0;0;0
05/04/2018;08:10:00;98;Acidente com vítima;271;BR-101/ES;Norte;Colisão Lateral;1;0;0;1;0;0;0;0;;;2;0;1;0;0
05/04/2018;09:06:00;124;Acidente com vítima;269;BR-101/ES;Sul;Colisão Lateral;1;0;0;1;0;0;0;0;;;1;1;0;0;0
05/04/2018;10:39:00;160;Acidente sem vítima;273;BR-101/ES;Sul;Colisão Traseira;2;0;0;0;0;0;0;0;;;1;0;0;0;0
05/04/2018;12:25:00;204;Acidente sem vítima;293;BR-101/ES;Sul;Colisão Traseira;1;0;0;0;0;0;0;3;;;3;0;0;0;0
05/04/2018;13:35:00;238;Acidente com vítima;292;BR-101/ES;Norte;Colisão Traseira;0;0;0;1;0;0;0;1;;;1;1;0;0;0
05/04/2018;15:13:00;270;Acidente com vítima;145;BR-101/ES;Sul;Queda de ciclista;0;1;0;0;0;0;0;0;;;0;1;0;0;0
05/04/2018;17:05:00;310;Acidente com vítima;270;BR-101/ES;Sul;Queda de Moto;2;0;0;0;0;0;0;0;;;0;0;1;0;0
05/04/2018;18:39:00;332;Acidente com vítima;142;BR-101/ES;Norte;Colisão Transversal;1;0;0;1;0;0;0;0;;;2;0;1;0;0
05/04/2018;20:48:00;361;Acidente com vítima;296;BR-101/ES;Sul;Queda de Moto;0;0;0;1;0;0;0;0;;;0;0;1;0;0
05/04/2018;22:38:00;385;Acidente sem vítima;255;BR-101/ES;Norte;Colisão Transversal;1;0;1;0;0;0;0;0;;;2;0;0;0;0
06/04/2018;05:57:00;76;Acidente com vítima;264;BR-101/ES;Sul;Colisão Transversal;1;0;0;0;0;0;0;2;;;6;0;2;0;0
06/04/2018;08:48:00;124;Acidente sem vítima;281;BR-101/ES;Sul;Veículo em Chamas;1;0;0;0;0;0;0;0;;;1;0;0;0;0
06/04/2018;10:13:00;148;Acidente com vítima;321;BR-101/ES;Norte;Colisão Transversal;2;0;0;0;0;0;0;0;;;2;0;3;0;0
06/04/2018;11:11:00;164;Acidente com vítima;203;BR-101/ES;Sul;Engavetamento;2;0;1;0;0;0;0;0;;;5;0;1;0;0
06/04/2018;14:07:00;233;Acidente sem vítima;262;BR-101/ES;Norte;Engavetamento;3;0;0;0;0;0;0;0;;;3;0;0;0;0
06/04/2018;16:16:00;274;Acidente sem vítima;284;BR-101/ES;Norte;Saída de Pista;1;0;0;0;0;0;0;0;;;2;0;0;0;0
06/04/2018;18:43:00;309;Acidente sem vítima;59;BR-101/ES;Norte;Colisão Traseira;2;0;0;0;0;0;0;0;;;4;0;0;0;0
06/04/2018;18:53:00;314;Acidente sem vítima;266;BR-101/ES;Norte;Colisão Transversal;1;0;0;0;1;0;0;0;;;2;0;0;0;0
06/04/2018;20:38:00;344;Acidente com vítima;398;BR-101/ES;Sul;Choque com Objeto Fixo;1;0;0;0;1;0;0;0;;;1;1;0;0;0
06/04/2018;21:06:00;350;Acidente com vítima;147;BR-101/ES;Sul;Colisão Lateral;1;0;0;1;0;0;0;0;;;2;1;1;0;0
06/04/2018;22:29:00;371;Acidente com vítima;147;BR-101/ES;Norte;Colisão Transversal;1;0;0;1;0;0;0;0;;;3;0;1;0;0
06/04/2018;23:56:00;403;Acidente sem vítima;269,5;BR-101/ES;Sul;Colisão Lateral;1;0;0;0;0;0;0;3;;;2;0;0;0;0
07/04/2018;07:14:00;81;Acidente sem vítima;263;BR-101/ES;Norte;Colisão Traseira;2;0;0;0;0;0;0;0;;;2;0;0;0;0
07/04/2018;08:10:00;95;Acidente com vítima;254;BR-101/ES;Sul;Queda de Moto;0;0;0;1;0;0;0;0;;;1;0;1;0;0
07/04/2018;10:05:00;133;Acidente com vítima;147;BR-101/ES;Sul;Colisão Transversal;1;0;0;1;0;0;0;0;;;1;2;0;0;0
07/04/2018;10:30:00;140;Acidente sem vítima;274;BR-101/ES;Norte;Colisão Lateral;1;0;1;0;0;0;0;0;;;3;0;0;0;0
07/04/2018;11:11:00;153;Acidente sem vítima;260;BR-101/ES;Norte;Colisão Lateral;1;0;1;0;0;0;0;0;;;3;0;0;0;0
07/04/2018;12:11:00;175;Acidente com vítima;337;BR-101/ES;Norte;Saída de Pista;1;0;0;0;0;0;0;0;;;0;1;0;0;0
07/04/2018;14:19:00;229;Acidente sem vítima;44;BR-101/ES;Sul;Saída de Pista;1;0;0;0;0;0;0;0;;;1;0;0;0;0
07/04/2018;14:54:00;239;Acidente sem vítima;363;BR-101/ES;Norte;Choque com Objeto Fixo;1;0;0;0;0;0;0;0;;;1;0;0;0;0
07/04/2018;18:08:00;292;Acidente com vítima;280;BR-101/ES;Sul;Saída de Pista;1;0;0;0;0;0;0;0;;;0;0;2;0;0
07/04/2018;19:01:00;296;Acidente sem vítima;126;BR-101/ES;Norte;Colisão Traseira;1;0;1;0;0;0;0;0;;;2;0;0;0;0
07/04/2018;19:45:00;308;Acidente com vítima;147;BR-101/ES;Norte;Colisão Transversal;1;0;0;1;0;0;0;0;;;3;1;0;0;0
07/04/2018;21:07:00;319;Acidente com vítima;127;BR-101/ES;Sul;Colisão Frontal;0;0;0;2;0;0;0;0;;;2;1;0;0;0
08/04/2018;00:31:00;8;Acidente com vítima;315;BR-101/ES;Norte;Queda de Moto;0;0;0;1;0;0;0;0;;;0;2;0;0;0
08/04/2018;08:26:00;90;Acidente com vítima;222;BR-101/ES;Sul;Tombamento;0;0;0;0;0;0;0;2;;;0;1;0;0;0
08/04/2018;12:39:00;171;Acidente com vítima;98;BR-101/ES;Sul;Colisão Lateral;2;0;0;0;0;0;0;3;;;6;0;0;1;0
08/04/2018;18:06:00;262;Acidente sem vítima;145;BR-101/ES;Sul;Colisão Transversal;2;0;0;0;0;0;0;0;;;4;0;0;0;0
08/04/2018;18:07:00;263;Acidente sem vítima;255;BR-101/ES;Sul;Colisão Traseira;2;0;0;0;0;0;0;0;;;2;0;0;0;0
08/04/2018;18:26:00;264;Acidente sem vítima;255;BR-101/ES;Norte;Engavetamento;4;0;0;0;0;0;0;0;;;6;0;0;0;0
08/04/2018;20:52:00;287;Acidente sem vítima;258;BR-101/ES;Sul;Colisão Traseira;2;0;0;0;0;0;0;0;;;2;0;0;0;0
08/04/2018;20:54:00;288;Acidente sem vítima;159;BR-101/ES;Sul;Saída de Pista;1;0;0;0;0;0;0;0;;;2;0;0;0;0
09/04/2018;06:04:00;78;Acidente sem vítima;52;BR-101/ES;Norte;Saída de Pista;0;0;0;0;0;0;0;2;;;1;0;0;0;0
09/04/2018;07:22:00;102;Acidente com vítima;110;BR-101/ES;Sul;Saída de Pista;1;0;0;0;0;0;0;0;;;0;1;0;0;0
09/04/2018;09:00:00;140;Acidente com vítima;390;BR-101/ES;Sul;Colisão Lateral;0;0;2;0;0;0;0;0;;;2;1;0;0;0
09/04/2018;11:14:00;189;Atropelamento sem morte;288;BR-101/ES;Sul;Atropelamento;1;0;0;0;0;0;0;0;;;0;1;1;0;0
09/04/2018;11:44:00;204;Acidente sem vítima;267;BR-101/ES;Sul;Colisão Traseira;2;0;0;0;0;0;0;0;;;2;0;0;0;0
09/04/2018;16:33:00;315;Acidente sem vítima;230;BR-101/ES;Norte;Colisão Traseira;0;0;0;0;0;0;0;5;;;2;0;0;0;0
09/04/2018;21:57:00;388;Acidente com morte;269;BR-101/ES;Norte;Danos Eventuais;0;0;0;0;1;0;0;0;;;0;0;0;0;1
09/04/2018;22:08:00;392;Acidente com vítima;255;BR-101/ES;Sul;Colisão Lateral;1;0;0;0;1;0;0;0;;;10;1;0;0;0
10/04/2018;08:28:00;115;Acidente sem vítima;266,7;BR-101/ES;Sul;Engavetamento;3;0;0;0;0;0;0;0;;;7;0;0;0;0
10/04/2018;10:34:00;162;Acidente sem vítima;288;BR-101/ES;Norte;Engavetamento;1;0;0;0;0;0;0;4;;;4;0;0;0;0
10/04/2018;10:59:00;171;Acidente sem vítima;269;BR-101/ES;Norte;Engavetamento;3;0;0;0;0;0;0;0;;;3;0;0;0;0
10/04/2018;13:22:00;218;Acidente sem vítima;399;BR-101/ES;Norte;Colisão Traseira;0;0;0;0;0;0;0;4;;;2;0;0;0;0
10/04/2018;14:30:00;237;Acidente sem vítima;268;BR-101/ES;Sul;Colisão Traseira;1;0;0;0;1;0;0;0;;;3;0;0;0;0
10/04/2018;18:06:00;288;Atropelamento sem morte;143;BR-101/ES;Sul;Atropelamento;1;1;0;0;0;0;0;0;;;1;0;1;0;0
10/04/2018;20:02:00;309;Acidente sem vítima;249;BR-101/ES;Norte;Atropelamento Animal;1;0;0;0;0;0;0;0;;;3;0;0;0;0
10/04/2018;21:20:00;327;Acidente com vítima;213;BR-101/ES;Sul;Colisão Lateral;0;0;0;2;0;0;0;0;;;0;2;0;0;0
10/04/2018;23:18:00;359;Acidente com vítima;226;BR-101/ES;Sul;Saída de Pista;0;0;0;0;0;0;0;3;;;0;1;0;0;0
11/04/2018;02:22:00;47;Acidente sem vítima;286;BR-101/ES;Sul;Choque com Objeto Fixo;1;0;0;0;0;0;0;0;;;2;0;0;0;0
11/04/2018;09:06:00;146;Acidente sem vítima;145;BR-101/ES;Norte;Colisão Traseira;1;0;1;0;0;0;0;0;;;2;0;0;0;0
11/04/2018;14:09:00;244;Acidente sem vítima;277;BR-101/ES;Norte;Queda de Moto;0;0;0;1;0;0;0;0;;;2;0;0;0;0
12/04/2018;11:27:00;176;Acidente sem vítima;266;BR-101/ES;Sul;Colisão Lateral;1;0;1;0;0;0;0;0;;;2;0;0;0;0
12/04/2018;11:59:00;190;Acidente com vítima;81;BR-101/ES;Norte;Queda de Moto;0;0;0;1;0;0;0;0;;;0;1;0;0;0
12/04/2018;14:08:00;238;Acidente com vítima;270;BR-101/ES;Sul;Queda de Moto;1;0;0;0;0;0;0;0;;;0;0;2;0;0
12/04/2018;14:54:00;245;Acidente sem vítima;287;BR-101/ES;Norte;Colisão Traseira;2;0;0;0;0;0;0;0;;;2;0;0;0;0
12/04/2018;17:09:00;291;Acidente sem vítima;110;BR-101/ES;Norte;Choque;1;0;1;0;0;0;0;0;;;6;0;0;0;0
12/04/2018;21:48:00;357;Acidente sem vítima;270;BR-101/ES;Sul;Atropelamento Animal;1;0;0;0;0;0;0;0;;;1;0;0;0;0
12/04/2018;23:27:00;384;Acidente sem vítima;2,9;BR-101/ES;Sul;Saída de Pista;0;0;0;0;0;0;0;3;;;1;0;0;0;0
13/04/2018;13:07:00;229;Acidente sem vítima;135;BR-101/ES;Norte;Saída de Pista;1;0;0;0;0;0;0;0;;;1;0;0;0;0
13/04/2018;14:12:00;253;Acidente sem vítima;219;BR-101/ES;Sul;Engavetamento;1;0;2;0;0;0;0;0;;;5;0;0;0;0
13/04/2018;15:38:00;277;Acidente com vítima;299;BR-101/ES;Sul;Queda de ciclista;0;1;0;0;0;0;0;0;;;0;0;1;0;0
13/04/2018;16:16:00;288;Acidente com vítima;269;BR-101/ES;Sul;Colisão Transversal;0;1;0;1;0;0;0;0;;;0;0;2;0;0
13/04/2018;17:58:00;321;Acidente com vítima;255;BR-101/ES;Norte;Colisão Transversal;1;0;0;1;0;0;0;0;;;1;0;1;0;0
13/04/2018;18:22:00;326;Acidente com vítima;367;BR-101/ES;Norte;Queda de Moto;0;0;0;1;0;0;0;0;;;0;1;0;0;0
13/04/2018;18:53:00;334;Acidente sem vítima;269;BR-101/ES;Sul;Colisão Lateral;1;0;1;0;0;0;0;0;;;5;0;0;0;0
13/04/2018;22:58:00;399;Acidente sem vítima;404;BR-101/ES;Norte;Atropelamento de Bovino;0;0;1;0;0;0;0;0;;;2;0;0;0;0
14/04/2018;01:31:00;27;Acidente sem vítima;146;BR-101/ES;Norte;Colisão Traseira;1;0;0;1;0;0;0;0;;;5;0;0;0;0
14/04/2018;12:26:00;205;Acidente sem vítima;263;BR-101/ES;Sul;Capotamento;1;0;0;0;0;0;0;0;;;2;0;0;0;0
14/04/2018;12:34:00;213;Acidente sem vítima;266;BR-101/ES;Sul;Engavetamento;3;0;0;0;0;0;0;0;;;3;0;0;0;0
14/04/2018;13:19:00;225;Acidente com vítima;320;BR-101/ES;Sul;Colisão Traseira;0;0;0;1;0;0;0;2;;;1;0;0;1;0
14/04/2018;13:56:00;239;Acidente com vítima;310,4;BR-101/ES;Norte;Colisão Traseira;0;1;0;0;1;0;0;0;;;1;0;0;1;0
14/04/2018;15:43:00;278;Acidente com vítima;452;BR-101/ES;Sul;Colisão Lateral;1;0;0;0;0;0;0;2;;;1;1;0;0;0
14/04/2018;20:30:00;358;Acidente sem vítima;263;BR-101/ES;Sul;Colisão Traseira;2;0;0;0;0;0;0;0;;;2;0;0;0;0
14/04/2018;20:35:00;359;Acidente com vítima;270;BR-101/ES;Norte;Colisão Traseira;1;0;0;0;0;0;0;2;;;3;0;1;0;0
14/04/2018;21:00:00;364;Acidente com vítima;285;BR-101/ES;Sul;Queda de Moto;0;0;0;1;0;0;0;0;;;0;1;0;0;0
15/04/2018;01:52:00;33;Acidente com vítima;954;BR-101/BA;Norte;Saída de Pista;0;0;0;1;0;0;0;0;;;0;1;0;0;0
15/04/2018;03:55:00;56;Acidente sem vítima;143;BR-101/ES;Norte;Saída de Pista;1;0;0;0;0;0;0;0;;;1;0;0;0;0
15/04/2018;08:03:00;97;Acidente sem vítima;411;BR-101/ES;Norte;Saída de Pista;1;0;0;0;0;0;0;0;;;1;0;0;0;0
15/04/2018;11:32:00;146;Acidente com vítima;217;BR-101/ES;Norte;Colisão Traseira;1;0;0;1;0;0;0;0;;;4;2;0;0;0
15/04/2018;13:49:00;194;Acidente sem vítima;284;BR-101/ES;Norte;Choque com Objeto Fixo;1;0;0;0;0;0;0;0;;;2;0;0;0;0
15/04/2018;14:16:00;203;Acidente sem vítima;454;BR-101/ES;Sul;Capotamento;1;0;0;0;0;0;0;0;;;2;0;0;0;0
15/04/2018;14:55:00;207;Acidente sem vítima;264;BR-101/ES;Norte;Colisão Transversal;1;0;0;1;0;0;0;0;;;4;0;0;0;0
15/04/2018;15:41:00;220;Acidente sem vítima;159;BR-101/ES;Sul;Colisão Transversal;1;0;0;1;0;0;0;0;;;2;0;0;0;0
15/04/2018;16:46:00;241;Acidente com morte;447;BR-101/ES;Norte;Choque com Objeto Fixo;0;0;0;1;0;0;0;0;;;0;0;0;0;1
15/04/2018;18:20:00;266;Acidente com vítima;214;BR-101/ES;Sul;Queda de Moto;0;0;0;1;0;0;0;0;;;0;1;0;0;0
15/04/2018;19:16:00;279;Acidente com vítima;383;BR-101/ES;Sul;Saída de Pista;1;0;0;0;0;0;0;0;;;1;1;0;0;0
16/04/2018;00:08:00;3;Acidente com vítima;255;BR-101/ES;Norte;Colisão Traseira;1;0;0;1;0;0;0;0;;;1;0;1;0;0
16/04/2018;02:43:00;42;Acidente sem vítima;407;BR-101/ES;Sul;Colisão Traseira;1;0;0;0;0;0;0;3;;;4;0;0;0;0
16/04/2018;08:09:00;116;Acidente sem vítima;280;BR-101/ES;Sul;Saída de Pista;1;0;0;0;0;0;0;0;;;3;0;0;0;0
16/04/2018;08:59:00;136;Acidente sem vítima;284;BR-101/ES;Norte;Saída de Pista;1;0;0;0;0;0;0;0;;;1;0;0;0;0
16/04/2018;09:54:00;158;Acidente sem vítima;260;BR-101/ES;Norte;Colisão Lateral;1;0;0;0;1;0;0;0;;;3;0;0;0;0
16/04/2018;10:45:00;189;Acidente sem vítima;264;BR-101/ES;Norte;Colisão Transversal;2;0;0;0;0;0;0;0;;;2;0;0;0;0
16/04/2018;11:44:00;217;Acidente com vítima;249;BR-101/ES;Sul;Queda de Moto;0;0;0;1;0;0;0;0;;;0;1;1;0;0
16/04/2018;14:33:00;290;Acidente com vítima;46;BR-101/ES;Norte;Colisão Traseira;1;0;1;0;0;0;0;0;;;3;0;1;0;0
16/04/2018;15:26:00;308;Acidente sem vítima;284;BR-101/ES;Norte;Saída de Pista;1;0;0;0;0;0;0;0;;;1;0;0;0;0
16/04/2018;15:46:00;318;Acidente sem vítima;263;BR-101/ES;Sul;Choque com Objeto Fixo;1;0;0;0;0;0;0;0;;;1;0;0;0;0
16/04/2018;16:34:00;343;Acidente sem vítima;295;BR-101/ES;Norte;Colisão Lateral;1;0;0;0;0;0;0;2;;;2;0;0;0;0
16/04/2018;18:15:00;375;Atropelamento sem morte;69;BR-101/ES;Norte;Atropelamento;1;0;0;0;0;0;0;0;;;1;0;1;0;0
16/04/2018;18:54:00;380;Acidente com vítima;266;BR-101/ES;Sul;Queda de Moto;0;0;0;1;0;0;0;0;;;0;0;1;0;0
16/04/2018;21:28:00;405;Acidente sem vítima;459;BR-101/ES;Norte;Saída de Pista;1;0;0;0;0;0;0;0;;;2;0;0;0;0
17/04/2018;05:03:00;73;Acidente sem vítima;258;BR-101/ES;Norte;Atropelamento de Equino;0;0;1;0;0;0;0;0;;;2;0;0;0;0
17/04/2018;08:32:00;121;Atropelamento sem morte;270;BR-101/ES;Sul;Atropelamento;0;0;0;1;0;0;0;0;;;0;1;0;1;0
17/04/2018;16:15:00;291;Acidente com vítima;414;BR-101/ES;Sul;Colisão Transversal;2;0;0;0;0;0;0;0;;;2;0;1;0;0
17/04/2018;16:56:00;305;Acidente com vítima;264;BR-101/ES;Norte;Colisão Lateral;2;0;0;0;0;0;0;0;;;1;0;1;0;0
17/04/2018;17:11:00;312;Acidente sem vítima;365;BR-101/ES;Sul;Choque com Objeto Fixo;1;0;0;0;0;0;0;0;;;2;0;0;0;0
17/04/2018;17:35:00;320;Acidente sem vítima;66,3;BR-101/ES;Sul;Colisão Traseira;2;0;0;0;0;0;0;0;;;2;0;0;0;0
17/04/2018;19:35:00;352;Acidente sem vítima;275;BR-101/ES;Norte;Choque com Objeto Fixo;1;0;0;0;0;0;0;0;;;2;0;0;0;0