data;horario;n_da_ocorrencia;tipo_de_ocorrencia;km;trecho;sentido;tipo_de_acidente;automovel;bicicleta;caminhao;moto;onibus;outros;tracao_animal;transporte_de_cargas_especiais;trator_maquinas;utilitarios;ilesos;levemente_feridos;moderadamente_feridos;gravemente_feridos;mortos
10/05/2018;17:00:00;323;Acidente sem vítima;262;BR-101/ES;Norte;Colisão Traseira;1;0;1;0;0;1;0;0;;;2;0;0;0;0
10/05/2018;20:55:00;386;Acidente sem vítima;273;BR-101/ES;Sul;Saída de Pista;1;0;0;0;0;0;0;0;;;1;0;0;0;0
11/05/2018;03:26:00;40;Acidente sem vítima;278;BR-101/ES;Sul;Saída de Pista;1;0;0;0;0;0;0;0;;;2;0;0;0;0
11/05/2018;05:03:00;57;Acidente sem vítima;139;BR-101/ES;Norte;Choque com Objeto Fixo;1;0;0;0;0;0;0;0;;;1;0;0;0;0
11/05/2018;05:43:00;65;Acidente sem vítima;264;BR-101/ES;Sul;Colisão Traseira;2;0;0;0;0;0;0;0;;;2;0;0;0;0
11/05/2018;06:49:00;76;Acidente sem vítima;263;BR-101/ES;Sul;Engavetamento;3;0;0;0;0;0;0;0;;;3;0;0;0;0
11/05/2018;10:12:00;154;Acidente com vítima;20;BR-101/ES;Sul;Saída de Pista;1;0;0;0;0;0;0;0;;;1;0;1;0;0
11/05/2018;11:52:00;201;Acidente sem vítima;266;BR-101/ES;Norte;Colisão Traseira;2;0;0;0;0;0;0;2;;;2;0;0;0;0
11/05/2018;13:24:00;243;Acidente sem vítima;264;BR-101/ES;Norte;Colisão Traseira;1;0;1;0;0;0;0;0;;;2;0;0;0;0
11/05/2018;13:30:00;247;Acidente com vítima;377;BR-101/ES;Norte;Colisão Traseira;1;0;0;1;0;0;0;0;;;1;0;1;0;0
11/05/2018;14:30:00;265;Acidente com vítima;358;BR-101/ES;Norte;Colisão Traseira;1;0;0;1;0;0;0;0;;;2;0;1;0;0
11/05/2018;17:01:00;322;Acidente sem vítima;305;BR-101/ES;Sul;Colisão Lateral;2;0;0;0;0;0;0;0;;;1;0;0;0;0
11/05/2018;18:37:00;354;Acidente sem vítima;269;BR-101/ES;Sul;Engavetamento;3;0;1;0;0;0;0;1;;;5;0;0;0;0
11/05/2018;19:49:00;373;Acidente com vítima;208;BR-101/ES;Sul;Colisão Traseira;2;0;0;0;0;0;0;0;;;5;1;0;0;0
11/05/2018;22:01:00;407;Acidente com vítima;141;BR-101/ES;Sul;Queda de Moto;1;0;0;1;0;0;0;0;;;1;0;0;1;0
12/05/2018;07:15:00;87;Acidente com vítima;288;BR-101/ES;Sul;Capotamento;1;0;0;0;0;0;0;0;;;0;1;0;0;0
12/05/2018;09:01:00;120;Atropelamento sem morte;17;BR-101/ES;Norte;Atropelamento e Fuga;0;0;0;1;0;0;0;0;;;1;1;0;0;0
12/05/2018;10:16:00;151;Acidente com vítima;120;BR-101/ES;Sul;Queda de Moto;0;0;0;1;0;0;0;0;;;1;1;0;0;0
12/05/2018;12:02:00;206;Acidente com vítima;303;BR-101/ES;Norte;Colisão Lateral;0;1;0;0;1;0;0;0;;;2;1;0;0;0
12/05/2018;12:40:00;225;Acidente sem vítima;304,9;BR-101/ES;Norte;Colisão Lateral;1;0;0;0;0;0;0;1;;;3;0;0;0;0
12/05/2018;12:50:00;230;Acidente sem vítima;138;BR-101/ES;Norte;Queda de Moto;1;0;0;0;0;0;0;0;;;1;0;0;0;0
12/05/2018;15:09:00;278;Atropelamento sem morte;259;BR-101/ES;Norte;Atropelamento;0;0;0;0;0;0;0;2;;;1;0;0;1;0
12/05/2018;15:48:00;293;Acidente com vítima;41;BR-101/ES;Norte;Saída de Pista;1;0;0;0;0;0;0;0;;;0;0;1;0;0
12/05/2018;18:58:00;338;Acidente com vítima;271;BR-101/ES;Norte;Colisão Transversal;1;0;0;1;0;0;0;0;;;1;1;1;0;0
12/05/2018;21:11:00;368;Acidente sem vítima;355;BR-101/ES;Sul;Colisão Transversal;1;0;0;0;0;0;0;2;;;3;0;0;0;0
12/05/2018;22:32:00;392;Acidente sem vítima;135;BR-101/ES;Sul;Saída de Pista;1;0;0;0;0;0;0;0;;;1;0;0;0;0
13/05/2018;06:51:00;76;Acidente com vítima;143,8;BR-101/ES;Sul;Capotamento;1;0;0;0;0;0;0;0;;;2;3;0;0;0
13/05/2018;10:51:00;135;Acidente com vítima;300;BR-101/ES;Norte;Choque com Objeto Fixo;0;0;0;1;0;0;0;0;;;0;0;1;1;0
13/05/2018;15:06:00;215;Atropelamento sem morte;265;BR-101/ES;Norte;Atropelamento;0;0;0;1;0;0;0;0;;;0;0;2;1;0
13/05/2018;15:54:00;227;Acidente com vítima;364;BR-101/ES;Sul;Queda de Moto;0;0;0;1;0;0;0;0;;;0;0;1;0;0
13/05/2018;17:35:00;262;Acidente com vítima;191;BR-101/ES;Norte;Queda de Moto;0;0;0;1;0;0;0;0;;;0;0;1;0;0
13/05/2018;18:34:00;274;Acidente com vítima;259;BR-101/ES;Sul;Colisão Traseira;2;0;0;0;0;0;0;0;;;8;0;1;0;0
13/05/2018;19:10:00;280;Acidente sem vítima;258;BR-101/ES;Sul;Colisão Traseira;2;0;0;0;0;0;0;0;;;2;0;0;0;0
13/05/2018;19:24:00;284;Acidente sem vítima;120;BR-101/ES;Sul;Colisão Traseira;2;0;0;0;0;0;0;0;;;2;0;0;0;0
13/05/2018;19:46:00;288;Acidente com vítima;141;BR-101/ES;Sul;Colisão Traseira;1;0;0;3;0;0;0;0;;;1;5;1;0;0
13/05/2018;22:14:00;315;Acidente com vítima;310;BR-101/ES;Norte;Saída de Pista;1;0;0;0;0;0;0;0;;;0;0;1;0;0
14/05/2018;07:15:00;87;Acidente com vítima;212;BR-101/ES;Norte;Colisão Traseira;0;0;0;1;0;0;0;1;;;0;0;2;0;0
14/05/2018;07:45:00;104;Acidente sem vítima;262;BR-101/ES;Sul;Engavetamento;4;0;0;0;0;0;0;0;;;7;0;0;0;0
14/05/2018;08:30:00;120;Acidente sem vítima;261;BR-101/ES;Sul;Colisão Traseira;1;0;0;0;1;0;0;0;;;3;0;0;0;0
14/05/2018;09:46:00;153;Acidente sem vítima;321;BR-101/ES;Sul;Colisão Traseira;1;0;0;0;0;0;0;1;;;2;0;0;0;0
14/05/2018;13:33:00;249;Acidente sem vítima;386;BR-101/ES;Sul;Saída de Pista;1;0;0;0;0;0;0;0;;;2;0;0;0;0
14/05/2018;13:41:00;253;Acidente sem vítima;398;BR-101/ES;Sul;Saída de Pista;1;0;0;0;0;0;0;0;;;1;0;0;0;0
14/05/2018;15:29:00;291;Acidente sem vítima;284;BR-101/ES;Norte;Choque com Objeto Fixo;1;0;0;0;0;0;0;0;;;1;0;0;0;0
14/05/2018;15:51:00;300;Acidente com vítima;266;BR-101/ES;Norte;Colisão Traseira;2;0;0;0;0;0;0;0;;;5;1;0;0;0
14/05/2018;16:00:00;303;Acidente sem vítima;277;BR-101/ES;Norte;Saída de Pista;0;0;0;0;0;0;0;2;;;1;0;0;0;0
14/05/2018;19:18:00;358;Acidente com vítima;297;BR-101/ES;Sul;Colisão Traseira;1;0;0;1;0;0;0;0;;;1;0;1;0;0
14/05/2018;19:20:00;359;Acidente sem vítima;349;BR-101/ES;Norte;Saída de Pista;0;0;0;1;0;0;0;0;;;1;0;0;0;0
15/05/2018;00:41:00;10;Acidente sem vítima;407,8;BR-101/ES;Norte;Saída de Pista;0;0;1;0;0;0;0;0;;;3;0;0;0;0
15/05/2018;06:00:00;59;Acidente sem vítima;304;BR-101/ES;Norte;Colisão Lateral;0;0;1;0;1;0;0;1;;;2;0;0;0;0
15/05/2018;06:22:00;62;Acidente sem vítima;260;BR-101/ES;Sul;Saída de Pista;1;0;0;0;0;0;0;0;;;2;0;0;0;0
15/05/2018;06:52:00;67;Acidente com vítima;126;BR-101/ES;Sul;Colisão Transversal;1;1;0;0;0;0;0;0;;;1;1;0;0;0
15/05/2018;07:16:00;74;Acidente sem vítima;286;BR-101/ES;Norte;Colisão Traseira;0;0;0;0;0;0;0;5;;;2;0;0;0;0
15/05/2018;07:40:00;80;Acidente sem vítima;266;BR-101/ES;Sul;Colisão Traseira;2;0;0;0;0;0;0;0;;;2;0;0;0;0
15/05/2018;09:16:00;112;Acidente com morte;245;BR-101/ES;Sul;Colisão Lateral;3;0;1;0;0;0;0;2;;;4;0;3;1;1
15/05/2018;13:20:00;204;Acidente sem vítima;284,5;BR-101/ES;Sul;Choque com Objeto Fixo;1;0;0;0;0;0;0;0;;;1;0;0;0;0
15/05/2018;15:29:00;248;Acidente sem vítima;213;BR-101/ES;Norte;Colisão Traseira;0;0;2;0;0;0;0;0;;;2;0;0;0;0
15/05/2018;16:59:00;281;Acidente com vítima;21;BR-101/ES;Sul;Queda de Moto;0;0;0;1;0;0;0;0;;;0;1;0;0;0
15/05/2018;17:43:00;300;Acidente com vítima;68,6;BR-101/ES;Sul;Colisão Traseira;0;1;0;1;0;0;0;0;;;0;0;0;2;0
15/05/2018;17:52:00;301;Acidente com vítima;292;BR-101/ES;Sul;Colisão Lateral;1;0;0;1;0;0;0;0;;;1;1;0;0;0
16/05/2018;03:34:00;42;Acidente com vítima;29,15;BR-101/ES;Sul;Tombamento;0;0;0;0;0;0;0;4;;;0;0;1;0;0
16/05/2018;04:51:00;49;Acidente com vítima;380;BR-101/ES;Norte;Saída de Pista;1;0;0;0;0;0;0;0;;;0;0;1;0;0
16/05/2018;08:04:00;94;Acidente sem vítima;259;BR-101/ES;Sul;Colisão Traseira;1;0;1;0;0;0;0;0;;;2;0;0;0;0
16/05/2018;10:07:00;142;Acidente com vítima;298;BR-101/ES;Sul;Queda de Moto;0;0;0;1;0;0;0;0;;;0;0;1;0;0
16/05/2018;12:08:00;188;Acidente sem vítima;206;BR-101/ES;Sul;Colisão Traseira;0;0;2;0;0;0;0;0;;;3;0;0;0;0
16/05/2018;12:38:00;201;Acidente sem vítima;129;BR-101/ES;Sul;Colisão Traseira;0;0;0;0;1;0;0;2;;;15;0;0;0;0
16/05/2018;14:15:00;240;Acidente sem vítima;213;BR-101/ES;Norte;Colisão Transversal;1;0;1;0;0;0;0;0;;;2;0;0;0;0
16/05/2018;15:25:00;258;Acidente com vítima;176;BR-101/ES;Norte;Queda de Moto;0;0;0;1;0;0;0;0;;;0;1;0;0;0
16/05/2018;16:17:00;270;Atropelamento sem morte;358;BR-101/ES;Sul;Atropelamento;0;0;1;1;0;0;0;0;;;0;2;1;0;0
16/05/2018;16:26:00;275;Acidente sem vítima;297,9;BR-101/ES;Norte;Colisão Traseira;2;0;0;0;0;0;0;0;;;3;0;0;0;0
16/05/2018;18:53:00;317;Acidente com morte;268;BR-101/ES;Sul;Colisão Traseira;0;0;0;1;0;0;0;3;;;1;0;0;0;1
17/05/2018;12:11:00;201;Acidente com vítima;343;BR-101/ES;Sul;Colisão Lateral;1;0;0;0;0;0;0;4;;;2;0;1;0;0
17/05/2018;12:51:00;219;Acidente com vítima;270;BR-101/ES;Sul;Queda de Moto;0;0;0;1;0;0;0;0;;;0;1;0;0;0
17/05/2018;16:14:00;284;Acidente sem vítima;276;BR-101/ES;Sul;Colisão Traseira;1;0;0;0;0;0;0;2;;;3;0;0;0;0
17/05/2018;18:09:00;317;Acidente com vítima;22;BR-101/ES;Norte;Queda de Moto;0;0;0;1;0;0;0;0;;;0;0;1;0;0
17/05/2018;21:46:00;357;Acidente sem vítima;269,5;BR-101/ES;Sul;Colisão Traseira;1;0;0;0;0;0;0;3;;;2;0;0;0;0
17/05/2018;22:35:00;371;Acidente sem vítima;276;BR-101/ES;Norte;Colisão Traseira;2;0;0;0;0;0;0;0;;;2;0;0;0;0
18/05/2018;07:20:00;95;Acidente sem vítima;109;BR-101/ES;Sul;Saída de Pista;1;0;0;0;0;0;0;0;;;1;0;0;0;0
18/05/2018;07:29:00;96;Acidente sem vítima;376,3;BR-101/ES;Norte;Colisão Traseira;0;0;1;0;0;0;0;3;;;1;0;0;0;0
18/05/2018;07:53:00;105;Acidente com vítima;301;BR-101/ES;Sul;Colisão Traseira;1;0;1;0;0;0;0;0;;;1;0;2;0;0
18/05/2018;08:17:00;113;Acidente com vítima;267;BR-101/ES;Sul;Colisão Lateral;1;0;0;1;0;0;0;0;;;1;0;1;0;0
18/05/2018;18:21:00;345;Acidente com vítima;147;BR-101/ES;Sul;Colisão Transversal;2;0;0;0;0;0;0;0;;;1;0;1;0;0
18/05/2018;18:26:00;347;Acidente sem vítima;281;BR-101/ES;Sul;Colisão Lateral;2;0;0;1;0;0;0;0;;;3;0;0;0;0
18/05/2018;18:55:00;355;Acidente sem vítima;251;BR-101/ES;Norte;Colisão Traseira;2;0;0;0;0;0;0;0;;;7;0;0;0;0
18/05/2018;19:49:00;372;Acidente com vítima;268;BR-101/ES;Sul;Colisão Traseira;2;0;0;1;0;0;0;0;;;2;0;1;0;0
18/05/2018;21:23:00;402;Acidente sem vítima;66;BR-101/ES;Norte;Colisão Lateral;1;0;0;1;0;0;0;0;;;2;0;0;0;0
18/05/2018;21:24:00;403;Acidente com vítima;269;BR-101/ES;Sul;Engavetamento;1;0;1;0;0;0;0;2;;;2;0;1;0;0
18/05/2018;21:31:00;407;Acidente sem vítima;269;BR-101/ES;Norte;Colisão Lateral;3;0;0;0;0;0;0;0;;;4;0;0;0;0
19/05/2018;01:11:00;24;Acidente com vítima;68;BR-101/ES;Sul;Choque com Objeto Fixo;0;0;0;1;0;0;0;0;;;0;0;2;0;0
19/05/2018;01:37:00;28;Acidente sem vítima;267,9;BR-101/ES;Norte;Choque com Objeto Fixo;1;0;0;0;0;0;0;0;;;2;0;0;0;0
19/05/2018;04:01:00;62;Acidente sem vítima;385;BR-101/ES;Sul;Choque com Objeto Fixo;1;0;0;0;0;0;0;0;;;1;0;0;0;0
19/05/2018;04:17:00;64;Acidente sem vítima;223;BR-101/ES;Norte;Saída de Pista;0;0;1;0;0;0;0;1;;;1;0;0;0;0
19/05/2018;05:49:00;83;Acidente com vítima;269;BR-101/ES;Sul;Queda de Moto;0;0;0;1;0;0;0;0;;;0;0;1;0;0
19/05/2018;05:49:00;84;Acidente com vítima;310,5;BR-101/ES;Norte;Capotamento;0;0;1;0;0;0;0;0;;;0;0;0;1;0
19/05/2018;09:44:00;144;Acidente sem vítima;414;BR-101/ES;Sul;Colisão Traseira;2;0;0;0;0;0;0;0;;;6;0;0;0;0
19/05/2018;12:29:00;214;Acidente com vítima;329;BR-101/ES;Sul;Saída de Pista;0;0;0;0;0;0;0;2;;;0;0;1;0;0
19/05/2018;13:43:00;249;Acidente sem vítima;262;BR-101/ES;Norte;Engavetamento;4;0;0;0;0;0;0;0;;;20;0;0;0;0
19/05/2018;13:53:00;252;Acidente com vítima;143;BR-101/ES;Sul;Colisão Lateral;0;1;0;0;0;0;0;2;;;1;0;0;1;0
19/05/2018;14:42:00;266;Acidente sem vítima;288;BR-101/ES;Sul;Saída de Pista;1;0;0;0;0;0;0;0;;;1;0;0;0;0
19/05/2018;16:14:00;296;Atropelamento sem morte;140;BR-101/ES;Norte;Atropelamento e Fuga;0;0;0;1;0;0;0;0;;;1;1;0;0;0
19/05/2018;17:30:00;322;Acidente com vítima;177;BR-101/ES;Sul;Colisão Lateral;2;0;0;0;0;0;0;0;;;1;0;1;0;0
19/05/2018;20:55:00;368;Acidente com vítima;377;BR-101/ES;Sul;Colisão Transversal;1;0;0;1;0;0;0;0;;;1;0;1;0;0
20/05/2018;02:13:00;42;Acidente com vítima;130,4;BR-101/ES;Norte;Saída de Pista;1;0;0;0;0;0;0;0;;;0;1;0;1;0
20/05/2018;03:49:00;57;Acidente com vítima;148;BR-101/ES;Norte;Queda de Moto;0;0;0;1;0;0;0;0;;;0;1;0;0;0
20/05/2018;04:08:00;61;Acidente com morte;80;BR-101/ES;Norte;Colisão Traseira;1;0;0;2;0;1;0;0;;;0;0;0;3;1
20/05/2018;04:26:00;62;Acidente sem vítima;290;BR-101/ES;Sul;Queda de Moto;0;0;0;1;0;0;0;0;;;1;0;0;0;0
20/05/2018;06:51:00;81;Acidente sem vítima;270;BR-101/ES;Sul;Colisão Traseira;2;0;0;0;0;0;0;0;;;2;0;0;0;0
20/05/2018;11:01:00;148;Acidente com vítima;49,9;BR-101/ES;Sul;Choque com Objeto Fixo;1;0;0;0;0;0;0;0;;;2;1;2;0;0
20/05/2018;11:41:00;169;Acidente com vítima;209;BR-101/ES;Norte;Queda de Moto;0;0;0;1;0;0;0;0;;;0;0;2;0;0
20/05/2018;11:56:00;175;Acidente com vítima;15;BR-101/ES;Sul;Colisão Lateral;1;0;0;1;0;0;0;0;;;5;1;1;0;0
20/05/2018;13:13:00;198;Acidente sem vítima;238,5;BR-101/ES;Norte;Colisão Traseira;2;0;0;1;0;0;0;0;;;5;0;0;0;0
20/05/2018;15:29:00;230;Acidente com vítima;275;BR-101/ES;Norte;Saída de Pista;1;0;0;0;0;0;0;0;;;0;0;2;0;0
20/05/2018;15:39:00;232;Acidente com vítima;128;BR-101/ES;Sul;Colisão Lateral;3;0;0;0;0;0;0;0;;;4;2;0;0;0
20/05/2018;17:31:00;254;Atropelamento com morte;287;BR-101/ES;Sul;Atropelamento;1;0;0;0;0;0;0;0;;;1;0;0;0;1
20/05/2018;18:05:00;267;Acidente sem vítima;25;BR-101/ES;Norte;Choque com Objeto Fixo;1;0;0;0;0;0;0;0;;;2;0;0;0;0
20/05/2018;18:31:00;272;Acidente com vítima;132;BR-101/ES;Sul;Colisão Traseira;0;0;0;2;0;0;0;0;;;2;1;0;0;0
20/05/2018;18:47:00;274;Acidente com vítima;57;BR-101/ES;Norte;Colisão Transversal;2;0;0;0;0;0;0;0;;;3;2;0;0;0
20/05/2018;21:57:00;315;Acidente com vítima;287;BR-101/ES;Norte;Atropelamento de Equino;0;0;0;1;0;0;0;0;;;0;0;1;0;0
20/05/2018;22:40:00;328;Acidente sem vítima;142;BR-101/ES;Norte;Saída de Pista;1;0;0;0;0;0;0;0;;;1;0;0;0;0
21/05/2018;00:13:00;2;Acidente com vítima;126;BR-101/ES;Norte;Queda de Moto;0;0;0;1;0;0;0;0;;;0;0;2;0;0
21/05/2018;05:26:00;63;Acidente sem vítima;399;BR-101/ES;Norte;Colisão Traseira;0;0;1;0;0;0;0;2;;;2;0;0;0;0
21/05/2018;06:42:00;78;Acidente sem vítima;280;BR-101/ES;Sul;Colisão Lateral;1;0;1;0;0;0;0;0;;;2;0;0;0;0
21/05/2018;08:22:00;111;Acidente sem vítima;271;BR-101/ES;Norte;Colisão Lateral;1;0;1;0;0;0;0;0;;;2;0;0;0;0
21/05/2018;11:42:00;191;Acidente sem vítima;144;BR-101/ES;Norte;Colisão Lateral;2;0;0;0;0;0;0;0;;;2;0;0;0;0
21/05/2018;14:52:00;266;Acidente com vítima;292;BR-101/ES;Norte;Colisão Transversal;2;0;0;0;0;0;0;0;;;3;1;0;0;0
21/05/2018;16:52:00;300;Atropelamento sem morte;271;BR-101/ES;Sul;Atropelamento;0;0;0;0;0;0;0;2;;;1;0;1;0;0
21/05/2018;17:33:00;312;Acidente com vítima;269;BR-101/ES;Sul;Colisão Traseira;1;0;0;1;0;0;0;0;;;1;0;1;0;0
21/05/2018;17:44:00;317;Acidente sem vítima;208;BR-101/ES;Norte;Colisão Lateral;1;0;1;0;0;0;0;0;;;3;0;0;0;0
21/05/2018;18:07:00;324;Acidente sem vítima;147;BR-101/ES;Norte;Engavetamento;3;0;0;0;0;0;0;0;;;3;0;0;0;0
21/05/2018;18:44:00;329;Acidente sem vítima;261;BR-101/ES;Sul;Colisão Traseira;2;0;0;0;0;0;0;0;;;3;0;0;0;0
21/05/2018;19:21:00;337;Acidente sem vítima;394,5;BR-101/ES;Sul;Saída de Pista;1;0;0;0;0;0;0;0;;;2;0;0;0;0
21/05/2018;20:18:00;347;Acidente sem vítima;264;BR-101/ES;Norte;Colisão Traseira;1;0;0;0;0;1;0;0;;;2;0;0;0;0
22/05/2018;08:45:00;110;Acidente sem vítima;267;BR-101/ES;Sul;Colisão Traseira;3;0;0;0;0;0;0;0;;;3;0;0;0;0
22/05/2018;11:23:00;164;Acidente com vítima;307;BR-101/ES;Norte;Queda de Moto;0;0;0;1;0;0;0;0;;;0;2;0;0;0
22/05/2018;20:16:00;328;Acidente com vítima;144;BR-101/ES;Norte;Colisão Traseira;1;0;1;0;0;0;0;0;;;1;1;0;0;0
22/05/2018;22:09:00;349;Acidente sem vítima;431;BR-101/ES;Sul;Saída de Pista;1;0;0;0;0;0;0;0;;;1;0;0;0;0
23/05/2018;05:49:00;66;Atropelamento sem morte;266,5;BR-101/ES;Norte;Atropelamento;0;0;0;0;1;0;0;0;;;1;0;1;0;0
23/05/2018;11:51:00;181;Acidente sem vítima;269;BR-101/ES;Sul;Colisão Lateral;1;0;0;0;0;0;0;2;;;2;0;0;0;0
23/05/2018;13:34:00;221;Acidente com vítima;287;BR-101/ES;Sul;Queda de ciclista;0;1;0;0;0;0;0;0;;;0;0;1;0;0
23/05/2018;16:57:00;290;Acidente com vítima;141;BR-101/ES;Sul;Queda de Moto;0;0;0;1;0;0;0;0;;;0;2;0;0;0
23/05/2018;19:06:00;325;Acidente sem vítima;266;BR-101/ES;Norte;Colisão Traseira;2;0;0;0;0;0;0;0;;;3;0;0;0;0
23/05/2018;20:09:00;340;Acidente com vítima;299;BR-101/ES;Sul;Queda de ciclista;0;1;0;0;0;0;0;0;;;0;1;0;0;0
24/05/2018;16:04:00;232;Acidente sem vítima;8;BR-101/ES;Sul;Saída de Pista;1;0;0;0;0;0;0;0;;;1;0;0;0;0
24/05/2018;17:43:00;253;Acidente com vítima;68;BR-101/ES;Norte;Colisão Transversal;1;0;0;1;0;0;0;0;;;4;1;0;0;0
24/05/2018;18:21:00;258;Acidente sem vítima;137;BR-101/ES;Sul;Queda de Moto;0;0;0;1;0;0;0;0;;;1;0;0;0;0
24/05/2018;19:06:00;266;Acidente com vítima;266;BR-101/ES;Sul;Queda de Moto;0;0;0;1;0;0;0;0;;;0;1;0;0;0
25/05/2018;05:49:00;37;Acidente com vítima;88,64;BR-101/ES;Norte;Atropelamento de Equino;1;0;0;0;0;0;0;0;;;2;1;1;0;0
25/05/2018;09:05:00;70;Acidente com vítima;267;BR-101/ES;Sul;Queda de Moto;0;0;0;1;0;0;0;0;;;0;1;0;0;0
25/05/2018;10:54:00;101;Acidente sem vítima;408;BR-101/ES;Sul;Saída de Pista;1;0;0;0;0;0;0;0;;;1;0;0;0;0
25/05/2018;12:53:00;133;Acidente com vítima;126;BR-101/ES;Norte;Colisão Transversal;0;0;1;1;0;0;0;0;;;2;1;0;0;0
25/05/2018;14:18:00;155;Acidente sem vítima;276;BR-101/ES;Sul;Saída de Pista;1;0;0;0;0;0;0;0;;;2;0;0;0;0
25/05/2018;15:17:00;168;Acidente sem vítima;293,5;BR-101/ES;Sul;Colisão Traseira;2;0;0;0;0;0;0;0;;;3;0;0;0;0
25/05/2018;17:52:00;194;Acidente com vítima;285;BR-101/ES;Norte;Capotamento;1;0;0;0;0;0;0;0;;;0;0;1;0;0
25/05/2018;23:17:00;240;Acidente sem vítima;269;BR-101/ES;Norte;Choque com Objeto Fixo;1;0;0;0;0;0;0;0;;;1;0;0;0;0
26/05/2018;00:34:00;14;Acidente com vítima;266;BR-101/ES;Sul;Colisão Transversal;2;0;0;0;0;0;0;0;;;1;0;1;0;0
26/05/2018;05:57:00;44;Acidente sem vítima;25,5;BR-101/ES;Sul;Capotamento;1;0;0;0;0;0;0;0;;;1;0;0;0;0
26/05/2018;06:01:00;45;Acidente com vítima;257;BR-101/ES;Norte;Colisão Lateral;1;0;0;1;0;0;0;0;;;3;0;1;0;0
26/05/2018;07:28:00;49;Acidente com vítima;360;BR-101/ES;Norte;Saída de Pista;1;0;0;0;0;0;0;0;;;0;2;0;0;0
26/05/2018;07:55:00;54;Acidente com vítima;461;BR-101/ES;Sul;Colisão Transversal;1;0;1;0;0;0;0;0;;;1;2;0;0;0
26/05/2018;16:09:00;156;Acidente com vítima;331;BR-101/ES;Sul;Colisão Frontal;1;0;0;1;0;0;0;0;;;1;2;0;0;0
27/05/2018;00:06:00;2;Acidente sem vítima;264;BR-101/ES;Norte;Colisão Transversal;2;0;0;0;0;0;0;0;;;3;0;0;0;0
27/05/2018;02:59:00;39;Acidente sem vítima;148;BR-101/ES;Norte;Choque com Objeto Fixo;1;0;0;0;0;0;0;0;;;1;0;0;0;0
27/05/2018;06:40:00;51;Acidente com vítima;130;BR-101/ES;Norte;Saída de Pista;1;0;0;0;0;0;0;0;;;0;0;1;0;0
27/05/2018;09:56:00;80;Acidente sem vítima;66;BR-101/ES;Sul;Choque com Objeto Fixo;0;0;0;0;1;0;0;0;;;1;0;0;0;0
27/05/2018;10:23:00;83;Acidente com vítima;8;BR-101/ES;Sul;Queda de Moto;1;0;0;0;0;0;0;0;;;0;1;0;0;0
27/05/2018;10:27:00;86;Acidente sem vítima;234;BR-101/ES;Sul;Saída de Pista;1;0;0;0;0;0;0;0;;;1;0;0;0;0
27/05/2018;12:29:00;119;Acidente com vítima;264;BR-101/ES;Norte;Colisão Transversal;1;0;0;1;0;0;0;0;;;1;0;1;0;0
27/05/2018;18:41:00;174;Atropelamento com morte;167,5;BR-101/ES;Norte;Atropelamento;1;0;0;0;0;0;0;0;;;1;0;0;0;1
28/05/2018;01:19:00;20;Acidente sem vítima;70;BR-101/ES;Sul;Queda de Moto;0;0;0;1;0;0;0;0;;;1;0;0;0;0
28/05/2018;05:50:00;51;Acidente sem vítima;263;BR-101/ES;Sul;Colisão Traseira;2;0;0;0;0;0;0;0;;;2;0;0;0;0
28/05/2018;05:59:00;53;Acidente sem vítima;296;BR-101/ES;Norte;Choque com Objeto Fixo;1;0;0;0;0;0;0;0;;;1;0;0;0;0
28/05/2018;08:55:00;86;Acidente sem vítima;269,5;BR-101/ES;Sul;Colisão Traseira;1;0;1;0;0;0;0;0;;;3;0;0;0;0
29/05/2018;05:34:00;40;Acidente sem vítima;299;BR-101/ES;Sul;Atropelamento de Equino;0;0;0;1;0;0;0;0;;;1;0;0;0;0
29/05/2018;05:48:00;42;Acidente com vítima;282;BR-101/ES;Sul;Queda de Moto;0;0;0;1;0;0;0;0;;;0;1;0;0;0
29/05/2018;06:42:00;44;Acidente com vítima;146;BR-101/ES;Sul;Colisão Lateral;1;0;0;2;0;0;0;0;;;0;2;2;0;0
29/05/2018;08:07:00;59;Acidente sem vítima;270;BR-101/ES;Norte;Colisão Traseira;2;0;0;0;0;0;0;0;;;3;0;0;0;0
29/05/2018;16:08:00;153;Acidente com vítima;303;BR-101/ES;Sul;Colisão Transversal;1;0;0;1;0;0;0;0;;;1;1;1;0;0
29/05/2018;17:57:00;173;Acidente sem vítima;146;BR-101/ES;Sul;Colisão Transversal;2;0;0;0;0;0;0;0;;;2;0;0;0;0
29/05/2018;19:15:00;179;Acidente com vítima;286;BR-101/ES;Norte;Engavetamento;2;0;0;1;0;0;0;0;;;2;0;1;0;0
30/05/2018;10:15:00;76;Acidente sem vítima;267;BR-101/ES;Sul;Colisão Traseira;1;0;1;0;0;0;0;0;;;3;0;0;0;0
30/05/2018;10:21:00;78;Acidente sem vítima;267;BR-101/ES;Sul;Colisão Traseira;1;0;0;1;0;0;0;0;;;4;0;0;0;0
30/05/2018;12:29:00;125;Acidente com vítima;43,5;BR-101/ES;Sul;Queda de Moto;0;0;0;1;0;0;0;0;;;1;0;1;0;0
30/05/2018;14:20:00;155;Acidente sem vítima;150;BR-101/ES;Sul;Colisão Traseira;2;0;0;0;0;0;0;0;;;2;0;0;0;0
30/05/2018;15:30:00;170;Acidente sem vítima;8;BR-101/ES;Sul;Saída de Pista;0;0;0;0;0;0;0;3;;;1;0;0;0;0