data;horario;n_da_ocorrencia;tipo_de_ocorrencia;km;trecho;sentido;tipo_de_acidente;automovel;bicicleta;caminhao;moto;onibus;outros;tracao_animal;transporte_de_cargas_especiais;trator_maquinas;utilitarios;ilesos;levemente_feridos;moderadamente_feridos;gravemente_feridos;mortos
30/05/2018;17:03:00;197;Acidente com vítima;13,9;BR-101/ES;Sul;Saída de Pista;0;0;1;0;0;0;0;0;;;0;0;2;0;0
30/05/2018;18:19:00;215;Acidente com morte;413;BR-101/ES;Norte;Colisão Transversal;1;1;0;2;0;0;0;0;;;2;0;3;0;1
30/05/2018;18:23:00;217;Acidente com vítima;219;BR-101/ES;Sul;Queda de Moto;0;0;0;1;0;0;0;0;;;0;0;1;0;0
31/05/2018;01:27:00;19;Acidente sem vítima;190;BR-101/ES;Norte;Colisão Traseira;1;0;0;0;0;0;0;1;;;2;0;0;0;0
31/05/2018;06:00:00;70;Acidente com vítima;16;BR-101/ES;Sul;Queda de Moto;0;0;0;1;0;0;0;0;;;0;1;0;0;0
31/05/2018;10:11:00;125;Acidente com vítima;298;BR-101/ES;Sul;Colisão Traseira;1;0;0;0;1;0;0;0;;;1;1;3;0;0
31/05/2018;15:10:00;238;Acidente sem vítima;344;BR-101/ES;Norte;Engavetamento;1;0;0;0;1;0;0;1;;;6;0;0;0;0
31/05/2018;17:47:00;289;Acidente sem vítima;284;BR-101/ES;Norte;Saída de Pista;1;0;0;0;0;0;0;0;;;4;0;0;0;0
31/05/2018;18:09:00;294;Acidente sem vítima;145;BR-101/ES;Norte;Colisão Lateral;1;0;0;0;0;0;0;3;;;2;0;0;0;0
31/05/2018;19:46:00;314;Acidente sem vítima;66,5;BR-101/ES;Norte;Choque com Objeto Fixo;1;0;0;0;0;0;0;0;;;2;0;0;0;0
01/06/2018;03:03:00;40;Acidente sem vítima;268;BR-101/ES;Norte;Colisão Transversal;2;0;0;0;0;0;0;0;;;2;0;0;0;0
01/06/2018;07:59:00;98;Acidente sem vítima;401;BR-101/ES;Sul;Colisão Traseira;2;0;0;0;0;0;0;4;;;9;0;0;0;0
01/06/2018;14:56:00;248;Acidente sem vítima;251;BR-101/ES;Norte;Colisão Traseira;1;0;0;0;0;0;0;2;;;2;0;0;0;0
01/06/2018;15:22:00;254;Atropelamento sem morte;343;BR-101/ES;Sul;Atropelamento;1;0;0;0;0;0;0;0;;;1;1;0;0;0
01/06/2018;18:05:00;304;Acidente sem vítima;367;BR-101/ES;Sul;Veículo em Chamas;0;0;0;0;0;0;0;2;;;1;0;0;0;0
01/06/2018;19:06:00;314;Acidente com vítima;140;BR-101/ES;Norte;Colisão;0;1;0;1;0;0;0;0;;;0;0;2;0;0
01/06/2018;19:34:00;322;Acidente sem vítima;266;BR-101/ES;Norte;Colisão Traseira;1;0;1;0;0;0;0;0;;;2;0;0;0;0
01/06/2018;20:24:00;339;Acidente sem vítima;228;BR-101/ES;Norte;Colisão Transversal;2;0;0;0;0;0;0;0;;;2;0;0;0;0
01/06/2018;21:05:00;355;Acidente com vítima;301;BR-101/ES;Sul;Queda de Moto;0;0;0;1;0;0;0;0;;;0;1;1;0;0
01/06/2018;23:04:00;378;Acidente sem vítima;374;BR-101/ES;Norte;Queda de Moto;0;0;0;1;0;0;0;0;;;1;0;0;0;0
01/06/2018;23:05:00;381;Acidente com vítima;277;BR-101/ES;Norte;Colisão Traseira;0;0;1;0;0;0;0;2;;;1;1;0;0;0
02/06/2018;04:19:00;57;Acidente com vítima;236,4;BR-101/ES;Norte;Choque com Objeto Fixo;0;0;0;0;0;0;0;1;;;0;0;1;0;0
02/06/2018;13:14:00;195;Acidente sem vítima;213;BR-101/ES;Sul;Colisão Transversal;1;0;0;1;0;0;0;0;;;2;0;0;0;0
02/06/2018;15:39:00;230;Acidente sem vítima;399;BR-101/ES;Sul;Choque com Objeto Fixo;0;0;1;0;0;0;0;1;;;1;0;0;0;0
02/06/2018;16:50:00;251;Acidente com morte;67;BR-101/ES;Sul;Colisão Transversal;0;0;1;1;0;0;0;0;;;1;0;0;0;1
02/06/2018;16:52:00;252;Atropelamento sem morte;27;BR-101/ES;Sul;Atropelamento e Fuga;0;0;0;0;0;0;0;1;;;0;1;1;0;0
02/06/2018;16:58:00;253;Acidente com vítima;144;BR-101/ES;Norte;Colisão Transversal;1;0;0;1;0;0;0;0;;;2;0;1;0;0
03/06/2018;02:35:00;40;Acidente sem vítima;268;BR-101/ES;Norte;Colisão Traseira;1;0;0;1;0;0;0;0;;;2;0;0;0;0
03/06/2018;07:04:00;73;Acidente com vítima;80;BR-101/ES;Sul;Colisão Lateral;1;2;0;0;0;0;0;0;;;1;1;1;0;0
03/06/2018;12:50:00;185;Acidente sem vítima;399;BR-101/ES;Norte;Choque com Objeto Fixo;1;0;0;0;0;0;0;0;;;4;0;0;0;0
03/06/2018;13:25:00;195;Acidente sem vítima;265;BR-101/ES;Norte;Choque com Objeto Fixo;1;0;0;0;0;0;0;0;;;3;0;0;0;0
03/06/2018;16:11:00;267;Acidente sem vítima;299;BR-101/ES;Sul;Colisão Traseira;2;0;0;0;0;0;0;2;;;3;0;0;0;0
03/06/2018;16:12:00;268;Acidente sem vítima;247;BR-101/ES;Sul;Colisão Traseira;2;0;0;0;0;0;0;0;;;2;0;0;0;0
03/06/2018;17:13:00;279;Acidente com vítima;270;BR-101/ES;Norte;Queda de Moto;0;0;0;1;0;0;0;0;;;0;2;0;0;0
03/06/2018;17:31:00;283;Acidente com vítima;236;BR-101/ES;Sul;Choque;1;0;0;1;0;0;0;0;;;3;0;1;0;0
04/06/2018;00:17:00;7;Acidente sem vítima;344;BR-101/ES;Sul;Atropelamento de Bovino;1;0;0;0;0;0;0;0;;;4;0;0;0;0
04/06/2018;06:49:00;79;Acidente sem vítima;268;BR-101/ES;Norte;Engavetamento;2;0;2;0;0;0;0;0;;;5;0;0;0;0
04/06/2018;06:58:00;80;Acidente sem vítima;89;BR-101/ES;Sul;Atropelamento Animal;1;0;0;0;0;0;0;0;;;1;0;0;0;0
04/06/2018;09:22:00;131;Acidente sem vítima;15,4;BR-101/ES;Sul;Colisão Traseira;2;0;0;0;0;0;0;0;;;3;0;0;0;0
04/06/2018;10:08:00;150;Acidente com vítima;266;BR-101/ES;Norte;Colisão Lateral;1;0;0;1;0;0;0;0;;;2;0;1;0;0
04/06/2018;15:17:00;274;Acidente sem vítima;379;BR-101/ES;Norte;Engavetamento;2;0;1;0;0;0;0;0;;;3;0;0;0;0
04/06/2018;15:27:00;278;Acidente sem vítima;947;BR-101/BA;Sul;Colisão Traseira;1;0;0;0;0;0;0;4;;;5;0;0;0;0
04/06/2018;18:23:00;334;Acidente sem vítima;237;BR-101/ES;Sul;Veículo em Chamas;0;0;0;1;0;0;0;0;;;1;0;0;0;0
04/06/2018;18:23:00;335;Acidente com vítima;293;BR-101/ES;Sul;Queda de Moto;0;0;0;1;0;0;0;0;;;0;0;1;0;0
05/06/2018;03:10:00;44;Acidente sem vítima;171;BR-101/ES;Sul;Engavetamento;1;0;1;0;0;0;0;3;;;3;0;0;0;0
05/06/2018;04:43:00;64;Atropelamento sem morte;303;BR-101/ES;Sul;Atropelamento;0;0;1;0;0;0;0;0;;;1;0;1;0;0
05/06/2018;06:47:00;90;Acidente com vítima;266;BR-101/ES;Sul;Queda de Moto;0;0;0;1;0;0;0;0;;;0;1;0;0;0
05/06/2018;09:05:00;147;Acidente sem vítima;270;BR-101/ES;Sul;Colisão Traseira;2;0;0;0;0;0;0;0;;;2;0;0;0;0
05/06/2018;11:13:00;198;Acidente com morte;7,5;BR-101/ES;Sul;Colisão Frontal;0;0;2;0;0;0;0;2;;;2;0;0;0;1
05/06/2018;13:19:00;240;Acidente sem vítima;376;BR-101/ES;Sul;Tombamento;0;0;0;0;0;0;0;2;;;1;0;0;0;0
05/06/2018;15:45:00;291;Acidente com vítima;246;BR-101/ES;Sul;Colisão Transversal;1;0;0;1;0;0;0;0;;;3;1;0;0;0
05/06/2018;17:44:00;328;Atropelamento sem morte;285;BR-101/ES;Sul;Atropelamento e Fuga;0;0;0;1;0;0;0;0;;;0;0;1;0;0
05/06/2018;19:03:00;347;Acidente com vítima;69;BR-101/ES;Sul;Colisão Lateral;1;0;0;1;0;0;0;0;;;1;1;0;0;0
05/06/2018;21:50:00;394;Acidente sem vítima;136;BR-101/ES;Sul;Saída de Pista;1;0;0;0;0;0;0;0;;;1;0;0;0;0
06/06/2018;01:08:00;21;Acidente com vítima;408;BR-101/ES;Norte;Tombamento;0;0;0;0;0;0;0;2;;;0;1;0;0;0
06/06/2018;09:32:00;138;Acidente sem vítima;210;BR-101/ES;Norte;Colisão Lateral;1;0;0;0;0;0;0;2;;;2;0;0;0;0
06/06/2018;14:48:00;265;Acidente com vítima;346;BR-101/ES;Norte;Colisão Lateral;1;0;1;0;0;0;0;0;;;2;2;0;0;0
06/06/2018;17:58:00;322;Acidente sem vítima;262;BR-101/ES;Norte;Colisão Traseira;3;0;0;0;0;0;0;0;;;3;0;0;0;0
06/06/2018;18:49:00;332;Acidente com vítima;269;BR-101/ES;Sul;Colisão Traseira;1;0;0;1;0;0;0;0;;;1;0;1;0;0
06/06/2018;22:23:00;376;Acidente com vítima;67;BR-101/ES;Norte;Colisão Traseira;0;0;0;0;0;0;0;4;;;1;0;1;0;0
06/06/2018;23:03:00;389;Acidente com vítima;392;BR-101/ES;Sul;Queda de Moto;0;0;0;1;0;0;0;0;;;0;0;0;1;0
07/06/2018;07:03:00;81;Acidente com vítima;63,8;BR-101/ES;Norte;Queda de Moto;1;0;0;0;0;0;0;0;;;0;1;0;0;0
07/06/2018;07:12:00;84;Acidente sem vítima;39;BR-101/ES;Norte;Colisão Lateral;2;0;0;0;0;0;0;0;;;4;0;0;0;0
07/06/2018;10:06:00;137;Acidente com vítima;293;BR-101/ES;Sul;Colisão Lateral;1;0;0;1;0;0;0;0;;;1;1;0;0;0
07/06/2018;11:01:00;162;Acidente com vítima;209;BR-101/ES;Sul;Colisão Traseira;1;0;0;1;0;0;0;0;;;2;1;1;0;0
07/06/2018;11:19:00;167;Acidente sem vítima;217;BR-101/ES;Norte;Colisão Traseira;2;0;0;0;0;0;0;0;;;3;0;0;0;0
07/06/2018;13:28:00;216;Acidente com vítima;270;BR-101/ES;Norte;Queda de Moto;0;0;0;1;0;0;0;0;;;0;1;0;0;0
07/06/2018;14:39:00;243;Acidente sem vítima;393,5;BR-101/ES;Norte;Colisão Traseira;2;0;0;0;0;0;0;0;;;1;0;0;0;0
07/06/2018;14:58:00;250;Acidente com vítima;294;BR-101/ES;Sul;Colisão Lateral;0;0;0;1;1;0;0;0;;;3;1;0;0;0
07/06/2018;18:02:00;312;Acidente com vítima;19;BR-101/ES;Norte;Colisão Lateral;2;0;0;0;0;0;0;0;;;5;0;1;0;0
08/06/2018;00:20:00;2;Acidente com morte;410,9;BR-101/ES;Norte;Saída de Pista;0;0;0;0;0;0;0;2;;;0;0;0;0;1
08/06/2018;05:38:00;66;Acidente com vítima;119;BR-101/ES;Norte;Queda de Moto;0;0;0;1;0;0;0;0;;;0;2;0;0;0
08/06/2018;16:40:00;320;Acidente sem vítima;159;BR-101/ES;Norte;Colisão Transversal;1;0;0;0;0;0;0;3;;;2;0;0;0;0
08/06/2018;17:58:00;345;Acidente sem vítima;454;BR-101/ES;Norte;Veículo em Chamas;1;0;0;0;0;0;0;0;;;2;0;0;0;0
08/06/2018;18:00:00;347;Acidente com vítima;360;BR-101/ES;Sul;Queda de ciclista;0;1;0;0;0;0;0;0;;;0;0;1;0;0
08/06/2018;18:19:00;353;Acidente com vítima;280;BR-101/ES;Sul;Colisão Lateral;0;0;1;1;0;0;0;0;;;2;0;1;0;0
08/06/2018;18:40:00;359;Acidente sem vítima;301;BR-101/ES;Norte;Colisão Traseira;2;0;0;0;0;0;0;0;;;2;0;0;0;0
08/06/2018;18:54:00;369;Acidente com vítima;265;BR-101/ES;Norte;Colisão Lateral;0;0;0;1;0;0;0;3;;;1;1;0;0;0
08/06/2018;23:29:00;454;Acidente com vítima;147;BR-101/ES;Sul;Saída de Pista;0;0;1;0;0;0;0;1;;;0;1;0;0;0
09/06/2018;01:03:00;18;Acidente sem vítima;296;BR-101/ES;Norte;Choque com Objeto Fixo;1;0;0;0;0;0;0;0;;;1;0;0;0;0
09/06/2018;10:55:00;159;Acidente com vítima;179;BR-101/ES;Norte;Colisão Lateral;1;0;0;1;0;0;0;0;;;2;0;1;0;0
09/06/2018;13:15:00;213;Acidente sem vítima;214;BR-101/ES;Norte;Colisão Traseira;2;0;0;0;0;0;0;0;;;2;0;0;0;0
09/06/2018;16:03:00;267;Acidente sem vítima;266;BR-101/ES;Sul;Colisão Lateral;1;0;1;0;0;0;0;0;;;2;0;0;0;0
09/06/2018;18:29:00;313;Acidente com vítima;146;BR-101/ES;Norte;Colisão Transversal;1;0;1;0;0;0;0;0;;;3;5;2;0;0
09/06/2018;19:43:00;320;Acidente sem vítima;65;BR-101/ES;Sul;Colisão Traseira;2;0;0;0;0;0;0;0;;;2;0;0;0;0
09/06/2018;19:52:00;321;Acidente sem vítima;274;BR-101/ES;Norte;Colisão Traseira;1;0;0;0;1;0;0;0;;;2;0;0;0;0
09/06/2018;20:07:00;326;Acidente com vítima;131;BR-101/ES;Norte;Queda de Moto;0;0;0;1;0;0;0;0;;;0;0;2;0;0
09/06/2018;21:10:00;333;Acidente sem vítima;127;BR-101/ES;Norte;Saída de Pista;1;0;0;0;0;0;0;0;;;1;0;0;0;0
10/06/2018;02:35:00;40;Acidente com vítima;271;BR-101/ES;Sul;Queda de Moto;0;0;0;1;0;0;0;0;;;0;1;0;0;0
10/06/2018;03:33:00;53;Acidente com vítima;254;BR-101/ES;Norte;Queda de Moto;0;0;0;1;0;0;0;0;;;0;1;0;0;0
10/06/2018;07:01:00;83;Acidente sem vítima;408;BR-101/ES;Sul;Tombamento;0;0;1;0;0;0;0;0;;;1;0;0;0;0
10/06/2018;09:43:00;118;Acidente sem vítima;270;BR-101/ES;Norte;Colisão Transversal;1;0;0;0;0;0;0;2;;;2;0;0;0;0
10/06/2018;12:55:00;180;Acidente com vítima;262;BR-101/ES;Sul;Engavetamento;3;0;0;0;0;0;0;0;;;3;0;1;0;0
10/06/2018;17:15:00;255;Acidente sem vítima;65;BR-101/ES;Norte;Queda de Moto;0;0;0;1;0;0;0;0;;;1;0;0;0;0
10/06/2018;17:45:00;264;Acidente sem vítima;252;BR-101/ES;Sul;Engavetamento;3;0;0;0;0;0;0;0;;;3;0;0;0;0
10/06/2018;18:21:00;276;Acidente com vítima;144;BR-101/ES;Norte;Colisão Traseira;1;0;0;1;0;0;0;0;;;1;0;0;1;0
10/06/2018;19:13:00;289;Acidente com vítima;940;BR-101/BA;Norte;Queda de Moto;0;0;0;1;0;0;0;0;;;0;1;0;0;0
10/06/2018;19:24:00;291;Acidente sem vítima;254;BR-101/ES;Sul;Colisão Traseira;1;0;0;1;0;0;0;0;;;5;0;0;0;0
11/06/2018;02:03:00;32;Acidente sem vítima;145;BR-101/ES;Sul;Colisão Traseira;1;0;1;0;0;0;0;0;;;2;0;0;0;0
11/06/2018;05:48:00;66;Acidente sem vítima;266,5;BR-101/ES;Norte;Colisão Transversal;1;0;0;0;0;0;0;2;;;2;0;0;0;0
11/06/2018;06:19:00;70;Acidente com vítima;279;BR-101/ES;Sul;Queda de Moto;0;0;0;1;0;0;0;0;;;1;0;1;0;0
11/06/2018;07:28:00;88;Acidente sem vítima;256;BR-101/ES;Norte;Colisão Traseira;1;0;0;1;0;0;0;0;;;2;0;0;0;0
11/06/2018;07:51:00;98;Acidente sem vítima;320;BR-101/ES;Sul;Colisão Traseira;0;0;2;0;0;0;0;0;;;4;0;0;0;0
11/06/2018;09:25:00;142;Acidente sem vítima;399;BR-101/ES;Norte;Colisão;1;0;0;0;0;0;0;0;;;2;0;0;0;0
11/06/2018;14:44:00;282;Acidente com vítima;270;BR-101/ES;Norte;Choque com Objeto Fixo;0;0;0;1;0;0;0;0;;;0;0;1;0;0
11/06/2018;17:43:00;350;Acidente com vítima;236;BR-101/ES;Sul;Colisão Lateral;2;0;0;0;0;0;0;2;;;2;0;0;1;0
11/06/2018;18:32:00;363;Acidente com vítima;270;BR-101/ES;Norte;Colisão Lateral;1;0;0;1;0;0;0;0;;;3;1;0;0;0
11/06/2018;19:45:00;377;Acidente com vítima;206;BR-101/ES;Sul;Queda de Moto;0;0;0;1;0;0;0;0;;;1;1;0;0;0
11/06/2018;21:04:00;395;Acidente sem vítima;166;BR-101/ES;Norte;Queda de Moto;0;0;0;1;0;0;0;0;;;1;0;0;0;0
12/06/2018;08:00:00;104;Acidente com vítima;271;BR-101/ES;Sul;Queda de Moto;0;0;0;1;0;0;0;0;;;0;0;1;0;0
12/06/2018;08:18:00;113;Acidente com vítima;264;BR-101/ES;Norte;Colisão Transversal;1;0;0;1;0;0;0;0;;;2;0;1;0;0
12/06/2018;09:08:00;133;Acidente sem vítima;270;BR-101/ES;Sul;Colisão Traseira;1;0;0;1;0;0;0;0;;;5;0;0;0;0
12/06/2018;12:10:00;224;Acidente com vítima;145;BR-101/ES;Norte;Colisão Transversal;0;0;0;2;0;0;0;0;;;0;0;2;0;0
12/06/2018;16:07:00;304;Acidente com vítima;233;BR-101/ES;Sul;Colisão Traseira;1;0;0;1;0;0;0;0;;;1;0;1;0;0
12/06/2018;17:27:00;332;Acidente sem vítima;269;BR-101/ES;Norte;Colisão Lateral;2;0;0;0;0;0;0;0;;;2;0;0;0;0
12/06/2018;21:17:00;395;Acidente com vítima;260;BR-101/ES;Sul;Colisão Lateral;1;0;0;1;0;0;0;0;;;1;0;1;0;0
13/06/2018;03:14:00;45;Acidente sem vítima;296;BR-101/ES;Sul;Choque com Objeto Fixo;1;0;0;0;0;0;0;0;;;2;0;0;0;0
13/06/2018;06:56:00;78;Acidente com vítima;293;BR-101/ES;Norte;Colisão Lateral;0;0;1;1;0;0;0;0;;;2;1;0;0;0
13/06/2018;07:10:00;81;Acidente sem vítima;298;BR-101/ES;Norte;Engavetamento;3;0;0;0;0;0;0;0;;;5;0;0;0;0
13/06/2018;08:58:00;125;Acidente sem vítima;292,8;BR-101/ES;Sul;Engavetamento;2;0;1;0;0;0;0;2;;;4;0;0;0;0
13/06/2018;09:06:00;129;Acidente sem vítima;269;BR-101/ES;Sul;Engavetamento;3;0;0;0;0;1;0;0;;;5;0;0;0;0
13/06/2018;10:05:00;147;Acidente com vítima;266;BR-101/ES;Norte;Colisão Transversal;0;1;1;0;0;0;0;0;;;2;0;1;0;0
13/06/2018;10:40:00;160;Acidente sem vítima;213;BR-101/ES;Norte;Colisão Traseira;1;0;1;0;0;0;0;0;;;3;0;0;0;0
13/06/2018;13:31:00;243;Acidente com vítima;227;BR-101/ES;Sul;Colisão Transversal;0;0;0;1;0;0;0;2;;;1;0;1;0;0
13/06/2018;14:12:00;257;Acidente sem vítima;268;BR-101/ES;Norte;Saída de Pista;1;0;0;0;0;0;0;2;;;2;0;0;0;0
13/06/2018;15:19:00;280;Acidente sem vítima;141;BR-101/ES;Norte;Queda de Moto;0;0;0;1;0;0;0;0;;;1;0;0;0;0
13/06/2018;16:26:00;300;Acidente com vítima;186;BR-101/ES;Norte;Saída de Pista;1;0;0;0;0;0;0;0;;;0;3;0;0;0
13/06/2018;16:26:00;301;Acidente sem vítima;155;BR-101/ES;Norte;Saída de Pista;1;0;0;0;0;0;0;0;;;1;0;0;0;0
13/06/2018;17:02:00;320;Acidente sem vítima;266,3;BR-101/ES;Sul;Colisão Lateral;2;0;0;0;0;0;0;0;;;2;0;0;0;0
13/06/2018;17:30:00;326;Acidente sem vítima;256,3;BR-101/ES;Sul;Choque;4;0;0;0;0;0;0;0;;;5;0;0;0;0
13/06/2018;18:09:00;335;Acidente com vítima;258;BR-101/ES;Norte;Colisão Lateral;0;0;0;1;1;0;0;0;;;1;0;1;0;0
13/06/2018;18:24:00;342;Acidente sem vítima;294;BR-101/ES;Norte;Engavetamento;4;0;0;0;0;0;0;0;;;8;0;0;0;0
13/06/2018;19:30:00;355;Acidente com vítima;289;BR-101/ES;Norte;Colisão Frontal;0;2;0;0;0;0;0;0;;;1;0;1;0;0
14/06/2018;09:12:00;134;Acidente sem vítima;418;BR-101/ES;Sul;Atropelamento Animal;0;0;1;0;0;0;0;0;;;1;0;0;0;0
14/06/2018;12:56:00;240;Acidente sem vítima;269;BR-101/ES;Sul;Colisão Lateral;1;0;1;0;0;0;0;1;;;2;0;0;0;0
14/06/2018;18:27:00;336;Acidente com vítima;293;BR-101/ES;Norte;Queda de Moto;0;0;0;1;0;0;0;0;;;0;0;1;0;0
14/06/2018;23:28:00;406;Acidente com vítima;269;BR-101/ES;Sul;Queda de Moto;0;0;0;1;0;0;0;0;;;0;0;1;0;0
15/06/2018;07:24:00;90;Acidente sem vítima;293;BR-101/ES;Norte;Colisão Traseira;0;0;1;0;0;0;0;3;;;2;0;0;0;0
15/06/2018;07:53:00;95;Acidente sem vítima;269;BR-101/ES;Sul;Colisão Traseira;2;0;0;0;0;0;0;0;;;2;0;0;0;0
15/06/2018;10:06:00;146;Acidente sem vítima;269;BR-101/ES;Sul;Colisão Traseira;2;0;0;0;0;0;0;0;;;1;0;0;0;0
15/06/2018;10:10:00;147;Acidente sem vítima;275;BR-101/ES;Norte;Choque;1;0;0;0;0;0;0;1;;;2;0;0;0;0
15/06/2018;10:22:00;153;Acidente sem vítima;266;BR-101/ES;Norte;Colisão Lateral;1;0;1;0;0;0;0;0;;;2;0;0;0;0
15/06/2018;11:19:00;173;Acidente sem vítima;438;BR-101/ES;Sul;Capotamento;0;0;1;0;0;0;0;0;;;1;0;0;0;0
15/06/2018;14:23:00;265;Acidente sem vítima;265;BR-101/ES;Norte;Colisão Traseira;2;0;0;0;0;0;0;0;;;2;0;0;0;0
15/06/2018;15:59:00;301;Acidente com vítima;293;BR-101/ES;Sul;Colisão;1;1;0;0;0;0;0;0;;;3;1;0;0;0
15/06/2018;17:22:00;328;Acidente com vítima;264;BR-101/ES;Sul;Queda de Moto;0;0;0;1;0;0;0;0;;;0;2;0;0;0
15/06/2018;18:17:00;344;Acidente sem vítima;298;BR-101/ES;Norte;Colisão Traseira;1;0;0;0;0;0;0;0;;;2;0;0;0;0
15/06/2018;19:20:00;354;Acidente com vítima;145;BR-101/ES;Sul;Colisão Transversal;1;0;0;1;0;0;0;0;;;1;1;0;0;0
15/06/2018;19:40:00;362;Acidente sem vítima;274;BR-101/ES;Norte;Queda de Moto;0;0;0;1;0;0;0;0;;;2;0;0;0;0
15/06/2018;19:42:00;363;Acidente com vítima;256;BR-101/ES;Norte;Colisão Frontal;0;0;0;2;0;0;0;0;;;0;0;2;1;0
15/06/2018;20:21:00;378;Acidente com vítima;269;BR-101/ES;Norte;Colisão Traseira;2;0;0;0;0;0;0;0;;;1;0;1;0;0
15/06/2018;21:42:00;391;Acidente sem vítima;203;BR-101/ES;Sul;Choque com Objeto Fixo;0;0;1;0;0;0;0;0;;;1;0;0;0;0
15/06/2018;22:44:00;413;Acidente com vítima;288;BR-101/ES;Sul;Queda de Moto;0;0;0;1;0;0;0;0;;;0;1;0;0;0
16/06/2018;03:35:00;49;Acidente sem vítima;258;BR-101/ES;Norte;Choque com Objeto Fixo;1;0;0;0;0;0;0;0;;;2;0;0;0;0
16/06/2018;12:55:00;198;Acidente com vítima;387;BR-101/ES;Norte;Colisão Transversal;1;0;0;1;0;0;0;0;;;2;0;1;0;0
16/06/2018;14:14:00;231;Acidente sem vítima;294;BR-101/ES;Sul;Colisão Transversal;1;0;0;0;0;0;0;2;;;2;0;0;0;0
16/06/2018;14:40:00;236;Acidente sem vítima;242;BR-101/ES;Sul;Colisão Traseira;1;0;0;0;0;0;0;3;;;2;0;0;0;0
16/06/2018;15:40:00;254;Acidente sem vítima;142;BR-101/ES;Norte;Saída de Pista;1;0;1;0;0;0;0;0;;;3;0;0;0;0
16/06/2018;17:55:00;303;Acidente sem vítima;418;BR-101/ES;Sul;Veículo em Chamas;0;0;1;0;0;0;0;1;;;1;0;0;0;0
16/06/2018;18:03:00;305;Acidente com vítima;115;BR-101/ES;Norte;Queda de Moto;0;0;0;1;0;0;0;0;;;0;1;0;0;0
17/06/2018;04:12:00;47;Acidente sem vítima;159;BR-101/ES;Norte;Saída de Pista;1;0;0;0;0;0;0;0;;;1;0;0;0;0
17/06/2018;05:17:00;65;Acidente sem vítima;198;BR-101/ES;Sul;Choque com Objeto Fixo;1;0;0;0;0;0;0;0;;;1;0;0;0;0
17/06/2018;06:28:00;77;Acidente sem vítima;256;BR-101/ES;Sul;Colisão Transversal;2;0;0;0;0;0;0;0;;;2;0;0;0;0
17/06/2018;08:11:00;92;Acidente sem vítima;388;BR-101/ES;Norte;Saída de Pista;1;0;0;0;0;0;0;0;;;1;0;0;0;0
17/06/2018;09:57:00;119;Acidente sem vítima;241;BR-101/ES;Sul;Colisão Traseira;2;0;0;0;0;0;0;0;;;2;0;0;0;0
17/06/2018;13:04:00;199;Acidente sem vítima;232;BR-101/ES;Norte;Colisão Transversal;2;0;0;0;0;0;0;0;;;8;0;0;0;0
17/06/2018;14:52:00;228;Acidente com vítima;125;BR-101/ES;Sul;Colisão Transversal;0;1;0;1;0;0;0;0;;;2;1;0;0;0
17/06/2018;16:25:00;251;Acidente sem vítima;264;BR-101/ES;Norte;Colisão Traseira;2;0;0;0;0;0;0;0;;;2;0;0;0;0
17/06/2018;17:35:00;262;Atropelamento sem morte;268;BR-101/ES;Norte;Atropelamento;2;0;0;0;0;0;0;0;;;2;0;0;1;0
17/06/2018;19:01:00;271;Acidente com vítima;270;BR-101/ES;Sul;Colisão Transversal;1;1;0;1;0;0;0;0;;;1;0;2;0;0
17/06/2018;19:19:00;278;Acidente com vítima;113;BR-101/ES;Norte;Queda de Moto;0;0;0;1;0;0;0;0;;;0;1;0;0;0
17/06/2018;22:44:00;320;Acidente sem vítima;285;BR-101/ES;Norte;Choque com Objeto Fixo;1;0;0;0;0;0;0;0;;;1;0;0;0;0
18/06/2018;03:43:00;46;Acidente com vítima;275;BR-101/ES;Sul;Saída de Pista;1;0;0;0;0;0;0;0;;;0;1;0;0;0
18/06/2018;08:30:00;108;Acidente sem vítima;294;BR-101/ES;Norte;Colisão Lateral;1;0;0;0;0;0;0;2;;;4;0;0;0;0
18/06/2018;10:01:00;144;Acidente com vítima;287;BR-101/ES;Norte;Queda de Moto;0;0;0;1;0;0;0;0;;;0;1;0;0;0
18/06/2018;11:11:00;168;Acidente com vítima;149;BR-101/ES;Norte;Colisão Transversal;2;0;0;0;0;0;0;0;;;1;1;0;0;0
18/06/2018;12:53:00;215;Acidente com vítima;215;BR-101/ES;Sul;Choque;2;0;0;0;0;0;0;3;;;5;1;0;0;0
18/06/2018;13:44:00;242;Acidente sem vítima;296;BR-101/ES;Norte;Choque com Objeto Fixo;1;0;0;0;0;0;0;0;;;1;0;0;0;0
18/06/2018;14:00:00;251;Acidente sem vítima;284;BR-101/ES;Norte;Saída de Pista;0;0;1;0;0;0;0;1;;;1;0;0;0;0
18/06/2018;14:34:00;255;Acidente sem vítima;296;BR-101/ES;Norte;Colisão Traseira;1;0;0;0;0;0;0;2;;;2;0;0;0;0
18/06/2018;15:11:00;269;Acidente sem vítima;284;BR-101/ES;Norte;Saída de Pista;0;0;0;0;0;0;0;2;;;1;0;0;0;0
18/06/2018;16:31:00;293;Acidente sem vítima;254;BR-101/ES;Sul;Colisão Traseira;2;0;0;0;0;0;0;0;;;3;0;0;0;0
18/06/2018;18:19:00;325;Acidente com vítima;367;BR-101/ES;Sul;Colisão Transversal;1;0;0;1;0;0;0;0;;;1;0;1;0;0