data;horario;n_da_ocorrencia;tipo_de_ocorrencia;km;trecho;sentido;tipo_de_acidente;automovel;bicicleta;caminhao;moto;onibus;outros;tracao_animal;transporte_de_cargas_especiais;trator_maquinas;utilitarios;ilesos;levemente_feridos;moderadamente_feridos;gravemente_feridos;mortos
28/07/2018;07:48:00;99;Acidente sem vítima;256;BR-101/ES;Sul;Engavetamento;3;0;0;0;0;0;0;0;;;3;0;0;0;0
28/07/2018;08:13:00;104;Acidente com vítima;290;BR-101/ES;Norte;Colisão Transversal;1;0;0;1;0;0;0;0;;;2;1;0;0;0
28/07/2018;08:20:00;108;Acidente com vítima;73;BR-101/ES;Norte;Colisão Lateral;1;0;0;1;0;0;0;0;;;2;0;1;0;0
28/07/2018;13:20:00;204;Acidente sem vítima;125;BR-101/ES;Sul;Colisão Lateral;1;0;0;0;0;0;0;3;;;2;0;0;0;0
28/07/2018;16:26:00;265;Acidente sem vítima;242;BR-101/ES;Sul;Colisão Traseira;1;1;0;0;0;0;0;0;;;2;0;0;0;0
28/07/2018;17:36:00;286;Acidente sem vítima;266;BR-101/ES;Norte;Engavetamento;3;0;0;0;0;0;0;0;;;3;0;0;0;0
28/07/2018;17:50:00;288;Acidente sem vítima;266;BR-101/ES;Norte;Colisão Lateral;2;0;0;0;0;0;0;2;;;5;0;0;0;0
28/07/2018;19:09:00;303;Acidente sem vítima;130;BR-101/ES;Sul;Colisão Traseira;2;0;0;0;0;0;0;0;;;5;0;0;0;0
28/07/2018;23:30:00;353;Acidente sem vítima;270,5;BR-101/ES;Sul;Colisão Lateral;1;0;0;0;0;0;0;2;;;2;0;0;0;0
29/07/2018;01:46:00;30;Acidente com vítima;333,2;BR-101/ES;Norte;Saída de Pista;1;0;0;0;0;0;0;0;;;0;0;0;1;0
29/07/2018;07:43:00;90;Acidente com vítima;177;BR-101/ES;Norte;Queda de Moto;0;0;0;1;0;0;0;0;;;0;0;1;0;0
29/07/2018;09:42:00;126;Acidente sem vítima;237;BR-101/ES;Sul;Colisão Traseira;2;0;0;0;0;0;0;0;;;6;0;0;0;0
29/07/2018;12:03:00;186;Acidente com vítima;266;BR-101/ES;Sul;Queda de Moto;1;0;0;0;0;0;0;0;;;0;1;0;0;0
29/07/2018;14:22:00;236;Acidente sem vítima;269;BR-101/ES;Sul;Colisão Traseira;2;0;0;0;0;0;0;0;;;4;0;0;0;0
29/07/2018;15:27:00;256;Acidente com vítima;356;BR-101/ES;Norte;Colisão Lateral;1;0;0;0;1;0;0;0;;;2;0;1;0;0
29/07/2018;15:42:00;264;Acidente sem vítima;200;BR-101/ES;Sul;Queda de Moto;0;0;0;1;0;0;0;0;;;1;0;0;0;0
29/07/2018;16:14:00;277;Acidente com vítima;948;BR-101/BA;Norte;Queda de Moto;0;0;0;1;0;0;0;0;;;0;1;0;1;0
29/07/2018;21:39:00;368;Acidente com vítima;301;BR-101/ES;Sul;Colisão Traseira;2;0;0;0;0;0;0;0;;;3;1;0;0;0
30/07/2018;01:36:00;25;Acidente sem vítima;33;BR-101/ES;Norte;Veículo em Chamas;1;0;0;0;0;0;0;0;;;1;0;0;0;0
30/07/2018;04:57:00;65;Acidente sem vítima;324;BR-101/ES;Norte;Veículo em Chamas;0;0;0;0;1;0;0;0;;;1;0;0;0;0
30/07/2018;06:52:00;81;Acidente com vítima;66;BR-101/ES;Sul;Colisão Lateral;1;0;0;1;0;0;0;0;;;1;2;0;0;0
30/07/2018;08:04:00;96;Acidente com vítima;270;BR-101/ES;Sul;Colisão Lateral;1;0;0;1;0;0;0;0;;;1;0;1;0;0
30/07/2018;10:03:00;153;Acidente com vítima;270;BR-101/ES;Sul;Queda de Moto;0;0;0;1;0;0;0;0;;;0;1;0;0;0
30/07/2018;10:40:00;168;Acidente com vítima;143;BR-101/ES;Norte;Queda de Moto;0;0;0;1;0;0;0;0;;;0;0;1;0;0
30/07/2018;12:27:00;203;Acidente com vítima;270;BR-101/ES;Norte;Colisão Lateral;1;0;0;0;0;0;0;2;;;1;1;0;0;0
30/07/2018;14:05:00;242;Acidente com vítima;293;BR-101/ES;Sul;Colisão Traseira;1;0;0;1;0;0;0;0;;;2;2;0;0;0
30/07/2018;15:20:00;276;Atropelamento sem morte;270;BR-101/ES;Sul;Atropelamento;0;0;0;1;0;0;0;0;;;0;0;2;0;0
30/07/2018;18:39:00;333;Acidente sem vítima;148;BR-101/ES;Norte;Veículo em Chamas;0;0;1;0;0;0;0;1;;;1;0;0;0;0
31/07/2018;00:04:00;3;Acidente com vítima;229;BR-101/ES;Sul;Colisão Transversal;0;0;0;0;0;0;0;4;;;1;1;0;0;0
31/07/2018;06:31:00;78;Acidente com vítima;427;BR-101/ES;Sul;Capotamento;1;0;0;0;0;0;0;0;;;0;1;0;0;0
31/07/2018;08:07:00;110;Acidente sem vítima;264;BR-101/ES;Sul;Colisão Traseira;2;0;0;0;0;0;0;0;;;2;0;0;0;0
31/07/2018;11:09:00;174;Acidente com vítima;133;BR-101/ES;Sul;Queda de Moto;0;0;0;1;0;0;0;0;;;0;1;0;0;0
31/07/2018;11:30:00;180;Acidente sem vítima;278;BR-101/ES;Norte;Colisão Lateral;0;0;1;0;0;0;0;2;;;2;0;0;0;0
31/07/2018;13:30:00;233;Acidente com vítima;298;BR-101/ES;Sul;Engavetamento;3;0;0;0;0;0;0;0;;;2;1;0;0;0
31/07/2018;14:35:00;255;Acidente com vítima;262;BR-101/ES;Sul;Colisão Traseira;2;0;0;0;0;0;0;0;;;4;1;0;0;0
31/07/2018;16:35:00;276;Acidente com morte;397;BR-101/ES;Sul;Choque;0;1;0;0;0;0;0;2;;;1;0;0;0;1
31/07/2018;19:06:00;317;Acidente sem vítima;42;BR-101/ES;Norte;Veículo em Chamas;0;0;1;0;0;0;0;0;;;1;0;0;0;0
31/07/2018;19:30:00;326;Acidente com vítima;266;BR-101/ES;Sul;Colisão com ciclista;0;1;0;1;0;0;0;0;;;0;2;0;0;0
31/07/2018;20:40:00;344;Atropelamento sem morte;84;BR-101/ES;Sul;Atropelamento e Fuga;1;0;0;0;0;0;0;0;;;0;0;0;1;0
31/07/2018;23:00:00;382;Acidente sem vítima;408;BR-101/ES;Sul;Choque com Objeto Fixo;1;0;0;0;0;0;0;0;;;1;0;0;0;0
01/08/2018;00:20:00;3;Acidente com vítima;246;BR-101/ES;Sul;Colisão Lateral;0;0;1;0;0;0;0;3;;;1;0;1;0;0
01/08/2018;08:16:00;101;Acidente com vítima;297;BR-101/ES;Norte;Queda de Moto;0;0;0;1;0;0;0;0;;;0;1;0;0;0
01/08/2018;11:05:00;180;Acidente sem vítima;229;BR-101/ES;Norte;Colisão Traseira;1;0;0;0;0;0;0;2;;;2;0;0;0;0
01/08/2018;14:23:00;250;Acidente com vítima;154;BR-101/ES;Sul;Queda de Moto;0;0;0;1;0;0;0;0;;;0;2;0;0;0
01/08/2018;16:54:00;291;Acidente com vítima;262;BR-101/ES;Sul;Colisão Traseira;1;0;0;1;0;0;0;0;;;1;0;1;0;0
01/08/2018;18:30:00;314;Atropelamento com morte;268;BR-101/ES;Norte;Atropelamento;1;1;0;0;0;0;0;0;;;3;0;0;0;1
01/08/2018;21:06:00;340;Acidente sem vítima;268;BR-101/ES;Sul;Colisão Traseira;2;0;0;0;0;0;0;0;;;9;0;0;0;0
01/08/2018;21:41:00;344;Acidente sem vítima;325;BR-101/ES;Norte;Choque;1;0;0;0;0;0;0;0;;;1;0;0;0;0
01/08/2018;23:32:00;377;Acidente sem vítima;435;BR-101/ES;Norte;Tombamento;0;0;0;0;0;0;0;2;;;1;0;0;0;0
02/08/2018;01:06:00;15;Acidente sem vítima;277;BR-101/ES;Norte;Capotamento;1;0;0;0;0;0;0;0;;;1;0;0;0;0
02/08/2018;06:11:00;72;Acidente sem vítima;255;BR-101/ES;Sul;Colisão Traseira;0;0;1;0;0;0;0;1;;;1;0;0;0;0
02/08/2018;07:07:00;77;Acidente com vítima;271;BR-101/ES;Norte;Colisão Transversal;1;0;1;0;0;0;0;0;;;4;2;0;0;0
02/08/2018;07:51:00;85;Acidente com vítima;290;BR-101/ES;Norte;Colisão Traseira;2;0;1;0;0;0;0;0;;;1;1;1;0;0
02/08/2018;09:16:00;112;Acidente com vítima;17;BR-101/ES;Norte;Queda de Moto;0;0;0;1;0;0;0;0;;;0;1;0;0;0
02/08/2018;10:33:00;148;Acidente com vítima;297;BR-101/ES;Norte;Colisão Traseira;1;0;0;1;0;0;0;0;;;1;0;1;0;0
02/08/2018;11:47:00;179;Acidente sem vítima;149;BR-101/ES;Norte;Colisão Transversal;0;0;2;0;0;0;0;0;;;2;0;0;0;0
02/08/2018;15:17:00;265;Acidente sem vítima;253;BR-101/ES;Sul;Colisão Traseira;2;0;0;0;0;0;0;0;;;1;0;0;0;0
02/08/2018;18:05:00;317;Acidente com vítima;176;BR-101/ES;Sul;Engavetamento;3;0;0;0;0;0;0;0;;;6;1;1;0;0
02/08/2018;19:31:00;336;Atropelamento sem morte;274;BR-101/ES;Norte;Atropelamento;0;0;0;0;0;0;0;2;;;1;0;1;0;0
02/08/2018;20:13:00;344;Acidente sem vítima;376;BR-101/ES;Norte;Colisão Transversal;2;0;0;0;0;0;0;0;;;4;0;0;0;0
02/08/2018;21:24:00;352;Acidente sem vítima;208;BR-101/ES;Sul;Saída de Pista;1;0;0;0;0;0;0;0;;;1;0;0;0;0
03/08/2018;04:39:00;51;Acidente sem vítima;277,5;BR-101/ES;Sul;Saída de Pista;1;0;0;0;0;0;0;0;;;1;0;0;0;0
03/08/2018;05:21:00;61;Acidente sem vítima;281;BR-101/ES;Sul;Queda de Moto;0;0;0;1;0;0;0;0;;;1;0;0;0;0
03/08/2018;05:25:00;62;Acidente sem vítima;90;BR-101/ES;Sul;Atropelamento Animal;1;0;0;0;0;0;0;0;;;3;0;0;0;0
03/08/2018;06:53:00;77;Acidente com vítima;284;BR-101/ES;Norte;Colisão Traseira;1;0;0;1;0;0;0;0;;;0;2;0;0;0
03/08/2018;07:43:00;94;Acidente sem vítima;284;BR-101/ES;Norte;Saída de Pista;1;0;0;0;0;0;0;0;;;1;0;0;0;0
03/08/2018;08:56:00;119;Acidente com vítima;107,15;BR-101/ES;Sul;Queda de ciclista;0;1;0;0;0;0;0;0;;;0;1;0;0;0
03/08/2018;09:08:00;124;Acidente com vítima;144;BR-101/ES;Sul;Colisão Traseira;0;0;0;1;1;0;0;0;;;2;1;0;0;0
03/08/2018;09:59:00;133;Acidente sem vítima;340;BR-101/ES;Sul;Colisão Lateral;1;0;0;0;0;0;0;1;;;5;0;0;0;0
03/08/2018;10:31:00;149;Acidente sem vítima;256;BR-101/ES;Norte;Colisão Traseira;2;0;0;0;0;0;0;0;;;1;0;0;0;0
03/08/2018;10:38:00;153;Acidente com vítima;222,2;BR-101/ES;Norte;Colisão Lateral;2;0;0;0;0;0;0;0;;;0;2;0;0;0
03/08/2018;14:36:00;256;Acidente sem vítima;253;BR-101/ES;Sul;Engavetamento;2;0;1;0;0;0;0;0;;;7;0;0;0;0
03/08/2018;15:15:00;264;Acidente sem vítima;253;BR-101/ES;Sul;Colisão Traseira;1;0;1;0;0;0;0;0;;;3;0;0;0;0
03/08/2018;18:30:00;338;Acidente sem vítima;269;BR-101/ES;Sul;Choque com Objeto Fixo;1;0;0;0;0;0;0;0;;;1;0;0;0;0
03/08/2018;19:15:00;353;Acidente sem vítima;278;BR-101/ES;Sul;Engavetamento;5;0;0;0;0;0;0;0;;;5;0;0;0;0
03/08/2018;19:36:00;360;Acidente sem vítima;280;BR-101/ES;Norte;Capotamento;1;0;0;0;0;0;0;0;;;2;0;0;0;0
03/08/2018;19:39:00;361;Acidente sem vítima;262;BR-101/ES;Sul;Colisão Traseira;2;0;0;0;0;0;0;0;;;4;0;0;0;0
03/08/2018;20:25:00;368;Acidente sem vítima;280,5;BR-101/ES;Norte;Colisão Traseira;0;0;1;0;0;0;0;2;;;2;0;0;0;0
03/08/2018;22:22:00;404;Acidente sem vítima;299;BR-101/ES;Sul;Colisão Traseira;1;0;1;0;0;0;0;0;;;2;0;0;0;0
04/08/2018;01:29:00;25;Acidente sem vítima;228;BR-101/ES;Sul;Choque com Objeto Fixo;1;0;0;0;0;0;0;0;;;1;0;0;0;0
04/08/2018;05:19:00;74;Acidente com morte;140;BR-101/ES;Norte;Choque com Objeto Fixo;1;0;0;0;0;0;0;0;;;1;3;1;0;1
04/08/2018;06:39:00;91;Acidente sem vítima;187,7;BR-101/ES;Norte;Saída de Pista;1;0;0;0;0;0;0;0;;;4;0;0;0;0
04/08/2018;10:40:00;169;Acidente com vítima;150;BR-101/ES;Sul;Colisão Transversal;1;0;0;1;0;0;0;0;;;2;1;0;0;0
04/08/2018;11:19:00;179;Acidente com vítima;66;BR-101/ES;Norte;Colisão Transversal;0;0;0;2;0;0;0;0;;;0;2;1;0;0
04/08/2018;17:06:00;290;Acidente com morte;294;BR-101/ES;Norte;Colisão com ciclista;1;1;0;0;0;0;0;0;;;1;0;0;0;1
04/08/2018;17:57:00;309;Acidente sem vítima;32;BR-101/ES;Norte;Colisão Lateral;3;0;0;0;0;0;0;0;;;8;0;0;0;0
04/08/2018;18:47:00;319;Acidente sem vítima;266,5;BR-101/ES;Sul;Colisão Traseira;2;0;0;0;0;0;0;0;;;3;0;0;0;0
04/08/2018;19:16:00;326;Acidente sem vítima;16;BR-101/ES;Sul;Colisão Lateral;2;0;0;0;0;0;0;0;;;3;0;0;0;0
04/08/2018;22:08:00;359;Acidente sem vítima;213;BR-101/ES;Sul;Veículo em Chamas;1;0;0;0;0;0;0;0;;;1;0;0;0;0
05/08/2018;05:45:00;65;Acidente com vítima;142;BR-101/ES;Norte;Saída de Pista;0;0;0;1;0;0;0;0;;;0;1;0;0;0
05/08/2018;08:47:00;90;Acidente com vítima;271;BR-101/ES;Sul;Colisão Traseira;2;0;0;0;0;0;0;0;;;3;1;0;0;0
05/08/2018;15:24:00;209;Acidente com vítima;295;BR-101/ES;Norte;Colisão Traseira;1;0;0;1;0;0;0;0;;;2;0;1;0;0
05/08/2018;19:09:00;275;Acidente com vítima;304;BR-101/ES;Norte;Colisão Lateral;0;0;0;1;0;0;0;2;;;1;1;0;0;0
05/08/2018;19:14:00;278;Acidente com vítima;193;BR-101/ES;Norte;Colisão Lateral;2;0;0;0;0;0;0;0;;;1;2;0;0;0
05/08/2018;20:17:00;291;Acidente sem vítima;301;BR-101/ES;Norte;Colisão Traseira;2;0;0;0;0;0;0;0;;;2;0;0;0;0
05/08/2018;21:24:00;306;Acidente sem vítima;270,5;BR-101/ES;Norte;Colisão Transversal;1;0;0;1;0;0;0;0;;;3;0;0;0;0
07/08/2018;08:21:00;107;Acidente sem vítima;294;BR-101/ES;Norte;Colisão Traseira;0;0;2;0;0;0;0;0;;;2;0;0;0;0
07/08/2018;08:22:00;108;Atropelamento sem morte;270;BR-101/ES;Sul;Atropelamento;0;0;0;1;0;0;0;0;;;1;0;1;0;0
07/08/2018;09:20:00;128;Acidente sem vítima;270;BR-101/ES;Norte;Colisão Traseira;1;0;1;0;0;0;0;0;;;2;0;0;0;0
07/08/2018;13:21:00;226;Acidente com vítima;204;BR-101/ES;Norte;Engavetamento;3;0;0;0;0;0;0;0;;;4;1;0;0;0
07/08/2018;14:06:00;243;Acidente sem vítima;21;BR-101/ES;Norte;Choque;1;0;0;0;0;0;0;1;;;1;0;0;0;0
07/08/2018;16:05:00;293;Acidente sem vítima;269;BR-101/ES;Sul;Atropelamento de Equino;1;0;0;0;0;0;0;0;;;1;0;0;0;0
07/08/2018;17:23:00;320;Acidente sem vítima;290;BR-101/ES;Norte;Colisão Lateral;1;0;0;1;0;0;0;0;;;1;0;0;0;0
07/08/2018;19:22:00;354;Acidente com vítima;219;BR-101/ES;Sul;Colisão Transversal;1;0;0;1;0;0;0;0;;;1;1;0;0;0
07/08/2018;19:24:00;356;Acidente sem vítima;171,7;BR-101/ES;Norte;Atropelamento Animal;1;0;0;0;0;0;0;0;;;1;0;0;0;0
07/08/2018;19:28:00;357;Acidente com vítima;184;BR-101/ES;Sul;Queda de Moto;0;0;0;1;0;0;0;0;;;0;0;1;0;0
07/08/2018;19:57:00;363;Acidente sem vítima;223;BR-101/ES;Sul;Saída de Pista;1;0;0;0;0;0;0;0;;;2;0;0;0;0
07/08/2018;19:58:00;364;Acidente sem vítima;368;BR-101/ES;Norte;Colisão Lateral;1;0;0;0;0;0;0;2;;;2;0;0;0;0
07/08/2018;20:30:00;372;Acidente sem vítima;266;BR-101/ES;Norte;Colisão Lateral;1;0;0;0;0;0;0;2;;;2;0;0;0;0
07/08/2018;23:19:00;420;Acidente sem vítima;425;BR-101/ES;Norte;Saída de Pista;0;0;1;0;0;0;0;0;;;1;0;0;0;0
08/08/2018;06:11:00;69;Acidente com vítima;179;BR-101/ES;Norte;Colisão Transversal;1;0;0;1;0;0;0;0;;;1;0;1;0;0
08/08/2018;06:27:00;71;Acidente com vítima;202;BR-101/ES;Sul;Colisão Lateral;2;0;0;0;0;0;0;2;;;2;0;0;1;0
08/08/2018;07:46:00;86;Acidente com vítima;271;BR-101/ES;Sul;Colisão Lateral;2;0;0;1;0;0;0;0;;;3;1;0;0;0
08/08/2018;09:46:00;125;Acidente sem vítima;298;BR-101/ES;Norte;Colisão Traseira;1;0;1;0;0;0;0;0;;;3;0;0;0;0
08/08/2018;15:31:00;250;Acidente sem vítima;212;BR-101/ES;Sul;Danos Eventuais;2;0;0;0;0;0;0;0;;;2;0;0;0;0
08/08/2018;18:22:00;290;Acidente com vítima;358;BR-101/ES;Sul;Capotamento;1;0;0;0;0;0;0;0;;;1;1;0;0;0
08/08/2018;18:44:00;293;Acidente sem vítima;123;BR-101/ES;Sul;Saída de Pista;1;0;0;0;0;0;0;0;;;1;0;0;0;0
08/08/2018;19:05:00;299;Acidente com vítima;267;BR-101/ES;Sul;Colisão com ciclista;0;1;0;1;0;0;0;0;;;1;0;1;0;0
08/08/2018;20:05:00;309;Acidente com vítima;270;BR-101/ES;Sul;Colisão Traseira;2;0;0;0;0;0;0;3;;;2;2;0;0;0
08/08/2018;22:49:00;349;Acidente sem vítima;328;BR-101/ES;Sul;Colisão Lateral;2;0;0;0;0;0;0;0;;;2;0;0;0;0
09/08/2018;05:17:00;72;Acidente com morte;266,3;BR-101/ES;Norte;Colisão Transversal;1;0;0;0;0;0;0;2;;;1;0;1;1;1
09/08/2018;05:34:00;75;Acidente sem vítima;77;BR-101/ES;Sul;Veículo em Chamas;0;0;1;0;0;0;0;0;;;1;0;0;0;0
09/08/2018;07:25:00;94;Acidente com vítima;266,5;BR-101/ES;Sul;Queda de Moto;0;0;0;1;0;0;0;0;;;0;1;0;0;0
09/08/2018;07:56:00;109;Acidente com vítima;162;BR-101/ES;Norte;Colisão Transversal;2;0;0;0;0;0;0;0;;;2;0;1;0;0
09/08/2018;10:22:00;175;Acidente sem vítima;393;BR-101/ES;Sul;Veículo em Chamas;1;0;0;0;0;0;0;0;;;1;0;0;0;0
09/08/2018;13:19:00;249;Acidente sem vítima;294;BR-101/ES;Sul;Saída de Pista;0;0;0;0;0;0;0;2;;;1;0;0;0;0
09/08/2018;18:03:00;322;Acidente sem vítima;255;BR-101/ES;Sul;Veículo em Chamas;0;0;0;0;0;0;0;3;;;1;0;0;0;0
09/08/2018;18:42:00;330;Acidente com vítima;287;BR-101/ES;Norte;Choque;1;0;0;0;0;0;0;0;;;0;0;1;0;0
10/08/2018;09:22:00;141;Acidente com vítima;266;BR-101/ES;Sul;Colisão Lateral;0;0;0;1;0;0;0;2;;;1;1;0;0;0
10/08/2018;10:54:00;184;Acidente sem vítima;146;BR-101/ES;Norte;Colisão Traseira;2;0;0;0;0;0;0;0;;;3;0;0;0;0
10/08/2018;12:14:00;218;Acidente com vítima;375;BR-101/ES;Sul;Colisão Transversal;0;0;0;2;0;0;0;0;;;1;0;1;0;0
10/08/2018;12:18:00;221;Acidente com vítima;287;BR-101/ES;Norte;Queda de Moto;0;0;0;1;0;0;0;0;;;0;2;0;0;0
10/08/2018;15:25:00;304;Acidente com vítima;226;BR-101/ES;Norte;Queda de Moto;0;0;0;1;0;0;0;0;;;0;0;1;0;0
10/08/2018;15:38:00;309;Acidente sem vítima;290;BR-101/ES;Norte;Colisão Lateral;1;0;1;0;0;0;0;1;;;2;0;0;0;0
10/08/2018;16:01:00;318;Acidente com vítima;384;BR-101/ES;Norte;Queda de Moto;0;0;0;1;0;0;0;0;;;0;0;1;0;0
10/08/2018;19:47:00;390;Acidente com vítima;266;BR-101/ES;Sul;Colisão com ciclista;0;1;0;1;0;0;0;0;;;1;0;1;1;0
10/08/2018;20:28:00;401;Acidente sem vítima;222;BR-101/ES;Sul;Colisão Traseira;2;0;0;0;0;0;0;0;;;5;0;0;0;0
10/08/2018;21:33:00;410;Acidente sem vítima;209;BR-101/ES;Norte;Engavetamento;2;0;1;0;0;0;0;2;;;4;0;0;0;0
11/08/2018;01:45:00;42;Acidente sem vítima;144;BR-101/ES;Sul;Saída de Pista;1;0;0;0;0;0;0;0;;;1;0;0;0;0
11/08/2018;05:41:00;84;Acidente com vítima;327;BR-101/ES;Sul;Queda de Moto;0;0;0;1;0;0;0;0;;;0;1;0;0;0
11/08/2018;11:27:00;194;Acidente com vítima;210;BR-101/ES;Sul;Queda de Moto;0;0;0;1;0;0;0;0;;;0;2;0;0;0
11/08/2018;11:42:00;201;Acidente com vítima;69,05;BR-101/ES;Norte;Engavetamento;4;0;0;0;0;0;0;0;;;11;3;0;0;0
11/08/2018;15:24:00;291;Acidente sem vítima;340,2;BR-101/ES;Sul;Colisão Traseira;2;0;0;0;0;0;0;0;;;8;0;0;0;0
11/08/2018;17:13:00;333;Acidente com vítima;127;BR-101/ES;Sul;Colisão Lateral;1;0;0;1;0;0;0;0;;;1;0;1;0;0
11/08/2018;17:25:00;337;Acidente com vítima;330;BR-101/ES;Norte;Colisão Traseira;2;0;0;0;0;0;0;0;;;4;0;1;0;0
11/08/2018;19:16:00;365;Acidente com vítima;33,6;BR-101/ES;Norte;Atropelamento de Equino;2;0;0;0;0;0;0;0;;;3;0;1;0;0
11/08/2018;20:21:00;379;Acidente sem vítima;122;BR-101/ES;Sul;Saída de Pista;1;0;0;0;0;0;0;0;;;1;0;0;0;0
11/08/2018;21:58:00;401;Acidente sem vítima;262;BR-101/ES;Sul;Choque com Objeto Fixo;1;0;0;0;0;0;0;0;;;1;0;0;0;0
12/08/2018;01:01:00;27;Acidente sem vítima;280;BR-101/ES;Sul;Saída de Pista;1;0;0;0;0;0;0;0;;;2;0;0;0;0
12/08/2018;04:52:00;66;Acidente com vítima;270;BR-101/ES;Sul;Queda de Moto;0;0;0;1;0;0;0;0;;;0;0;2;0;0
12/08/2018;04:58:00;67;Acidente sem vítima;114;BR-101/ES;Sul;Saída de Pista;1;0;0;0;0;0;0;0;;;1;0;0;0;0
12/08/2018;17:31:00;285;Acidente sem vítima;135;BR-101/ES;Sul;Saída de Pista;1;0;0;0;0;0;0;0;;;1;0;0;0;0
12/08/2018;18:30:00;295;Acidente sem vítima;364;BR-101/ES;Sul;Saída de Pista;1;0;0;0;0;0;0;0;;;5;0;0;0;0
12/08/2018;18:43:00;298;Acidente com vítima;134;BR-101/ES;Sul;Queda de Moto;0;0;0;1;0;0;0;0;;;0;0;1;0;0
12/08/2018;20:09:00;316;Acidente com vítima;397;BR-101/ES;Sul;Queda de Moto;0;0;0;1;0;0;0;0;;;1;1;0;0;0
12/08/2018;22:18:00;336;Acidente sem vítima;118;BR-101/ES;Norte;Saída de Pista;1;0;0;0;0;0;0;0;;;1;0;0;0;0
13/08/2018;07:12:00;83;Acidente com vítima;265;BR-101/ES;Norte;Queda de Moto;0;0;0;1;0;0;0;0;;;0;0;1;0;0
13/08/2018;07:46:00;99;Acidente sem vítima;266;BR-101/ES;Sul;Colisão Traseira;2;0;0;0;0;0;0;0;;;2;0;0;0;0
13/08/2018;08:38:00;115;Acidente sem vítima;269;BR-101/ES;Sul;Colisão Traseira;2;0;0;0;0;0;0;0;;;9;0;0;0;0
13/08/2018;08:50:00;120;Acidente com vítima;289;BR-101/ES;Sul;Engavetamento;2;0;1;0;0;0;0;0;;;3;0;1;0;0
13/08/2018;10:48:00;170;Acidente com vítima;41;BR-101/ES;Sul;Queda de Moto;0;0;0;1;0;0;0;0;;;0;0;2;0;0
13/08/2018;11:22:00;190;Acidente sem vítima;313;BR-101/ES;Norte;Colisão Traseira;0;0;2;0;0;0;0;1;;;2;0;0;0;0
13/08/2018;17:24:00;349;Acidente com vítima;280;BR-101/ES;Sul;Queda de Moto;1;0;0;0;0;0;0;0;;;0;1;0;0;0
13/08/2018;18:16:00;370;Acidente com vítima;270;BR-101/ES;Sul;Queda de Moto;0;0;0;1;0;0;0;0;;;0;2;0;0;0
13/08/2018;19:02:00;383;Acidente com vítima;300;BR-101/ES;Norte;Colisão Traseira;1;0;0;1;0;0;0;0;;;1;1;0;0;0
13/08/2018;20:27:00;408;Atropelamento com morte;247;BR-101/ES;Norte;Atropelamento;1;0;1;0;0;0;0;0;;;3;0;0;0;1
13/08/2018;21:00:00;417;Acidente sem vítima;335;BR-101/ES;Sul;Tombamento;0;0;0;0;0;0;0;2;;;1;0;0;0;0
13/08/2018;23:26:00;453;Acidente sem vítima;271;BR-101/ES;Norte;Danos Eventuais;0;0;1;0;0;0;0;0;;;1;0;0;0;0
14/08/2018;11:29:00;191;Acidente com vítima;266,3;BR-101/ES;Sul;Queda de Moto;0;0;0;1;0;0;0;0;;;0;1;0;0;0
14/08/2018;11:58:00;211;Acidente com vítima;266;BR-101/ES;Norte;Colisão Transversal;1;0;0;1;0;0;0;0;;;0;1;0;0;0
14/08/2018;12:33:00;228;Acidente com vítima;294;BR-101/ES;Norte;Colisão Lateral;0;0;1;1;0;0;0;0;;;0;0;1;0;0
14/08/2018;13:29:00;254;Atropelamento sem morte;268;BR-101/ES;Sul;Atropelamento;1;1;0;0;0;0;0;0;;;1;1;0;0;0
14/08/2018;14:25:00;277;Acidente sem vítima;65;BR-101/ES;Sul;Colisão Traseira;2;0;0;0;0;0;0;0;;;2;0;0;0;0
14/08/2018;15:28:00;303;Acidente com vítima;297,2;BR-101/ES;Sul;Queda de Moto;0;0;0;1;0;0;0;0;;;0;1;0;0;0
14/08/2018;15:30:00;304;Acidente sem vítima;414;BR-101/ES;Sul;Choque;1;0;1;0;0;0;0;0;;;3;0;0;0;0
14/08/2018;15:49:00;311;Acidente sem vítima;265;BR-101/ES;Sul;Colisão Traseira;1;0;1;0;0;0;0;0;;;1;0;0;0;0
14/08/2018;17:04:00;339;Acidente sem vítima;269;BR-101/ES;Norte;Colisão Traseira;2;0;0;0;0;0;0;0;;;2;0;0;0;0
14/08/2018;17:17:00;347;Acidente sem vítima;297;BR-101/ES;Norte;Colisão Traseira;2;0;0;0;0;0;0;0;;;2;0;0;0;0
14/08/2018;18:13:00;363;Acidente com vítima;271;BR-101/ES;Norte;Colisão Traseira;1;0;0;1;0;0;0;0;;;3;2;0;0;0
14/08/2018;19:42:00;387;Acidente com vítima;258;BR-101/ES;Norte;Colisão Transversal;0;0;0;1;1;0;0;0;;;1;0;1;0;0
14/08/2018;19:47:00;388;Acidente sem vítima;241;BR-101/ES;Sul;Colisão Traseira;2;0;0;0;0;0;0;0;;;5;0;0;0;0
15/08/2018;04:54:00;58;Acidente sem vítima;232;BR-101/ES;Norte;Saída de Pista;1;0;0;0;0;0;0;0;;;1;0;0;0;0
15/08/2018;06:39:00;81;Atropelamento sem morte;293;BR-101/ES;Norte;Atropelamento e Fuga;0;0;0;1;0;0;0;0;;;1;0;2;0;0
15/08/2018;06:45:00;83;Acidente sem vítima;325;BR-101/ES;Sul;Colisão Lateral;1;0;1;0;0;0;0;0;;;16;0;0;0;0