data;horario;n_da_ocorrencia;tipo_de_ocorrencia;km;trecho;sentido;tipo_de_acidente;automovel;bicicleta;caminhao;moto;onibus;outros;tracao_animal;transporte_de_cargas_especiais;trator_maquinas;utilitarios;ilesos;levemente_feridos;moderadamente_feridos;gravemente_feridos;mortos
31/08/2018;12:42:00;250;Acidente com vítima;225;BR-101/ES;Norte;Colisão Lateral;1;0;1;0;0;0;0;2;;;2;1;0;1;0
31/08/2018;12:54:00;257;Acidente sem vítima;281;BR-101/ES;Sul;Queda de Moto;0;0;0;1;0;0;0;0;;;1;0;0;0;0
31/08/2018;13:00:00;261;Acidente com morte;259;BR-101/ES;Norte;Colisão Transversal;1;0;0;0;1;0;0;0;;;3;1;0;0;1
31/08/2018;14:20:00;293;Acidente com vítima;65;BR-101/ES;Norte;Colisão Traseira;1;0;0;1;0;0;0;0;;;1;0;1;0;0
31/08/2018;15:00:00;306;Acidente sem vítima;404;BR-101/ES;Norte;Colisão Traseira;2;0;0;0;0;0;0;0;;;2;0;0;0;0
31/08/2018;23:43:00;474;Acidente com vítima;266;BR-101/ES;Sul;Colisão Transversal;2;0;0;0;0;0;0;0;;;2;1;0;0;0
01/09/2018;01:03:00;16;Acidente sem vítima;267;BR-101/ES;Sul;Queda de Moto;0;0;0;1;0;0;0;0;;;2;0;0;0;0
01/09/2018;06:32:00;84;Acidente com vítima;147,5;BR-101/ES;Sul;Colisão Traseira;1;0;0;1;0;0;0;0;;;3;1;0;0;0
01/09/2018;06:36:00;86;Acidente sem vítima;265;BR-101/ES;Sul;Queda de Moto;0;0;0;1;0;0;0;0;;;1;0;0;0;0
01/09/2018;12:41:00;225;Acidente sem vítima;265;BR-101/ES;Norte;Colisão Transversal;2;0;0;0;0;0;0;0;;;2;0;0;0;0
01/09/2018;13:58:00;251;Acidente sem vítima;127;BR-101/ES;Sul;Colisão Traseira;1;0;0;1;0;0;0;0;;;3;0;0;0;0
01/09/2018;17:51:00;338;Acidente com vítima;227;BR-101/ES;Sul;Engavetamento;1;0;0;2;0;0;0;0;;;1;1;1;0;0
01/09/2018;19:55:00;366;Acidente com vítima;389,55;BR-101/ES;Norte;Atropelamento de Bovino;1;0;0;0;0;0;0;0;;;3;1;0;0;0
02/09/2018;04:42:00;62;Acidente com vítima;292;BR-101/ES;Norte;Queda de Moto;0;0;0;1;0;0;0;0;;;1;1;0;0;0
02/09/2018;06:17:00;82;Acidente sem vítima;373;BR-101/ES;Sul;Capotamento;1;0;0;0;0;0;0;0;;;2;0;0;0;0
02/09/2018;07:09:00;91;Acidente com vítima;143;BR-101/ES;Sul;Colisão Traseira;2;0;0;0;0;0;0;0;;;2;3;0;0;0
02/09/2018;09:14:00;118;Acidente sem vítima;435;BR-101/ES;Sul;Colisão Lateral;0;0;2;0;0;0;0;1;;;2;0;0;0;0
02/09/2018;13:07:00;194;Acidente sem vítima;281;BR-101/ES;Sul;Choque;1;0;0;0;0;0;0;3;;;5;0;0;0;0
02/09/2018;14:06:00;213;Acidente sem vítima;286;BR-101/ES;Sul;Colisão Traseira;2;0;0;0;0;0;0;0;;;3;0;0;0;0
02/09/2018;15:37:00;243;Acidente com vítima;86;BR-101/ES;Norte;Saída de Pista;1;0;0;0;0;0;0;0;;;0;1;0;0;0
02/09/2018;15:45:00;244;Acidente com morte;79;BR-101/ES;Norte;Colisão Lateral;1;0;0;1;0;0;0;0;;;0;0;3;1;2
02/09/2018;16:08:00;249;Acidente sem vítima;69;BR-101/ES;Sul;Choque com Objeto Fixo;1;0;0;0;0;0;0;0;;;1;0;0;0;0
02/09/2018;17:29:00;272;Acidente com vítima;147;BR-101/ES;Norte;Colisão com ciclista;1;1;0;0;0;0;0;0;;;1;1;0;0;0
02/09/2018;18:12:00;280;Acidente sem vítima;335;BR-101/ES;Sul;Colisão Transversal;2;0;0;0;0;0;0;0;;;2;0;0;0;0
02/09/2018;18:16:00;282;Acidente sem vítima;331,5;BR-101/ES;Norte;Saída de Pista;1;0;0;0;0;0;0;0;;;1;0;0;0;0
03/09/2018;02:07:00;32;Acidente sem vítima;270;BR-101/ES;Norte;Choque com Objeto Fixo;1;0;0;0;0;0;0;0;;;5;0;0;0;0
03/09/2018;07:56:00;113;Acidente com vítima;265;BR-101/ES;Sul;Engavetamento;3;0;0;0;0;0;0;0;;;6;0;1;0;0
03/09/2018;08:08:00;114;Acidente com vítima;281,5;BR-101/ES;Norte;Queda de Moto;0;0;0;1;0;0;0;0;;;0;1;0;0;0
03/09/2018;08:15:00;120;Acidente sem vítima;110;BR-101/ES;Sul;Colisão Traseira;2;0;0;0;0;0;0;0;;;2;0;0;0;0
03/09/2018;08:58:00;134;Acidente sem vítima;265;BR-101/ES;Sul;Colisão Traseira;1;0;1;0;0;0;0;0;;;2;0;0;0;0
03/09/2018;11:59:00;224;Acidente com vítima;271;BR-101/ES;Sul;Colisão Traseira;1;0;0;1;0;0;0;0;;;1;0;1;0;0
03/09/2018;15:20:00;299;Acidente com vítima;273;BR-101/ES;Norte;Queda de Moto;0;0;0;1;0;0;0;0;;;0;0;1;0;0
03/09/2018;16:35:00;331;Acidente com vítima;393;BR-101/ES;Norte;Colisão Transversal;1;0;0;1;0;0;0;0;;;1;0;0;2;0
03/09/2018;17:36:00;352;Acidente com vítima;298;BR-101/ES;Sul;Colisão com ciclista;0;1;0;1;0;0;0;0;;;1;0;1;0;0
03/09/2018;18:30:00;368;Acidente com vítima;269;BR-101/ES;Norte;Colisão Transversal;1;0;1;0;0;0;0;1;;;1;0;1;0;0
03/09/2018;19:04:00;375;Acidente com vítima;266;BR-101/ES;Sul;Colisão com ciclista;0;1;0;1;0;0;0;0;;;0;0;2;0;0
04/09/2018;07:10:00;95;Acidente sem vítima;213;BR-101/ES;Sul;Colisão Traseira;1;0;1;0;0;0;0;0;;;4;0;0;0;0
04/09/2018;13:51:00;243;Acidente sem vítima;318;BR-101/ES;Sul;Saída de Pista;1;0;0;0;0;0;0;0;;;1;0;0;0;0
04/09/2018;14:14:00;252;Acidente com vítima;213;BR-101/ES;Sul;Colisão Transversal;1;0;0;1;0;0;0;0;;;2;1;0;0;0
04/09/2018;14:51:00;263;Acidente sem vítima;224;BR-101/ES;Norte;Colisão Lateral;1;0;0;0;0;0;0;0;;;2;0;0;0;0
04/09/2018;17:58:00;320;Acidente com morte;165;BR-101/ES;Sul;Colisão Frontal;1;0;0;1;0;0;0;0;;;1;0;0;0;1
05/09/2018;06:42:00;81;Acidente sem vítima;262;BR-101/ES;Norte;Choque com Objeto Fixo;0;0;1;0;0;0;0;0;;;1;0;0;0;0
05/09/2018;11:13:00;183;Acidente com vítima;127;BR-101/ES;Norte;Colisão Transversal;1;0;1;0;0;0;0;0;;;1;1;0;0;0
05/09/2018;17:21:00;340;Acidente com vítima;142;BR-101/ES;Norte;Colisão Transversal;0;0;0;1;0;0;0;3;;;1;0;1;0;0
05/09/2018;18:02:00;356;Acidente com vítima;151;BR-101/ES;Norte;Colisão com ciclista;0;1;0;1;0;0;0;0;;;1;0;1;0;0
05/09/2018;18:03:00;357;Acidente com vítima;270;BR-101/ES;Sul;Colisão Lateral;2;0;0;1;0;0;0;0;;;2;0;2;0;0
05/09/2018;23:42:00;447;Acidente sem vítima;289;BR-101/ES;Sul;Saída de Pista;1;0;0;0;0;0;0;0;;;1;0;0;0;0
06/09/2018;04:58:00;68;Acidente sem vítima;265,5;BR-101/ES;Norte;Colisão Traseira;1;0;0;0;0;0;0;2;;;2;0;0;0;0
06/09/2018;08:53:00;143;Acidente sem vítima;269;BR-101/ES;Sul;Engavetamento;3;0;0;0;0;0;0;0;;;3;0;0;0;0
06/09/2018;10:55:00;192;Acidente sem vítima;377;BR-101/ES;Norte;Colisão Traseira;1;0;1;0;0;0;0;1;;;2;0;0;0;0
06/09/2018;12:13:00;230;Acidente sem vítima;297;BR-101/ES;Sul;Colisão Traseira;2;0;0;0;0;0;0;0;;;2;0;0;0;0
06/09/2018;13:20:00;260;Acidente com morte;39;BR-101/ES;Sul;Colisão Frontal;1;0;1;0;0;0;0;2;;;1;0;0;0;1
06/09/2018;13:23:00;261;Acidente com vítima;244;BR-101/ES;Sul;Colisão Lateral;3;0;0;0;0;0;0;0;;;6;0;3;0;0
06/09/2018;14:16:00;273;Acidente com vítima;286;BR-101/ES;Sul;Colisão Lateral;1;0;0;1;0;0;0;0;;;0;2;0;0;0
06/09/2018;18:22:00;359;Acidente sem vítima;262;BR-101/ES;Norte;Colisão Frontal;2;0;0;0;0;0;0;0;;;4;0;0;0;0
06/09/2018;18:24:00;360;Acidente sem vítima;267;BR-101/ES;Norte;Colisão Transversal;1;0;1;0;0;0;0;0;;;2;0;0;0;0
06/09/2018;18:45:00;365;Acidente com vítima;126;BR-101/ES;Norte;Colisão com ciclista;1;1;0;0;0;0;0;0;;;3;1;0;0;0
06/09/2018;20:03:00;390;Atropelamento sem morte;266;BR-101/ES;Norte;Atropelamento;1;0;0;1;0;0;0;0;;;5;0;1;0;0
06/09/2018;21:33:00;419;Acidente sem vítima;263;BR-101/ES;Norte;Colisão Traseira;2;0;0;0;0;0;0;0;;;4;0;0;0;0
06/09/2018;21:43:00;421;Acidente sem vítima;93;BR-101/ES;Sul;Colisão Transversal;2;0;0;0;0;0;0;0;;;5;0;0;0;0
07/09/2018;01:11:00;26;Acidente sem vítima;122;BR-101/ES;Norte;Atropelamento Animal;1;0;0;0;0;0;0;0;;;2;0;0;0;0
07/09/2018;07:15:00;102;Acidente sem vítima;184;BR-101/ES;Norte;Queda de Moto;1;0;0;0;0;0;0;0;;;1;0;0;0;0
07/09/2018;07:40:00;105;Acidente com vítima;162;BR-101/ES;Sul;Colisão Lateral;1;0;0;1;0;0;0;0;;;3;1;0;0;0
07/09/2018;08:08:00;114;Acidente sem vítima;255;BR-101/ES;Norte;Engavetamento;3;0;0;0;0;0;0;0;;;3;0;0;0;0
07/09/2018;09:45:00;145;Acidente com vítima;117;BR-101/ES;Norte;Colisão Traseira;1;0;0;0;0;0;0;1;;;1;1;0;0;0
07/09/2018;18:37:00;332;Acidente sem vítima;276;BR-101/ES;Sul;Colisão Lateral;2;0;0;0;0;0;0;0;;;2;0;0;0;0
07/09/2018;20:09:00;348;Acidente com vítima;67,5;BR-101/ES;Sul;Queda de Moto;0;0;0;1;0;0;0;0;;;0;1;0;0;0
07/09/2018;20:48:00;359;Acidente sem vítima;205;BR-101/ES;Norte;Queda de ciclista;0;1;0;0;0;0;0;0;;;1;0;0;0;0
08/09/2018;03:30:00;43;Acidente com vítima;269;BR-101/ES;Sul;Colisão Transversal;1;0;1;0;0;0;0;0;;;1;0;2;0;0
08/09/2018;05:33:00;65;Atropelamento sem morte;270;BR-101/ES;Norte;Atropelamento e Fuga;1;0;0;0;0;0;0;0;;;0;0;0;1;0
08/09/2018;08:48:00;99;Acidente sem vítima;160;BR-101/ES;Norte;Colisão Lateral;2;0;0;0;0;0;0;0;;;2;0;0;0;0
08/09/2018;09:57:00;118;Acidente sem vítima;215;BR-101/ES;Sul;Colisão Traseira;2;0;0;0;0;0;0;0;;;4;0;0;0;0
08/09/2018;14:56:00;221;Acidente com vítima;210;BR-101/ES;Norte;Queda de Moto;0;0;0;1;0;0;0;0;;;0;0;2;0;0
08/09/2018;15:41:00;231;Acidente sem vítima;125;BR-101/ES;Sul;Queda de ciclista;0;1;0;0;0;0;0;0;;;1;0;0;0;0
08/09/2018;18:08:00;273;Acidente sem vítima;292;BR-101/ES;Norte;Colisão Traseira;1;0;0;1;0;0;0;0;;;6;0;0;0;0
08/09/2018;18:33:00;282;Acidente com vítima;339;BR-101/ES;Norte;Queda de ciclista;0;1;0;0;0;0;0;0;;;0;0;1;0;0
08/09/2018;18:37:00;286;Acidente com morte;374,8;BR-101/ES;Sul;Choque com Objeto Fixo;1;0;0;0;0;0;0;0;;;0;0;1;2;1
08/09/2018;19:10:00;290;Acidente sem vítima;175;BR-101/ES;Sul;Colisão Traseira;2;0;0;0;0;0;0;0;;;7;0;0;0;0
09/09/2018;00:46:00;15;Acidente com vítima;279;BR-101/ES;Norte;Capotamento;1;0;0;0;0;0;0;0;;;0;0;1;0;0
09/09/2018;10:33:00;149;Acidente com vítima;248;BR-101/ES;Norte;Capotamento;1;0;0;0;0;0;0;0;;;3;1;2;0;0
09/09/2018;11:09:00;164;Acidente sem vítima;213;BR-101/ES;Norte;Engavetamento;3;0;0;0;0;0;0;0;;;9;0;0;0;0
09/09/2018;14:05:00;242;Acidente com vítima;136;BR-101/ES;Sul;Colisão Traseira;1;0;1;0;0;0;0;0;;;3;1;1;0;0
09/09/2018;14:49:00;255;Acidente sem vítima;248;BR-101/ES;Sul;Engavetamento;3;0;0;0;0;0;0;0;;;12;0;0;0;0
09/09/2018;16:10:00;289;Acidente sem vítima;248;BR-101/ES;Sul;Colisão Traseira;2;0;0;0;0;0;0;0;;;4;0;0;0;0
09/09/2018;16:37:00;301;Acidente com vítima;269;BR-101/ES;Norte;Colisão Traseira;1;0;0;0;0;0;0;0;;;1;1;0;0;0
09/09/2018;17:17:00;321;Acidente sem vítima;165,4;BR-101/ES;Sul;Colisão Traseira;2;0;0;0;0;0;0;0;;;6;0;0;0;0
09/09/2018;18:21:00;349;Acidente sem vítima;125;BR-101/ES;Sul;Colisão Traseira;1;0;0;1;0;0;0;0;;;2;0;0;0;0
09/09/2018;18:22:00;351;Acidente com vítima;451;BR-101/ES;Sul;Colisão Lateral;3;0;0;1;0;0;0;0;;;9;0;1;0;0
09/09/2018;18:34:00;354;Acidente com vítima;345;BR-101/ES;Sul;Colisão Traseira;4;0;0;0;0;0;0;0;;;13;1;0;0;0
09/09/2018;18:55:00;362;Acidente com vítima;189;BR-101/ES;Norte;Colisão Transversal;1;0;1;0;0;0;0;0;;;1;1;0;0;0
09/09/2018;21:00:00;397;Acidente com vítima;268;BR-101/ES;Norte;Colisão Lateral;0;0;0;1;0;0;0;0;;;0;0;1;0;0
09/09/2018;23:40:00;457;Acidente com vítima;296;BR-101/ES;Sul;Queda de Moto;1;0;0;0;0;0;0;0;;;0;1;1;0;0
10/09/2018;05:03:00;73;Acidente sem vítima;219;BR-101/ES;Norte;Queda de Moto;1;0;0;0;0;0;0;0;;;1;0;0;0;0
10/09/2018;13:34:00;250;Acidente com vítima;365;BR-101/ES;Sul;Choque com Objeto Fixo;1;0;0;0;0;0;0;0;;;0;2;0;0;0
10/09/2018;16:15:00;308;Acidente com vítima;205;BR-101/ES;Sul;Colisão Transversal;1;0;0;1;0;0;0;0;;;2;1;0;0;0
10/09/2018;18:00:00;356;Acidente com morte;291;BR-101/ES;Norte;Queda de Moto;0;0;0;1;0;0;0;0;;;0;0;0;0;1
10/09/2018;18:46:00;364;Acidente sem vítima;266;BR-101/ES;Norte;Colisão Traseira;0;0;0;2;0;0;0;0;;;2;0;0;0;0
10/09/2018;19:04:00;371;Acidente sem vítima;249;BR-101/ES;Norte;Colisão Transversal;2;0;0;0;0;0;0;0;;;5;0;0;0;0
10/09/2018;19:34:00;381;Acidente sem vítima;257;BR-101/ES;Sul;Capotamento;1;0;0;0;0;0;0;0;;;1;0;0;0;0
10/09/2018;20:52:00;399;Acidente sem vítima;205;BR-101/ES;Norte;Colisão Lateral;1;0;0;0;0;0;0;2;;;2;0;0;0;0
11/09/2018;05:29:00;56;Acidente sem vítima;92;BR-101/ES;Sul;Saída de Pista;0;0;0;0;0;1;0;0;;;1;0;0;0;0
11/09/2018;10:11:00;144;Acidente sem vítima;292;BR-101/ES;Sul;Colisão Lateral;0;0;1;1;0;0;0;0;;;2;0;0;0;0
11/09/2018;10:37:00;151;Acidente sem vítima;126;BR-101/ES;Norte;Queda de Moto;0;0;0;1;0;0;0;0;;;1;0;0;0;0
11/09/2018;11:40:00;181;Acidente sem vítima;266;BR-101/ES;Norte;Colisão Traseira;2;0;0;0;0;0;0;0;;;2;0;0;0;0
11/09/2018;15:10:00;252;Acidente sem vítima;58;BR-101/ES;Sul;Colisão Lateral;0;0;1;0;1;0;0;0;;;2;0;0;0;0
11/09/2018;17:51:00;295;Acidente com vítima;139;BR-101/ES;Norte;Colisão Transversal;1;0;0;1;0;0;0;0;;;0;2;1;0;0
11/09/2018;18:09:00;304;Acidente com vítima;267;BR-101/ES;Sul;Colisão com ciclista;0;1;0;1;0;0;0;0;;;0;0;2;0;0
11/09/2018;21:17:00;342;Acidente sem vítima;262;BR-101/ES;Sul;Colisão Traseira;1;0;1;0;0;0;0;0;;;4;0;0;0;0
11/09/2018;23:36:00;377;Acidente com morte;305,4;BR-101/ES;Sul;Colisão Lateral;0;0;0;0;0;0;0;4;;;1;0;0;0;1
12/09/2018;02:46:00;34;Acidente sem vítima;357;BR-101/ES;Norte;Saída de Pista;1;0;0;0;0;0;0;0;;;1;0;0;0;0
12/09/2018;07:58:00;95;Acidente com vítima;130;BR-101/ES;Norte;Colisão Lateral;1;0;0;0;0;0;0;1;;;1;1;0;0;0
12/09/2018;09:46:00;133;Acidente sem vítima;270,5;BR-101/ES;Norte;Colisão Traseira;0;0;2;0;0;0;0;0;;;1;0;0;0;0
12/09/2018;14:00:00;234;Acidente com vítima;139;BR-101/ES;Sul;Colisão Traseira;1;0;1;0;0;0;0;1;;;1;0;1;0;0
12/09/2018;17:48:00;302;Atropelamento sem morte;146;BR-101/ES;Norte;Atropelamento;1;0;0;0;0;0;0;0;;;2;0;0;1;0
12/09/2018;18:25:00;307;Acidente sem vítima;68;BR-101/ES;Sul;Engavetamento;1;0;2;0;0;0;0;0;;;3;0;0;0;0
13/09/2018;05:43:00;68;Acidente com vítima;259;BR-101/ES;Norte;Queda de Moto;0;0;0;1;0;0;0;0;;;0;2;0;0;0
13/09/2018;16:33:00;327;Acidente com vítima;225;BR-101/ES;Norte;Tombamento;2;0;1;0;0;1;0;0;;;9;2;1;0;0
14/09/2018;07:51:00;95;Acidente sem vítima;269;BR-101/ES;Norte;Colisão Traseira;0;0;1;0;1;0;0;0;;;2;0;0;0;0
14/09/2018;08:19:00;102;Acidente com vítima;292;BR-101/ES;Norte;Queda de Moto;0;0;0;1;0;0;0;0;;;0;0;1;0;0
14/09/2018;11:29:00;179;Acidente com vítima;365;BR-101/ES;Norte;Capotamento;1;0;0;0;0;0;0;0;;;0;1;0;0;0
14/09/2018;14:14:00;256;Acidente sem vítima;297;BR-101/ES;Norte;Colisão Traseira;2;0;0;0;0;0;0;0;;;5;0;0;0;0
14/09/2018;16:07:00;320;Acidente com vítima;167;BR-101/ES;Sul;Colisão Lateral;1;0;1;0;0;0;0;0;;;1;0;1;0;0
14/09/2018;16:09:00;321;Acidente sem vítima;342;BR-101/ES;Sul;Colisão Traseira;1;0;1;0;0;0;0;0;;;3;0;0;0;0
14/09/2018;17:31:00;344;Acidente sem vítima;259;BR-101/ES;Norte;Engavetamento;3;0;0;0;0;0;0;0;;;3;0;0;0;0
14/09/2018;17:59:00;354;Acidente com vítima;270;BR-101/ES;Sul;Colisão Traseira;1;0;0;1;0;0;0;0;;;1;1;0;0;0
14/09/2018;19:11:00;374;Acidente com vítima;66;BR-101/ES;Norte;Colisão Transversal;1;0;0;1;0;0;0;0;;;1;1;0;0;0
14/09/2018;19:30:00;379;Atropelamento sem morte;268;BR-101/ES;Sul;Atropelamento;0;0;0;1;0;0;0;0;;;0;2;2;0;0
14/09/2018;20:04:00;390;Acidente com vítima;308;BR-101/ES;Norte;Colisão Transversal;1;0;0;1;0;0;0;0;;;3;0;2;0;0
14/09/2018;21:42:00;415;Acidente sem vítima;100;BR-101/ES;Norte;Atropelamento de Equino;0;0;1;0;0;0;0;0;;;3;0;0;0;0
14/09/2018;22:27:00;426;Acidente com morte;402;BR-101/ES;Norte;Colisão Traseira;1;0;1;0;0;0;0;0;;;2;0;0;0;1
15/09/2018;02:20:00;35;Acidente sem vítima;136;BR-101/ES;Sul;Veículo em Chamas;1;0;0;0;0;0;0;0;;;1;0;0;0;0
15/09/2018;02:33:00;37;Atropelamento sem morte;269,3;BR-101/ES;Sul;Atropelamento e Fuga;1;0;0;0;0;0;0;0;;;1;0;1;0;0
15/09/2018;07:43:00;93;Acidente com vítima;939;BR-101/BA;Sul;Colisão Transversal;1;0;0;1;0;0;0;0;;;1;0;2;1;0
15/09/2018;09:59:00;132;Acidente com vítima;242;BR-101/ES;Norte;Queda de Moto;0;0;0;1;0;0;0;0;;;0;2;0;0;0
15/09/2018;11:55:00;177;Acidente sem vítima;31;BR-101/ES;Sul;Queda de ciclista;0;1;0;0;0;0;0;0;;;1;0;0;0;0
15/09/2018;17:37:00;308;Acidente sem vítima;142;BR-101/ES;Norte;Saída de Pista;1;0;0;0;0;0;0;0;;;2;0;0;0;0
15/09/2018;17:48:00;310;Acidente com vítima;373;BR-101/ES;Norte;Colisão Traseira;1;0;1;0;0;0;0;0;;;0;1;0;1;0
15/09/2018;20:36:00;337;Acidente sem vítima;947;BR-101/BA;Norte;Saída de Pista;1;0;0;0;0;0;0;0;;;3;0;0;0;0
15/09/2018;21:52:00;352;Acidente sem vítima;310;BR-101/ES;Norte;Saída de Pista;1;0;0;0;0;0;0;0;;;2;0;0;0;0
15/09/2018;21:52:00;353;Acidente com vítima;268;BR-101/ES;Norte;Colisão Lateral;2;0;0;0;0;0;0;0;;;2;1;0;0;0
15/09/2018;22:31:00;364;Acidente com vítima;265;BR-101/ES;Norte;Queda de Moto;0;0;0;1;0;0;0;0;;;0;1;0;0;0
16/09/2018;04:39:00;59;Acidente sem vítima;420;BR-101/ES;Sul;Choque;1;0;0;0;0;0;0;0;;;1;0;0;0;0
16/09/2018;07:43:00;88;Acidente com vítima;267;BR-101/ES;Sul;Colisão Lateral;1;0;0;1;0;0;0;0;;;1;1;0;0;0
16/09/2018;13:46:00;237;Acidente com vítima;279;BR-101/ES;Norte;Choque com Objeto Fixo;1;0;0;0;0;0;0;0;;;1;2;0;0;0
16/09/2018;18:12:00;315;Acidente sem vítima;372;BR-101/ES;Sul;Saída de Pista;1;0;0;0;0;0;0;0;;;1;0;0;0;0
16/09/2018;19:31:00;327;Acidente sem vítima;265;BR-101/ES;Sul;Choque com Objeto Fixo;1;0;0;0;0;0;0;0;;;1;0;0;0;0
16/09/2018;22:03:00;362;Acidente sem vítima;288;BR-101/ES;Norte;Saída de Pista;1;0;0;0;0;0;0;0;;;2;0;0;0;0
16/09/2018;22:34:00;375;Acidente com vítima;367,8;BR-101/ES;Sul;Saída de Pista;1;0;0;0;0;0;0;0;;;0;1;0;0;0
17/09/2018;07:39:00;113;Acidente com vítima;386;BR-101/ES;Sul;Colisão Frontal;4;0;0;0;0;0;0;0;;;2;1;2;0;0
17/09/2018;11:16:00;198;Acidente com vítima;295;BR-101/ES;Norte;Colisão Traseira;1;0;0;1;0;0;0;0;;;2;1;0;0;0
17/09/2018;12:22:00;225;Acidente sem vítima;285;BR-101/ES;Sul;Colisão Lateral;1;0;1;0;0;0;0;0;;;2;0;0;0;0
17/09/2018;12:50:00;241;Acidente com morte;27;BR-101/ES;Norte;Saída de Pista;0;0;1;0;0;0;0;1;;;0;0;0;0;1
17/09/2018;14:21:00;270;Acidente com vítima;433,5;BR-101/ES;Sul;Capotamento;1;0;0;0;0;0;0;0;;;0;3;0;0;0
17/09/2018;14:45:00;280;Acidente sem vítima;247;BR-101/ES;Sul;Colisão Traseira;2;0;0;0;0;0;0;0;;;3;0;0;0;0
17/09/2018;15:51:00;302;Acidente sem vítima;425;BR-101/ES;Norte;Tombamento;1;0;0;0;0;0;0;0;;;1;0;0;0;0
17/09/2018;16:33:00;315;Acidente com vítima;85;BR-101/ES;Norte;Choque com Objeto Fixo;0;0;1;0;0;0;0;0;;;1;0;1;0;0
17/09/2018;17:35:00;339;Acidente sem vítima;294;BR-101/ES;Norte;Colisão Traseira;2;0;0;0;0;0;0;0;;;2;0;0;0;0
17/09/2018;21:05:00;375;Acidente com vítima;331;BR-101/ES;Sul;Colisão Transversal;1;0;0;1;0;0;0;0;;;1;0;1;1;0
18/09/2018;02:45:00;47;Acidente com vítima;12;BR-101/ES;Sul;Colisão Traseira;1;0;1;0;0;0;0;0;;;3;1;1;0;0
18/09/2018;17:50:00;345;Acidente sem vítima;265;BR-101/ES;Sul;Colisão Traseira;1;0;0;0;1;0;0;0;;;2;0;0;0;0
18/09/2018;18:58:00;360;Acidente com vítima;287;BR-101/ES;Sul;Colisão Transversal;1;0;0;1;0;0;0;0;;;1;0;1;0;0
18/09/2018;19:33:00;367;Acidente sem vítima;278;BR-101/ES;Norte;Choque com Objeto Fixo;1;0;0;0;0;0;0;0;;;1;0;0;0;0
18/09/2018;19:54:00;373;Acidente com vítima;144;BR-101/ES;Norte;Colisão Traseira;1;0;0;1;0;0;0;0;;;1;1;0;0;0
18/09/2018;21:39:00;390;Acidente sem vítima;266;BR-101/ES;Norte;Colisão Lateral;2;0;1;0;0;0;0;0;;;5;0;0;0;0
19/09/2018;08:41:00;102;Acidente sem vítima;282;BR-101/ES;Sul;Queda de Moto;0;0;0;1;0;0;0;0;;;1;0;0;0;0
19/09/2018;14:53:00;255;Acidente com vítima;397;BR-101/ES;Norte;Colisão Lateral;1;0;0;0;0;0;0;2;;;1;1;0;0;0
19/09/2018;16:50:00;292;Acidente sem vítima;148,5;BR-101/ES;Sul;Engavetamento;3;0;0;0;0;0;0;0;;;6;0;0;0;0
19/09/2018;18:17:00;323;Acidente sem vítima;206;BR-101/ES;Norte;Colisão Traseira;2;0;0;0;0;0;0;0;;;4;0;0;0;0
19/09/2018;18:27:00;325;Acidente sem vítima;377;BR-101/ES;Sul;Colisão Transversal;1;0;1;0;0;0;0;0;;;2;0;0;0;0
19/09/2018;19:23:00;339;Acidente com vítima;144;BR-101/ES;Norte;Queda de Moto;0;0;1;1;0;0;0;0;;;1;1;0;0;0
19/09/2018;19:48:00;345;Acidente com vítima;287;BR-101/ES;Sul;Queda de ciclista;0;1;0;0;0;0;0;0;;;0;1;0;0;0
20/09/2018;05:29:00;68;Acidente sem vítima;283;BR-101/ES;Norte;Colisão Lateral;2;0;0;0;0;0;0;0;;;2;0;0;0;0
20/09/2018;15:16:00;307;Acidente com vítima;60,5;BR-101/ES;Sul;Colisão Transversal;2;0;0;0;0;0;0;0;;;4;1;0;0;0
20/09/2018;16:28:00;338;Acidente sem vítima;253;BR-101/ES;Norte;Choque com Objeto Fixo;0;0;1;0;0;0;0;0;;;1;0;0;0;0
20/09/2018;19:49:00;404;Acidente com vítima;46;BR-101/ES;Sul;Queda de Moto;0;0;0;1;0;0;0;0;;;1;0;1;0;0
21/09/2018;01:19:00;28;Acidente com vítima;197;BR-101/ES;Norte;Saída de Pista;1;0;0;0;0;0;0;0;;;0;0;2;0;0
21/09/2018;01:22:00;29;Acidente sem vítima;267,8;BR-101/ES;Norte;Colisão Transversal;0;0;0;0;0;0;0;4;;;2;0;0;0;0
21/09/2018;02:11:00;39;Acidente sem vítima;242;BR-101/ES;Sul;Colisão Traseira;1;0;0;0;0;0;0;2;;;3;0;0;0;0
21/09/2018;09:45:00;176;Acidente sem vítima;150,5;BR-101/ES;Norte;Colisão Transversal;0;0;1;1;0;0;0;0;;;2;0;0;0;0
21/09/2018;17:53:00;374;Acidente sem vítima;269;BR-101/ES;Norte;Colisão Lateral;1;0;0;0;0;0;0;2;;;2;0;0;0;0
21/09/2018;18:21:00;385;Acidente sem vítima;142,9;BR-101/ES;Norte;Colisão Traseira;1;0;0;0;1;0;0;0;;;2;0;0;0;0
21/09/2018;18:46:00;390;Acidente sem vítima;270;BR-101/ES;Norte;Colisão Traseira;1;0;0;0;0;0;0;2;;;2;0;0;0;0
21/09/2018;19:00:00;393;Acidente com vítima;264;BR-101/ES;Norte;Colisão Transversal;2;0;0;2;0;0;0;0;;;2;1;0;1;0