data;horario;n_da_ocorrencia;tipo_de_ocorrencia;km;trecho;sentido;tipo_de_acidente;automovel;bicicleta;caminhao;moto;onibus;outros;tracao_animal;transporte_de_cargas_especiais;trator_maquinas;utilitarios;ilesos;levemente_feridos;moderadamente_feridos;gravemente_feridos;mortos
21/09/2018;22:27:00;431;Acidente sem vítima;396;BR-101/ES;Sul;Colisão Transversal;2;0;0;0;0;0;0;0;;;6;0;0;0;0
22/09/2018;02:12:00;43;Acidente sem vítima;236,18;BR-101/ES;Norte;Capotamento;1;0;0;0;0;0;0;0;;;2;0;0;0;0
22/09/2018;04:16:00;59;Acidente sem vítima;285;BR-101/ES;Sul;Capotamento;1;0;0;0;0;0;0;0;;;1;0;0;0;0
22/09/2018;04:48:00;65;Acidente sem vítima;293;BR-101/ES;Sul;Choque;1;0;0;0;0;0;0;0;;;1;0;0;0;0
22/09/2018;05:28:00;73;Acidente com vítima;159;BR-101/ES;Sul;Colisão Transversal;1;0;0;1;0;0;0;0;;;1;0;1;0;0
22/09/2018;06:48:00;89;Acidente com vítima;145;BR-101/ES;Sul;Queda de Moto;0;0;0;1;0;0;0;0;;;0;1;0;0;0
22/09/2018;10:16:00;173;Acidente com vítima;263;BR-101/ES;Norte;Colisão Traseira;4;0;0;1;0;0;0;2;;;8;1;1;0;0
22/09/2018;10:17:00;174;Acidente sem vítima;147;BR-101/ES;Sul;Colisão Transversal;2;0;0;0;0;0;0;0;;;2;0;0;0;0
22/09/2018;18:35:00;333;Acidente com vítima;213;BR-101/ES;Sul;Saída de Pista;1;0;0;0;0;0;0;0;;;0;1;0;0;0
22/09/2018;18:51:00;340;Acidente sem vítima;452;BR-101/ES;Norte;Colisão Traseira;2;0;0;0;0;0;0;0;;;2;0;0;0;0
22/09/2018;19:05:00;342;Acidente com vítima;292;BR-101/ES;Norte;Colisão Traseira;1;0;1;0;0;0;0;0;;;2;0;2;0;0
22/09/2018;19:07:00;343;Acidente com vítima;294;BR-101/ES;Norte;Colisão Traseira;1;0;0;1;0;0;0;0;;;1;0;1;0;0
22/09/2018;19:56:00;354;Acidente com morte;332;BR-101/ES;Sul;Colisão Frontal;1;0;0;0;1;0;0;0;;;3;13;6;0;3
22/09/2018;21:20:00;372;Acidente com vítima;270;BR-101/ES;Norte;Colisão Lateral;1;0;0;1;0;0;0;0;;;1;0;1;0;0
22/09/2018;23:11:00;393;Acidente sem vítima;313;BR-101/ES;Norte;Saída de Pista;1;0;0;0;0;0;0;0;;;1;0;0;0;0
23/09/2018;01:45:00;27;Acidente sem vítima;267;BR-101/ES;Sul;Colisão Transversal;2;0;0;0;0;0;0;0;;;4;0;0;0;0
23/09/2018;02:05:00;36;Acidente com vítima;67;BR-101/ES;Norte;Colisão Transversal;1;0;0;1;0;0;0;0;;;4;2;0;0;0
23/09/2018;03:05:00;48;Acidente com vítima;143;BR-101/ES;Norte;Saída de Pista;1;0;0;0;0;0;0;0;;;0;1;0;0;0
23/09/2018;11:13:00;167;Acidente com vítima;295;BR-101/ES;Norte;Engavetamento;3;0;0;0;0;0;0;0;;;2;2;0;0;0
23/09/2018;13:28:00;224;Acidente sem vítima;402;BR-101/ES;Norte;Tombamento;1;0;0;0;0;0;0;0;;;1;0;0;0;0
23/09/2018;15:39:00;264;Acidente sem vítima;229;BR-101/ES;Sul;Colisão Traseira;2;0;0;0;0;0;0;0;;;1;0;0;0;0
23/09/2018;17:32:00;318;Acidente com vítima;284;BR-101/ES;Norte;Queda de Moto;0;0;0;1;0;0;0;0;;;0;1;0;0;0
23/09/2018;18:16:00;331;Acidente com vítima;256;BR-101/ES;Norte;Queda de ciclista;0;1;0;0;0;0;0;0;;;0;0;1;0;0
24/09/2018;04:40:00;54;Acidente sem vítima;314;BR-101/ES;Norte;Saída de Pista;1;0;0;0;0;0;0;0;;;1;0;0;0;0
24/09/2018;09:59:00;150;Acidente com vítima;409;BR-101/ES;Norte;Colisão Transversal;1;0;1;0;0;0;0;0;;;1;1;0;0;0
24/09/2018;10:00:00;151;Acidente com vítima;288;BR-101/ES;Norte;Tombamento;0;0;1;0;0;0;0;0;;;1;1;0;0;0
24/09/2018;16:49:00;313;Acidente com vítima;72,7;BR-101/ES;Norte;Queda de Moto;0;0;0;1;0;0;0;0;;;0;0;1;0;0
24/09/2018;18:31:00;335;Acidente com vítima;261;BR-101/ES;Sul;Colisão Lateral;1;0;0;1;0;0;0;0;;;0;2;1;0;0
24/09/2018;18:50:00;340;Acidente com vítima;260;BR-101/ES;Norte;Colisão Frontal;2;0;0;0;0;0;0;0;;;2;0;1;0;0
24/09/2018;18:52:00;342;Acidente sem vítima;273;BR-101/ES;Sul;Colisão Transversal;2;0;0;0;0;0;0;0;;;3;0;0;0;0
24/09/2018;19:20:00;349;Acidente com vítima;260;BR-101/ES;Norte;Queda de Moto;0;0;0;1;0;0;0;0;;;0;0;1;0;0
24/09/2018;19:58:00;363;Acidente com vítima;148;BR-101/ES;Sul;Colisão Traseira;2;0;0;0;0;0;0;0;;;2;1;0;0;0
24/09/2018;20:12:00;366;Acidente sem vítima;260;BR-101/ES;Sul;Colisão Traseira;2;0;0;0;0;0;0;0;;;2;0;0;0;0
24/09/2018;21:29:00;382;Acidente sem vítima;42;BR-101/ES;Norte;Colisão Lateral;1;0;0;0;0;0;0;1;;;2;0;0;0;0
25/09/2018;06:36:00;87;Acidente com vítima;270;BR-101/ES;Sul;Colisão Lateral;1;0;0;1;0;0;0;0;;;1;1;0;0;0
25/09/2018;10:37:00;210;Acidente com vítima;268;BR-101/ES;Sul;Colisão Lateral;1;0;0;1;0;0;0;2;;;3;0;0;1;0
25/09/2018;11:06:00;220;Acidente sem vítima;213;BR-101/ES;Norte;Saída de Pista;1;0;0;0;0;0;0;0;;;1;0;0;0;0
25/09/2018;11:35:00;230;Acidente com vítima;66;BR-101/ES;Norte;Queda de ciclista;0;1;0;0;0;0;0;0;;;0;1;0;0;0
25/09/2018;12:38:00;264;Acidente sem vítima;270;BR-101/ES;Norte;Colisão Lateral;1;0;0;0;0;0;0;3;;;2;0;0;0;0
25/09/2018;13:20:00;292;Acidente com vítima;320;BR-101/ES;Norte;Colisão Transversal;1;0;1;0;0;0;0;0;;;2;1;0;0;0
25/09/2018;14:10:00;314;Acidente com morte;234;BR-101/ES;Norte;Saída de Pista;1;0;0;0;0;0;0;0;;;0;0;0;0;1
25/09/2018;17:14:00;366;Acidente com vítima;267;BR-101/ES;Norte;Colisão Traseira;1;0;0;1;0;0;0;0;;;1;1;0;0;0
25/09/2018;17:26:00;370;Acidente sem vítima;254,5;BR-101/ES;Sul;Engavetamento;3;0;0;0;0;0;0;0;;;3;0;0;0;0
25/09/2018;18:52:00;398;Acidente com vítima;125;BR-101/ES;Sul;Colisão Transversal;1;0;0;1;0;0;0;0;;;2;1;1;0;0
25/09/2018;18:57:00;400;Acidente sem vítima;268,5;BR-101/ES;Norte;Colisão Lateral;1;0;0;1;0;0;0;0;;;2;0;0;0;0
25/09/2018;21:00:00;429;Acidente com vítima;145;BR-101/ES;Norte;Queda de ciclista;0;1;0;0;0;0;0;0;;;0;1;0;0;0
25/09/2018;22:24:00;441;Acidente com vítima;209;BR-101/ES;Sul;Colisão Frontal;1;0;0;1;0;0;0;0;;;3;0;0;1;0
25/09/2018;22:25:00;442;Acidente sem vítima;264;BR-101/ES;Norte;Colisão Traseira;2;0;0;0;0;0;0;0;;;2;0;0;0;0
25/09/2018;23:06:00;459;Acidente sem vítima;209;BR-101/ES;Norte;Colisão Traseira;1;0;0;0;0;0;0;2;;;3;0;0;0;0
26/09/2018;06:49:00;90;Acidente sem vítima;276;BR-101/ES;Sul;Colisão Lateral;1;0;1;0;0;0;0;0;;;2;0;0;0;0
26/09/2018;10:39:00;218;Acidente com vítima;266;BR-101/ES;Norte;Engavetamento;3;0;0;0;0;0;0;0;;;2;0;1;0;0
26/09/2018;12:01:00;249;Acidente com morte;367;BR-101/ES;Sul;Colisão Frontal;1;0;0;0;0;0;0;2;;;1;0;0;1;2
26/09/2018;12:11:00;252;Acidente sem vítima;130;BR-101/ES;Sul;Colisão Transversal;1;0;1;0;0;0;0;0;;;2;0;0;0;0
26/09/2018;13:01:00;272;Acidente sem vítima;263;BR-101/ES;Norte;Colisão Lateral;1;0;0;1;0;0;0;0;;;2;0;0;0;0
26/09/2018;14:19:00;299;Acidente sem vítima;109;BR-101/ES;Sul;Saída de Pista;0;0;1;0;0;0;0;0;;;1;0;0;0;0
26/09/2018;16:45:00;343;Acidente sem vítima;267;BR-101/ES;Norte;Colisão Traseira;0;0;0;2;0;0;0;0;;;2;0;0;0;0
26/09/2018;18:50:00;376;Acidente sem vítima;262;BR-101/ES;Sul;Colisão Traseira;1;0;1;0;0;0;0;0;;;4;0;0;0;0
26/09/2018;20:40:00;392;Acidente com vítima;355;BR-101/ES;Norte;Colisão Lateral;1;0;1;0;0;0;0;0;;;1;0;1;0;0
27/09/2018;01:20:00;21;Acidente com vítima;408;BR-101/ES;Sul;Saída de Pista;1;0;0;0;0;0;0;0;;;0;1;1;0;0
27/09/2018;07:17:00;85;Atropelamento sem morte;270;BR-101/ES;Norte;Atropelamento;2;0;0;0;0;0;0;0;;;2;0;1;0;0
27/09/2018;13:36:00;243;Acidente com vítima;131;BR-101/ES;Sul;Colisão Lateral;2;0;0;0;0;0;0;0;;;2;1;0;0;0
27/09/2018;16:35:00;300;Acidente com vítima;263,5;BR-101/ES;Norte;Colisão Transversal;2;0;0;0;0;0;0;0;;;1;0;2;0;0
27/09/2018;17:53:00;325;Atropelamento sem morte;258;BR-101/ES;Norte;Atropelamento;1;0;0;0;0;0;0;0;;;1;1;0;0;0
27/09/2018;23:01:00;399;Acidente sem vítima;10,5;BR-101/ES;Sul;Tombamento;0;0;1;0;0;0;0;0;;;1;0;0;0;0
28/09/2018;05:48:00;89;Acidente com vítima;10,5;BR-101/ES;Norte;Queda de Moto;0;0;0;1;0;0;0;0;;;0;1;0;0;0
28/09/2018;06:41:00;95;Acidente com vítima;265,5;BR-101/ES;Sul;Colisão com ciclista;1;1;0;0;0;0;0;0;;;1;0;1;0;0
28/09/2018;07:16:00;103;Acidente com vítima;163;BR-101/ES;Norte;Queda de Moto;0;0;0;1;0;0;0;0;;;0;0;1;0;0
28/09/2018;07:33:00;112;Acidente sem vítima;298;BR-101/ES;Norte;Colisão Lateral;1;0;1;0;0;0;0;0;;;2;0;0;0;0
28/09/2018;08:47:00;144;Acidente sem vítima;269;BR-101/ES;Norte;Colisão Traseira;3;0;0;0;0;0;0;0;;;4;0;0;0;0
28/09/2018;13:20:00;265;Acidente sem vítima;286;BR-101/ES;Sul;Choque com Objeto Fixo;1;0;0;0;0;0;0;0;;;1;0;0;0;0
28/09/2018;15:45:00;322;Acidente com vítima;274;BR-101/ES;Sul;Colisão Traseira;1;0;0;1;0;0;0;0;;;2;0;1;0;0
28/09/2018;16:46:00;341;Acidente com vítima;206;BR-101/ES;Norte;Colisão Lateral;1;0;1;0;0;0;0;0;;;1;1;0;0;0
28/09/2018;17:49:00;368;Acidente com vítima;242;BR-101/ES;Sul;Queda de Moto;0;0;0;1;0;0;0;0;;;0;1;0;0;0
28/09/2018;17:57:00;373;Acidente com vítima;266;BR-101/ES;Norte;Colisão Traseira;1;0;0;1;0;0;0;0;;;4;0;1;0;0
28/09/2018;18:30:00;381;Acidente sem vítima;270;BR-101/ES;Norte;Colisão Lateral;1;0;0;0;0;0;0;2;;;2;0;0;0;0
28/09/2018;18:54:00;386;Acidente com vítima;383;BR-101/ES;Norte;Colisão Transversal;1;0;0;1;0;0;0;0;;;1;0;1;0;0
28/09/2018;21:43:00;434;Acidente sem vítima;346,5;BR-101/ES;Norte;Colisão Traseira;2;0;0;0;0;0;0;0;;;2;0;0;0;0
28/09/2018;22:15:00;446;Acidente sem vítima;291;BR-101/ES;Sul;Choque com Objeto Fixo;1;0;0;0;0;0;0;0;;;1;0;0;0;0
29/09/2018;07:04:00;93;Acidente com vítima;293;BR-101/ES;Norte;Colisão Transversal;0;0;0;1;0;0;0;2;;;1;0;1;0;0
29/09/2018;10:01:00;170;Acidente sem vítima;166;BR-101/ES;Sul;Colisão Traseira;2;0;0;0;0;0;0;0;;;6;0;0;0;0
29/09/2018;12:54:00;250;Acidente com morte;162;BR-101/ES;Sul;Colisão Transversal;0;0;0;1;0;0;0;2;;;1;0;0;0;1
29/09/2018;13:39:00;265;Acidente com vítima;123;BR-101/ES;Norte;Capotamento;1;0;0;0;0;0;0;0;;;0;0;1;1;0
29/09/2018;13:40:00;266;Acidente sem vítima;298;BR-101/ES;Sul;Engavetamento;3;0;0;0;0;0;0;0;;;7;0;0;0;0
29/09/2018;15:26:00;286;Acidente sem vítima;266;BR-101/ES;Sul;Saída de Pista;1;0;0;0;0;0;0;0;;;2;0;0;0;0
29/09/2018;21:46:00;377;Acidente com vítima;261;BR-101/ES;Norte;Queda de Moto;0;0;0;1;0;0;0;0;;;0;0;1;0;0
29/09/2018;23:45:00;410;Acidente com vítima;284,3;BR-101/ES;Norte;Capotamento;1;0;0;0;0;0;0;0;;;1;1;0;0;0
30/09/2018;00:45:00;13;Acidente com vítima;270,9;BR-101/ES;Sul;Colisão Traseira;1;0;0;0;1;0;0;0;;;1;1;0;0;0
30/09/2018;04:18:00;61;Acidente sem vítima;268;BR-101/ES;Sul;Colisão Traseira;2;0;0;0;0;0;0;0;;;4;0;0;0;0
30/09/2018;05:04:00;70;Acidente sem vítima;280;BR-101/ES;Norte;Saída de Pista;1;0;0;0;0;0;0;0;;;1;0;0;0;0
30/09/2018;05:09:00;71;Acidente com vítima;143;BR-101/ES;Norte;Saída de Pista;1;0;0;0;0;0;0;0;;;0;0;0;1;0
30/09/2018;07:06:00;89;Atropelamento com morte;264;BR-101/ES;Norte;Atropelamento;0;0;1;0;0;0;0;0;;;3;0;0;0;1
30/09/2018;10:57:00;161;Acidente com vítima;289;BR-101/ES;Norte;Queda de Moto;0;0;0;1;0;0;0;0;;;0;0;1;0;0
30/09/2018;11:26:00;171;Acidente sem vítima;270;BR-101/ES;Sul;Choque com Objeto Fixo;1;0;0;0;0;0;0;0;;;1;0;0;0;0
30/09/2018;11:38:00;180;Acidente com vítima;82;BR-101/ES;Norte;Queda de Moto;0;0;0;1;0;0;0;0;;;0;2;0;0;0
30/09/2018;12:43:00;209;Acidente sem vítima;188,8;BR-101/ES;Norte;Saída de Pista;1;0;0;0;0;0;0;0;;;1;0;0;0;0
30/09/2018;12:50:00;210;Acidente sem vítima;284;BR-101/ES;Norte;Saída de Pista;0;0;1;0;0;0;0;0;;;1;0;0;0;0
30/09/2018;16:02:00;274;Acidente com vítima;107;BR-101/ES;Sul;Queda de Moto;0;0;0;1;0;0;0;0;;;0;1;0;0;0
30/09/2018;17:37:00;309;Acidente com vítima;84;BR-101/ES;Sul;Queda de ciclista;0;1;0;0;0;0;0;0;;;0;1;0;0;0
30/09/2018;18:53:00;325;Acidente sem vítima;254;BR-101/ES;Sul;Colisão Traseira;2;0;0;0;0;0;0;0;;;5;0;0;0;0
01/10/2018;06:34:00;69;Acidente sem vítima;270;BR-101/ES;Sul;Engavetamento;2;0;0;1;0;0;0;0;;;4;0;0;0;0
01/10/2018;07:27:00;81;Acidente com vítima;134,8;BR-101/ES;Sul;Queda de Moto;0;0;0;1;0;0;0;0;;;0;1;0;0;0
01/10/2018;09:05:00;118;Acidente com vítima;174;BR-101/ES;Norte;Queda de Moto;0;0;0;1;0;0;0;0;;;0;0;1;0;0
01/10/2018;10:17:00;143;Acidente com vítima;266;BR-101/ES;Sul;Colisão Traseira;0;0;0;1;1;0;0;0;;;1;1;0;0;0
01/10/2018;10:56:00;164;Acidente sem vítima;266;BR-101/ES;Sul;Queda de Moto;0;0;0;1;0;0;0;0;;;1;0;0;0;0
01/10/2018;11:08:00;167;Atropelamento sem morte;266;BR-101/ES;Sul;Atropelamento;0;0;1;0;0;0;0;0;;;2;0;0;1;0
01/10/2018;11:54:00;181;Acidente com vítima;266;BR-101/ES;Norte;Colisão Transversal;1;0;0;1;0;0;0;0;;;1;0;2;0;0
01/10/2018;13:56:00;233;Acidente sem vítima;268;BR-101/ES;Norte;Colisão Transversal;1;0;1;0;0;0;0;0;;;2;0;0;0;0
01/10/2018;17:28:00;300;Acidente com vítima;370;BR-101/ES;Sul;Saída de Pista;1;0;0;0;0;0;0;0;;;1;1;0;0;0
01/10/2018;18:41:00;318;Acidente com vítima;290;BR-101/ES;Sul;Colisão Lateral;1;0;0;1;0;0;0;0;;;3;1;0;0;0
01/10/2018;23:14:00;396;Acidente com vítima;144;BR-101/ES;Norte;Queda de Moto;0;0;0;1;0;0;0;0;;;0;2;0;0;0
01/10/2018;23:56:00;409;Acidente sem vítima;271;BR-101/ES;Norte;Colisão Lateral;1;0;1;0;0;0;0;0;;;2;0;0;0;0
02/10/2018;04:44:00;51;Acidente com vítima;356;BR-101/ES;Norte;Tombamento;0;0;0;0;0;0;0;2;;;0;1;0;0;0
02/10/2018;06:34:00;68;Acidente sem vítima;234;BR-101/ES;Sul;Saída de Pista;1;0;0;0;0;0;0;0;;;1;0;0;0;0
02/10/2018;09:43:00;134;Acidente sem vítima;376;BR-101/ES;Sul;Colisão Transversal;1;0;0;1;0;0;0;0;;;1;0;0;0;0
02/10/2018;10:18:00;146;Acidente com vítima;371,5;BR-101/ES;Norte;Queda de Moto;0;0;0;1;0;0;0;0;;;0;1;0;0;0
02/10/2018;10:43:00;157;Acidente com vítima;293;BR-101/ES;Sul;Colisão Traseira;1;0;1;0;0;0;0;1;;;1;1;3;0;0
02/10/2018;15:47:00;271;Acidente sem vítima;145;BR-101/ES;Sul;Colisão Transversal;2;0;0;0;0;0;0;0;;;4;0;0;0;0
02/10/2018;15:59:00;275;Acidente sem vítima;268;BR-101/ES;Sul;Colisão Lateral;1;0;1;0;0;0;0;0;;;2;0;0;0;0
02/10/2018;16:17:00;284;Acidente sem vítima;264;BR-101/ES;Sul;Colisão Traseira;2;0;0;0;0;0;0;0;;;2;0;0;0;0
02/10/2018;17:18:00;297;Acidente com vítima;127;BR-101/ES;Sul;Colisão Traseira;0;0;1;1;0;0;0;0;;;1;1;0;0;0
02/10/2018;21:30:00;354;Acidente sem vítima;234;BR-101/ES;Sul;Colisão Lateral;1;0;0;0;0;0;0;2;;;2;0;0;0;0
03/10/2018;05:49:00;75;Acidente sem vítima;266;BR-101/ES;Norte;Colisão Lateral;1;0;1;0;0;0;0;0;;;2;0;0;0;0
03/10/2018;07:19:00;126;Acidente sem vítima;266;BR-101/ES;Sul;Colisão Traseira;2;0;0;0;0;0;0;0;;;2;0;0;0;0
03/10/2018;08:00:00;163;Acidente sem vítima;266;BR-101/ES;Sul;Colisão Traseira;2;0;0;0;0;0;0;0;;;2;0;0;0;0
03/10/2018;13:22:00;299;Acidente com vítima;116;BR-101/ES;Sul;Queda de Moto;0;0;0;1;0;0;0;0;;;0;0;2;0;0
04/10/2018;00:41:00;17;Acidente com morte;32;BR-101/ES;Norte;Colisão Frontal;1;0;0;0;1;0;0;0;;;26;0;0;0;1
04/10/2018;10:21:00;196;Acidente com vítima;377;BR-101/ES;Sul;Colisão Traseira;1;0;1;0;0;0;0;0;;;1;2;0;0;0
04/10/2018;12:28:00;250;Acidente sem vítima;231;BR-101/ES;Sul;Colisão Traseira;2;0;0;0;0;0;0;0;;;2;0;0;0;0
04/10/2018;12:59:00;269;Acidente sem vítima;255;BR-101/ES;Sul;Colisão Traseira;1;0;1;0;0;0;0;0;;;2;0;0;0;0
04/10/2018;17:55:00;371;Acidente com vítima;144;BR-101/ES;Sul;Colisão Lateral;1;0;0;1;0;0;0;0;;;1;1;1;0;0
04/10/2018;18:11:00;377;Acidente com vítima;301;BR-101/ES;Norte;Colisão Lateral;1;0;1;1;0;0;0;0;;;2;1;1;0;0
04/10/2018;19:12:00;386;Acidente sem vítima;271;BR-101/ES;Norte;Colisão Traseira;1;0;0;0;0;0;0;2;;;3;0;0;0;0
04/10/2018;20:24:00;405;Acidente com vítima;192;BR-101/ES;Sul;Colisão Lateral;1;0;1;0;0;0;0;0;;;1;0;2;0;0
05/10/2018;03:45:00;55;Acidente sem vítima;51;BR-101/ES;Norte;Saída de Pista;1;0;0;0;0;0;0;0;;;1;0;0;0;0
05/10/2018;06:39:00;88;Acidente com vítima;38;BR-101/ES;Norte;Saída de Pista;1;0;0;0;0;0;0;0;;;0;0;1;0;0
05/10/2018;07:23:00;109;Acidente com vítima;268;BR-101/ES;Norte;Colisão Traseira;1;0;0;1;0;0;0;0;;;3;1;0;0;0
05/10/2018;08:05:00;121;Acidente sem vítima;266;BR-101/ES;Sul;Colisão Traseira;0;0;2;0;0;0;0;0;;;2;0;0;0;0
05/10/2018;09:41:00;159;Acidente sem vítima;453;BR-101/ES;Norte;Colisão Traseira;0;0;2;0;0;0;0;0;;;2;0;0;0;0
05/10/2018;13:51:00;271;Acidente sem vítima;268;BR-101/ES;Sul;Colisão Traseira;1;0;0;0;0;0;0;1;;;2;0;0;0;0
05/10/2018;14:14:00;280;Acidente sem vítima;249;BR-101/ES;Norte;Colisão Lateral;1;0;0;0;1;0;0;0;;;5;0;0;0;0
05/10/2018;16:36:00;333;Acidente sem vítima;265;BR-101/ES;Sul;Saída de Pista;1;0;0;0;0;0;0;0;;;1;0;0;0;0
05/10/2018;16:47:00;336;Acidente sem vítima;85;BR-101/ES;Sul;Colisão Traseira;1;0;0;0;1;0;0;0;;;4;0;0;0;0
05/10/2018;17:36:00;354;Acidente sem vítima;267;BR-101/ES;Norte;Colisão Traseira;1;0;0;1;0;0;0;0;;;3;0;0;0;0
05/10/2018;17:43:00;359;Acidente com vítima;262;BR-101/ES;Sul;Colisão Traseira;0;0;0;0;1;0;0;2;;;3;0;1;0;0
05/10/2018;17:56:00;364;Acidente sem vítima;266;BR-101/ES;Norte;Colisão Lateral;2;0;0;0;0;0;0;0;;;2;0;0;0;0
05/10/2018;18:14:00;374;Acidente com vítima;444;BR-101/ES;Sul;Queda de ciclista;0;1;0;0;0;0;0;0;;;0;1;0;0;0
05/10/2018;18:17:00;375;Acidente com vítima;285;BR-101/ES;Norte;Queda de Moto;0;0;0;1;0;0;0;0;;;1;1;0;0;0
05/10/2018;19:40:00;404;Acidente com vítima;144;BR-101/ES;Norte;Queda de Moto;0;0;0;1;0;0;0;0;;;0;1;0;0;0
05/10/2018;20:33:00;416;Acidente sem vítima;146;BR-101/ES;Norte;Colisão Transversal;1;0;0;1;0;0;0;0;;;4;0;0;0;0
05/10/2018;21:07:00;424;Acidente sem vítima;268;BR-101/ES;Sul;Saída de Pista;1;0;0;0;0;0;0;0;;;1;0;0;0;0
05/10/2018;21:53:00;435;Acidente sem vítima;293;BR-101/ES;Sul;Colisão Traseira;1;0;1;0;0;0;0;0;;;2;0;0;0;0
06/10/2018;07:07:00;101;Acidente com vítima;155;BR-101/ES;Norte;Queda de Moto;0;0;0;1;0;0;0;0;;;0;1;0;0;0
06/10/2018;09:27:00;143;Acidente com vítima;148;BR-101/ES;Sul;Colisão Lateral;0;0;1;1;0;0;0;0;;;1;1;0;0;0
06/10/2018;10:56:00;173;Acidente sem vítima;33;BR-101/ES;Sul;Capotamento;1;0;0;0;0;0;0;0;;;1;0;0;0;0
06/10/2018;13:36:00;244;Atropelamento sem morte;262;BR-101/ES;Norte;Atropelamento;0;0;0;1;0;0;0;0;;;1;0;0;1;0
06/10/2018;14:57:00;251;Acidente sem vítima;939;BR-101/BA;Norte;Choque com Objeto Fixo;0;0;0;0;0;0;0;2;;;1;0;0;0;0
06/10/2018;18:44:00;322;Acidente sem vítima;260;BR-101/ES;Norte;Atropelamento de Equino;1;0;0;0;0;0;0;0;;;1;0;0;0;0
06/10/2018;19:52:00;346;Acidente com vítima;53,5;BR-101/ES;Sul;Tombamento;0;0;1;1;0;0;0;0;;;1;1;0;2;0
06/10/2018;20:15:00;355;Acidente com vítima;147;BR-101/ES;Norte;Queda de Moto;0;0;0;1;0;0;0;0;;;0;0;1;0;0
06/10/2018;22:56:00;386;Acidente com vítima;284,8;BR-101/ES;Norte;Saída de Pista;1;0;0;0;0;0;0;0;;;0;0;1;0;0
06/10/2018;23:59:00;394;Acidente com vítima;393;BR-101/ES;Sul;Saída de Pista;1;0;0;0;0;0;0;0;;;0;0;1;0;0
07/10/2018;00:20:00;8;Acidente com vítima;370;BR-101/ES;Sul;Choque com Objeto Fixo;1;0;0;0;0;0;0;0;;;0;2;0;0;0
07/10/2018;00:30:00;12;Acidente sem vítima;223;BR-101/ES;Norte;Saída de Pista;1;0;0;0;0;0;0;0;;;4;0;0;0;0
07/10/2018;00:32:00;14;Acidente sem vítima;143;BR-101/ES;Norte;Choque com Objeto Fixo;1;0;0;0;0;0;0;0;;;1;0;0;0;0
07/10/2018;01:18:00;25;Acidente sem vítima;296;BR-101/ES;Sul;Saída de Pista;1;0;0;0;0;0;0;0;;;1;0;0;0;0
07/10/2018;02:40:00;54;Acidente com vítima;267;BR-101/ES;Norte;Queda de Moto;1;0;0;0;0;0;0;0;;;0;0;0;1;0
07/10/2018;04:10:00;74;Acidente sem vítima;202;BR-101/ES;Norte;Choque com Objeto Fixo;1;0;0;0;0;0;0;0;;;1;0;0;0;0
07/10/2018;05:17:00;83;Acidente sem vítima;289;BR-101/ES;Sul;Choque com Objeto Fixo;1;0;0;0;0;0;0;0;;;1;0;0;0;0
07/10/2018;13:28:00;216;Acidente sem vítima;293;BR-101/ES;Sul;Colisão Traseira;2;0;0;0;0;0;0;0;;;2;0;0;0;0
07/10/2018;14:18:00;239;Acidente sem vítima;125;BR-101/ES;Sul;Colisão Traseira;2;0;0;0;0;0;0;0;;;2;0;0;0;0
07/10/2018;14:23:00;240;Acidente sem vítima;18;BR-101/ES;Norte;Colisão Traseira;1;0;1;0;0;0;0;0;;;2;0;0;0;0
07/10/2018;18:11:00;304;Acidente sem vítima;265;BR-101/ES;Sul;Colisão Traseira;2;0;0;0;0;0;0;0;;;2;0;0;0;0
07/10/2018;18:34:00;308;Atropelamento sem morte;48;BR-101/ES;Norte;Atropelamento e Fuga;0;0;0;0;0;0;0;1;;;0;0;0;1;0
07/10/2018;19:30:00;320;Acidente com vítima;140;BR-101/ES;Sul;Choque com Objeto Fixo;1;0;0;0;0;0;0;0;;;1;1;0;0;0
07/10/2018;21:36:00;342;Acidente sem vítima;173;BR-101/ES;Norte;Saída de Pista;1;0;0;0;0;0;0;0;;;1;0;0;0;0
07/10/2018;21:53:00;351;Acidente com vítima;284;BR-101/ES;Norte;Colisão Traseira;1;0;2;0;0;0;0;0;;;3;0;1;0;0
08/10/2018;07:27:00;99;Acidente com vítima;288;BR-101/ES;Sul;Saída de Pista;0;0;0;0;0;0;0;1;;;0;0;1;0;0
08/10/2018;08:04:00;129;Acidente com vítima;244;BR-101/ES;Norte;Colisão Transversal;1;0;1;0;0;0;0;0;;;1;1;0;0;0
08/10/2018;08:52:00;146;Acidente com vítima;270;BR-101/ES;Norte;Colisão Lateral;1;0;0;1;1;0;0;0;;;3;1;0;0;0
08/10/2018;09:50:00;177;Acidente com vítima;267;BR-101/ES;Sul;Colisão Lateral;1;0;0;1;0;0;0;0;;;1;0;1;0;0
08/10/2018;15:20:00;325;Acidente com vítima;145;BR-101/ES;Norte;Colisão Lateral;1;0;0;1;0;0;0;0;;;1;1;0;0;0
08/10/2018;15:22:00;326;Acidente sem vítima;275;BR-101/ES;Norte;Colisão Traseira;2;0;0;0;0;0;0;0;;;3;0;0;0;0
08/10/2018;17:35:00;371;Acidente com vítima;269;BR-101/ES;Norte;Colisão Traseira;1;0;0;1;0;0;0;0;;;1;0;1;0;0