data;horario;n_da_ocorrencia;tipo_de_ocorrencia;km;trecho;sentido;tipo_de_acidente;automovel;bicicleta;caminhao;moto;onibus;outros;tracao_animal;transporte_de_cargas_especiais;trator_maquinas;utilitarios;ilesos;levemente_feridos;moderadamente_feridos;gravemente_feridos;mortos
12/11/2018;09:04:00;158;Acidente sem vítima;298;BR-101/ES;Sul;Colisão Transversal;1;0;0;0;0;0;0;1;;;2;0;0;0;0
12/11/2018;11:52:00;249;Acidente com vítima;289;BR-101/ES;Norte;Colisão Traseira;0;0;1;1;0;0;0;0;;;2;1;1;0;0
12/11/2018;12:15:00;254;Acidente sem vítima;270;BR-101/ES;Sul;Colisão Traseira;2;0;0;0;0;0;0;0;;;2;0;0;0;0
12/11/2018;13:33:00;289;Acidente sem vítima;280;BR-101/ES;Sul;Saída de Pista;0;0;0;0;0;0;0;2;;;1;0;0;0;0
12/11/2018;17:44:00;396;Atropelamento sem morte;376;BR-101/ES;Norte;Atropelamento;0;0;0;1;0;0;0;0;;;0;1;1;0;0
12/11/2018;19:05:00;421;Acidente sem vítima;281;BR-101/ES;Sul;Colisão Traseira;3;0;1;0;0;0;0;0;;;6;0;0;0;0
12/11/2018;22:33:00;457;Acidente sem vítima;225;BR-101/ES;Sul;Atropelamento Animal;1;0;0;0;0;0;0;0;;;1;0;0;0;0
12/11/2018;23:37:00;473;Acidente com morte;3;BR-101/ES;Norte;Saída de Pista;0;0;0;0;0;0;0;2;;;0;0;0;0;1
12/11/2018;23:50:00;475;Acidente sem vítima;213;BR-101/ES;Sul;Choque com Objeto Fixo;1;0;0;0;0;0;0;0;;;1;0;0;0;0
13/11/2018;05:50:00;67;Atropelamento sem morte;265;BR-101/ES;Sul;Atropelamento;0;0;0;1;0;0;0;0;;;0;0;2;0;0
13/11/2018;06:34:00;73;Acidente com vítima;164;BR-101/ES;Sul;Saída de Pista;1;0;0;0;0;0;0;0;;;0;0;1;0;0
13/11/2018;07:46:00;92;Acidente com vítima;268;BR-101/ES;Sul;Colisão Traseira;1;0;0;1;0;0;0;0;;;1;0;1;0;0
13/11/2018;08:03:00;100;Acidente sem vítima;54;BR-101/ES;Sul;Colisão Lateral;2;0;0;0;0;0;0;0;;;7;0;0;0;0
13/11/2018;08:24:00;109;Acidente com vítima;147;BR-101/ES;Sul;Queda de Moto;0;0;0;1;0;0;0;0;;;0;1;0;0;0
13/11/2018;08:46:00;118;Acidente sem vítima;372;BR-101/ES;Sul;Colisão Traseira;1;0;1;0;0;0;0;0;;;3;0;0;0;0
13/11/2018;13:24:00;269;Acidente sem vítima;262;BR-101/ES;Sul;Colisão Traseira;1;0;1;0;0;0;0;0;;;2;0;0;0;0
13/11/2018;16:47:00;342;Acidente com vítima;68;BR-101/ES;Norte;Colisão Traseira;1;0;0;1;0;0;0;0;;;1;1;0;0;0
13/11/2018;21:36:00;411;Acidente com vítima;287;BR-101/ES;Norte;Queda de Moto;0;0;0;1;0;0;0;0;;;0;1;1;0;0
14/11/2018;08:35:00;104;Acidente com vítima;92;BR-101/ES;Sul;Colisão com ciclista;1;1;0;0;0;0;0;0;;;2;1;0;0;0
14/11/2018;11:01:00;165;Acidente sem vítima;295;BR-101/ES;Sul;Colisão Traseira;2;0;0;0;0;0;0;0;;;5;0;0;0;0
14/11/2018;13:56:00;259;Acidente com vítima;315;BR-101/ES;Sul;Tombamento;0;0;1;0;0;0;0;0;;;0;1;0;0;0
14/11/2018;13:57:00;261;Acidente sem vítima;149;BR-101/ES;Sul;Colisão Traseira;1;0;0;0;0;1;0;0;;;2;0;0;0;0
14/11/2018;16:45:00;315;Acidente sem vítima;229;BR-101/ES;Norte;Engavetamento;4;0;0;0;0;0;0;0;;;8;0;0;0;0
14/11/2018;17:44:00;342;Acidente sem vítima;254;BR-101/ES;Sul;Colisão Traseira;2;0;0;0;0;0;0;0;;;2;0;0;0;0
14/11/2018;18:23:00;354;Acidente sem vítima;265;BR-101/ES;Sul;Tombamento;1;0;0;0;0;0;0;0;;;1;0;0;0;0
14/11/2018;19:16:00;369;Acidente sem vítima;270;BR-101/ES;Norte;Colisão Lateral;1;0;0;0;0;0;0;2;;;4;0;0;0;0
15/11/2018;03:32:00;47;Acidente com vítima;301,5;BR-101/ES;Sul;Colisão Transversal;0;0;0;0;1;0;0;2;;;1;2;2;0;0
15/11/2018;03:37:00;50;Acidente com vítima;285;BR-101/ES;Norte;Queda de Moto;1;0;0;1;0;0;0;0;;;1;1;0;0;0
15/11/2018;03:57:00;55;Acidente com vítima;219;BR-101/ES;Sul;Tombamento;0;0;0;0;0;0;0;2;;;0;0;2;0;0
15/11/2018;04:49:00;61;Acidente sem vítima;219;BR-101/ES;Norte;Saída de Pista;1;0;0;0;0;0;0;0;;;1;0;0;0;0
15/11/2018;06:54:00;89;Acidente sem vítima;18;BR-101/ES;Sul;Colisão Traseira;1;0;1;0;0;0;0;0;;;2;0;0;0;0
15/11/2018;08:19:00;124;Acidente sem vítima;293;BR-101/ES;Sul;Colisão Traseira;2;0;0;0;0;0;0;0;;;4;0;0;0;0
15/11/2018;08:43:00;132;Acidente sem vítima;388;BR-101/ES;Sul;Colisão Lateral;2;0;0;0;0;0;0;0;;;5;0;0;0;0
15/11/2018;09:56:00;161;Acidente sem vítima;399;BR-101/ES;Sul;Colisão Traseira;2;0;0;0;0;0;0;0;;;2;0;0;0;0
15/11/2018;10:53:00;188;Acidente sem vítima;381;BR-101/ES;Norte;Colisão Traseira;4;0;0;0;0;0;0;0;;;4;0;0;0;0
15/11/2018;15:33:00;311;Acidente sem vítima;317,5;BR-101/ES;Norte;Colisão Traseira;0;0;0;0;0;0;0;5;;;2;0;0;0;0
15/11/2018;20:08:00;379;Atropelamento sem morte;219;BR-101/ES;Norte;Atropelamento;0;0;0;1;0;0;0;0;;;1;0;2;0;0
15/11/2018;21:49:00;395;Acidente com vítima;379;BR-101/ES;Sul;Queda de Moto;1;0;0;0;0;0;0;0;;;0;1;0;0;0
16/11/2018;00:44:00;22;Acidente com morte;355,8;BR-101/ES;Sul;Colisão Lateral;0;0;0;1;0;0;0;1;;;0;0;0;0;1
16/11/2018;04:49:00;55;Acidente com vítima;235;BR-101/ES;Norte;Colisão Lateral;1;0;0;1;0;0;0;0;;;1;0;0;2;0
16/11/2018;08:18:00;125;Acidente sem vítima;146;BR-101/ES;Sul;Colisão Traseira;2;0;0;0;0;0;0;0;;;2;0;0;0;0
16/11/2018;17:24:00;321;Acidente sem vítima;446;BR-101/ES;Norte;Saída de Pista;1;0;0;0;0;0;0;0;;;3;0;0;0;0
16/11/2018;17:37:00;324;Acidente com vítima;236;BR-101/ES;Norte;Queda de Moto;0;0;0;1;0;0;0;0;;;0;0;1;0;0
16/11/2018;19:34:00;345;Acidente sem vítima;263;BR-101/ES;Sul;Queda de Moto;0;0;0;1;0;0;0;0;;;2;0;0;0;0
16/11/2018;20:03:00;351;Acidente sem vítima;454;BR-101/ES;Norte;Saída de Pista;1;0;0;0;0;0;0;0;;;1;0;0;0;0
16/11/2018;23:03:00;395;Acidente com vítima;255;BR-101/ES;Sul;Colisão Transversal;1;0;1;0;0;0;0;0;;;3;1;1;0;0
17/11/2018;00:42:00;12;Acidente sem vítima;263,9;BR-101/ES;Norte;Colisão Transversal;2;0;0;0;0;0;0;0;;;3;0;0;0;0
17/11/2018;07:19:00;88;Acidente com vítima;265;BR-101/ES;Sul;Colisão Traseira;1;0;0;1;0;0;0;0;;;1;0;1;0;0
17/11/2018;10:10:00;143;Acidente com vítima;298;BR-101/ES;Norte;Colisão Lateral;0;0;1;1;0;0;0;0;;;1;0;1;0;0
17/11/2018;15:22:00;236;Acidente com vítima;229;BR-101/ES;Norte;Colisão Frontal;0;0;1;0;0;0;0;2;;;1;0;1;0;0
17/11/2018;16:27:00;252;Acidente sem vítima;241;BR-101/ES;Sul;Saída de Pista;1;0;0;0;0;0;0;0;;;1;0;0;0;0
17/11/2018;20:10:00;304;Acidente com vítima;299;BR-101/ES;Sul;Queda de Moto;0;0;0;1;0;0;0;0;;;0;0;1;0;0
17/11/2018;22:39:00;342;Acidente sem vítima;145;BR-101/ES;Norte;Queda de Moto;0;0;0;1;0;0;0;0;;;1;0;0;0;0
17/11/2018;23:12:00;351;Acidente sem vítima;144;BR-101/ES;Sul;Capotamento;1;0;0;0;0;0;0;0;;;1;0;0;0;0
17/11/2018;23:46:00;362;Acidente sem vítima;267;BR-101/ES;Sul;Colisão Traseira;0;0;0;2;0;0;0;0;;;2;0;0;0;0
18/11/2018;04:18:00;58;Acidente com morte;23;BR-101/ES;Norte;Colisão Frontal;2;0;0;0;0;0;0;0;;;1;0;1;1;1
18/11/2018;09:51:00;123;Acidente sem vítima;125;BR-101/ES;Norte;Colisão Traseira;2;0;0;0;0;0;0;0;;;2;0;0;0;0
18/11/2018;10:07:00;133;Acidente sem vítima;177;BR-101/ES;Norte;Capotamento;1;0;0;0;0;0;0;0;;;1;0;0;0;0
18/11/2018;11:21:00;164;Acidente com vítima;264;BR-101/ES;Norte;Colisão Lateral;1;0;0;1;0;0;0;0;;;1;1;0;0;0
18/11/2018;11:35:00;173;Acidente sem vítima;254;BR-101/ES;Sul;Engavetamento;3;0;0;0;0;0;0;0;;;3;0;0;0;0
18/11/2018;12:24:00;189;Acidente com vítima;289;BR-101/ES;Sul;Saída de Pista;1;0;0;0;0;0;0;0;;;0;0;1;0;0
18/11/2018;16:43:00;276;Acidente sem vítima;215;BR-101/ES;Sul;Colisão Transversal;2;0;0;0;0;0;0;0;;;8;0;0;0;0
18/11/2018;18:39:00;316;Acidente sem vítima;393;BR-101/ES;Norte;Colisão Traseira;2;0;0;0;0;0;0;0;;;4;0;0;0;0
18/11/2018;19:41:00;339;Acidente sem vítima;85;BR-101/ES;Sul;Atropelamento Animal;1;0;0;0;0;0;0;0;;;1;0;0;0;0
19/11/2018;05:29:00;72;Acidente sem vítima;370;BR-101/ES;Sul;Colisão Transversal;2;0;0;0;0;0;0;0;;;5;0;0;0;0
19/11/2018;07:05:00;86;Acidente sem vítima;271;BR-101/ES;Norte;Colisão Traseira;2;0;0;0;0;0;0;0;;;4;0;0;0;0
19/11/2018;07:20:00;92;Acidente sem vítima;151;BR-101/ES;Sul;Engavetamento;2;0;0;1;0;0;0;0;;;3;0;0;0;0
19/11/2018;07:43:00;99;Acidente sem vítima;65;BR-101/ES;Sul;Colisão Traseira;2;0;0;0;0;0;0;0;;;4;0;0;0;0
19/11/2018;09:28:00;138;Acidente sem vítima;266;BR-101/ES;Norte;Colisão Lateral;1;0;1;0;0;0;0;0;;;2;0;0;0;0
19/11/2018;10:56:00;182;Acidente com vítima;329;BR-101/ES;Sul;Tombamento;0;0;1;0;0;0;0;0;;;0;0;2;0;0
19/11/2018;14:04:00;261;Atropelamento com morte;273;BR-101/ES;Norte;Atropelamento;0;0;0;0;0;0;0;2;;;0;1;0;0;1
19/11/2018;14:04:00;262;Acidente com vítima;238;BR-101/ES;Norte;Colisão Traseira;1;0;1;0;0;0;0;2;;;1;0;1;0;0
20/11/2018;00:22:00;4;Acidente sem vítima;339;BR-101/ES;Sul;Saída de Pista;1;0;0;0;0;0;0;0;;;2;0;0;0;0
20/11/2018;06:02:00;71;Acidente com vítima;363;BR-101/ES;Sul;Colisão Frontal;3;0;0;0;0;0;0;0;;;3;0;3;1;0
20/11/2018;08:04:00;123;Acidente sem vítima;284;BR-101/ES;Sul;Queda de ciclista;0;1;0;0;0;0;0;0;;;1;0;0;0;0
20/11/2018;10:20:00;183;Acidente sem vítima;375;BR-101/ES;Sul;Colisão Traseira;2;0;0;0;0;0;0;0;;;4;0;0;0;0
20/11/2018;12:39:00;255;Acidente sem vítima;270;BR-101/ES;Sul;Colisão Traseira;0;0;2;0;0;0;0;0;;;2;0;0;0;0
20/11/2018;12:58:00;266;Acidente sem vítima;321;BR-101/ES;Sul;Colisão Traseira;1;0;0;0;0;0;0;2;;;3;0;0;0;0
20/11/2018;15:28:00;318;Acidente sem vítima;303;BR-101/ES;Sul;Saída de Pista;1;0;0;0;0;0;0;0;;;2;0;0;0;0
20/11/2018;15:54:00;326;Acidente sem vítima;321;BR-101/ES;Sul;Choque;0;0;2;0;0;0;0;0;;;2;0;0;0;0
20/11/2018;19:21:00;372;Acidente sem vítima;268;BR-101/ES;Sul;Colisão Traseira;2;0;0;0;0;0;0;0;;;3;0;0;0;0
20/11/2018;21:24:00;397;Acidente sem vítima;377;BR-101/ES;Norte;Colisão Lateral;1;0;0;1;0;0;0;0;;;2;0;0;0;0
21/11/2018;07:31:00;104;Acidente sem vítima;181;BR-101/ES;Sul;Choque com Objeto Fixo;1;0;0;0;0;0;0;0;;;1;0;0;0;0
21/11/2018;11:05:00;215;Acidente sem vítima;287;BR-101/ES;Sul;Queda de Moto;0;0;0;1;0;0;0;0;;;1;0;0;0;0
21/11/2018;15:36:00;327;Acidente sem vítima;290;BR-101/ES;Sul;Colisão Traseira;1;0;0;0;0;0;0;2;;;4;0;0;0;0
21/11/2018;17:43:00;362;Acidente sem vítima;315;BR-101/ES;Norte;Colisão Traseira;1;0;0;0;0;0;0;2;;;2;0;0;0;0
21/11/2018;21:50:00;417;Acidente com vítima;147;BR-101/ES;Sul;Colisão Transversal;1;0;0;1;0;0;0;0;;;1;1;0;0;0
22/11/2018;05:18:00;66;Acidente sem vítima;104;BR-101/ES;Sul;Saída de Pista;1;0;0;0;0;0;0;0;;;5;0;0;0;0
22/11/2018;06:00:00;73;Acidente sem vítima;266;BR-101/ES;Norte;Colisão Traseira;0;0;0;1;1;0;0;0;;;2;0;0;0;0
22/11/2018;10:41:00;175;Acidente sem vítima;149;BR-101/ES;Sul;Colisão Traseira;0;0;0;0;0;0;0;5;;;2;0;0;0;0
22/11/2018;15:48:00;283;Acidente sem vítima;195;BR-101/ES;Sul;Queda de Moto;0;0;0;1;0;0;0;0;;;2;0;0;0;0
22/11/2018;17:17:00;316;Acidente sem vítima;208;BR-101/ES;Norte;Queda de Moto;0;0;0;1;0;0;0;0;;;1;0;0;0;0
22/11/2018;17:35:00;323;Acidente com vítima;191;BR-101/ES;Norte;Colisão Traseira;2;0;0;0;0;0;0;0;;;1;2;2;0;0
22/11/2018;18:04:00;333;Acidente sem vítima;282;BR-101/ES;Norte;Saída de Pista;0;0;1;0;0;0;0;2;;;1;0;0;0;0
22/11/2018;18:08:00;335;Acidente com vítima;266;BR-101/ES;Norte;Colisão Traseira;1;0;0;1;0;0;0;0;;;1;0;1;0;0
23/11/2018;03:54:00;45;Acidente sem vítima;270;BR-101/ES;Sul;Colisão Lateral;0;0;0;0;0;0;0;4;;;2;0;0;0;0
23/11/2018;04:51:00;56;Acidente sem vítima;347;BR-101/ES;Norte;Saída de Pista;0;0;0;0;0;0;0;2;;;1;0;0;0;0
23/11/2018;12:02:00;206;Acidente com vítima;294,7;BR-101/ES;Sul;Colisão Traseira;0;0;1;1;0;0;0;0;;;1;0;1;0;0
23/11/2018;13:02:00;244;Acidente com vítima;266;BR-101/ES;Sul;Colisão Transversal;0;0;1;1;0;0;0;1;;;1;0;0;1;0
23/11/2018;19:12:00;380;Acidente sem vítima;287;BR-101/ES;Sul;Colisão Lateral;1;0;0;0;1;0;0;0;;;3;0;0;0;0
23/11/2018;20:46:00;396;Atropelamento sem morte;377;BR-101/ES;Norte;Atropelamento;0;0;0;1;0;0;0;0;;;0;1;1;0;0
23/11/2018;21:41:00;407;Acidente com vítima;293,9;BR-101/ES;Sul;Colisão Frontal;1;0;0;1;0;0;0;0;;;1;0;2;0;0
24/11/2018;00:19:00;3;Acidente sem vítima;158;BR-101/ES;Sul;Colisão Lateral;1;0;0;0;0;0;0;0;;;1;0;0;0;0
24/11/2018;01:11:00;22;Acidente com vítima;30;BR-101/ES;Norte;Atropelamento de Bovino;1;0;0;0;0;0;0;0;;;2;0;1;0;0
24/11/2018;08:19:00;127;Acidente sem vítima;276;BR-101/ES;Sul;Choque com Objeto Fixo;1;0;0;0;0;0;0;0;;;1;0;0;0;0
24/11/2018;08:41:00;143;Acidente sem vítima;295,8;BR-101/ES;Sul;Colisão Traseira;2;0;0;0;0;0;0;0;;;3;0;0;0;0
24/11/2018;10:43:00;199;Acidente sem vítima;146;BR-101/ES;Norte;Colisão Traseira;0;0;0;1;1;0;0;0;;;2;0;0;0;0
24/11/2018;16:14:00;315;Acidente com vítima;270,7;BR-101/ES;Norte;Choque com Objeto Fixo;0;0;0;1;0;0;0;0;;;0;0;2;0;0
24/11/2018;16:23:00;318;Acidente sem vítima;245;BR-101/ES;Sul;Colisão Lateral;1;0;1;0;0;0;0;0;;;5;0;0;0;0
25/11/2018;05:01:00;68;Acidente com vítima;377;BR-101/ES;Sul;Choque com Veículo Estacionado;0;0;0;1;0;0;0;2;;;0;0;1;0;0
25/11/2018;09:44:00;126;Acidente sem vítima;148;BR-101/ES;Norte;Colisão Lateral;0;0;0;1;1;0;0;0;;;2;0;0;0;0
25/11/2018;14:39:00;216;Acidente com vítima;262;BR-101/ES;Norte;Colisão Traseira;2;0;0;0;0;0;0;0;;;2;1;0;0;0
25/11/2018;16:02:00;235;Acidente sem vítima;255;BR-101/ES;Sul;Colisão Traseira;2;0;0;0;0;0;0;0;;;2;0;0;0;0
25/11/2018;16:19:00;244;Acidente sem vítima;221;BR-101/ES;Norte;Colisão Traseira;2;0;0;0;0;0;0;0;;;6;0;0;0;0
25/11/2018;16:22:00;247;Acidente sem vítima;66;BR-101/ES;Sul;Colisão Transversal;2;0;0;0;0;0;0;0;;;5;0;0;0;0
25/11/2018;19:49:00;294;Acidente sem vítima;125;BR-101/ES;Sul;Colisão Traseira;2;0;0;0;0;0;0;0;;;5;0;0;0;0
25/11/2018;20:23:00;301;Atropelamento sem morte;368;BR-101/ES;Sul;Atropelamento e Fuga;1;1;0;0;0;0;0;0;;;1;1;0;0;0
26/11/2018;09:55:00;139;Acidente com vítima;94;BR-101/ES;Norte;Colisão Traseira;1;0;1;0;0;0;0;0;;;3;2;0;0;0
26/11/2018;18:02:00;322;Acidente sem vítima;268;BR-101/ES;Norte;Colisão Traseira;2;0;0;0;0;0;0;0;;;2;0;0;0;0
26/11/2018;19:23:00;341;Acidente com vítima;294;BR-101/ES;Norte;Colisão com ciclista;0;0;1;0;0;0;0;1;;;1;0;1;0;0
26/11/2018;19:43:00;349;Acidente sem vítima;269;BR-101/ES;Sul;Colisão Lateral;1;0;0;0;0;0;0;2;;;2;0;0;0;0
26/11/2018;23:18:00;408;Acidente sem vítima;70;BR-101/ES;Norte;Danos Eventuais;0;0;0;0;0;0;0;1;;;1;0;0;0;0
27/11/2018;01:39:00;32;Acidente sem vítima;449,8;BR-101/ES;Sul;Saída de Pista;0;0;1;0;0;0;0;0;;;1;0;0;0;0
27/11/2018;02:22:00;37;Acidente sem vítima;366,6;BR-101/ES;Sul;Atropelamento de Equino;0;0;0;0;0;0;0;2;;;1;0;0;0;0
27/11/2018;06:34:00;71;Acidente com vítima;93;BR-101/ES;Norte;Colisão Traseira;0;0;1;1;0;0;0;0;;;1;0;2;0;0
27/11/2018;06:56:00;77;Acidente com vítima;264;BR-101/ES;Sul;Queda de Moto;0;0;0;1;0;0;0;0;;;0;1;0;0;0
27/11/2018;08:08:00;101;Acidente sem vítima;416;BR-101/ES;Sul;Saída de Pista;1;0;0;0;0;0;0;0;;;1;0;0;0;0
27/11/2018;09:09:00;125;Acidente sem vítima;147;BR-101/ES;Norte;Colisão Transversal;2;0;0;0;0;0;0;0;;;2;0;0;0;0
27/11/2018;09:13:00;128;Acidente com vítima;290;BR-101/ES;Norte;Queda de Moto;0;0;0;1;0;0;0;0;;;0;1;0;0;0
27/11/2018;11:25:00;182;Acidente sem vítima;277;BR-101/ES;Norte;Colisão Traseira;1;0;0;0;0;0;0;1;;;7;0;0;0;0
27/11/2018;12:27:00;205;Acidente com vítima;149;BR-101/ES;Norte;Colisão Transversal;1;0;0;1;0;0;0;0;;;1;2;0;0;0
27/11/2018;12:58:00;225;Acidente sem vítima;266;BR-101/ES;Sul;Colisão Traseira;2;0;0;0;0;0;0;0;;;2;0;0;0;0
27/11/2018;13:27:00;236;Acidente com vítima;262;BR-101/ES;Norte;Colisão Traseira;1;0;0;1;0;0;0;0;;;2;1;0;0;0
27/11/2018;17:53:00;339;Acidente com vítima;254;BR-101/ES;Sul;Colisão Traseira;1;0;0;1;0;0;0;0;;;1;0;0;1;0
27/11/2018;18:55:00;353;Acidente com vítima;275;BR-101/ES;Sul;Queda de Moto;0;0;0;1;0;0;0;0;;;0;0;1;0;0
27/11/2018;19:02:00;355;Acidente sem vítima;183;BR-101/ES;Norte;Choque com Objeto Fixo;1;0;0;0;0;0;0;0;;;1;0;0;0;0
27/11/2018;19:59:00;373;Acidente sem vítima;270;BR-101/ES;Sul;Colisão Lateral;1;0;0;0;1;0;0;0;;;2;0;0;0;0
27/11/2018;20:45:00;386;Acidente sem vítima;311;BR-101/ES;Norte;Atropelamento de Bovino;0;0;0;0;1;0;0;0;;;2;0;0;0;0
27/11/2018;22:55:00;430;Acidente sem vítima;143;BR-101/ES;Norte;Saída de Pista;1;0;0;0;0;0;0;0;;;1;0;0;0;0
28/11/2018;06:49:00;79;Acidente com vítima;297,8;BR-101/ES;Norte;Engavetamento;4;0;0;0;0;0;0;2;;;5;1;0;0;0
28/11/2018;07:07:00;84;Acidente com vítima;67;BR-101/ES;Norte;Colisão Transversal;0;0;0;2;0;0;0;0;;;0;2;0;0;0
28/11/2018;16:58:00;351;Acidente sem vítima;259;BR-101/ES;Norte;Colisão Traseira;1;0;0;1;0;0;0;0;;;3;0;0;0;0
28/11/2018;18:04:00;379;Acidente sem vítima;263;BR-101/ES;Norte;Colisão Lateral;1;0;1;0;0;0;0;0;;;2;0;0;0;0
29/11/2018;06:57:00;90;Acidente com vítima;17,5;BR-101/ES;Sul;Queda de Moto;0;0;0;1;0;0;0;0;;;0;1;0;0;0
29/11/2018;06:58:00;92;Acidente com vítima;269,9;BR-101/ES;Sul;Colisão Traseira;1;0;0;1;0;0;0;0;;;2;1;0;0;0
29/11/2018;07:17:00;95;Acidente sem vítima;305;BR-101/ES;Sul;Colisão Traseira;1;0;1;0;0;0;0;1;;;2;0;0;0;0
29/11/2018;07:52:00;108;Acidente com vítima;181;BR-101/ES;Norte;Colisão Transversal;1;0;1;0;0;0;0;0;;;1;0;1;0;0
29/11/2018;08:31:00;163;Acidente sem vítima;269,5;BR-101/ES;Sul;Colisão Traseira;2;0;0;0;0;0;0;0;;;5;0;0;0;0
29/11/2018;15:32:00;348;Acidente com vítima;362;BR-101/ES;Norte;Tombamento;0;0;1;0;0;0;0;0;;;0;1;0;0;0
29/11/2018;16:32:00;363;Acidente sem vítima;240;BR-101/ES;Norte;Saída de Pista;1;0;0;0;0;0;0;0;;;1;0;0;0;0
29/11/2018;18:16:00;383;Acidente com vítima;261;BR-101/ES;Sul;Queda de Moto;0;0;0;1;0;0;0;0;;;0;1;0;0;0
29/11/2018;18:19:00;385;Acidente com vítima;395;BR-101/ES;Sul;Colisão Transversal;1;0;0;0;0;0;0;2;;;1;0;1;0;0
29/11/2018;18:42:00;392;Acidente com vítima;205;BR-101/ES;Norte;Colisão Transversal;1;0;0;1;0;0;0;0;;;2;0;1;0;0
29/11/2018;21:15:00;422;Acidente com vítima;147;BR-101/ES;Norte;Colisão Transversal;1;0;0;1;0;0;0;0;;;1;1;0;0;0
30/11/2018;05:37:00;72;Acidente sem vítima;154;BR-101/ES;Sul;Colisão Traseira;1;0;0;1;0;0;0;0;;;5;0;0;0;0
30/11/2018;06:54:00;82;Acidente sem vítima;243;BR-101/ES;Sul;Veículo em Chamas;0;0;0;0;1;0;0;0;;;12;0;0;0;0
30/11/2018;09:13:00;121;Acidente sem vítima;148;BR-101/ES;Sul;Colisão Lateral;1;0;1;0;0;0;0;0;;;3;0;0;0;0
30/11/2018;12:08:00;196;Acidente sem vítima;262;BR-101/ES;Sul;Engavetamento;3;0;0;0;0;0;0;0;;;3;0;0;0;0
30/11/2018;12:10:00;198;Acidente sem vítima;268;BR-101/ES;Norte;Colisão Traseira;2;0;0;0;0;0;0;0;;;2;0;0;0;0
30/11/2018;12:30:00;211;Acidente com vítima;260;BR-101/ES;Norte;Colisão Traseira;4;0;0;1;0;0;0;0;;;4;2;0;0;0
30/11/2018;14:07:00;260;Acidente sem vítima;264;BR-101/ES;Sul;Colisão Traseira;2;0;0;0;0;0;0;0;;;5;0;0;0;0
30/11/2018;15:51:00;307;Atropelamento sem morte;148;BR-101/ES;Sul;Atropelamento;0;0;0;1;0;0;0;0;;;0;1;1;0;0
30/11/2018;16:04:00;316;Acidente sem vítima;254;BR-101/ES;Sul;Colisão Traseira;2;0;0;0;0;0;0;0;;;2;0;0;0;0
30/11/2018;17:05:00;340;Atropelamento sem morte;65;BR-101/ES;Sul;Atropelamento;1;0;0;0;0;0;0;0;;;1;1;0;0;0
30/11/2018;17:14:00;345;Acidente com vítima;280;BR-101/ES;Sul;Queda de Moto;0;0;0;1;0;0;0;0;;;0;1;1;0;0
01/12/2018;00:31:00;12;Acidente com vítima;269,8;BR-101/ES;Norte;Colisão Transversal;0;0;0;1;0;0;0;1;;;1;0;1;0;0
01/12/2018;02:39:00;48;Acidente com vítima;67;BR-101/ES;Sul;Saída de Pista;0;0;0;1;0;0;0;0;;;0;0;1;0;0
01/12/2018;04:10:00;64;Acidente sem vítima;203;BR-101/ES;Norte;Queda de Moto;0;0;0;1;0;0;0;0;;;1;0;0;0;0
01/12/2018;04:14:00;65;Acidente sem vítima;133;BR-101/ES;Sul;Saída de Pista;1;0;0;0;0;0;0;0;;;1;0;0;0;0
01/12/2018;08:13:00;109;Acidente com vítima;269;BR-101/ES;Norte;Colisão Traseira;2;0;0;0;0;0;0;0;;;0;2;0;0;0
01/12/2018;10:31:00;153;Acidente com morte;394;BR-101/ES;Norte;Colisão com ciclista;0;1;0;0;0;0;0;2;;;1;0;0;0;1
01/12/2018;10:31:00;154;Acidente com vítima;459;BR-101/ES;Norte;Queda de Moto;0;0;0;1;0;0;0;0;;;0;0;1;0;0
01/12/2018;11:51:00;187;Acidente com vítima;223;BR-101/ES;Sul;Saída de Pista;1;0;0;0;0;0;0;0;;;0;1;0;0;0
01/12/2018;13:51:00;236;Acidente com vítima;89;BR-101/ES;Norte;Queda de Moto;0;0;0;1;0;0;0;0;;;0;0;0;1;0
01/12/2018;14:05:00;241;Acidente sem vítima;67;BR-101/ES;Sul;Colisão Transversal;1;0;1;0;0;0;0;0;;;2;0;0;0;0
01/12/2018;22:41:00;371;Acidente sem vítima;395;BR-101/ES;Norte;Atropelamento de Equino;1;0;0;0;0;0;0;0;;;1;0;0;0;0
01/12/2018;22:46:00;373;Acidente com morte;951;BR-101/BA;Sul;Colisão Frontal;2;0;0;0;0;0;0;0;;;1;1;0;3;1
01/12/2018;23:05:00;378;Acidente com vítima;446;BR-101/ES;Sul;Queda de Moto;0;0;0;1;0;0;0;0;;;0;2;0;0;0
02/12/2018;00:05:00;3;Acidente sem vítima;269;BR-101/ES;Sul;Choque com Objeto Fixo;1;0;0;0;0;0;0;0;;;1;0;0;0;0
02/12/2018;01:10:00;19;Acidente com vítima;213;BR-101/ES;Sul;Queda de Moto;0;0;0;1;0;0;0;0;;;0;0;0;1;0
02/12/2018;01:50:00;27;Acidente sem vítima;258;BR-101/ES;Norte;Choque com Objeto Fixo;1;0;0;0;0;0;0;0;;;1;0;0;0;0
02/12/2018;02:26:00;34;Acidente com vítima;440;BR-101/ES;Sul;Queda de Moto;0;0;0;1;0;0;0;0;;;0;0;1;0;0
02/12/2018;05:46:00;71;Acidente com vítima;274;BR-101/ES;Norte;Queda de Moto;0;0;0;1;0;0;0;0;;;0;1;0;0;0