data;horario;n_da_ocorrencia;tipo_de_ocorrencia;km;trecho;sentido;tipo_de_acidente;automovel;bicicleta;caminhao;moto;onibus;outros;tracao_animal;transporte_de_cargas_especiais;trator_maquinas;utilitarios;ilesos;levemente_feridos;moderadamente_feridos;gravemente_feridos;mortos
02/12/2018;12:12:00;179;Acidente sem vítima;303;BR-101/ES;Norte;Colisão Traseira;2;0;0;0;0;0;0;0;;;4;0;0;0;0
02/12/2018;12:43:00;192;Acidente sem vítima;263;BR-101/ES;Norte;Capotamento;1;0;0;0;0;0;0;0;;;1;0;0;0;0
02/12/2018;12:45:00;194;Acidente sem vítima;412;BR-101/ES;Norte;Saída de Pista;1;0;0;0;0;0;0;0;;;4;0;0;0;0
02/12/2018;15:36:00;249;Acidente sem vítima;184;BR-101/ES;Norte;Saída de Pista;1;0;0;0;0;0;0;0;;;1;0;0;0;0
02/12/2018;17:07:00;277;Acidente com vítima;273;BR-101/ES;Norte;Choque com Objeto Fixo;1;0;0;0;0;0;0;0;;;0;0;2;0;0
02/12/2018;19:28:00;312;Acidente sem vítima;266;BR-101/ES;Sul;Colisão Transversal;2;0;0;0;0;0;0;0;;;5;0;0;0;0
02/12/2018;20:22:00;324;Acidente com vítima;297;BR-101/ES;Sul;Colisão com ciclista;0;1;0;1;0;0;0;0;;;1;0;0;1;0
02/12/2018;20:36:00;328;Acidente com vítima;280;BR-101/ES;Sul;Queda de Moto;0;0;0;1;0;0;0;0;;;0;0;1;0;0
02/12/2018;21:46:00;344;Acidente com vítima;227;BR-101/ES;Norte;Saída de Pista;1;0;0;0;0;0;0;0;;;0;0;6;0;0
02/12/2018;22:16:00;348;Acidente com vítima;159;BR-101/ES;Norte;Choque com Objeto Fixo;0;0;0;1;0;0;0;0;;;0;0;2;0;0
03/12/2018;02:10:00;31;Acidente com vítima;209;BR-101/ES;Norte;Saída de Pista;1;0;0;0;0;0;0;0;;;0;0;1;0;0
03/12/2018;04:06:00;53;Acidente sem vítima;377;BR-101/ES;Norte;Choque com Objeto Fixo;0;0;1;0;0;0;0;0;;;2;0;0;0;0
03/12/2018;04:24:00;57;Acidente com vítima;368;BR-101/ES;Norte;Capotamento;1;0;0;0;0;0;0;0;;;0;1;0;0;0
03/12/2018;06:25:00;71;Acidente sem vítima;265;BR-101/ES;Sul;Colisão Traseira;2;0;0;0;0;0;0;0;;;2;0;0;0;0
03/12/2018;07:57:00;89;Acidente sem vítima;271;BR-101/ES;Norte;Engavetamento;2;0;1;0;0;0;0;0;;;4;0;0;0;0
03/12/2018;09:01:00;154;Acidente sem vítima;206;BR-101/ES;Norte;Colisão Transversal;2;0;0;0;0;0;0;0;;;2;0;0;0;0
03/12/2018;09:46:00;169;Acidente com vítima;297,8;BR-101/ES;Norte;Colisão Lateral;1;0;0;1;0;0;0;0;;;1;1;0;0;0
03/12/2018;09:51:00;171;Acidente sem vítima;395;BR-101/ES;Norte;Colisão Transversal;2;0;0;0;0;0;0;0;;;2;0;0;0;0
03/12/2018;12:00:00;233;Acidente com vítima;192;BR-101/ES;Sul;Capotamento;1;0;0;0;0;0;0;0;;;0;1;1;0;0
03/12/2018;12:22:00;246;Acidente com vítima;275;BR-101/ES;Norte;Choque com Objeto Fixo;1;0;0;0;0;0;0;0;;;0;0;1;0;0
03/12/2018;14:13:00;283;Acidente sem vítima;192;BR-101/ES;Sul;Colisão Traseira;1;0;1;0;0;0;0;0;;;2;0;0;0;0
03/12/2018;14:37:00;294;Acidente sem vítima;946;BR-101/BA;Norte;Colisão Lateral;2;0;0;0;0;0;0;0;;;3;0;0;0;0
03/12/2018;15:21:00;304;Acidente sem vítima;293,5;BR-101/ES;Sul;Colisão Traseira;2;0;0;0;0;0;0;0;;;2;0;0;0;0
03/12/2018;16:19:00;315;Acidente sem vítima;267;BR-101/ES;Sul;Engavetamento;2;0;0;0;0;0;0;2;;;4;0;0;0;0
03/12/2018;20:24:00;372;Acidente com vítima;148;BR-101/ES;Sul;Colisão Transversal;1;0;0;1;0;0;0;0;;;1;0;1;0;0
04/12/2018;09:28:00;132;Acidente sem vítima;268;BR-101/ES;Sul;Colisão Transversal;1;0;1;0;0;0;0;0;;;3;0;0;0;0
04/12/2018;10:41:00;173;Acidente sem vítima;266;BR-101/ES;Sul;Engavetamento;4;0;0;0;0;0;0;0;;;12;0;0;0;0
04/12/2018;15:50:00;302;Acidente sem vítima;268;BR-101/ES;Norte;Colisão Lateral;1;0;0;0;0;0;0;1;;;2;0;0;0;0
04/12/2018;16:51:00;325;Acidente com vítima;267;BR-101/ES;Sul;Queda de Moto;0;0;0;1;0;0;0;0;;;0;0;1;0;0
04/12/2018;17:09:00;332;Acidente sem vítima;141;BR-101/ES;Sul;Colisão Traseira;2;0;1;0;0;0;0;0;;;5;0;0;0;0
04/12/2018;19:55:00;369;Acidente com vítima;417;BR-101/ES;Sul;Colisão com ciclista;1;1;0;0;0;0;0;0;;;1;0;1;0;0
04/12/2018;20:10:00;371;Acidente sem vítima;270;BR-101/ES;Sul;Colisão Lateral;2;0;0;0;0;0;0;0;;;2;0;0;0;0
04/12/2018;21:10:00;378;Acidente sem vítima;70;BR-101/ES;Sul;Danos Eventuais;0;0;1;0;0;0;0;2;;;2;0;0;0;0
05/12/2018;07:00:00;75;Acidente com vítima;299;BR-101/ES;Sul;Colisão Traseira;1;0;0;1;0;0;0;0;;;1;1;0;0;0
05/12/2018;07:44:00;95;Acidente com vítima;131;BR-101/ES;Norte;Queda de Moto;0;0;0;1;0;0;0;0;;;0;0;1;0;0
05/12/2018;07:45:00;96;Acidente sem vítima;420;BR-101/ES;Sul;Colisão Traseira;2;0;0;0;0;0;0;0;;;2;0;0;0;0
05/12/2018;07:48:00;97;Acidente com vítima;268;BR-101/ES;Sul;Choque com Objeto Fixo;0;0;0;1;0;0;0;0;;;0;0;1;0;0
05/12/2018;10:41:00;175;Acidente com vítima;147;BR-101/ES;Sul;Colisão Traseira;1;0;0;1;0;0;0;0;;;1;1;0;0;0
05/12/2018;11:08:00;185;Acidente sem vítima;268;BR-101/ES;Norte;Colisão Traseira;2;0;0;0;0;0;0;0;;;2;0;0;0;0
05/12/2018;13:05:00;246;Acidente sem vítima;393;BR-101/ES;Norte;Colisão Traseira;1;0;0;1;0;0;0;0;;;3;0;0;0;0
05/12/2018;13:57:00;266;Acidente com vítima;271;BR-101/ES;Norte;Queda de Moto;0;0;0;1;0;0;0;0;;;0;1;1;0;0
05/12/2018;14:07:00;268;Acidente sem vítima;191;BR-101/ES;Sul;Saída de Pista;1;0;0;0;0;0;0;0;;;2;0;0;0;0
05/12/2018;14:53:00;286;Acidente sem vítima;262,5;BR-101/ES;Norte;Colisão Traseira;2;0;0;0;0;0;0;0;;;2;0;0;0;0
05/12/2018;15:49:00;305;Acidente sem vítima;329;BR-101/ES;Norte;Capotamento;1;0;0;0;0;0;0;0;;;1;0;0;0;0
05/12/2018;17:21:00;342;Acidente sem vítima;266;BR-101/ES;Sul;Colisão Traseira;2;0;0;0;0;0;0;0;;;2;0;0;0;0
05/12/2018;23:49:00;459;Acidente com vítima;70;BR-101/ES;Norte;Colisão Traseira;1;0;0;2;0;0;0;0;;;1;0;2;0;0
05/12/2018;23:55:00;461;Acidente com vítima;147;BR-101/ES;Norte;Queda de Moto;0;0;0;1;0;0;0;0;;;0;1;0;0;0
06/12/2018;05:40:00;70;Acidente sem vítima;266;BR-101/ES;Sul;Colisão Traseira;2;0;0;0;0;0;0;0;;;3;0;0;0;0
06/12/2018;13:55:00;299;Acidente com vítima;281,8;BR-101/ES;Norte;Queda de Moto;0;0;0;1;0;0;0;0;;;0;1;0;0;0
06/12/2018;15:27:00;325;Acidente sem vítima;284;BR-101/ES;Norte;Colisão Lateral;0;0;1;0;0;0;0;2;;;3;0;0;0;0
06/12/2018;15:52:00;329;Acidente sem vítima;65;BR-101/ES;Norte;Colisão Traseira;0;0;2;0;0;0;0;0;;;3;0;0;0;0
06/12/2018;17:21:00;354;Acidente sem vítima;261;BR-101/ES;Norte;Colisão Lateral;1;0;0;1;0;0;0;0;;;2;0;0;0;0
06/12/2018;18:02:00;368;Acidente com vítima;284;BR-101/ES;Norte;Colisão Traseira;1;0;0;1;0;0;0;0;;;0;2;1;0;0
06/12/2018;20:58:00;407;Acidente sem vítima;147;BR-101/ES;Norte;Colisão Transversal;2;0;0;0;0;0;0;0;;;3;0;0;0;0
06/12/2018;23:14:00;443;Acidente com vítima;300;BR-101/ES;Sul;Colisão Lateral;1;0;0;1;0;0;0;0;;;1;0;1;0;0
06/12/2018;23:20:00;447;Acidente com vítima;47;BR-101/ES;Norte;Capotamento;1;0;0;0;0;0;0;0;;;0;1;0;0;0
07/12/2018;07:51:00;150;Acidente com vítima;264,5;BR-101/ES;Norte;Colisão Transversal;0;0;0;1;0;0;0;2;;;1;1;0;0;0
07/12/2018;13:32:00;327;Acidente sem vítima;268;BR-101/ES;Norte;Colisão Traseira;2;0;0;0;0;0;0;0;;;2;0;0;0;0
07/12/2018;14:55:00;354;Acidente sem vítima;366;BR-101/ES;Sul;Colisão Lateral;2;0;0;0;0;0;0;1;;;2;0;0;0;0
07/12/2018;15:17:00;362;Acidente com vítima;287;BR-101/ES;Sul;Colisão Transversal;0;0;0;1;0;0;0;1;;;1;0;1;0;0
07/12/2018;15:34:00;372;Acidente com vítima;297;BR-101/ES;Norte;Colisão Traseira;2;0;0;0;0;0;0;0;;;1;0;2;0;0
07/12/2018;16:15:00;387;Acidente com vítima;395;BR-101/ES;Norte;Colisão Traseira;1;0;0;1;0;0;0;0;;;3;1;0;0;0
07/12/2018;18:16:00;426;Acidente com vítima;262;BR-101/ES;Sul;Colisão Lateral;1;0;0;1;0;0;0;0;;;1;0;1;0;0
07/12/2018;19:50:00;449;Acidente com vítima;349;BR-101/ES;Norte;Capotamento;1;0;0;0;0;0;0;0;;;1;0;1;0;0
07/12/2018;21:36:00;473;Acidente com vítima;271;BR-101/ES;Norte;Queda de Moto;0;0;0;1;0;0;0;0;;;1;0;1;0;0
07/12/2018;22:25:00;481;Acidente sem vítima;259;BR-101/ES;Norte;Colisão Traseira;3;0;0;0;0;0;0;0;;;6;0;0;0;0
08/12/2018;00:00:00;1;Acidente sem vítima;349;BR-101/ES;Norte;Colisão Lateral;2;0;0;0;0;0;0;0;;;2;0;0;0;0
08/12/2018;02:32:00;45;Acidente com vítima;259;BR-101/ES;Sul;Queda de Moto;0;0;0;1;0;0;0;0;;;0;1;0;0;0
08/12/2018;02:56:00;50;Acidente sem vítima;100,5;BR-101/ES;Sul;Tombamento;1;0;0;0;0;0;0;0;;;1;0;0;0;0
08/12/2018;04:45:00;67;Acidente sem vítima;139;BR-101/ES;Norte;Saída de Pista;1;0;0;0;0;0;0;0;;;1;0;0;0;0
08/12/2018;06:02:00;80;Acidente com vítima;1;BR-101/ES;Norte;Colisão Traseira;2;0;0;0;0;0;0;0;;;2;4;1;0;0
08/12/2018;07:17:00;87;Acidente sem vítima;284;BR-101/ES;Norte;Choque com Objeto Fixo;1;0;0;0;0;0;0;0;;;2;0;0;0;0
08/12/2018;07:24:00;89;Acidente sem vítima;297;BR-101/ES;Norte;Choque com Objeto Fixo;1;0;0;0;0;0;0;0;;;1;0;0;0;0
08/12/2018;09:05:00;110;Acidente sem vítima;223;BR-101/ES;Sul;Engavetamento;4;0;0;0;0;0;0;0;;;13;0;0;0;0
08/12/2018;09:14:00;112;Acidente sem vítima;161;BR-101/ES;Sul;Choque com Objeto Fixo;1;0;0;0;0;0;0;0;;;1;0;0;0;0
08/12/2018;11:13:00;161;Acidente sem vítima;103;BR-101/ES;Norte;Saída de Pista;1;0;0;0;0;0;0;0;;;1;0;0;0;0
08/12/2018;12:26:00;191;Acidente sem vítima;280;BR-101/ES;Sul;Choque com Objeto Fixo;0;0;1;0;0;0;0;0;;;1;0;0;0;0
08/12/2018;13:54:00;230;Acidente sem vítima;317;BR-101/ES;Sul;Capotamento;1;0;0;0;0;0;0;0;;;1;0;0;0;0
08/12/2018;21:02:00;340;Acidente sem vítima;269;BR-101/ES;Sul;Colisão Traseira;2;0;0;0;0;0;0;0;;;6;0;0;0;0
08/12/2018;21:12:00;346;Acidente sem vítima;128;BR-101/ES;Norte;Queda de Moto;0;0;0;1;0;0;0;0;;;1;0;0;0;0
08/12/2018;22:39:00;370;Acidente sem vítima;304;BR-101/ES;Sul;Capotamento;1;0;0;0;0;0;0;0;;;4;0;0;0;0
09/12/2018;02:06:00;42;Acidente com vítima;170;BR-101/ES;Norte;Colisão Frontal;2;0;0;0;0;0;0;0;;;0;4;3;1;0
09/12/2018;04:25:00;65;Acidente sem vítima;146;BR-101/ES;Sul;Colisão Traseira;2;0;0;0;0;0;0;0;;;2;0;0;0;0
09/12/2018;05:47:00;81;Acidente sem vítima;358;BR-101/ES;Sul;Choque com Objeto Fixo;1;0;0;0;0;0;0;0;;;3;0;0;0;0
09/12/2018;07:53:00;105;Acidente sem vítima;233;BR-101/ES;Sul;Saída de Pista;1;0;0;0;0;0;0;0;;;5;0;0;0;0
09/12/2018;08:57:00;122;Acidente com vítima;66;BR-101/ES;Norte;Colisão Transversal;2;0;0;0;0;0;0;0;;;2;1;0;0;0
09/12/2018;09:57:00;132;Acidente sem vítima;241;BR-101/ES;Sul;Choque com Objeto Fixo;1;0;0;0;0;0;0;0;;;1;0;0;0;0
09/12/2018;19:22:00;314;Acidente com vítima;264;BR-101/ES;Sul;Choque com Objeto Fixo;1;0;0;0;0;0;0;0;;;0;0;2;0;0
09/12/2018;20:12:00;323;Acidente com vítima;291;BR-101/ES;Norte;Colisão Transversal;2;0;0;0;0;0;0;0;;;0;0;3;0;0
09/12/2018;21:57:00;345;Acidente com vítima;270;BR-101/ES;Sul;Colisão com ciclista;0;1;0;1;0;0;0;0;;;1;0;1;0;0
09/12/2018;23:16:00;370;Acidente com vítima;266;BR-101/ES;Norte;Queda de ciclista;0;1;0;0;0;0;0;0;;;0;1;0;0;0
09/12/2018;23:55:00;392;Acidente sem vítima;213;BR-101/ES;Sul;Choque com Objeto Fixo;1;0;0;0;0;0;0;0;;;1;0;0;0;0
10/12/2018;02:23:00;43;Acidente sem vítima;940;BR-101/BA;Norte;Saída de Pista;1;0;0;0;0;0;0;0;;;1;0;0;0;0
10/12/2018;06:53:00;92;Acidente sem vítima;450;BR-101/ES;Sul;Saída de Pista;1;0;0;0;0;0;0;0;;;1;0;0;0;0
10/12/2018;08:20:00;168;Acidente sem vítima;293,5;BR-101/ES;Norte;Colisão Lateral;1;0;0;0;0;0;0;2;;;2;0;0;0;0
10/12/2018;09:08:00;187;Acidente sem vítima;125;BR-101/ES;Norte;Colisão Transversal;1;0;1;0;0;0;0;0;;;3;0;0;0;0
10/12/2018;12:39:00;290;Acidente sem vítima;384;BR-101/ES;Sul;Colisão Traseira;1;0;0;0;0;0;0;1;;;2;0;0;0;0
10/12/2018;15:26:00;346;Acidente com vítima;193;BR-101/ES;Sul;Choque;2;0;0;0;0;0;0;1;;;4;0;1;0;0
10/12/2018;17:37:00;390;Acidente sem vítima;80;BR-101/ES;Norte;Queda de Moto;0;0;0;1;0;0;0;0;;;2;0;0;0;0
10/12/2018;18:19:00;402;Acidente sem vítima;262;BR-101/ES;Norte;Tombamento;0;0;1;0;0;0;0;0;;;2;0;0;0;0
10/12/2018;20:22:00;427;Acidente sem vítima;33;BR-101/ES;Norte;Colisão Transversal;1;0;0;1;0;0;0;0;;;5;0;0;0;0
10/12/2018;21:56:00;448;Acidente com vítima;426;BR-101/ES;Sul;Queda de Moto;0;0;0;3;0;0;0;0;;;2;0;1;0;0
11/12/2018;02:24:00;41;Acidente sem vítima;310;BR-101/ES;Sul;Atropelamento de Equino;0;0;1;0;0;0;0;1;;;1;0;0;0;0
11/12/2018;06:59:00;90;Acidente com vítima;386,5;BR-101/ES;Sul;Saída de Pista;0;0;0;0;0;0;0;3;;;0;0;1;0;0
11/12/2018;07:42:00;102;Acidente sem vítima;287,8;BR-101/ES;Sul;Saída de Pista;1;0;0;0;0;0;0;0;;;1;0;0;0;0
11/12/2018;08:36:00;120;Acidente sem vítima;219;BR-101/ES;Sul;Saída de Pista;1;0;0;0;0;0;0;0;;;2;0;0;0;0
11/12/2018;11:30:00;231;Acidente com vítima;294;BR-101/ES;Norte;Queda de Moto;0;0;0;1;0;0;0;0;;;0;1;0;0;0
11/12/2018;12:30:00;254;Acidente sem vítima;294,7;BR-101/ES;Norte;Colisão Lateral;1;0;0;0;0;0;0;3;;;2;0;0;0;0
11/12/2018;13:31:00;280;Acidente sem vítima;0,8;BR-101/ES;Sul;Colisão Traseira;2;0;0;0;0;0;0;0;;;5;0;0;0;0
11/12/2018;14:00:00;289;Acidente com vítima;191;BR-101/ES;Norte;Saída de Pista;1;0;0;0;0;0;0;0;;;0;1;0;0;0
11/12/2018;14:05:00;292;Acidente com vítima;221,7;BR-101/ES;Sul;Colisão Traseira;1;0;1;0;0;0;0;0;;;0;0;2;0;0
11/12/2018;16:27:00;332;Acidente sem vítima;268;BR-101/ES;Sul;Choque com Objeto Fixo;1;0;0;0;0;0;0;0;;;1;0;0;0;0
11/12/2018;21:29:00;389;Acidente com vítima;228;BR-101/ES;Sul;Colisão Traseira;1;0;1;0;0;0;0;0;;;3;1;0;0;0
12/12/2018;07:34:00;106;Atropelamento sem morte;287;BR-101/ES;Sul;Atropelamento e Fuga;0;0;0;1;0;0;0;0;;;0;0;1;0;0
12/12/2018;08:32:00;123;Acidente sem vítima;254;BR-101/ES;Sul;Engavetamento;3;0;0;0;0;0;0;0;;;6;0;0;0;0
12/12/2018;08:47:00;134;Acidente com vítima;287;BR-101/ES;Sul;Queda de Moto;0;0;0;1;0;0;0;0;;;0;1;0;0;0
12/12/2018;13:04:00;253;Acidente com vítima;278;BR-101/ES;Sul;Colisão Lateral;1;0;1;0;0;0;0;3;;;4;0;1;0;0
12/12/2018;13:55:00;274;Acidente com vítima;264;BR-101/ES;Sul;Colisão Lateral;0;0;1;1;0;0;0;0;;;2;1;0;0;0
12/12/2018;13:55:00;275;Acidente com vítima;25;BR-101/ES;Sul;Queda de Moto;0;0;0;1;0;0;0;0;;;0;2;0;0;0
12/12/2018;14:32:00;291;Acidente sem vítima;364;BR-101/ES;Sul;Saída de Pista;1;0;0;0;0;0;0;0;;;1;0;0;0;0
12/12/2018;16:10:00;324;Acidente sem vítima;3;BR-101/ES;Sul;Colisão Lateral;1;0;0;0;0;0;0;2;;;5;0;0;0;0
12/12/2018;16:37:00;331;Acidente com vítima;459;BR-101/ES;Sul;Saída de Pista;0;0;1;0;0;0;0;0;;;0;0;1;0;0
12/12/2018;18:11:00;367;Acidente sem vítima;328;BR-101/ES;Sul;Colisão Lateral;1;0;1;0;0;0;0;0;;;3;0;0;0;0
12/12/2018;19:25:00;381;Acidente com vítima;409,5;BR-101/ES;Norte;Colisão Transversal;2;0;0;0;0;0;0;0;;;4;2;0;0;0
12/12/2018;23:38:00;445;Atropelamento sem morte;211,9;BR-101/ES;Sul;Atropelamento;1;0;0;0;0;0;0;0;;;1;0;1;0;0
13/12/2018;07:20:00;108;Acidente sem vítima;272;BR-101/ES;Norte;Queda de Moto;0;0;0;1;0;0;0;0;;;1;0;0;0;0
13/12/2018;07:32:00;115;Acidente sem vítima;297,9;BR-101/ES;Norte;Colisão Traseira;1;0;1;0;0;0;0;0;;;2;0;0;0;0
13/12/2018;08:27:00;124;Acidente sem vítima;260;BR-101/ES;Norte;Saída de Pista;1;0;0;0;0;0;0;0;;;1;0;0;0;0
13/12/2018;11:05:00;198;Acidente sem vítima;271;BR-101/ES;Sul;Colisão Traseira;1;0;1;0;0;0;0;0;;;3;0;0;0;0
13/12/2018;11:15:00;203;Acidente sem vítima;266;BR-101/ES;Sul;Colisão Traseira;3;0;0;0;0;0;0;0;;;7;0;0;0;0
13/12/2018;12:15:00;227;Acidente com vítima;264;BR-101/ES;Norte;Colisão Traseira;1;0;0;1;0;0;0;0;;;1;0;1;0;0
13/12/2018;14:36:00;299;Acidente com vítima;417;BR-101/ES;Sul;Colisão Lateral;0;0;0;1;0;0;0;1;;;1;0;0;1;0
13/12/2018;17:32:00;367;Acidente sem vítima;270;BR-101/ES;Norte;Colisão Lateral;1;0;0;0;0;0;0;3;;;3;0;0;0;0
14/12/2018;06:40:00;68;Acidente com vítima;145;BR-101/ES;Norte;Colisão Transversal;1;0;0;1;0;0;0;0;;;1;0;1;0;0
14/12/2018;07:05:00;73;Acidente sem vítima;275;BR-101/ES;Norte;Colisão Traseira;1;0;0;0;0;1;0;0;;;2;0;0;0;0
14/12/2018;08:42:00;163;Acidente sem vítima;265;BR-101/ES;Sul;Colisão Traseira;2;0;0;0;0;0;0;0;;;2;0;0;0;0
14/12/2018;12:22:00;285;Acidente com vítima;94;BR-101/ES;Norte;Colisão Traseira;2;0;0;0;0;0;0;0;;;2;0;1;0;0
14/12/2018;13:22:00;297;Acidente com vítima;165;BR-101/ES;Norte;Colisão Lateral;1;0;0;1;0;0;0;0;;;1;1;0;0;0
14/12/2018;14:20:00;315;Acidente sem vítima;156;BR-101/ES;Sul;Saída de Pista;1;0;0;0;0;0;0;0;;;3;0;0;0;0
14/12/2018;15:18:00;341;Acidente sem vítima;85;BR-101/ES;Sul;Colisão Traseira;1;0;1;0;0;0;0;0;;;4;0;0;0;0
14/12/2018;16:05:00;361;Acidente sem vítima;156;BR-101/ES;Sul;Colisão Traseira;2;0;0;0;0;0;0;0;;;2;0;0;0;0
14/12/2018;16:07:00;364;Acidente sem vítima;269;BR-101/ES;Sul;Engavetamento;3;0;0;0;0;0;0;0;;;3;0;0;0;0
14/12/2018;17:11:00;391;Acidente sem vítima;266;BR-101/ES;Sul;Colisão Traseira;2;0;0;0;0;0;0;0;;;2;0;0;0;0
14/12/2018;17:40:00;399;Acidente sem vítima;406;BR-101/ES;Sul;Veículo em Chamas;0;0;0;0;0;0;0;3;;;1;0;0;0;0
14/12/2018;18:42:00;424;Acidente com morte;248,7;BR-101/ES;Sul;Colisão Frontal;2;0;0;0;0;0;0;0;;;0;0;2;0;1
14/12/2018;20:07:00;446;Acidente com vítima;135;BR-101/ES;Sul;Colisão Traseira;3;0;0;0;0;0;0;0;;;2;1;0;0;0
15/12/2018;08:07:00;116;Acidente com vítima;66;BR-101/ES;Sul;Colisão Traseira;1;0;0;1;0;0;0;0;;;3;0;1;0;0
15/12/2018;08:42:00;127;Acidente sem vítima;270;BR-101/ES;Norte;Colisão Traseira;2;0;0;0;0;0;0;0;;;2;0;0;0;0
15/12/2018;08:55:00;132;Acidente sem vítima;291;BR-101/ES;Norte;Choque com Objeto Fixo;1;0;0;0;0;0;0;0;;;2;0;0;0;0
15/12/2018;08:58:00;134;Acidente sem vítima;269;BR-101/ES;Norte;Colisão Traseira;1;0;0;1;0;0;0;0;;;2;0;0;0;0
15/12/2018;10:04:00;154;Acidente com vítima;311;BR-101/ES;Norte;Queda de Moto;0;0;0;1;0;0;0;0;;;0;2;0;0;0
15/12/2018;10:50:00;179;Acidente sem vítima;292;BR-101/ES;Sul;Colisão Lateral;1;0;0;0;0;0;0;2;;;2;0;0;0;0
15/12/2018;10:56:00;184;Acidente com vítima;342;BR-101/ES;Sul;Colisão Lateral;1;0;0;0;0;0;0;5;;;1;1;3;0;0
15/12/2018;11:03:00;186;Acidente sem vítima;254;BR-101/ES;Sul;Engavetamento;4;0;0;0;0;0;0;0;;;11;0;0;0;0
15/12/2018;12:54:00;225;Acidente sem vítima;270;BR-101/ES;Norte;Engavetamento;2;0;1;0;0;0;0;0;;;3;0;0;0;0
15/12/2018;14:22:00;249;Acidente com vítima;951;BR-101/BA;Norte;Queda de Moto;0;0;0;1;0;0;0;0;;;0;1;1;0;0
15/12/2018;16:53:00;301;Acidente com vítima;142;BR-101/ES;Norte;Colisão Traseira;2;0;0;0;0;0;0;0;;;2;1;0;0;0
15/12/2018;18:49:00;332;Acidente com vítima;254;BR-101/ES;Sul;Colisão com ciclista;0;1;0;1;0;0;0;0;;;1;1;0;0;0
15/12/2018;19:29:00;336;Acidente com vítima;63;BR-101/ES;Norte;Colisão Traseira;3;0;0;0;0;1;0;0;;;3;0;1;0;0
15/12/2018;19:52:00;340;Acidente com vítima;19,8;BR-101/ES;Sul;Queda de Moto;0;0;0;1;0;0;0;0;;;0;0;1;0;0
15/12/2018;20:26:00;349;Acidente com vítima;317;BR-101/ES;Sul;Queda de Moto;0;0;0;1;0;0;0;0;;;0;0;1;0;0
15/12/2018;22:10:00;374;Acidente sem vítima;270;BR-101/ES;Sul;Colisão Traseira;2;0;0;0;0;0;0;0;;;2;0;0;0;0
16/12/2018;00:21:00;4;Acidente com vítima;283;BR-101/ES;Sul;Queda de Moto;0;0;0;1;0;0;0;0;;;0;0;1;0;0
16/12/2018;00:24:00;7;Acidente com vítima;294;BR-101/ES;Sul;Colisão Transversal;2;0;0;0;0;0;0;0;;;1;3;0;0;0
16/12/2018;05:31:00;75;Acidente com vítima;296;BR-101/ES;Sul;Queda de Moto;0;0;0;1;0;0;0;0;;;0;0;2;0;0
16/12/2018;06:54:00;84;Acidente com vítima;174;BR-101/ES;Sul;Colisão Lateral;0;0;0;1;0;0;0;1;;;1;0;1;1;0
16/12/2018;07:05:00;86;Acidente com vítima;258;BR-101/ES;Sul;Atropelamento de Equino;0;0;0;1;0;0;0;0;;;0;0;1;0;0
16/12/2018;07:38:00;94;Acidente sem vítima;260;BR-101/ES;Norte;Colisão Traseira;2;0;0;0;0;0;0;0;;;2;0;0;0;0
16/12/2018;11:08:00;172;Acidente com vítima;98;BR-101/ES;Norte;Colisão Lateral;2;0;0;0;0;0;0;0;;;5;1;0;0;0
16/12/2018;12:26:00;205;Acidente sem vítima;165;BR-101/ES;Norte;Colisão Lateral;1;0;0;0;0;0;0;2;;;3;0;0;0;0
16/12/2018;16:35:00;307;Acidente sem vítima;227;BR-101/ES;Norte;Colisão Traseira;2;0;0;0;0;0;0;0;;;2;0;0;0;0
16/12/2018;20:53:00;373;Acidente com vítima;118,9;BR-101/ES;Sul;Saída de Pista;1;0;0;0;0;0;0;0;;;0;2;0;0;0
16/12/2018;23:53:00;429;Acidente com vítima;273;BR-101/ES;Sul;Colisão Traseira;2;0;0;0;0;0;0;0;;;2;2;1;0;0
17/12/2018;00:50:00;16;Acidente sem vítima;35;BR-101/ES;Sul;Queda de ciclista;0;1;0;0;0;0;0;0;;;1;0;0;0;0
17/12/2018;05:47:00;65;Acidente com vítima;264;BR-101/ES;Sul;Colisão Traseira;0;0;0;2;0;0;0;0;;;1;0;2;0;0
17/12/2018;06:38:00;72;Acidente com vítima;298;BR-101/ES;Sul;Colisão Traseira;1;0;0;1;0;0;0;0;;;2;0;1;0;0
17/12/2018;06:55:00;77;Acidente sem vítima;292;BR-101/ES;Norte;Engavetamento;4;0;0;0;0;0;0;0;;;3;0;0;0;0
17/12/2018;07:31:00;80;Acidente sem vítima;269;BR-101/ES;Norte;Colisão Lateral;1;0;1;0;0;0;0;0;;;2;0;0;0;0
17/12/2018;08:39:00;104;Acidente com vítima;414;BR-101/ES;Sul;Colisão Lateral;1;0;0;1;0;0;0;0;;;1;1;1;0;0
17/12/2018;10:25:00;148;Acidente sem vítima;301;BR-101/ES;Sul;Colisão Lateral;1;0;1;0;0;0;0;0;;;2;0;0;0;0
17/12/2018;10:50:00;168;Acidente sem vítima;262;BR-101/ES;Sul;Colisão Traseira;2;0;0;0;0;0;0;0;;;4;0;0;0;0
17/12/2018;13:37:00;238;Acidente com vítima;266;BR-101/ES;Sul;Choque com Objeto Fixo;0;0;0;1;1;0;0;0;;;1;0;1;1;0
17/12/2018;13:46:00;242;Acidente com vítima;67;BR-101/ES;Sul;Colisão Lateral;1;0;0;1;0;0;0;0;;;4;1;0;0;0