data;horario;n_da_ocorrencia;tipo_de_ocorrencia;km;trecho;sentido;tipo_de_acidente;automovel;bicicleta;caminhao;moto;onibus;outros;tracao_animal;transporte_de_cargas_especiais;trator_maquinas;utilitarios;ilesos;levemente_feridos;moderadamente_feridos;gravemente_feridos;mortos
02/01/2019;15:32:00;308;Acidente sem vítima;254;BR-101/ES;Sul;Colisão Traseira;1;0;1;0;0;0;0;0;;;2;0;0;0;0
02/01/2019;16:18:00;326;Acidente com vítima;331;BR-101/ES;Norte;Queda de Moto;0;0;0;1;0;0;0;0;;;0;1;0;0;0
02/01/2019;17:16:00;349;Acidente com vítima;146;BR-101/ES;Norte;Engavetamento;3;0;0;0;0;0;0;0;;;2;1;0;0;0
02/01/2019;17:52:00;363;Acidente sem vítima;300;BR-101/ES;Sul;Colisão Frontal;2;0;0;0;0;0;0;0;;;3;0;0;0;0
02/01/2019;18:35:00;375;Acidente sem vítima;287;BR-101/ES;Sul;Choque com Objeto Fixo;1;0;0;0;0;0;0;0;;;1;0;0;0;0
02/01/2019;21:17:00;412;Atropelamento sem morte;150;BR-101/ES;Sul;Atropelamento e Fuga;1;0;0;0;0;0;0;0;;;0;0;0;1;0
02/01/2019;23:11:00;439;Acidente sem vítima;139;BR-101/ES;Norte;Choque com Objeto Fixo;1;0;0;0;0;0;0;0;;;2;0;0;0;0
03/01/2019;06:46:00;85;Acidente com vítima;64,5;BR-101/ES;Sul;Queda de ciclista;0;1;0;0;0;0;0;0;;;0;0;1;0;0
03/01/2019;07:24:00;104;Acidente sem vítima;267;BR-101/ES;Sul;Colisão Traseira;2;0;0;0;0;0;0;0;;;2;0;0;0;0
03/01/2019;08:04:00;123;Acidente com vítima;270;BR-101/ES;Sul;Queda de Moto;0;0;0;1;0;0;0;0;;;0;0;1;0;0
03/01/2019;08:05:00;125;Acidente sem vítima;374;BR-101/ES;Sul;Colisão Lateral;1;0;1;0;0;0;0;1;;;2;0;0;0;0
03/01/2019;10:33:00;188;Acidente sem vítima;265;BR-101/ES;Sul;Colisão Traseira;2;0;0;0;0;0;0;0;;;2;0;0;0;0
03/01/2019;10:45:00;199;Acidente com vítima;262;BR-101/ES;Norte;Colisão Lateral;3;0;0;0;0;0;0;0;;;3;0;1;0;0
03/01/2019;10:47:00;201;Acidente com vítima;380;BR-101/ES;Norte;Tombamento;0;0;0;0;0;0;0;2;;;0;1;1;0;0
03/01/2019;11:15:00;209;Acidente com vítima;143;BR-101/ES;Norte;Colisão Transversal;1;0;0;1;0;0;0;0;;;2;0;1;0;0
03/01/2019;12:32:00;241;Acidente sem vítima;450;BR-101/ES;Norte;Saída de Pista;1;0;0;0;0;0;0;0;;;4;0;0;0;0
03/01/2019;16:04:00;319;Acidente sem vítima;395;BR-101/ES;Sul;Colisão Traseira;2;0;0;0;0;0;0;0;;;3;0;0;0;0
03/01/2019;18:07:00;355;Acidente sem vítima;130;BR-101/ES;Sul;Tombamento;1;0;0;0;0;1;0;0;;;1;0;0;0;0
03/01/2019;23:09:00;441;Acidente sem vítima;205;BR-101/ES;Norte;Atropelamento Animal;1;0;0;0;0;0;0;0;;;1;0;0;0;0
04/01/2019;07:04:00;81;Acidente sem vítima;307;BR-101/ES;Norte;Colisão Traseira;1;0;0;0;0;0;0;0;;;1;0;0;0;0
04/01/2019;07:39:00;109;Acidente sem vítima;300;BR-101/ES;Sul;Colisão Traseira;1;0;1;0;0;0;0;0;;;3;0;0;0;0
04/01/2019;07:49:00;118;Acidente com vítima;271;BR-101/ES;Norte;Colisão Lateral;1;0;0;2;0;0;0;0;;;7;0;1;0;0
04/01/2019;07:59:00;127;Acidente sem vítima;267;BR-101/ES;Norte;Colisão Lateral;2;0;0;0;0;0;0;0;;;2;0;0;0;0
04/01/2019;13:33:00;266;Acidente com vítima;265;BR-101/ES;Sul;Queda de Moto;1;0;0;0;0;0;0;0;;;0;2;0;0;0
04/01/2019;13:52:00;278;Acidente com vítima;147;BR-101/ES;Sul;Colisão Traseira;1;0;0;1;0;0;0;0;;;5;1;0;0;0
04/01/2019;14:12:00;283;Acidente sem vítima;265;BR-101/ES;Sul;Colisão Traseira;1;0;1;0;0;0;0;1;;;4;0;0;0;0
04/01/2019;19:00:00;379;Acidente com vítima;269;BR-101/ES;Norte;Colisão Traseira;1;0;0;1;0;0;0;0;;;0;0;1;0;0
04/01/2019;19:36:00;389;Acidente com vítima;263;BR-101/ES;Sul;Colisão Transversal;0;0;0;2;0;0;0;0;;;1;1;1;0;0
05/01/2019;06:36:00;83;Acidente com vítima;431;BR-101/ES;Sul;Tombamento;0;0;0;0;0;0;0;3;;;0;0;1;0;0
05/01/2019;12:06:00;211;Acidente sem vítima;267;BR-101/ES;Norte;Colisão Lateral;2;0;0;0;0;0;0;0;;;2;0;0;0;0
05/01/2019;15:49:00;285;Acidente sem vítima;268;BR-101/ES;Norte;Choque com Objeto Fixo;1;0;0;0;0;0;0;0;;;1;0;0;0;0
06/01/2019;17:22:00;297;Acidente sem vítima;68;BR-101/ES;Sul;Engavetamento;3;0;0;0;0;1;0;0;;;3;0;0;0;0
06/01/2019;18:29:00;311;Acidente com vítima;284;BR-101/ES;Sul;Choque com Objeto Fixo;1;0;0;0;0;0;0;0;;;0;1;0;0;0
06/01/2019;18:43:00;315;Acidente com vítima;283;BR-101/ES;Sul;Queda de Moto;0;0;0;1;0;0;0;0;;;0;1;0;0;0
06/01/2019;18:58:00;317;Acidente sem vítima;270;BR-101/ES;Norte;Colisão Lateral;1;0;0;0;0;0;0;2;;;2;0;0;0;0
06/01/2019;19:09:00;319;Acidente sem vítima;257;BR-101/ES;Sul;Colisão Lateral;1;0;0;1;0;0;0;0;;;2;0;0;0;0
07/01/2019;03:39:00;53;Acidente sem vítima;128,6;BR-101/ES;Norte;Colisão Lateral;0;0;2;0;0;0;0;0;;;4;0;0;0;0
07/01/2019;07:42:00;114;Acidente sem vítima;31;BR-101/ES;Sul;Colisão Traseira;2;0;0;0;0;0;0;0;;;3;0;0;0;0
07/01/2019;07:52:00;127;Acidente sem vítima;255;BR-101/ES;Sul;Engavetamento;2;0;0;0;0;0;0;2;;;3;0;0;0;0
07/01/2019;08:30:00;151;Acidente com vítima;266;BR-101/ES;Sul;Colisão Traseira;2;0;0;0;0;0;0;0;;;1;1;0;0;0
07/01/2019;11:54:00;253;Acidente sem vítima;262;BR-101/ES;Norte;Colisão Traseira;2;0;0;0;0;0;0;0;;;2;0;0;0;0
07/01/2019;12:01:00;257;Acidente sem vítima;213;BR-101/ES;Sul;Colisão Lateral;1;0;0;1;0;0;0;0;;;4;0;0;0;0
07/01/2019;13:56:00;306;Acidente com vítima;214;BR-101/ES;Norte;Choque com Objeto Fixo;1;0;0;0;0;1;0;0;;;1;0;1;0;0
07/01/2019;14:09:00;311;Acidente sem vítima;287;BR-101/ES;Norte;Tombamento;0;0;1;0;0;0;0;0;;;1;0;0;0;0
07/01/2019;14:35:00;315;Acidente sem vítima;450;BR-101/ES;Norte;Choque com Objeto Fixo;0;0;0;0;0;0;0;3;;;1;0;0;0;0
07/01/2019;15:37:00;329;Acidente sem vítima;144;BR-101/ES;Norte;Colisão Traseira;2;0;0;0;0;0;0;0;;;2;0;0;0;0
07/01/2019;17:37:00;363;Acidente sem vítima;292;BR-101/ES;Sul;Colisão Lateral;1;0;1;0;0;0;0;0;;;2;0;0;0;0
07/01/2019;17:59:00;369;Acidente com vítima;126;BR-101/ES;Sul;Colisão Lateral;1;0;0;1;0;0;0;0;;;4;2;0;0;0
07/01/2019;23:12:00;454;Acidente com morte;243,5;BR-101/ES;Sul;Colisão Lateral;1;0;0;0;0;0;0;2;;;1;0;0;0;1
08/01/2019;03:48:00;54;Acidente com vítima;266;BR-101/ES;Sul;Colisão Transversal;0;0;1;1;0;0;0;0;;;1;1;0;0;0
08/01/2019;07:32:00;118;Acidente com vítima;309;BR-101/ES;Norte;Colisão Traseira;2;0;0;0;0;0;0;0;;;4;1;0;0;0
08/01/2019;08:46:00;161;Acidente com vítima;148;BR-101/ES;Norte;Colisão Lateral;1;0;1;0;0;0;0;0;;;1;2;0;0;0
08/01/2019;09:31:00;184;Acidente sem vítima;144;BR-101/ES;Norte;Colisão Traseira;2;0;0;0;0;0;0;0;;;2;0;0;0;0
08/01/2019;16:18:00;345;Acidente sem vítima;307;BR-101/ES;Norte;Tombamento;0;0;0;0;0;0;0;1;;;1;0;0;0;0
08/01/2019;18:18:00;385;Acidente sem vítima;279;BR-101/ES;Norte;Colisão Lateral;1;0;0;0;0;0;0;1;;;6;0;0;0;0
09/01/2019;08:05:00;107;Acidente sem vítima;228;BR-101/ES;Sul;Saída de Pista;0;0;1;0;0;0;0;0;;;1;0;0;0;0
09/01/2019;08:37:00;119;Acidente com vítima;278;BR-101/ES;Sul;Colisão Lateral;0;0;0;1;1;0;0;0;;;2;0;1;0;0
09/01/2019;10:54:00;183;Acidente com vítima;147;BR-101/ES;Sul;Colisão Lateral;1;0;0;1;0;0;0;0;;;1;1;0;0;0
09/01/2019;11:07:00;189;Acidente sem vítima;402;BR-101/ES;Norte;Colisão Traseira;0;0;1;0;0;0;0;2;;;3;0;0;0;0
09/01/2019;13:32:00;252;Acidente sem vítima;307;BR-101/ES;Sul;Saída de Pista;1;0;0;0;0;0;0;0;;;1;0;0;0;0
09/01/2019;15:35:00;297;Acidente sem vítima;229;BR-101/ES;Norte;Colisão Traseira;1;0;1;0;0;0;0;1;;;5;0;0;0;0
09/01/2019;16:20:00;311;Acidente sem vítima;237;BR-101/ES;Sul;Saída de Pista;1;0;0;0;0;0;0;0;;;2;0;0;0;0
09/01/2019;16:29:00;317;Acidente sem vítima;335;BR-101/ES;Norte;Colisão Lateral;1;0;0;0;0;0;0;2;;;2;0;0;0;0
09/01/2019;17:13:00;335;Acidente sem vítima;296;BR-101/ES;Norte;Capotamento;1;0;0;0;0;0;0;0;;;2;0;0;0;0
09/01/2019;18:27:00;356;Acidente sem vítima;271;BR-101/ES;Sul;Colisão Traseira;2;0;0;0;0;0;0;0;;;2;0;0;0;0
09/01/2019;19:01:00;363;Acidente sem vítima;283,3;BR-101/ES;Sul;Colisão Traseira;2;0;0;0;0;0;0;0;;;2;0;0;0;0
09/01/2019;19:39:00;380;Acidente sem vítima;374;BR-101/ES;Norte;Colisão Traseira;2;0;0;0;0;0;0;0;;;3;0;0;0;0
09/01/2019;20:27:00;395;Acidente sem vítima;218;BR-101/ES;Sul;Colisão Lateral;0;0;2;0;0;0;0;0;;;2;0;0;0;0
09/01/2019;21:30:00;409;Acidente com vítima;337;BR-101/ES;Norte;Colisão Lateral;2;0;1;0;0;0;0;0;;;5;0;3;0;0
10/01/2019;02:05:00;41;Acidente sem vítima;296;BR-101/ES;Sul;Choque com Objeto Fixo;1;0;0;0;0;0;0;0;;;1;0;0;0;0
10/01/2019;04:53:00;60;Acidente sem vítima;292;BR-101/ES;Norte;Colisão com ciclista;0;1;0;0;0;0;0;2;;;2;0;0;0;0
10/01/2019;06:32:00;81;Acidente com vítima;255;BR-101/ES;Norte;Colisão Traseira;2;0;0;0;0;0;0;0;;;2;0;1;0;0
10/01/2019;06:34:00;82;Acidente com vítima;125;BR-101/ES;Norte;Queda de Moto;0;0;0;1;0;0;0;0;;;0;1;0;0;0
10/01/2019;07:38:00;97;Acidente com vítima;297;BR-101/ES;Sul;Colisão Lateral;0;0;1;1;0;0;0;0;;;1;0;1;0;0
10/01/2019;10:25:00;164;Acidente sem vítima;256;BR-101/ES;Norte;Engavetamento;4;0;0;0;0;0;0;0;;;12;0;0;0;0
10/01/2019;11:24:00;194;Acidente sem vítima;296;BR-101/ES;Norte;Colisão Traseira;0;0;1;0;1;0;0;0;;;3;0;0;0;0
10/01/2019;12:48:00;241;Acidente sem vítima;246;BR-101/ES;Norte;Choque com Objeto Fixo;1;0;0;0;0;0;0;0;;;2;0;0;0;0
10/01/2019;15:37:00;311;Acidente sem vítima;260;BR-101/ES;Norte;Colisão Lateral;2;0;0;0;0;0;0;0;;;2;0;0;0;0
10/01/2019;15:41:00;314;Acidente sem vítima;247;BR-101/ES;Sul;Choque com Objeto Fixo;1;0;0;0;0;0;0;0;;;1;0;0;0;0
10/01/2019;19:24:00;393;Acidente sem vítima;270;BR-101/ES;Norte;Colisão Lateral;1;0;0;0;0;0;0;2;;;2;0;0;0;0
10/01/2019;19:50:00;400;Acidente sem vítima;254;BR-101/ES;Sul;Colisão Traseira;1;0;1;0;0;0;0;0;;;3;0;0;0;0
10/01/2019;21:58:00;430;Acidente com vítima;438,9;BR-101/ES;Norte;Colisão Traseira;1;0;2;0;0;0;0;0;;;6;1;1;0;0
11/01/2019;08:18:00;139;Acidente sem vítima;145;BR-101/ES;Norte;Colisão Traseira;1;0;1;0;0;0;0;0;;;6;0;0;0;0
11/01/2019;11:22:00;234;Acidente sem vítima;429;BR-101/ES;Sul;Veículo em Chamas;1;0;0;0;0;0;0;0;;;2;0;0;0;0
11/01/2019;11:38:00;244;Acidente sem vítima;157;BR-101/ES;Norte;Atropelamento de Equino;0;0;0;0;0;0;0;1;;;1;0;0;0;0
11/01/2019;14:25:00;313;Acidente sem vítima;275;BR-101/ES;Norte;Choque com Objeto Fixo;1;0;0;0;0;0;0;0;;;1;0;0;0;0
11/01/2019;15:43:00;338;Acidente com vítima;268;BR-101/ES;Norte;Colisão Traseira;1;0;0;1;0;0;0;0;;;1;1;0;0;0
11/01/2019;16:57:00;363;Acidente sem vítima;386;BR-101/ES;Norte;Saída de Pista;0;0;0;2;0;0;0;0;;;2;0;0;0;0
11/01/2019;16:59:00;364;Acidente sem vítima;84;BR-101/ES;Norte;Colisão Traseira;1;0;0;0;0;0;0;0;;;1;0;0;0;0
11/01/2019;17:31:00;372;Acidente sem vítima;269;BR-101/ES;Norte;Colisão Lateral;1;0;0;0;0;0;0;2;;;2;0;0;0;0
11/01/2019;18:18:00;382;Acidente sem vítima;101;BR-101/ES;Sul;Colisão Traseira;2;0;0;0;0;0;0;0;;;4;0;0;0;0
11/01/2019;18:30:00;385;Acidente com vítima;298;BR-101/ES;Norte;Queda de Moto;0;0;0;1;0;0;0;0;;;0;0;1;0;0
11/01/2019;21:25:00;430;Acidente sem vítima;312;BR-101/ES;Norte;Colisão Frontal;2;0;0;0;0;0;0;0;;;4;0;0;0;0
11/01/2019;22:30:00;448;Acidente com vítima;401;BR-101/ES;Sul;Queda de Moto;0;0;0;1;0;0;0;0;;;0;1;0;0;0
11/01/2019;23:12:00;462;Acidente sem vítima;139;BR-101/ES;Sul;Saída de Pista;0;0;1;0;0;0;0;0;;;2;0;0;0;0
12/01/2019;07:02:00;79;Acidente sem vítima;285;BR-101/ES;Sul;Colisão Traseira;1;0;0;1;0;0;0;0;;;3;0;0;0;0
12/01/2019;13:26:00;238;Acidente sem vítima;141;BR-101/ES;Norte;Saída de Pista;0;0;1;0;0;0;0;0;;;1;0;0;0;0
12/01/2019;17:42:00;326;Acidente sem vítima;387;BR-101/ES;Sul;Choque com Objeto Fixo;1;0;0;0;0;0;0;0;;;3;0;0;0;0
12/01/2019;19:21:00;348;Acidente sem vítima;435;BR-101/ES;Norte;Capotamento;1;0;0;0;0;0;0;0;;;2;0;0;0;0
12/01/2019;21:01:00;365;Acidente sem vítima;325;BR-101/ES;Sul;Colisão Lateral;1;0;0;0;0;0;0;0;;;2;0;0;0;0
12/01/2019;22:02:00;382;Acidente com morte;164;BR-101/ES;Norte;Colisão Frontal;1;0;1;0;0;0;0;0;;;0;0;1;0;1
13/01/2019;00:01:00;1;Acidente com vítima;17;BR-101/ES;Norte;Queda de Moto;0;0;0;1;0;0;0;0;;;0;0;1;0;0
13/01/2019;08:11:00;87;Acidente sem vítima;102;BR-101/ES;Sul;Colisão Traseira;1;0;0;0;1;0;0;0;;;2;0;0;0;0
13/01/2019;12:23:00;178;Acidente com vítima;379;BR-101/ES;Norte;Tombamento;0;0;0;0;0;0;0;3;;;0;2;0;0;0
13/01/2019;16:06:00;260;Acidente sem vítima;290;BR-101/ES;Norte;Choque;1;0;0;0;0;0;0;0;;;1;0;0;0;0
13/01/2019;16:29:00;270;Acidente sem vítima;392;BR-101/ES;Norte;Colisão Transversal;2;0;0;0;0;0;0;0;;;6;0;0;0;0
13/01/2019;16:38:00;275;Acidente sem vítima;142;BR-101/ES;Sul;Engavetamento;2;0;1;0;0;0;0;0;;;6;0;0;0;0
13/01/2019;18:01:00;309;Acidente com vítima;364;BR-101/ES;Norte;Capotamento;1;0;0;0;0;0;0;0;;;0;1;0;0;0
13/01/2019;18:21:00;316;Acidente com vítima;299;BR-101/ES;Sul;Colisão Lateral;1;0;0;1;0;0;0;0;;;1;1;0;0;0
13/01/2019;18:31:00;321;Acidente com vítima;257;BR-101/ES;Norte;Saída de Pista;1;0;0;0;0;0;0;0;;;0;0;0;1;0
13/01/2019;22:12:00;378;Atropelamento sem morte;267;BR-101/ES;Sul;Atropelamento;1;1;0;0;0;0;0;0;;;1;0;1;0;0
13/01/2019;23:54:00;412;Acidente com vítima;264;BR-101/ES;Norte;Colisão Transversal;1;0;0;1;0;0;0;0;;;2;0;1;0;0
14/01/2019;05:57:00;83;Acidente com vítima;35;BR-101/ES;Norte;Choque;0;0;0;1;0;0;0;3;;;2;0;1;0;0
14/01/2019;06:58:00;96;Acidente com vítima;300,5;BR-101/ES;Sul;Queda de Moto;0;0;0;1;0;0;0;0;;;0;0;1;0;0
14/01/2019;08:30:00;129;Acidente sem vítima;150;BR-101/ES;Norte;Colisão Traseira;2;0;0;0;0;0;0;0;;;2;0;0;0;0
14/01/2019;09:37:00;157;Acidente sem vítima;269;BR-101/ES;Norte;Colisão Traseira;1;0;0;0;0;0;0;2;;;2;0;0;0;0
14/01/2019;12:09:00;215;Acidente sem vítima;414;BR-101/ES;Sul;Saída de Pista;1;0;0;0;0;0;0;0;;;1;0;0;0;0
14/01/2019;12:10:00;216;Acidente sem vítima;340;BR-101/ES;Norte;Colisão Lateral;1;0;0;0;0;0;0;1;;;3;0;0;0;0
14/01/2019;14:52:00;278;Acidente com morte;237;BR-101/ES;Sul;Capotamento;0;0;1;0;0;0;0;0;;;0;0;0;0;1
14/01/2019;16:00:00;299;Acidente com vítima;94;BR-101/ES;Norte;Engavetamento;3;0;0;0;0;0;0;0;;;7;2;1;0;0
14/01/2019;17:56:00;337;Acidente sem vítima;417;BR-101/ES;Norte;Colisão Lateral;2;0;0;0;0;0;0;0;;;5;0;0;0;0
14/01/2019;21:24:00;386;Acidente sem vítima;194;BR-101/ES;Sul;Choque com Objeto Fixo;1;0;0;0;0;0;0;0;;;4;0;0;0;0
14/01/2019;21:29:00;387;Acidente com vítima;313,9;BR-101/ES;Sul;Saída de Pista;0;0;0;0;0;0;0;2;;;0;1;0;0;0
14/01/2019;21:39:00;390;Acidente sem vítima;229;BR-101/ES;Sul;Colisão Traseira;1;0;0;0;0;0;0;2;;;5;0;0;0;0
14/01/2019;22:58:00;414;Acidente sem vítima;268;BR-101/ES;Norte;Choque com Objeto Fixo;1;0;0;0;0;0;0;0;;;2;0;0;0;0
15/01/2019;00:01:00;1;Acidente com vítima;269;BR-101/ES;Norte;Queda de Moto;0;0;0;1;0;0;0;0;;;0;1;0;0;0
15/01/2019;06:44:00;91;Acidente sem vítima;149;BR-101/ES;Norte;Colisão Traseira;1;0;0;0;0;0;0;0;;;1;0;0;0;0
15/01/2019;08:45:00;160;Acidente sem vítima;66;BR-101/ES;Sul;Colisão Transversal;2;0;0;0;0;0;0;0;;;4;0;0;0;0
15/01/2019;09:24:00;175;Acidente com vítima;284;BR-101/ES;Norte;Tombamento;0;0;1;0;0;0;0;0;;;0;0;1;0;0
15/01/2019;10:43:00;210;Acidente sem vítima;313;BR-101/ES;Norte;Choque;1;0;0;0;0;0;0;0;;;1;0;0;0;0
15/01/2019;11:06:00;219;Acidente sem vítima;952;BR-101/BA;Norte;Saída de Pista;1;0;0;0;0;0;0;0;;;3;0;0;0;0
15/01/2019;17:07:00;345;Acidente com vítima;293;BR-101/ES;Norte;Colisão Transversal;0;0;0;1;0;0;0;2;;;2;0;1;0;0
15/01/2019;17:19:00;353;Acidente sem vítima;377;BR-101/ES;Sul;Colisão Traseira;1;0;1;0;0;0;0;0;;;2;0;0;0;0
15/01/2019;17:57:00;365;Acidente sem vítima;255;BR-101/ES;Sul;Colisão Traseira;2;0;0;0;0;0;0;0;;;2;0;0;0;0
15/01/2019;20:53:00;404;Acidente sem vítima;148;BR-101/ES;Sul;Colisão Transversal;1;0;1;0;0;0;0;0;;;2;0;0;0;0
16/01/2019;06:10:00;90;Atropelamento sem morte;401;BR-101/ES;Sul;Atropelamento;1;0;0;0;0;0;0;0;;;1;0;0;1;0
16/01/2019;07:16:00;102;Acidente sem vítima;266;BR-101/ES;Sul;Colisão Traseira;3;0;0;0;0;0;0;0;;;5;0;0;0;0
16/01/2019;08:13:00;151;Acidente com vítima;261;BR-101/ES;Sul;Queda de Moto;0;0;0;1;0;0;0;0;;;0;1;0;0;0
16/01/2019;09:57:00;190;Acidente sem vítima;270;BR-101/ES;Sul;Colisão Traseira;2;0;0;0;0;0;0;0;;;2;0;0;0;0
16/01/2019;11:00:00;224;Acidente sem vítima;231;BR-101/ES;Norte;Colisão Traseira;2;0;0;0;0;0;0;0;;;7;0;0;0;0
16/01/2019;11:08:00;227;Acidente com vítima;302;BR-101/ES;Norte;Colisão Transversal;1;0;0;0;0;0;0;2;;;2;0;1;0;0
16/01/2019;18:02:00;369;Acidente sem vítima;351;BR-101/ES;Norte;Colisão Traseira;3;0;0;0;0;0;0;0;;;3;0;0;0;0
16/01/2019;18:37:00;378;Acidente sem vítima;347;BR-101/ES;Norte;Colisão Traseira;2;0;0;0;0;0;0;0;;;3;0;0;0;0
16/01/2019;21:18:00;420;Acidente com vítima;264;BR-101/ES;Sul;Colisão com ciclista;0;1;0;0;1;0;0;0;;;1;1;0;0;0
16/01/2019;21:26:00;421;Acidente sem vítima;945;BR-101/BA;Norte;Saída de Pista;1;0;0;0;0;0;0;0;;;1;0;0;0;0
17/01/2019;07:08:00;86;Acidente sem vítima;266;BR-101/ES;Sul;Colisão Traseira;2;0;0;0;0;0;0;3;;;3;0;0;0;0
17/01/2019;08:42:00;121;Acidente sem vítima;269;BR-101/ES;Sul;Colisão Traseira;1;0;0;0;0;0;0;0;;;1;0;0;0;0
17/01/2019;08:59:00;130;Acidente sem vítima;255;BR-101/ES;Sul;Colisão Traseira;2;0;0;0;0;0;0;0;;;2;0;0;0;0
17/01/2019;10:42:00;180;Atropelamento com morte;206;BR-101/ES;Norte;Atropelamento;1;1;0;0;0;0;0;0;;;3;0;0;0;1
17/01/2019;13:41:00;266;Acidente sem vítima;349;BR-101/ES;Sul;Veículo em Chamas;0;0;0;0;0;0;0;1;;;1;0;0;0;0
17/01/2019;14:26:00;285;Acidente sem vítima;125;BR-101/ES;Sul;Colisão Traseira;1;0;0;0;0;0;0;3;;;4;0;0;0;0
17/01/2019;15:09:00;299;Acidente sem vítima;295;BR-101/ES;Sul;Colisão Traseira;1;0;1;0;0;0;0;0;;;2;0;0;0;0
17/01/2019;15:27:00;303;Acidente sem vítima;189;BR-101/ES;Sul;Colisão Transversal;2;0;0;0;0;0;0;0;;;2;0;0;0;0
17/01/2019;15:40:00;307;Acidente com vítima;270;BR-101/ES;Norte;Colisão Traseira;1;0;0;1;0;0;0;0;;;1;2;0;0;0
17/01/2019;16:44:00;327;Acidente com vítima;440;BR-101/ES;Sul;Queda de Moto;0;0;0;1;0;0;0;0;;;0;0;1;0;0
17/01/2019;17:13:00;333;Acidente sem vítima;301;BR-101/ES;Norte;Colisão Traseira;1;0;1;0;0;0;0;0;;;2;0;0;0;0
17/01/2019;17:43:00;342;Acidente com vítima;266;BR-101/ES;Norte;Colisão Lateral;1;0;1;0;1;0;0;0;;;3;0;1;0;0
17/01/2019;19:54:00;384;Acidente com vítima;375;BR-101/ES;Sul;Colisão Transversal;0;0;0;2;0;0;0;0;;;1;0;1;0;0
18/01/2019;06:44:00;71;Acidente sem vítima;255;BR-101/ES;Sul;Engavetamento;4;0;0;0;0;0;0;0;;;16;0;0;0;0
18/01/2019;08:09:00;107;Acidente sem vítima;272;BR-101/ES;Sul;Colisão Traseira;1;0;0;0;0;0;0;2;;;2;0;0;0;0
18/01/2019;08:18:00;112;Acidente sem vítima;261;BR-101/ES;Sul;Engavetamento;3;0;0;0;0;0;0;0;;;7;0;0;0;0
18/01/2019;08:19:00;113;Acidente sem vítima;444;BR-101/ES;Norte;Saída de Pista;1;0;0;0;0;0;0;0;;;5;0;0;0;0
18/01/2019;08:48:00;120;Acidente sem vítima;261;BR-101/ES;Sul;Engavetamento;3;0;0;0;0;0;0;0;;;4;0;0;0;0
18/01/2019;10:16:00;155;Acidente sem vítima;266;BR-101/ES;Sul;Engavetamento;1;0;0;0;0;0;0;0;;;1;0;0;0;0
18/01/2019;11:41:00;201;Acidente sem vítima;188;BR-101/ES;Norte;Tombamento;0;0;0;0;0;0;0;2;;;1;0;0;0;0
18/01/2019;11:51:00;203;Acidente sem vítima;298;BR-101/ES;Sul;Colisão Traseira;1;0;0;1;0;0;0;0;;;3;0;0;0;0
18/01/2019;11:58:00;205;Acidente sem vítima;242;BR-101/ES;Norte;Colisão Traseira;1;0;0;0;0;0;0;2;;;2;0;0;0;0
18/01/2019;16:13:00;306;Acidente sem vítima;255;BR-101/ES;Norte;Colisão Traseira;1;0;0;1;0;0;0;0;;;2;0;0;0;0
18/01/2019;18:08:00;360;Acidente sem vítima;179;BR-101/ES;Sul;Saída de Pista;2;0;0;0;0;0;0;0;;;3;0;0;0;0
18/01/2019;18:13:00;362;Acidente com vítima;315;BR-101/ES;Sul;Capotamento;1;0;0;0;0;0;0;0;;;0;0;1;0;0
18/01/2019;20:00:00;396;Acidente sem vítima;188;BR-101/ES;Sul;Colisão Traseira;2;0;0;0;0;0;0;0;;;4;0;0;0;0
18/01/2019;20:14:00;402;Acidente sem vítima;227;BR-101/ES;Sul;Engavetamento;3;0;0;0;0;0;0;0;;;5;0;0;0;0
18/01/2019;21:34:00;423;Acidente sem vítima;185;BR-101/ES;Sul;Engavetamento;3;0;0;0;0;0;0;0;;;5;0;0;0;0
18/01/2019;22:13:00;439;Acidente com vítima;268;BR-101/ES;Norte;Queda de Moto;0;0;0;1;0;0;0;0;;;0;0;1;0;0
19/01/2019;04:15:00;60;Acidente com vítima;101,8;BR-101/ES;Norte;Colisão Traseira;1;0;0;1;0;0;0;0;;;5;0;1;0;0
19/01/2019;04:37:00;66;Acidente com vítima;176;BR-101/ES;Sul;Queda de Moto;0;0;0;1;0;0;0;0;;;0;0;2;0;0
19/01/2019;07:07:00;91;Acidente com vítima;73;BR-101/ES;Norte;Colisão Frontal;2;0;0;0;0;0;0;0;;;0;0;4;0;0
19/01/2019;10:28:00;189;Acidente com vítima;210,7;BR-101/ES;Sul;Colisão Frontal;0;0;0;2;0;0;0;0;;;0;0;0;2;0
19/01/2019;12:15:00;239;Acidente com vítima;304;BR-101/ES;Sul;Colisão Traseira;1;0;0;0;0;0;0;2;;;2;1;0;0;0
19/01/2019;12:18:00;240;Acidente sem vítima;358;BR-101/ES;Sul;Veículo em Chamas;0;0;0;0;0;0;0;1;;;1;0;0;0;0
19/01/2019;14:41:00;297;Acidente com vítima;349;BR-101/ES;Sul;Queda de Moto;0;0;0;1;0;0;0;0;;;0;1;0;0;0
19/01/2019;15:27:00;314;Acidente sem vítima;262;BR-101/ES;Norte;Colisão Traseira;1;0;0;0;0;0;0;0;;;1;0;0;0;0
19/01/2019;17:29:00;354;Acidente sem vítima;266;BR-101/ES;Sul;Colisão Traseira;2;0;0;0;0;0;0;0;;;2;0;0;0;0