data;horario;n_da_ocorrencia;tipo_de_ocorrencia;km;trecho;sentido;tipo_de_acidente;automovel;bicicleta;caminhao;moto;onibus;outros;tracao_animal;transporte_de_cargas_especiais;trator_maquinas;utilitarios;ilesos;levemente_feridos;moderadamente_feridos;gravemente_feridos;mortos
13/08/2019;13:57:00;248;Acidente sem vítima;208;BR-101/ES;Sul;Colisão Lateral;1;0;1;0;0;0;0;0;;;1;0;0;0;0
13/08/2019;16:06:00;288;Acidente com vítima;174;BR-101/ES;Norte;Colisão Transversal;1;0;0;1;0;0;0;0;;;2;1;0;0;0
13/08/2019;16:31:00;297;Acidente sem vítima;42,5;BR-101/ES;Sul;Engavetamento;3;0;0;0;0;0;0;0;;;8;0;0;0;0
13/08/2019;16:46:00;303;Atropelamento sem morte;257;BR-101/ES;Norte;Atropelamento;1;0;0;0;0;0;0;0;;;2;0;0;1;0
13/08/2019;17:17:00;317;Acidente com vítima;70;BR-101/ES;Norte;Colisão com ciclista;1;1;0;0;0;0;0;0;;;4;0;1;0;0
13/08/2019;22:13:00;370;Acidente com vítima;264;BR-101/ES;Sul;Colisão com ciclista;0;1;0;1;0;0;0;0;;;0;0;2;0;0
14/08/2019;10:14:00;151;Acidente sem vítima;361;BR-101/ES;Sul;Capotamento;1;0;0;0;0;0;0;0;;;2;0;0;0;0
14/08/2019;12:17:00;214;Acidente sem vítima;4;BR-101/ES;Norte;Choque com Objeto Fixo;1;0;0;0;0;0;0;0;;;2;0;0;0;0
14/08/2019;14:06:00;262;Acidente sem vítima;293;BR-101/ES;Norte;Colisão Traseira;2;0;0;0;0;0;0;0;;;3;0;0;0;0
14/08/2019;15:11:00;285;Acidente sem vítima;262;BR-101/ES;Norte;Colisão Traseira;2;0;0;0;0;0;0;0;;;2;0;0;0;0
14/08/2019;20:31:00;369;Acidente com vítima;179;BR-101/ES;Norte;Queda de Moto;0;0;0;1;0;0;0;0;;;0;0;2;0;0
14/08/2019;20:48:00;373;Acidente sem vítima;273;BR-101/ES;Norte;Colisão Lateral;2;0;0;0;0;0;0;0;;;2;0;0;0;0
14/08/2019;21:56:00;383;Acidente com vítima;267,8;BR-101/ES;Norte;Colisão Transversal;1;0;1;0;0;0;0;0;;;1;6;1;0;0
15/08/2019;04:25:00;54;Acidente com vítima;258,4;BR-101/ES;Sul;Colisão Frontal;1;0;0;0;1;0;0;0;;;1;1;1;0;0
15/08/2019;08:10:00;118;Acidente sem vítima;268,8;BR-101/ES;Sul;Colisão Lateral;1;0;0;1;0;0;0;0;;;2;0;0;0;0
15/08/2019;08:55:00;133;Acidente com vítima;188,809;BR-101/ES;Sul;Colisão Traseira;1;0;0;0;0;0;0;2;;;2;1;0;0;0
15/08/2019;11:04:00;178;Acidente sem vítima;143;BR-101/ES;Norte;Colisão Lateral;2;0;0;0;0;0;0;0;;;3;0;0;0;0
15/08/2019;15:31:00;276;Acidente sem vítima;67;BR-101/ES;Norte;Colisão Lateral;1;0;0;0;0;0;0;2;;;3;0;0;0;0
15/08/2019;16:46:00;300;Acidente sem vítima;18;BR-101/ES;Norte;Colisão Lateral;1;0;0;0;0;0;0;3;;;2;0;0;0;0
16/08/2019;11:50:00;233;Acidente sem vítima;146;BR-101/ES;Norte;Capotamento;1;0;0;0;0;0;0;0;;;2;0;0;0;0
16/08/2019;12:49:00;254;Acidente com vítima;47,5;BR-101/ES;Norte;Queda de Moto;0;0;0;1;0;0;0;0;;;0;0;1;0;0
16/08/2019;14:05:00;288;Acidente sem vítima;335;BR-101/ES;Norte;Colisão Lateral;1;0;0;0;0;0;0;2;;;1;0;0;0;0
16/08/2019;14:44:00;298;Acidente com vítima;159;BR-101/ES;Norte;Colisão Transversal;1;0;0;1;0;0;0;0;;;2;1;0;0;0
16/08/2019;15:21:00;310;Acidente com vítima;229;BR-101/ES;Norte;Colisão Traseira;1;0;0;1;0;0;0;0;;;3;2;0;0;0
16/08/2019;16:25:00;333;Acidente sem vítima;205;BR-101/ES;Norte;Colisão Lateral;1;0;0;0;0;0;0;2;;;2;0;0;0;0
16/08/2019;16:42:00;339;Acidente sem vítima;205;BR-101/ES;Norte;Colisão Transversal;1;0;0;0;0;0;0;2;;;2;0;0;0;0
16/08/2019;20:00:00;383;Acidente sem vítima;54;BR-101/ES;Sul;Saída de Pista;1;0;0;0;0;0;0;0;;;1;0;0;0;0
17/08/2019;00:16:00;3;Acidente sem vítima;399;BR-101/ES;Sul;Choque com Objeto Fixo;1;0;0;0;0;0;0;0;;;1;0;0;0;0
17/08/2019;04:48:00;71;Acidente sem vítima;266;BR-101/ES;Norte;Colisão Transversal;2;0;0;0;0;0;0;0;;;2;0;0;0;0
17/08/2019;10:36:00;159;Acidente com vítima;352;BR-101/ES;Norte;Colisão Traseira;1;0;0;1;0;0;0;0;;;0;1;0;0;0
17/08/2019;11:22:00;175;Acidente com vítima;94,2;BR-101/ES;Sul;Colisão Transversal;1;0;0;1;0;0;0;0;;;1;0;2;0;0
17/08/2019;12:34:00;202;Acidente sem vítima;269;BR-101/ES;Norte;Colisão Traseira;0;0;0;1;1;0;0;0;;;3;0;0;0;0
17/08/2019;13:48:00;230;Acidente com vítima;945;BR-101/BA;Sul;Engavetamento;1;0;1;0;0;1;0;2;;;4;2;1;0;0
17/08/2019;16:10:00;273;Acidente com vítima;359;BR-101/ES;Sul;Queda de Moto;0;0;0;1;0;0;0;0;;;0;1;0;0;0
17/08/2019;22:16:00;347;Acidente sem vítima;65;BR-101/ES;Norte;Colisão Traseira;0;0;0;1;0;0;0;0;;;2;0;0;0;0
18/08/2019;03:27:00;45;Acidente com vítima;395;BR-101/ES;Norte;Colisão Lateral;0;0;0;1;0;0;0;0;;;0;0;1;0;0
18/08/2019;03:47:00;48;Acidente sem vítima;194;BR-101/ES;Norte;Saída de Pista;1;0;0;0;0;0;0;0;;;1;0;0;0;0
18/08/2019;05:03:00;59;Acidente sem vítima;288;BR-101/ES;Norte;Saída de Pista;1;0;0;0;0;0;0;0;;;1;0;0;0;0
18/08/2019;14:47:00;235;Acidente com vítima;229;BR-101/ES;Sul;Queda de ciclista;0;1;0;0;0;0;0;0;;;0;1;0;0;0
18/08/2019;15:09:00;245;Acidente com vítima;239;BR-101/ES;Sul;Queda de Moto;0;0;0;1;0;0;0;0;;;1;0;1;0;0
18/08/2019;18:58:00;330;Acidente com vítima;122;BR-101/ES;Sul;Queda de Moto;0;0;0;1;0;0;0;0;;;1;1;0;0;0
18/08/2019;21:06:00;361;Acidente com vítima;44,8;BR-101/ES;Norte;Veículo em Chamas;0;0;0;0;0;0;0;2;;;0;1;0;0;0
18/08/2019;21:11:00;362;Acidente com vítima;339;BR-101/ES;Norte;Choque com Objeto Fixo;1;0;0;0;0;0;0;0;;;0;1;0;0;0
19/08/2019;05:47:00;60;Atropelamento sem morte;213;BR-101/ES;Norte;Atropelamento;0;0;0;0;0;0;0;2;;;1;0;1;0;0
19/08/2019;07:59:00;102;Acidente com vítima;96;BR-101/ES;Sul;Colisão Lateral;0;0;0;2;0;0;0;0;;;1;1;2;0;0
19/08/2019;12:29:00;206;Acidente sem vítima;266;BR-101/ES;Sul;Colisão Lateral;1;0;0;0;0;0;0;2;;;2;0;0;0;0
19/08/2019;13:51:00;238;Acidente sem vítima;264;BR-101/ES;Sul;Colisão Traseira;2;0;0;0;0;0;0;0;;;2;0;0;0;0
19/08/2019;16:38:00;289;Acidente sem vítima;205;BR-101/ES;Norte;Colisão Transversal;2;0;0;0;0;0;0;0;;;2;0;0;0;0
19/08/2019;17:34:00;302;Acidente com vítima;149;BR-101/ES;Sul;Colisão Transversal;0;0;0;2;0;0;0;0;;;0;3;0;0;0
19/08/2019;19:03:00;319;Acidente sem vítima;294;BR-101/ES;Sul;Colisão com ciclista;0;1;0;0;1;0;0;0;;;3;0;0;0;0
19/08/2019;20:02:00;327;Acidente sem vítima;205;BR-101/ES;Norte;Colisão Traseira;1;0;1;0;1;0;0;1;;;3;0;0;0;0
20/08/2019;06:39:00;76;Acidente com vítima;268;BR-101/ES;Sul;Colisão Lateral;1;0;0;1;0;0;0;0;;;4;0;1;0;0
20/08/2019;07:20:00;101;Acidente sem vítima;268;BR-101/ES;Sul;Colisão Traseira;2;0;0;0;0;1;0;0;;;7;0;0;0;0
20/08/2019;07:51:00;118;Acidente com vítima;261;BR-101/ES;Sul;Queda de Moto;0;0;0;1;0;0;0;0;;;0;1;0;0;0
20/08/2019;09:02:00;142;Acidente sem vítima;283;BR-101/ES;Norte;Saída de Pista;1;0;0;0;0;0;0;0;;;1;0;0;0;0
20/08/2019;10:34:00;175;Acidente sem vítima;31;BR-101/ES;Sul;Colisão Traseira;0;0;2;0;0;0;0;0;;;4;0;0;0;0
20/08/2019;11:42:00;205;Acidente sem vítima;146;BR-101/ES;Sul;Colisão Lateral;1;0;0;1;0;0;0;0;;;2;0;0;0;0
20/08/2019;12:28:00;216;Acidente sem vítima;279;BR-101/ES;Sul;Colisão Traseira;1;0;1;0;0;0;0;0;;;3;0;0;0;0
20/08/2019;12:57:00;231;Acidente com vítima;316;BR-101/ES;Norte;Saída de Pista;0;0;1;0;0;0;0;0;;;0;1;0;0;0
20/08/2019;15:22:00;273;Acidente com vítima;142,5;BR-101/ES;Sul;Colisão Lateral;1;0;0;1;0;0;0;0;;;1;1;0;0;0
20/08/2019;16:02:00;286;Acidente sem vítima;253;BR-101/ES;Sul;Colisão Traseira;1;0;0;0;0;0;0;1;;;3;0;0;0;0
20/08/2019;16:11:00;287;Acidente com vítima;421;BR-101/ES;Sul;Colisão Lateral;1;0;0;0;0;0;0;2;;;1;1;0;0;0
20/08/2019;17:58:00;305;Acidente com vítima;211;BR-101/ES;Norte;Colisão Transversal;1;0;0;1;0;0;0;0;;;4;0;1;0;0
20/08/2019;21:26:00;333;Atropelamento sem morte;265;BR-101/ES;Sul;Atropelamento;1;0;0;0;0;0;0;0;;;1;0;1;0;0
20/08/2019;22:21:00;342;Acidente com vítima;297;BR-101/ES;Sul;Colisão Traseira;0;0;0;0;2;0;0;0;;;4;1;0;0;0
21/08/2019;07:49:00;108;Acidente com vítima;271;BR-101/ES;Sul;Queda de Moto;0;0;0;1;0;0;0;0;;;0;1;0;0;0
21/08/2019;08:29:00;125;Acidente sem vítima;271,5;BR-101/ES;Norte;Queda de Moto;0;0;0;1;0;0;0;0;;;1;0;0;0;0
21/08/2019;08:42:00;127;Acidente sem vítima;267;BR-101/ES;Sul;Colisão Traseira;2;0;0;0;0;0;0;0;;;2;0;0;0;0
21/08/2019;08:45:00;130;Acidente sem vítima;262;BR-101/ES;Sul;Colisão Traseira;2;0;0;0;0;0;0;0;;;2;0;0;0;0
21/08/2019;13:13:00;249;Acidente sem vítima;361;BR-101/ES;Sul;Tombamento;1;0;0;0;0;0;0;0;;;1;0;0;0;0
21/08/2019;14:02:00;272;Acidente com vítima;414;BR-101/ES;Norte;Colisão Traseira;0;0;1;0;0;0;0;4;;;2;0;1;0;0
21/08/2019;14:32:00;276;Acidente sem vítima;16;BR-101/ES;Sul;Colisão Traseira;2;0;0;0;0;0;0;0;;;2;0;0;0;0
21/08/2019;15:06:00;284;Acidente sem vítima;4;BR-101/ES;Norte;Choque com Objeto Fixo;1;0;0;0;0;0;0;0;;;1;0;0;0;0
21/08/2019;16:05:00;309;Acidente sem vítima;266;BR-101/ES;Sul;Colisão Transversal;2;0;0;0;0;0;0;0;;;6;0;0;0;0
21/08/2019;16:46:00;323;Acidente com vítima;299;BR-101/ES;Sul;Colisão Traseira;1;0;0;1;0;0;0;0;;;1;1;0;0;0
22/08/2019;00:44:00;19;Acidente sem vítima;202;BR-101/ES;Norte;Colisão Lateral;0;0;2;0;0;0;0;0;;;2;0;0;0;0
22/08/2019;06:48:00;81;Acidente sem vítima;279;BR-101/ES;Sul;Queda de Moto;0;0;0;1;0;0;0;0;;;1;0;0;0;0
22/08/2019;08:28:00;119;Acidente com vítima;130;BR-101/ES;Norte;Queda de ciclista;0;1;0;0;0;0;0;0;;;0;0;1;0;0
22/08/2019;11:27:00;188;Acidente sem vítima;269,4;BR-101/ES;Sul;Colisão Traseira;2;0;0;0;0;0;0;0;;;2;0;0;0;0
22/08/2019;12:50:00;229;Acidente sem vítima;271;BR-101/ES;Norte;Colisão Transversal;2;0;0;0;0;0;0;0;;;2;0;0;0;0
22/08/2019;15:54:00;287;Acidente com vítima;269;BR-101/ES;Norte;Colisão Transversal;0;0;0;1;0;0;0;0;;;0;0;1;0;0
22/08/2019;16:56:00;311;Acidente sem vítima;286;BR-101/ES;Norte;Colisão Lateral;1;0;0;1;0;0;0;0;;;2;0;0;0;0
22/08/2019;18:45:00;341;Acidente sem vítima;270;BR-101/ES;Sul;Colisão Transversal;1;0;0;0;0;0;0;2;;;3;0;0;0;0
22/08/2019;18:50:00;343;Acidente sem vítima;262;BR-101/ES;Sul;Atropelamento de Equino;1;0;0;0;0;0;0;0;;;2;0;0;0;0
22/08/2019;23:09:00;391;Acidente sem vítima;269;BR-101/ES;Sul;Colisão Traseira;0;0;0;0;1;0;0;2;;;2;0;0;0;0
22/08/2019;23:16:00;392;Acidente com vítima;253;BR-101/ES;Norte;Colisão Transversal;0;0;0;1;0;0;0;2;;;1;0;1;0;0
23/08/2019;04:50:00;65;Acidente com vítima;167;BR-101/ES;Norte;Atropelamento de Equino;1;0;0;0;0;0;0;0;;;0;0;1;0;0
23/08/2019;05:14:00;69;Acidente sem vítima;264;BR-101/ES;Norte;Colisão Transversal;1;0;1;0;0;0;0;1;;;2;0;0;0;0
23/08/2019;08:45:00;130;Acidente sem vítima;266,2;BR-101/ES;Norte;Colisão Traseira;2;0;0;0;0;0;0;0;;;3;0;0;0;0
23/08/2019;13:45:00;242;Acidente com vítima;288;BR-101/ES;Norte;Queda de Moto;0;0;0;1;0;0;0;0;;;0;1;1;0;0
23/08/2019;13:57:00;243;Acidente sem vítima;213;BR-101/ES;Sul;Colisão Traseira;1;0;0;0;0;0;0;2;;;6;0;0;0;0
23/08/2019;15:10:00;267;Acidente com vítima;395,5;BR-101/ES;Norte;Queda de Moto;0;0;0;1;0;0;0;0;;;0;0;1;0;0
23/08/2019;17:25:00;308;Acidente com vítima;40;BR-101/ES;Sul;Queda de Moto;1;0;0;0;0;0;0;0;;;0;1;0;0;0
23/08/2019;17:50:00;319;Acidente sem vítima;115;BR-101/ES;Sul;Colisão Traseira;1;0;0;0;0;0;0;1;;;2;0;0;0;0
23/08/2019;18:25:00;330;Acidente sem vítima;44;BR-101/ES;Norte;Colisão Transversal;1;0;0;1;0;0;0;0;;;2;0;0;0;0
23/08/2019;18:41:00;331;Acidente sem vítima;212;BR-101/ES;Sul;Colisão Traseira;2;0;0;0;0;0;0;0;;;2;0;0;0;0
23/08/2019;19:15:00;339;Acidente sem vítima;73;BR-101/ES;Sul;Colisão Transversal;1;0;0;0;0;0;0;2;;;2;0;0;0;0
24/08/2019;05:36:00;67;Acidente com vítima;221;BR-101/ES;Sul;Queda de Moto;0;0;0;1;0;0;0;0;;;0;1;1;0;0
24/08/2019;09:34:00;130;Acidente sem vítima;53,7;BR-101/ES;Norte;Queda de Moto;0;0;0;1;0;0;0;0;;;2;0;0;0;0
24/08/2019;11:08:00;157;Acidente sem vítima;266,4;BR-101/ES;Norte;Colisão Traseira;2;0;0;0;0;0;0;0;;;2;0;0;0;0
24/08/2019;11:26:00;165;Acidente sem vítima;260;BR-101/ES;Sul;Colisão Lateral;2;0;0;0;0;0;0;0;;;2;0;0;0;0
24/08/2019;12:17:00;184;Acidente com vítima;286;BR-101/ES;Norte;Atropelamento de Equino;1;0;0;0;0;0;0;0;;;1;0;1;0;0
24/08/2019;14:27:00;215;Acidente com vítima;272,5;BR-101/ES;Sul;Queda de Moto;0;0;0;1;0;0;0;0;;;0;0;1;0;0
24/08/2019;17:15:00;259;Acidente sem vítima;241;BR-101/ES;Norte;Colisão Lateral;1;0;1;0;0;0;0;1;;;3;0;0;0;0
24/08/2019;19:04:00;289;Acidente sem vítima;238;BR-101/ES;Sul;Saída de Pista;1;0;0;0;0;0;0;0;;;1;0;0;0;0
24/08/2019;21:05:00;314;Acidente com vítima;266;BR-101/ES;Norte;Colisão com ciclista;1;0;0;0;0;0;0;0;;;3;0;1;0;0
24/08/2019;22:27:00;333;Acidente sem vítima;302;BR-101/ES;Sul;Choque com Objeto Fixo;1;0;0;0;0;0;0;0;;;1;0;0;0;0
25/08/2019;05:35:00;73;Acidente sem vítima;209;BR-101/ES;Norte;Choque com Objeto Fixo;1;0;0;0;0;0;0;0;;;1;0;0;0;0
25/08/2019;10:05:00;132;Acidente sem vítima;236,5;BR-101/ES;Norte;Veículo em Chamas;0;0;0;1;0;0;0;0;;;1;0;0;0;0
25/08/2019;16:41:00;290;Acidente com vítima;233,8;BR-101/ES;Norte;Queda de Moto;0;0;0;1;0;0;0;0;;;0;0;2;0;0
25/08/2019;16:43:00;291;Acidente sem vítima;190;BR-101/ES;Sul;Saída de Pista;1;0;0;0;0;0;0;0;;;1;0;0;0;0
25/08/2019;17:09:00;297;Acidente com vítima;270;BR-101/ES;Sul;Colisão Lateral;0;0;0;1;0;0;0;0;;;0;1;0;0;0
25/08/2019;17:14:00;300;Acidente com vítima;294;BR-101/ES;Norte;Choque com Objeto Fixo;1;0;0;0;0;0;0;0;;;0;1;0;0;0
25/08/2019;18:25:00;318;Acidente com vítima;284;BR-101/ES;Norte;Capotamento;1;0;0;0;0;0;0;0;;;1;1;0;0;0
25/08/2019;18:42:00;321;Acidente com vítima;139;BR-101/ES;Sul;Colisão Transversal;2;0;0;0;0;0;0;0;;;3;1;0;0;0
25/08/2019;18:57:00;326;Acidente com morte;448;BR-101/ES;Norte;Colisão Frontal;1;0;1;0;0;0;0;1;;;1;0;0;0;1
25/08/2019;19:05:00;328;Atropelamento sem morte;74;BR-101/ES;Sul;Atropelamento e Fuga;1;0;0;0;0;0;0;0;;;0;0;0;1;0
25/08/2019;19:41:00;334;Acidente com vítima;266;BR-101/ES;Sul;Colisão Transversal;2;0;0;0;0;0;0;0;;;2;0;3;0;0
25/08/2019;19:44:00;335;Acidente sem vítima;143;BR-101/ES;Norte;Capotamento;1;0;0;0;0;0;0;0;;;1;0;0;0;0
26/08/2019;04:03:00;54;Acidente com vítima;429,5;BR-101/ES;Sul;Saída de Pista;0;0;0;0;1;0;0;0;;;0;9;12;0;0
26/08/2019;06:13:00;75;Acidente sem vítima;334;BR-101/ES;Norte;Colisão Traseira;2;0;0;0;0;0;0;0;;;2;0;0;0;0
26/08/2019;11:40:00;187;Acidente sem vítima;269;BR-101/ES;Norte;Colisão Lateral;1;0;0;0;0;0;0;1;;;2;0;0;0;0
26/08/2019;12:15:00;200;Acidente sem vítima;259;BR-101/ES;Sul;Choque com Objeto Fixo;1;0;0;0;0;0;0;0;;;1;0;0;0;0
26/08/2019;18:14:00;319;Acidente sem vítima;145;BR-101/ES;Norte;Colisão Traseira;1;0;0;1;0;0;0;0;;;2;0;0;0;0
26/08/2019;18:39:00;325;Acidente sem vítima;144,5;BR-101/ES;Norte;Colisão Traseira;2;0;0;0;0;0;0;0;;;2;0;0;0;0
26/08/2019;18:44:00;326;Acidente sem vítima;221;BR-101/ES;Norte;Colisão Lateral;1;0;1;0;0;0;0;0;;;3;0;0;0;0
26/08/2019;19:15:00;329;Acidente sem vítima;215;BR-101/ES;Norte;Colisão Lateral;0;0;1;0;0;0;0;0;;;1;0;0;0;0
27/08/2019;08:26:00;121;Acidente sem vítima;294,8;BR-101/ES;Sul;Colisão Traseira;2;0;0;0;0;0;0;0;;;3;0;0;0;0
27/08/2019;10:47:00;181;Acidente sem vítima;268;BR-101/ES;Sul;Colisão Lateral;1;0;1;0;0;0;0;0;;;2;0;0;0;0
27/08/2019;14:42:00;265;Acidente sem vítima;191;BR-101/ES;Norte;Atropelamento Animal;1;0;0;0;0;0;0;0;;;1;0;0;0;0
27/08/2019;18:47:00;337;Acidente sem vítima;270;BR-101/ES;Sul;Engavetamento;3;0;0;0;0;0;0;0;;;3;0;0;0;0
27/08/2019;21:02:00;358;Acidente sem vítima;214;BR-101/ES;Norte;Colisão Lateral;1;0;1;0;0;0;0;0;;;2;0;0;0;0
28/08/2019;13:26:00;241;Acidente sem vítima;267;BR-101/ES;Sul;Colisão Traseira;2;0;0;0;0;0;0;0;;;4;0;0;0;0
28/08/2019;14:41:00;265;Acidente sem vítima;67,5;BR-101/ES;Sul;Colisão Transversal;1;0;1;0;0;0;0;0;;;3;0;0;0;0
28/08/2019;14:56:00;268;Acidente sem vítima;150;BR-101/ES;Sul;Colisão Traseira;2;0;0;0;0;0;0;0;;;2;0;0;0;0
28/08/2019;18:05:00;317;Acidente com vítima;255,3;BR-101/ES;Sul;Colisão Transversal;1;0;0;1;0;0;0;0;;;1;0;1;0;0
29/08/2019;00:13:00;4;Acidente sem vítima;296,2;BR-101/ES;Norte;Choque com Objeto Fixo;1;0;0;0;0;0;0;0;;;2;0;0;0;0
29/08/2019;07:53:00;114;Acidente com vítima;306;BR-101/ES;Sul;Colisão Traseira;1;0;0;1;0;0;0;0;;;1;1;0;0;0
29/08/2019;09:39:00;145;Acidente com vítima;266;BR-101/ES;Sul;Colisão Traseira;2;0;0;0;0;0;0;0;;;2;1;0;0;0
29/08/2019;10:20:00;163;Acidente sem vítima;264;BR-101/ES;Norte;Colisão Traseira;2;0;0;0;0;0;0;0;;;2;0;0;0;0
29/08/2019;12:14:00;212;Acidente com vítima;208;BR-101/ES;Norte;Saída de Pista;0;0;1;0;0;0;0;0;;;0;2;0;0;0
29/08/2019;16:22:00;302;Acidente com vítima;20;BR-101/ES;Norte;Queda de Moto;0;0;0;1;0;0;0;0;;;0;1;0;0;0
29/08/2019;16:35:00;307;Acidente com vítima;246;BR-101/ES;Sul;Queda de ciclista;0;1;0;0;0;0;0;0;;;0;0;1;0;0
29/08/2019;16:38:00;311;Atropelamento com morte;256,7;BR-101/ES;Norte;Atropelamento;1;0;0;0;0;0;0;0;;;1;0;0;0;1
29/08/2019;18:56:00;347;Acidente com vítima;83;BR-101/ES;Norte;Colisão Frontal;1;0;1;0;0;0;0;2;;;0;3;0;0;0
29/08/2019;21:09:00;366;Acidente com vítima;176;BR-101/ES;Norte;Saída de Pista;0;0;0;1;0;0;0;0;;;0;0;1;0;0
30/08/2019;09:41:00;137;Atropelamento sem morte;268;BR-101/ES;Norte;Atropelamento;1;0;0;0;0;0;0;0;;;1;0;0;1;0
30/08/2019;10:27:00;150;Acidente sem vítima;270;BR-101/ES;Norte;Colisão Traseira;1;0;0;0;0;0;0;2;;;2;0;0;0;0
30/08/2019;11:18:00;171;Acidente com vítima;270;BR-101/ES;Sul;Queda de Moto;0;0;0;1;0;0;0;0;;;0;0;1;0;0
30/08/2019;11:26:00;176;Acidente com vítima;14,3;BR-101/ES;Sul;Tombamento;0;0;0;0;0;0;0;2;;;0;0;1;1;0
30/08/2019;11:29:00;179;Acidente sem vítima;337;BR-101/ES;Sul;Saída de Pista;1;0;0;0;0;0;0;0;;;1;0;0;0;0
30/08/2019;11:58:00;196;Acidente sem vítima;270;BR-101/ES;Sul;Colisão Transversal;2;0;0;0;0;0;0;0;;;1;0;0;0;0
30/08/2019;12:32:00;208;Acidente com vítima;270;BR-101/ES;Norte;Colisão Traseira;1;0;0;1;0;0;0;0;;;1;0;1;0;0
30/08/2019;13:05:00;226;Acidente com vítima;18;BR-101/ES;Sul;Tombamento;0;0;0;0;0;0;0;3;;;2;0;0;1;0
30/08/2019;13:43:00;240;Acidente com vítima;135;BR-101/ES;Norte;Colisão Transversal;1;0;1;0;0;0;0;0;;;2;0;1;0;0
30/08/2019;15:27:00;273;Atropelamento sem morte;243;BR-101/ES;Sul;Atropelamento;0;0;0;1;0;0;0;0;;;1;0;0;1;0
30/08/2019;15:32:00;276;Acidente com vítima;407;BR-101/ES;Sul;Tombamento;0;0;0;0;0;0;0;2;;;0;0;1;0;0
30/08/2019;15:41:00;280;Acidente sem vítima;223,1;BR-101/ES;Sul;Colisão Traseira;1;0;1;0;0;0;0;0;;;2;0;0;0;0
30/08/2019;16:31:00;301;Acidente sem vítima;265;BR-101/ES;Norte;Queda de Moto;0;0;0;1;0;0;0;0;;;2;0;0;0;0
30/08/2019;18:12:00;333;Acidente sem vítima;233;BR-101/ES;Norte;Colisão Traseira;2;0;0;0;0;0;0;0;;;2;0;0;0;0
30/08/2019;19:19:00;352;Acidente sem vítima;225;BR-101/ES;Sul;Colisão Traseira;0;0;1;0;0;0;0;2;;;3;0;0;0;0
30/08/2019;20:10:00;367;Atropelamento sem morte;65;BR-101/ES;Norte;Atropelamento;0;1;0;1;0;0;0;0;;;3;0;0;0;0
30/08/2019;21:19:00;380;Acidente com vítima;263;BR-101/ES;Norte;Queda de Moto;0;0;0;1;0;0;0;0;;;0;1;0;0;0
30/08/2019;23:43:00;413;Acidente com vítima;213;BR-101/ES;Norte;Choque com Objeto Fixo;1;0;0;0;0;0;0;0;;;0;0;1;1;0
31/08/2019;01:18:00;17;Acidente com vítima;221;BR-101/ES;Norte;Saída de Pista;1;0;0;0;0;0;0;0;;;0;2;0;0;0
31/08/2019;08:29:00;94;Acidente sem vítima;181;BR-101/ES;Norte;Saída de Pista;1;0;0;0;0;0;0;0;;;2;0;0;0;0
31/08/2019;09:06:00;108;Acidente com vítima;149;BR-101/ES;Sul;Colisão Transversal;0;0;1;1;0;0;0;0;;;1;1;0;0;0
31/08/2019;10:03:00;126;Acidente sem vítima;149;BR-101/ES;Sul;Colisão Transversal;2;0;0;0;0;0;0;0;;;3;0;0;0;0
31/08/2019;10:40:00;143;Acidente com vítima;406;BR-101/ES;Sul;Queda de Moto;0;0;0;1;0;0;0;0;;;0;0;1;0;0
31/08/2019;13:40:00;204;Acidente sem vítima;263;BR-101/ES;Sul;Choque com Objeto Fixo;1;0;0;0;0;0;0;0;;;1;0;0;0;0
31/08/2019;16:17:00;252;Acidente sem vítima;293;BR-101/ES;Norte;Colisão Lateral;1;0;1;0;0;0;0;1;;;2;0;0;0;0
31/08/2019;19:43:00;302;Acidente sem vítima;31;BR-101/ES;Norte;Queda de ciclista;0;1;0;0;0;0;0;0;;;1;0;0;0;0
31/08/2019;23:18:00;348;Acidente com vítima;255;BR-101/ES;Norte;Colisão com ciclista;1;1;0;0;0;0;0;0;;;1;0;1;0;0
31/08/2019;23:22:00;350;Acidente sem vítima;371;BR-101/ES;Sul;Choque com Objeto Fixo;1;0;0;0;0;0;0;0;;;2;0;0;0;0
31/08/2019;23:51:00;363;Acidente sem vítima;46;BR-101/ES;Sul;Veículo em Chamas;1;0;0;0;0;0;0;0;;;1;0;0;0;0
01/07/2019;05:10:00;72;Acidente sem vítima;399;BR-101/ES;Norte;Tombamento;0;0;0;0;0;0;0;2;;;1;0;0;0;0
01/07/2019;07:37:00;126;Acidente sem vítima;268;BR-101/ES;Sul;Colisão Traseira;1;0;0;0;0;0;0;0;;;1;0;0;0;0
01/07/2019;11:51:00;218;Acidente sem vítima;341,8;BR-101/ES;Sul;Saída de Pista;1;0;0;0;0;0;0;0;;;2;0;0;0;0
01/07/2019;12:02:00;221;Acidente sem vítima;267;BR-101/ES;Sul;Veículo em Chamas;1;0;0;0;0;0;0;0;;;2;0;0;0;0
01/07/2019;13:06:00;249;Acidente sem vítima;292;BR-101/ES;Sul;Colisão Lateral;1;0;1;0;0;0;0;0;;;4;0;0;0;0
01/07/2019;13:38:00;270;Acidente sem vítima;19;BR-101/ES;Sul;Colisão Lateral;0;0;1;0;0;0;0;2;;;2;0;0;0;0
01/07/2019;13:58:00;274;Acidente sem vítima;265;BR-101/ES;Norte;Colisão Traseira;1;0;0;0;0;0;0;2;;;3;0;0;0;0