data;horario;n_da_ocorrencia;tipo_de_ocorrencia;km;trecho;sentido;tipo_de_acidente;automovel;bicicleta;caminhao;moto;onibus;outros;tracao_animal;transporte_de_cargas_especiais;trator_maquinas;utilitarios;ilesos;levemente_feridos;moderadamente_feridos;gravemente_feridos;mortos
01/07/2019;14:29:00;283;Acidente sem vítima;310;BR-101/ES;Norte;Colisão Traseira;1;0;0;0;0;0;0;2;;;5;0;0;0;0
01/07/2019;14:50:00;292;Acidente com vítima;66;BR-101/ES;Norte;Colisão Traseira;1;0;0;1;0;0;0;0;;;2;1;0;0;0
01/07/2019;19:47:00;389;Acidente sem vítima;408;BR-101/ES;Norte;Saída de Pista;1;0;0;0;0;0;0;0;;;6;0;0;0;0
01/07/2019;20:17:00;394;Atropelamento sem morte;266;BR-101/ES;Sul;Atropelamento;1;0;0;0;0;0;0;0;;;2;0;0;1;0
01/07/2019;20:19:00;395;Acidente sem vítima;115;BR-101/ES;Norte;Saída de Pista;1;0;0;0;0;0;0;0;;;1;0;0;0;0
02/07/2019;07:53:00;89;Acidente com vítima;176;BR-101/ES;Norte;Colisão Transversal;1;0;0;1;0;0;0;0;;;0;2;0;0;0
02/07/2019;08:13:00;97;Acidente sem vítima;269;BR-101/ES;Norte;Colisão Traseira;1;0;1;0;0;0;0;0;;;2;0;0;0;0
02/07/2019;09:27:00;133;Acidente com vítima;271;BR-101/ES;Sul;Colisão Traseira;0;0;0;1;0;0;0;1;;;1;1;0;0;0
02/07/2019;09:51:00;142;Acidente sem vítima;271;BR-101/ES;Sul;Colisão Traseira;2;0;0;0;0;0;0;0;;;2;0;0;0;0
02/07/2019;11:08:00;169;Acidente sem vítima;310;BR-101/ES;Norte;Colisão Traseira;2;0;0;0;0;0;0;0;;;2;0;0;0;0
02/07/2019;11:41:00;184;Acidente com vítima;303;BR-101/ES;Norte;Colisão com ciclista;1;1;0;0;0;0;0;0;;;1;1;0;0;0
02/07/2019;13:12:00;226;Acidente sem vítima;293,5;BR-101/ES;Sul;Colisão Lateral;1;0;0;0;0;0;0;2;;;3;0;0;0;0
02/07/2019;16:36:00;285;Acidente com vítima;232;BR-101/ES;Sul;Colisão Frontal;1;0;1;0;0;0;0;0;;;2;0;1;0;0
02/07/2019;17:49:00;300;Acidente sem vítima;277;BR-101/ES;Sul;Colisão Lateral;0;0;1;1;0;0;0;0;;;3;0;0;0;0
02/07/2019;21:04:00;340;Acidente sem vítima;299;BR-101/ES;Norte;Colisão Traseira;1;0;0;0;0;0;0;3;;;2;0;0;0;0
02/07/2019;23:38:00;376;Acidente sem vítima;335;BR-101/ES;Sul;Choque com Objeto Fixo;1;0;0;0;0;0;0;0;;;1;0;0;0;0
03/07/2019;05:35:00;74;Acidente com vítima;46;BR-101/ES;Sul;Colisão Transversal;1;0;0;0;0;0;0;1;;;1;2;0;0;0
03/07/2019;07:12:00;85;Acidente com vítima;269;BR-101/ES;Sul;Engavetamento;3;0;0;0;0;0;0;0;;;2;1;0;0;0
03/07/2019;08:18:00;113;Acidente sem vítima;147;BR-101/ES;Sul;Colisão Transversal;2;0;0;0;0;0;0;0;;;2;0;0;0;0
03/07/2019;11:18:00;185;Acidente sem vítima;268;BR-101/ES;Norte;Colisão Lateral;1;0;1;0;0;0;0;0;;;2;0;0;0;0
03/07/2019;12:04:00;210;Acidente com vítima;266;BR-101/ES;Sul;Colisão Traseira;2;0;0;0;0;0;0;0;;;2;1;0;0;0
03/07/2019;21:57:00;378;Acidente sem vítima;292;BR-101/ES;Norte;Queda de Moto;0;0;0;1;0;0;0;0;;;1;0;0;0;0
03/07/2019;22:39:00;395;Acidente sem vítima;187;BR-101/ES;Norte;Atropelamento de Bovino;1;0;0;0;0;0;0;0;;;1;0;0;0;0
04/07/2019;06:51:00;82;Acidente sem vítima;284;BR-101/ES;Norte;Tombamento;0;0;1;0;0;0;0;0;;;2;0;0;0;0
04/07/2019;07:28:00;118;Acidente sem vítima;276;BR-101/ES;Norte;Colisão Traseira;0;0;1;1;0;0;0;0;;;1;0;0;0;0
04/07/2019;08:05:00;136;Acidente com vítima;148;BR-101/ES;Norte;Colisão Lateral;1;0;0;1;0;0;0;0;;;1;1;0;0;0
04/07/2019;10:14:00;196;Acidente sem vítima;264;BR-101/ES;Norte;Colisão Traseira;0;0;1;0;0;0;0;2;;;2;0;0;0;0
04/07/2019;10:21:00;200;Acidente com vítima;316;BR-101/ES;Sul;Engavetamento;1;0;1;0;0;0;0;8;;;5;1;1;0;0
04/07/2019;13:11:00;266;Acidente com vítima;136;BR-101/ES;Sul;Queda de Moto;0;0;0;1;0;0;0;0;;;1;1;0;0;0
04/07/2019;14:01:00;282;Acidente sem vítima;269;BR-101/ES;Sul;Engavetamento;4;0;0;0;0;0;0;0;;;4;0;0;0;0
04/07/2019;14:08:00;286;Acidente sem vítima;291;BR-101/ES;Sul;Capotamento;1;0;0;0;0;0;0;0;;;1;0;0;0;0
04/07/2019;16:05:00;325;Atropelamento sem morte;271;BR-101/ES;Norte;Atropelamento;0;0;0;1;0;0;0;0;;;0;0;2;0;0
04/07/2019;18:36:00;369;Acidente sem vítima;297;BR-101/ES;Norte;Colisão Traseira;2;0;0;0;0;0;0;0;;;2;0;0;0;0
04/07/2019;21:48:00;417;Acidente com vítima;267;BR-101/ES;Sul;Queda de Moto;0;0;0;1;0;0;0;0;;;0;1;0;0;0
04/07/2019;23:42:00;450;Acidente com vítima;266;BR-101/ES;Norte;Queda de Moto;0;0;0;1;0;0;0;0;;;0;1;0;0;0
05/07/2019;08:09:00;125;Atropelamento sem morte;296,5;BR-101/ES;Sul;Atropelamento e Fuga;0;0;1;0;0;0;0;0;;;0;0;0;1;0
05/07/2019;08:17:00;128;Acidente com vítima;261;BR-101/ES;Sul;Saída de Pista;1;0;0;0;0;0;0;0;;;0;1;0;0;0
05/07/2019;08:31:00;133;Acidente com vítima;270;BR-101/ES;Sul;Colisão Lateral;1;0;0;0;1;0;0;0;;;2;1;0;0;0
05/07/2019;11:21:00;223;Acidente com vítima;290;BR-101/ES;Sul;Engavetamento;1;0;2;0;0;0;0;0;;;2;0;1;0;0
05/07/2019;14:29:00;304;Acidente sem vítima;206;BR-101/ES;Norte;Saída de Pista;1;0;0;0;0;0;0;0;;;1;0;0;0;0
05/07/2019;16:28:00;346;Acidente sem vítima;392;BR-101/ES;Norte;Saída de Pista;1;0;0;0;0;0;0;0;;;1;0;0;0;0
05/07/2019;16:54:00;362;Acidente com vítima;253,5;BR-101/ES;Sul;Colisão Traseira;2;0;1;0;0;0;0;0;;;8;1;0;0;0
05/07/2019;16:55:00;363;Acidente com vítima;94,5;BR-101/ES;Sul;Colisão Transversal;0;0;0;2;0;0;0;0;;;1;0;1;0;0
05/07/2019;17:18:00;371;Acidente com vítima;206;BR-101/ES;Norte;Saída de Pista;1;0;0;0;0;0;0;0;;;0;1;0;0;0
05/07/2019;17:30:00;375;Acidente sem vítima;233;BR-101/ES;Sul;Colisão Traseira;1;0;1;0;0;0;0;0;;;7;0;0;0;0
05/07/2019;17:43:00;379;Acidente sem vítima;270;BR-101/ES;Norte;Colisão Traseira;1;0;0;0;0;0;0;0;;;1;0;0;0;0
05/07/2019;17:46:00;382;Acidente sem vítima;359;BR-101/ES;Sul;Engavetamento;1;0;2;0;0;0;0;0;;;6;0;0;0;0
05/07/2019;18:29:00;391;Acidente com vítima;379;BR-101/ES;Sul;Colisão Frontal;0;0;0;2;0;0;0;0;;;0;1;1;0;0
05/07/2019;19:43:00;401;Acidente sem vítima;200;BR-101/ES;Sul;Saída de Pista;1;0;0;0;0;0;0;0;;;5;0;0;0;0
06/07/2019;04:00:00;56;Acidente sem vítima;14,4;BR-101/ES;Norte;Saída de Pista;0;0;0;0;0;0;0;2;;;1;0;0;0;0
06/07/2019;05:00:00;65;Acidente com vítima;396;BR-101/ES;Norte;Queda de Moto;0;0;0;1;0;0;0;0;;;0;1;0;0;0
06/07/2019;10:18:00;149;Acidente com vítima;264;BR-101/ES;Sul;Colisão Transversal;1;0;0;1;0;0;0;0;;;2;1;0;0;0
06/07/2019;13:48:00;246;Acidente com vítima;65;BR-101/ES;Norte;Colisão Lateral;1;0;0;1;0;0;0;0;;;1;0;1;0;0
06/07/2019;13:57:00;250;Acidente com vítima;256;BR-101/ES;Norte;Queda de ciclista;0;1;0;0;0;0;0;0;;;0;1;0;0;0
06/07/2019;15:04:00;269;Acidente sem vítima;176;BR-101/ES;Sul;Queda de Moto;1;0;0;0;0;0;0;0;;;1;0;0;0;0
06/07/2019;17:59:00;313;Acidente com vítima;66;BR-101/ES;Norte;Colisão com ciclista;0;1;0;1;0;0;0;0;;;0;2;0;0;0
06/07/2019;23:04:00;375;Acidente com morte;270,75;BR-101/ES;Sul;Colisão Lateral;1;0;1;0;0;0;0;0;;;1;0;0;4;3
07/07/2019;04:40:00;52;Acidente sem vítima;124,4;BR-101/ES;Norte;Saída de Pista;1;0;0;0;0;0;0;0;;;1;0;0;0;0
07/07/2019;05:13:00;56;Acidente sem vítima;307;BR-101/ES;Sul;Saída de Pista;1;0;0;0;0;0;0;0;;;4;0;0;0;0
07/07/2019;14:30:00;201;Acidente com vítima;454;BR-101/ES;Sul;Queda de Moto;0;0;0;1;0;0;0;0;;;0;1;1;0;0
07/07/2019;15:27:00;213;Acidente com vítima;947;BR-101/BA;Norte;Tombamento;0;0;0;0;0;0;0;2;;;0;0;1;0;0
07/07/2019;16:39:00;229;Acidente sem vítima;125;BR-101/ES;Sul;Colisão Transversal;2;0;0;0;0;0;0;0;;;6;0;0;0;0
07/07/2019;17:54:00;254;Acidente sem vítima;266;BR-101/ES;Sul;Colisão Traseira;2;0;0;0;0;0;0;0;;;2;0;0;0;0
07/07/2019;18:17:00;256;Acidente sem vítima;265,5;BR-101/ES;Norte;Queda de Moto;0;0;0;1;0;0;0;0;;;1;0;0;0;0
07/07/2019;19:34:00;271;Atropelamento com morte;269;BR-101/ES;Norte;Atropelamento;0;0;0;1;0;0;0;0;;;1;0;0;0;1
07/07/2019;20:43:00;279;Acidente sem vítima;166;BR-101/ES;Norte;Colisão Traseira;2;0;0;0;0;0;0;0;;;2;0;0;0;0
08/07/2019;02:21:00;35;Acidente sem vítima;66;BR-101/ES;Norte;Tombamento;1;0;0;0;0;0;0;0;;;1;0;0;0;0
08/07/2019;03:05:00;42;Acidente com vítima;136;BR-101/ES;Sul;Saída de Pista;1;0;0;0;0;0;0;0;;;2;1;0;0;0
08/07/2019;07:07:00;92;Acidente sem vítima;186;BR-101/ES;Norte;Colisão Traseira;0;0;2;0;0;0;0;1;;;1;0;0;0;0
08/07/2019;07:49:00;111;Acidente sem vítima;262;BR-101/ES;Sul;Colisão Traseira;2;0;0;0;0;0;0;0;;;3;0;0;0;0
08/07/2019;07:49:00;112;Acidente com vítima;149;BR-101/ES;Norte;Colisão com ciclista;0;1;1;0;0;0;0;0;;;1;1;0;0;0
08/07/2019;09:08:00;146;Acidente com vítima;284;BR-101/ES;Norte;Capotamento;1;0;0;0;0;0;0;0;;;1;0;2;0;0
08/07/2019;09:51:00;164;Acidente sem vítima;181;BR-101/ES;Sul;Choque com Objeto Fixo;1;0;0;0;0;0;0;0;;;3;0;0;0;0
08/07/2019;15:21:00;313;Acidente sem vítima;306;BR-101/ES;Sul;Colisão Traseira;2;0;0;0;0;0;0;0;;;2;0;0;0;0
08/07/2019;15:55:00;324;Acidente sem vítima;148;BR-101/ES;Norte;Colisão Traseira;1;0;0;0;1;0;0;0;;;3;0;0;0;0
08/07/2019;17:23:00;354;Acidente sem vítima;395;BR-101/ES;Sul;Colisão Traseira;2;0;0;0;0;0;0;0;;;6;0;0;0;0
08/07/2019;19:09:00;382;Acidente sem vítima;287;BR-101/ES;Norte;Capotamento;1;0;0;0;0;0;0;0;;;1;0;0;0;0
08/07/2019;20:03:00;395;Acidente sem vítima;293;BR-101/ES;Norte;Queda de Moto;0;0;0;1;0;0;0;0;;;1;0;0;0;0
08/07/2019;21:12:00;414;Acidente sem vítima;265;BR-101/ES;Norte;Colisão Traseira;2;0;0;0;0;0;0;0;;;2;0;0;0;0
09/07/2019;17:20:00;344;Acidente sem vítima;144;BR-101/ES;Sul;Engavetamento;3;0;0;0;0;0;0;0;;;2;0;0;0;0
09/07/2019;17:45:00;354;Acidente com vítima;295,3;BR-101/ES;Norte;Colisão com ciclista;1;0;0;0;0;0;0;0;;;1;0;1;0;0
09/07/2019;17:49:00;357;Acidente com vítima;237,5;BR-101/ES;Norte;Queda de Moto;0;0;0;1;0;0;0;0;;;1;0;1;0;0
09/07/2019;18:09:00;367;Acidente com vítima;145;BR-101/ES;Norte;Capotamento;1;0;1;0;0;0;0;0;;;1;1;1;0;0
09/07/2019;19:38:00;384;Acidente com vítima;227,3;BR-101/ES;Norte;Colisão Lateral;2;0;0;0;0;0;0;4;;;3;0;0;1;0
10/07/2019;01:33:00;23;Acidente sem vítima;458;BR-101/ES;Norte;Atropelamento Animal;1;0;0;0;0;0;0;0;;;1;0;0;0;0
10/07/2019;01:48:00;27;Acidente com morte;310;BR-101/ES;Norte;Colisão Frontal;1;0;0;0;0;0;0;2;;;0;1;0;0;1
10/07/2019;04:54:00;58;Acidente sem vítima;256;BR-101/ES;Norte;Choque com Objeto Fixo;1;0;0;0;0;0;0;0;;;1;0;0;0;0
10/07/2019;07:46:00;85;Acidente sem vítima;8;BR-101/ES;Norte;Saída de Pista;1;0;0;0;0;0;0;0;;;2;0;0;0;0
10/07/2019;08:02:00;93;Acidente com vítima;297;BR-101/ES;Sul;Colisão Lateral;1;0;0;1;0;0;0;0;;;1;1;0;0;0
10/07/2019;09:19:00;120;Acidente com vítima;278,4;BR-101/ES;Sul;Queda de Moto;0;0;0;1;0;0;0;0;;;1;1;0;0;0
10/07/2019;10:37:00;160;Acidente com vítima;189;BR-101/ES;Sul;Colisão Lateral;2;0;0;0;0;0;0;0;;;3;0;1;0;0
10/07/2019;11:23:00;187;Acidente com vítima;36;BR-101/ES;Sul;Colisão Lateral;1;0;0;1;0;0;0;0;;;2;1;0;0;0
10/07/2019;12:04:00;205;Acidente com vítima;295;BR-101/ES;Norte;Queda de Moto;0;0;0;1;0;0;0;0;;;0;0;1;0;0
10/07/2019;16:33:00;302;Acidente com vítima;141;BR-101/ES;Sul;Capotamento;1;0;0;0;0;0;0;0;;;0;1;0;0;0
10/07/2019;20:16:00;366;Acidente com vítima;144;BR-101/ES;Sul;Colisão Transversal;1;0;0;1;0;0;0;0;;;1;2;0;0;0
11/07/2019;04:11:00;46;Acidente com vítima;120;BR-101/ES;Sul;Tombamento;0;0;1;0;0;0;0;0;;;0;1;0;0;0
11/07/2019;07:32:00;92;Acidente sem vítima;366;BR-101/ES;Norte;Colisão Traseira;1;0;0;1;0;0;0;0;;;2;0;0;0;0
11/07/2019;08:00:00;101;Acidente sem vítima;296;BR-101/ES;Norte;Choque com Objeto Fixo;1;0;0;0;0;0;0;0;;;2;0;0;0;0
11/07/2019;08:37:00;116;Acidente com vítima;269;BR-101/ES;Norte;Colisão Traseira;1;0;0;1;0;0;0;0;;;1;0;2;0;0
11/07/2019;09:29:00;137;Acidente sem vítima;271;BR-101/ES;Sul;Colisão Traseira;1;0;1;0;0;0;0;0;;;2;0;0;0;0
11/07/2019;10:04:00;146;Acidente sem vítima;266;BR-101/ES;Norte;Colisão Lateral;1;0;1;0;0;0;0;1;;;2;0;0;0;0
11/07/2019;10:22:00;150;Acidente sem vítima;224;BR-101/ES;Norte;Colisão Traseira;2;0;0;0;0;0;0;0;;;3;0;0;0;0
11/07/2019;11:52:00;189;Acidente sem vítima;267;BR-101/ES;Norte;Colisão Lateral;1;0;0;1;0;0;0;0;;;2;0;0;0;0
11/07/2019;13:40:00;229;Acidente sem vítima;185;BR-101/ES;Norte;Tombamento;1;0;0;0;0;1;0;0;;;2;0;0;0;0
11/07/2019;14:27:00;242;Acidente com vítima;265;BR-101/ES;Sul;Colisão Lateral;1;0;0;1;0;0;0;2;;;2;0;1;0;0
11/07/2019;17:42:00;291;Acidente sem vítima;247;BR-101/ES;Sul;Capotamento;1;0;0;0;0;0;0;0;;;1;0;0;0;0
11/07/2019;20:12:00;327;Acidente com vítima;119,1;BR-101/ES;Norte;Queda de Moto;0;0;0;1;0;0;0;0;;;0;0;0;2;0
11/07/2019;20:22:00;329;Acidente com vítima;219;BR-101/ES;Sul;Queda de Moto;0;0;0;1;0;0;0;0;;;0;1;1;0;0
12/07/2019;03:01:00;49;Acidente sem vítima;144;BR-101/ES;Norte;Saída de Pista;1;0;0;0;0;0;0;0;;;1;0;0;0;0
12/07/2019;05:08:00;75;Acidente sem vítima;241;BR-101/ES;Sul;Colisão Traseira;0;0;1;0;0;0;0;1;;;1;0;0;0;0
12/07/2019;06:44:00;90;Acidente sem vítima;241;BR-101/ES;Sul;Colisão Traseira;2;0;0;0;0;0;0;0;;;3;0;0;0;0
12/07/2019;06:58:00;93;Acidente com vítima;267;BR-101/ES;Sul;Colisão Lateral;1;0;0;1;0;0;0;0;;;2;1;0;0;0
12/07/2019;09:02:00;163;Acidente sem vítima;321;BR-101/ES;Sul;Colisão Traseira;2;0;0;0;0;0;0;0;;;9;0;0;0;0
12/07/2019;10:09:00;185;Acidente sem vítima;225;BR-101/ES;Norte;Engavetamento;3;0;0;0;0;0;0;0;;;5;0;0;0;0
12/07/2019;14:28:00;300;Acidente sem vítima;226;BR-101/ES;Sul;Colisão Traseira;2;0;0;0;0;0;0;0;;;3;0;0;0;0
12/07/2019;14:34:00;303;Acidente sem vítima;147;BR-101/ES;Sul;Colisão Lateral;2;0;0;0;0;0;0;0;;;3;0;0;0;0
12/07/2019;15:04:00;316;Acidente com vítima;299;BR-101/ES;Sul;Colisão Transversal;2;0;0;0;0;0;0;0;;;2;1;0;0;0
12/07/2019;15:06:00;317;Acidente com vítima;176;BR-101/ES;Sul;Colisão Lateral;0;0;1;1;0;0;0;0;;;1;0;1;0;0
12/07/2019;15:39:00;326;Acidente sem vítima;261;BR-101/ES;Sul;Colisão Traseira;2;0;0;0;0;0;0;0;;;2;0;0;0;0
12/07/2019;15:40:00;327;Acidente com vítima;145;BR-101/ES;Sul;Colisão Traseira;0;0;1;1;0;0;0;0;;;1;1;0;0;0
12/07/2019;17:22:00;365;Acidente sem vítima;269;BR-101/ES;Norte;Colisão Traseira;0;0;0;1;1;0;0;0;;;2;0;0;0;0
12/07/2019;18:09:00;381;Acidente com vítima;143;BR-101/ES;Sul;Colisão Traseira;1;0;0;1;0;0;0;0;;;2;1;0;0;0
12/07/2019;19:14:00;396;Acidente sem vítima;294;BR-101/ES;Norte;Colisão Traseira;0;0;3;0;0;0;0;0;;;5;0;0;0;0
13/07/2019;05:08:00;72;Acidente sem vítima;308;BR-101/ES;Sul;Saída de Pista;1;0;0;0;0;0;0;0;;;1;0;0;0;0
13/07/2019;13:55:00;247;Acidente com vítima;374;BR-101/ES;Sul;Saída de Pista;1;0;0;0;0;0;0;0;;;0;0;0;1;0
13/07/2019;15:18:00;283;Acidente sem vítima;264;BR-101/ES;Norte;Colisão Transversal;1;0;0;1;0;0;0;0;;;2;0;0;0;0
13/07/2019;16:04:00;301;Acidente sem vítima;30;BR-101/ES;Sul;Tombamento;0;0;0;0;0;0;0;3;;;1;0;0;0;0
13/07/2019;16:15:00;304;Acidente sem vítima;316;BR-101/ES;Sul;Saída de Pista;1;0;0;0;0;0;0;0;;;1;0;0;0;0
13/07/2019;20:05:00;358;Acidente com vítima;398;BR-101/ES;Sul;Saída de Pista;1;0;0;0;0;0;0;0;;;0;1;1;0;0
13/07/2019;22:26:00;393;Acidente com vítima;137;BR-101/ES;Norte;Queda de Moto;0;0;0;1;0;0;0;0;;;0;1;0;0;0
14/07/2019;00:14:00;4;Atropelamento sem morte;348;BR-101/ES;Sul;Atropelamento e Fuga;1;0;0;0;1;0;0;0;;;0;0;1;0;0
14/07/2019;10:09:00;136;Acidente com vítima;137;BR-101/ES;Norte;Colisão com ciclista;1;1;0;0;0;0;0;0;;;1;0;1;0;0
14/07/2019;10:42:00;152;Acidente com vítima;147;BR-101/ES;Sul;Colisão Traseira;1;0;0;1;0;0;0;0;;;1;1;0;0;0
14/07/2019;15:00:00;251;Acidente sem vítima;149;BR-101/ES;Norte;Colisão Traseira;2;0;0;0;0;0;0;0;;;2;0;0;0;0
14/07/2019;15:40:00;259;Acidente sem vítima;254,5;BR-101/ES;Sul;Colisão Traseira;2;0;0;0;0;0;0;0;;;2;0;0;0;0
14/07/2019;15:49:00;261;Acidente sem vítima;254,5;BR-101/ES;Sul;Colisão Traseira;2;0;0;0;0;0;0;0;;;4;0;0;0;0
14/07/2019;16:11:00;267;Acidente sem vítima;270;BR-101/ES;Norte;Colisão Lateral;1;0;0;0;0;0;0;2;;;4;0;0;0;0
14/07/2019;17:03:00;282;Acidente com vítima;458;BR-101/ES;Sul;Colisão Transversal;1;0;0;0;0;0;0;3;;;3;0;2;0;0
14/07/2019;18:22:00;307;Acidente sem vítima;137;BR-101/ES;Norte;Atropelamento de Bovino;0;0;0;0;1;0;0;0;;;1;0;0;0;0
14/07/2019;19:06:00;313;Acidente com vítima;288;BR-101/ES;Norte;Queda de Moto;0;0;0;1;0;0;0;0;;;0;0;1;0;0
14/07/2019;19:47:00;328;Acidente com vítima;330;BR-101/ES;Sul;Colisão Traseira;2;0;0;0;0;0;0;0;;;1;1;0;0;0
14/07/2019;20:12:00;335;Acidente com vítima;433;BR-101/ES;Sul;Colisão Lateral;2;0;0;0;0;0;0;0;;;5;0;1;0;0
15/07/2019;03:45:00;48;Acidente sem vítima;154;BR-101/ES;Sul;Saída de Pista;1;0;0;0;0;0;0;0;;;1;0;0;0;0
15/07/2019;06:26:00;76;Acidente sem vítima;304;BR-101/ES;Norte;Veículo em Chamas;0;0;0;0;0;0;0;2;;;1;0;0;0;0
15/07/2019;06:35:00;77;Acidente sem vítima;269;BR-101/ES;Norte;Colisão Traseira;2;0;0;0;0;0;0;0;;;2;0;0;0;0
15/07/2019;08:08:00;106;Acidente sem vítima;299,7;BR-101/ES;Norte;Colisão Traseira;0;0;1;0;0;0;0;1;;;2;0;0;0;0
15/07/2019;09:23:00;132;Acidente com vítima;269;BR-101/ES;Sul;Colisão Lateral;1;0;0;1;0;0;0;2;;;2;0;1;0;0
15/07/2019;10:20:00;145;Acidente sem vítima;267;BR-101/ES;Sul;Colisão Lateral;1;0;0;0;0;0;0;1;;;2;0;0;0;0
15/07/2019;10:55:00;165;Acidente com vítima;269;BR-101/ES;Sul;Queda de Moto;0;0;0;2;0;0;0;0;;;1;1;0;0;0
15/07/2019;13:15:00;228;Acidente com vítima;222;BR-101/ES;Norte;Engavetamento;1;0;2;0;0;0;0;2;;;3;4;0;0;0
15/07/2019;14:46:00;269;Acidente com vítima;944;BR-101/BA;Norte;Colisão Transversal;2;0;0;0;0;0;0;0;;;5;1;1;0;0
15/07/2019;16:07:00;294;Acidente com vítima;270;BR-101/ES;Sul;Queda de Moto;0;0;0;1;0;0;0;0;;;0;0;1;0;0
15/07/2019;16:30:00;302;Acidente com vítima;10;BR-101/ES;Norte;Queda de Moto;0;0;0;1;0;0;0;0;;;1;0;1;0;0
15/07/2019;16:56:00;310;Acidente sem vítima;58;BR-101/ES;Sul;Colisão Lateral;1;0;0;1;0;0;0;0;;;2;0;0;0;0
15/07/2019;18:34:00;337;Acidente com vítima;35;BR-101/ES;Sul;Colisão Transversal;1;0;1;0;0;0;0;0;;;1;0;1;0;0
15/07/2019;20:12:00;356;Atropelamento sem morte;255;BR-101/ES;Norte;Atropelamento;0;0;0;0;0;0;0;2;;;1;0;1;0;0
15/07/2019;20:27:00;360;Acidente sem vítima;447;BR-101/ES;Norte;Colisão Lateral;1;0;1;0;0;0;0;1;;;2;0;0;0;0
16/07/2019;08:06:00;129;Acidente sem vítima;197;BR-101/ES;Norte;Colisão Lateral;2;0;0;0;0;0;0;0;;;6;0;0;0;0
16/07/2019;08:13:00;130;Acidente com vítima;270;BR-101/ES;Norte;Colisão Lateral;0;0;0;1;0;0;0;0;;;0;0;2;0;0
16/07/2019;09:54:00;165;Acidente sem vítima;273;BR-101/ES;Norte;Colisão Traseira;1;0;0;0;0;0;0;2;;;2;0;0;0;0
16/07/2019;12:05:00;224;Atropelamento sem morte;293;BR-101/ES;Sul;Atropelamento;0;0;0;1;0;0;0;0;;;1;0;1;0;0
16/07/2019;12:54:00;245;Acidente sem vítima;148;BR-101/ES;Norte;Colisão Transversal;2;0;0;0;0;0;0;0;;;4;0;0;0;0
16/07/2019;16:12:00;317;Acidente sem vítima;266;BR-101/ES;Sul;Colisão Lateral;2;0;0;0;0;0;0;0;;;2;0;0;0;0
16/07/2019;20:28:00;378;Acidente sem vítima;90;BR-101/ES;Norte;Colisão Traseira;2;0;0;0;0;0;0;0;;;2;0;0;0;0
16/07/2019;21:31:00;385;Acidente sem vítima;262;BR-101/ES;Norte;Colisão Lateral;0;0;1;0;0;0;0;1;;;2;0;0;0;0
17/07/2019;04:11:00;50;Acidente sem vítima;144,5;BR-101/ES;Sul;Choque com Objeto Fixo;1;0;0;0;0;0;0;0;;;1;0;0;0;0
17/07/2019;05:45:00;66;Acidente sem vítima;146;BR-101/ES;Norte;Choque com Objeto Fixo;1;0;0;0;0;0;0;0;;;1;0;0;0;0
17/07/2019;05:48:00;68;Acidente com vítima;269;BR-101/ES;Norte;Colisão Traseira;1;0;0;1;0;0;0;0;;;1;1;0;0;0
17/07/2019;07:46:00;134;Acidente sem vítima;290;BR-101/ES;Norte;Colisão Lateral;1;0;0;0;0;0;0;0;;;1;0;0;0;0
17/07/2019;10:41:00;209;Acidente sem vítima;299;BR-101/ES;Norte;Engavetamento;2;0;0;0;0;0;0;2;;;4;0;0;0;0
17/07/2019;13:01:00;273;Acidente sem vítima;273;BR-101/ES;Sul;Colisão Traseira;1;0;0;0;0;0;0;2;;;2;0;0;0;0
17/07/2019;13:08:00;277;Acidente sem vítima;368;BR-101/ES;Sul;Tombamento;0;0;1;0;0;0;0;3;;;3;0;0;0;0
17/07/2019;15:32:00;330;Acidente sem vítima;266;BR-101/ES;Sul;Colisão Traseira;1;0;0;0;0;0;0;2;;;2;0;0;0;0
17/07/2019;17:34:00;373;Atropelamento sem morte;287;BR-101/ES;Sul;Atropelamento;0;0;0;1;0;0;0;0;;;1;1;0;0;0
17/07/2019;19:30:00;411;Acidente sem vítima;270;BR-101/ES;Norte;Colisão Traseira;1;0;0;0;0;0;0;2;;;2;0;0;0;0
18/07/2019;01:22:00;18;Acidente sem vítima;347;BR-101/ES;Sul;Atropelamento de Bovino;0;0;0;0;0;0;0;2;;;1;0;0;0;0
18/07/2019;03:36:00;41;Acidente sem vítima;299;BR-101/ES;Norte;Choque com Objeto Fixo;1;0;0;0;0;0;0;0;;;1;0;0;0;0
18/07/2019;05:32:00;64;Acidente com vítima;282;BR-101/ES;Sul;Saída de Pista;0;0;0;0;0;0;0;2;;;0;1;0;0;0
18/07/2019;06:54:00;83;Acidente com vítima;386,9;BR-101/ES;Norte;Colisão Frontal;3;0;0;0;0;0;0;3;;;4;0;1;0;0
18/07/2019;08:16:00;105;Acidente sem vítima;279;BR-101/ES;Sul;Choque com Objeto Fixo;1;0;0;0;0;0;0;0;;;1;0;0;0;0
18/07/2019;13:01:00;202;Acidente com vítima;411;BR-101/ES;Sul;Colisão Lateral;2;0;1;0;0;0;0;1;;;1;0;6;0;0
18/07/2019;14:55:00;230;Acidente sem vítima;270;BR-101/ES;Norte;Engavetamento;4;0;0;0;0;0;0;0;;;9;0;0;0;0
18/07/2019;17:09:00;257;Acidente sem vítima;341;BR-101/ES;Norte;Colisão Traseira;2;0;0;0;0;0;0;0;;;2;0;0;0;0