data;horario;n_da_ocorrencia;tipo_de_ocorrencia;km;trecho;sentido;tipo_de_acidente;automovel;bicicleta;caminhao;moto;onibus;outros;tracao_animal;transporte_de_cargas_especiais;trator_maquinas;utilitarios;ilesos;levemente_feridos;moderadamente_feridos;gravemente_feridos;mortos
03/09/2019;08:10:00;133;Acidente sem vítima;270;BR-101/ES;Norte;Colisão Traseira;1;0;0;0;1;0;0;0;;;2;0;0;0;0
03/09/2019;08:58:00;158;Acidente sem vítima;270;BR-101/ES;Sul;Engavetamento;5;0;0;0;0;0;0;0;;;5;0;0;0;0
03/09/2019;09:16:00;165;Acidente com vítima;299;BR-101/ES;Sul;Colisão com ciclista;1;1;1;0;0;0;0;0;;;2;0;1;0;0
03/09/2019;10:17:00;183;Acidente sem vítima;411;BR-101/ES;Norte;Colisão Traseira;0;0;1;0;0;0;0;3;;;2;0;0;0;0
03/09/2019;15:28:00;309;Acidente com vítima;253;BR-101/ES;Sul;Saída de Pista;1;0;0;0;0;0;0;0;;;0;0;2;0;0
03/09/2019;17:05:00;345;Acidente com vítima;144;BR-101/ES;Sul;Colisão com ciclista;0;1;0;1;0;0;0;0;;;0;2;0;0;0
03/09/2019;17:41:00;356;Acidente sem vítima;113,2;BR-101/ES;Norte;Colisão Traseira;2;0;0;0;0;0;0;0;;;6;0;0;0;0
03/09/2019;17:42:00;358;Acidente sem vítima;253;BR-101/ES;Sul;Colisão Traseira;2;0;0;0;0;0;0;0;;;2;0;0;0;0
03/09/2019;18:31:00;369;Acidente sem vítima;268,5;BR-101/ES;Sul;Colisão Traseira;2;0;0;0;0;0;0;0;;;2;0;0;0;0
03/09/2019;18:35:00;372;Acidente sem vítima;277;BR-101/ES;Norte;Colisão Traseira;2;0;1;0;0;0;0;0;;;3;0;0;0;0
03/09/2019;20:02:00;388;Acidente com vítima;301;BR-101/ES;Norte;Queda de ciclista;0;1;0;0;0;0;0;0;;;0;2;0;0;0
03/09/2019;20:03:00;389;Acidente com vítima;147;BR-101/ES;Norte;Colisão Traseira;1;0;0;1;0;0;0;0;;;1;1;1;0;0
03/09/2019;20:07:00;391;Acidente sem vítima;289;BR-101/ES;Norte;Colisão Lateral;1;0;1;0;0;0;0;0;;;1;0;0;0;0
04/09/2019;08:54:00;156;Acidente sem vítima;247;BR-101/ES;Sul;Colisão Traseira;2;0;0;0;0;0;0;0;;;2;0;0;0;0
04/09/2019;09:52:00;175;Acidente sem vítima;943,3;BR-101/BA;Sul;Tombamento;0;0;0;0;0;0;0;3;;;1;0;0;0;0
04/09/2019;12:49:00;245;Acidente com vítima;292;BR-101/ES;Sul;Colisão com ciclista;0;1;1;0;0;0;0;0;;;1;0;1;0;0
04/09/2019;13:57:00;270;Acidente sem vítima;220;BR-101/ES;Sul;Colisão Lateral;2;0;0;0;0;0;0;0;;;2;0;0;0;0
04/09/2019;15:12:00;292;Acidente sem vítima;147;BR-101/ES;Norte;Engavetamento;3;0;0;0;0;0;0;0;;;3;0;0;0;0
04/09/2019;18:05:00;347;Acidente com vítima;1;BR-101/ES;Sul;Queda de Moto;0;0;0;1;0;0;0;0;;;0;0;1;0;0
04/09/2019;18:07:00;349;Acidente sem vítima;132;BR-101/ES;Sul;Saída de Pista;1;0;0;0;0;0;0;0;;;2;0;0;0;0
04/09/2019;20:48:00;377;Acidente sem vítima;272,5;BR-101/ES;Norte;Colisão Transversal;2;0;0;0;0;0;0;0;;;2;0;0;0;0
05/09/2019;07:01:00;94;Acidente com vítima;370;BR-101/ES;Norte;Choque;0;0;1;0;0;0;0;0;;;1;0;2;0;0
05/09/2019;07:44:00;123;Acidente sem vítima;336,6;BR-101/ES;Norte;Saída de Pista;1;0;0;0;0;0;0;0;;;3;0;0;0;0
05/09/2019;12:13:00;210;Acidente com vítima;115;BR-101/ES;Norte;Colisão Traseira;0;0;1;1;0;0;0;0;;;1;1;0;0;0
05/09/2019;13:12:00;232;Acidente sem vítima;269;BR-101/ES;Norte;Colisão Traseira;2;0;0;0;0;0;0;0;;;2;0;0;0;0
05/09/2019;13:42:00;245;Acidente sem vítima;262,3;BR-101/ES;Norte;Colisão Traseira;1;0;1;0;0;0;0;0;;;2;0;0;0;0
05/09/2019;17:48:00;316;Acidente com vítima;360,9;BR-101/ES;Sul;Saída de Pista;1;0;2;0;0;0;0;3;;;3;2;0;0;0
05/09/2019;21:10:00;350;Acidente sem vítima;394;BR-101/ES;Norte;Saída de Pista;1;0;0;0;0;0;0;0;;;1;0;0;0;0
05/09/2019;22:21:00;373;Atropelamento com morte;244;BR-101/ES;Norte;Atropelamento;0;0;1;0;0;0;0;0;;;2;0;0;0;1
06/09/2019;07:12:00;91;Acidente com vítima;293;BR-101/ES;Sul;Colisão Transversal;1;0;0;1;0;0;0;0;;;2;0;1;0;0
06/09/2019;10:22:00;164;Acidente sem vítima;458;BR-101/ES;Norte;Colisão Traseira;2;0;0;0;0;0;0;0;;;2;0;0;0;0
06/09/2019;11:25:00;197;Acidente sem vítima;208;BR-101/ES;Sul;Choque com Objeto Fixo;1;0;0;0;0;0;0;0;;;2;0;0;0;0
06/09/2019;11:30:00;198;Acidente com vítima;142;BR-101/ES;Norte;Colisão com ciclista;1;1;0;0;0;0;0;0;;;1;1;0;0;0
06/09/2019;12:14:00;215;Acidente sem vítima;271;BR-101/ES;Sul;Colisão Lateral;1;0;0;0;1;0;0;0;;;2;0;0;0;0
06/09/2019;13:09:00;242;Acidente sem vítima;149;BR-101/ES;Norte;Colisão Traseira;1;0;1;0;0;0;0;2;;;3;0;0;0;0
06/09/2019;13:14:00;246;Acidente sem vítima;297;BR-101/ES;Sul;Engavetamento;4;0;0;0;0;0;0;0;;;5;0;0;0;0
06/09/2019;13:31:00;254;Acidente com vítima;14,7;BR-101/ES;Norte;Choque com Objeto Fixo;0;0;0;1;0;0;0;0;;;0;1;0;0;0
06/09/2019;14:09:00;263;Acidente sem vítima;388,7;BR-101/ES;Sul;Colisão Transversal;1;0;0;0;0;0;0;2;;;3;0;0;0;0
06/09/2019;14:26:00;266;Acidente sem vítima;259;BR-101/ES;Norte;Choque com Objeto Fixo;1;0;0;0;0;0;0;0;;;1;0;0;0;0
06/09/2019;14:51:00;274;Acidente com vítima;147;BR-101/ES;Sul;Colisão Traseira;2;0;0;0;0;0;0;0;;;1;1;0;0;0
06/09/2019;14:54:00;275;Acidente sem vítima;253;BR-101/ES;Sul;Colisão Traseira;2;0;0;0;0;0;0;0;;;1;0;0;0;0
06/09/2019;17:39:00;330;Acidente sem vítima;267;BR-101/ES;Norte;Veículo em Chamas;1;0;0;0;0;0;0;0;;;1;0;0;0;0
06/09/2019;19:25:00;364;Acidente com vítima;79;BR-101/ES;Sul;Choque com Objeto Fixo;1;0;1;0;0;0;0;0;;;3;1;0;0;0
06/09/2019;19:40:00;372;Acidente sem vítima;78;BR-101/ES;Sul;Colisão Traseira;2;0;1;0;0;0;0;0;;;3;0;0;0;0
06/09/2019;22:33:00;402;Atropelamento com morte;174;BR-101/ES;Sul;Atropelamento;1;0;0;0;0;0;0;0;;;2;0;0;0;1
07/09/2019;03:09:00;44;Acidente com vítima;79;BR-101/ES;Norte;Queda de Moto;0;0;0;1;0;0;0;0;;;0;0;1;0;0
07/09/2019;05:38:00;71;Acidente com morte;314;BR-101/ES;Sul;Colisão Frontal;1;0;0;0;1;0;0;0;;;36;0;0;0;1
07/09/2019;05:45:00;72;Acidente sem vítima;242;BR-101/ES;Norte;Colisão Traseira;2;0;0;0;0;0;0;0;;;7;0;0;0;0
07/09/2019;06:17:00;74;Acidente sem vítima;261,9;BR-101/ES;Norte;Saída de Pista;1;0;0;0;0;0;0;0;;;1;0;0;0;0
07/09/2019;06:49:00;79;Acidente sem vítima;50;BR-101/ES;Sul;Veículo em Chamas;0;0;0;0;0;0;0;1;;;1;0;0;0;0
07/09/2019;11:30:00;164;Acidente sem vítima;178;BR-101/ES;Sul;Saída de Pista;1;0;0;0;0;0;0;0;;;3;0;0;0;0
07/09/2019;14:10:00;231;Acidente sem vítima;372;BR-101/ES;Norte;Colisão Lateral;2;0;0;0;0;0;0;0;;;2;0;0;0;0
07/09/2019;16:02:00;261;Acidente com vítima;949;BR-101/BA;Norte;Colisão Frontal;1;0;0;1;0;0;0;0;;;2;0;0;2;0
07/09/2019;19:38:00;316;Acidente sem vítima;174;BR-101/ES;Sul;Colisão Transversal;2;0;0;0;0;0;0;0;;;2;0;0;0;0
07/09/2019;19:42:00;319;Acidente com vítima;147;BR-101/ES;Norte;Colisão Transversal;1;0;0;1;0;0;0;0;;;0;1;1;0;0
08/09/2019;04:47:00;48;Acidente com vítima;379;BR-101/ES;Sul;Queda de Moto;0;0;0;1;0;0;0;0;;;0;1;0;0;0
08/09/2019;11:00:00;117;Acidente com vítima;282,1;BR-101/ES;Sul;Saída de Pista;1;0;0;0;0;0;0;0;;;0;1;0;0;0
08/09/2019;15:34:00;201;Acidente sem vítima;255;BR-101/ES;Sul;Colisão Traseira;2;0;0;0;0;0;0;0;;;2;0;0;0;0
08/09/2019;16:18:00;214;Acidente com morte;266,7;BR-101/ES;Sul;Colisão Transversal;1;0;0;1;0;0;0;0;;;1;0;0;0;1
08/09/2019;18:16:00;262;Acidente sem vítima;270;BR-101/ES;Sul;Colisão Traseira;2;0;0;0;0;0;0;0;;;5;0;0;0;0
08/09/2019;18:22:00;266;Acidente sem vítima;245;BR-101/ES;Sul;Colisão Traseira;2;0;0;0;0;0;0;0;;;2;0;0;0;0
08/09/2019;18:53:00;274;Atropelamento sem morte;205;BR-101/ES;Sul;Atropelamento e Fuga;0;0;1;0;0;0;0;0;;;0;0;1;0;0
08/09/2019;19:23:00;282;Acidente com vítima;432;BR-101/ES;Sul;Saída de Pista;1;0;0;0;0;0;0;0;;;0;0;0;1;0
08/09/2019;19:24:00;283;Acidente sem vítima;143;BR-101/ES;Sul;Colisão Traseira;2;0;0;0;0;0;0;0;;;5;0;0;0;0
09/09/2019;00:37:00;19;Acidente com vítima;386,5;BR-101/ES;Sul;Saída de Pista;1;0;0;0;0;0;0;0;;;0;0;1;0;0
09/09/2019;05:50:00;76;Acidente com vítima;306;BR-101/ES;Sul;Colisão Transversal;2;0;0;0;0;0;0;0;;;3;0;1;0;0
09/09/2019;05:57:00;78;Acidente com vítima;117;BR-101/ES;Norte;Queda de Moto;0;0;0;1;0;0;0;0;;;0;1;0;0;0
09/09/2019;06:49:00;85;Acidente sem vítima;264;BR-101/ES;Norte;Colisão Traseira;2;0;0;0;0;0;0;0;;;2;0;0;0;0
09/09/2019;07:38:00;122;Acidente sem vítima;266,7;BR-101/ES;Sul;Colisão Lateral;0;0;0;0;1;0;0;3;;;3;0;0;0;0
09/09/2019;07:42:00;123;Acidente sem vítima;3,5;BR-101/ES;Sul;Choque com Objeto Fixo;1;0;0;0;0;0;0;0;;;1;0;0;0;0
09/09/2019;09:01:00;155;Acidente sem vítima;62;BR-101/ES;Sul;Colisão Traseira;2;0;0;0;0;0;0;0;;;2;0;0;0;0
09/09/2019;11:25:00;207;Acidente sem vítima;235;BR-101/ES;Norte;Colisão Traseira;2;0;0;0;0;0;0;0;;;4;0;0;0;0
09/09/2019;16:46:00;316;Acidente com vítima;66;BR-101/ES;Sul;Colisão Transversal;2;0;0;0;0;0;0;0;;;1;1;0;0;0
09/09/2019;22:10:00;384;Acidente sem vítima;264;BR-101/ES;Norte;Choque com Objeto Fixo;1;0;0;0;0;0;0;0;;;1;0;0;0;0
09/09/2019;22:34:00;391;Acidente com vítima;158;BR-101/ES;Norte;Capotamento;1;0;0;0;0;0;0;0;;;0;1;0;0;0
09/09/2019;22:47:00;396;Acidente sem vítima;272;BR-101/ES;Sul;Veículo em Chamas;1;0;0;0;0;0;0;0;;;1;0;0;0;0
10/09/2019;05:58:00;79;Acidente com morte;175;BR-101/ES;Norte;Colisão Frontal;1;0;0;1;0;0;0;0;;;0;1;0;0;1
10/09/2019;08:14:00;133;Acidente com vítima;287;BR-101/ES;Sul;Colisão Transversal;1;0;0;1;0;0;0;0;;;1;1;0;0;0
10/09/2019;09:36:00;162;Acidente sem vítima;219;BR-101/ES;Norte;Colisão Lateral;1;0;1;0;0;0;0;0;;;2;0;0;0;0
10/09/2019;14:04:00;281;Acidente sem vítima;231;BR-101/ES;Norte;Colisão Lateral;2;0;0;0;0;0;0;1;;;6;0;0;0;0
10/09/2019;15:40:00;319;Acidente com vítima;269;BR-101/ES;Sul;Queda de Moto;0;0;0;1;0;0;0;0;;;0;1;1;0;0
10/09/2019;15:40:00;321;Acidente sem vítima;149;BR-101/ES;Norte;Colisão Traseira;1;0;1;0;0;0;0;0;;;2;0;0;0;0
10/09/2019;16:52:00;358;Acidente sem vítima;232;BR-101/ES;Norte;Engavetamento;3;0;0;0;0;0;0;0;;;1;0;0;0;0
10/09/2019;18:25:00;383;Acidente com vítima;293;BR-101/ES;Norte;Queda de Moto;0;0;0;1;0;0;0;0;;;0;0;1;0;0
10/09/2019;18:58:00;386;Acidente sem vítima;255;BR-101/ES;Norte;Colisão Traseira;2;0;0;0;0;0;0;0;;;2;0;0;0;0
10/09/2019;19:05:00;388;Acidente sem vítima;267;BR-101/ES;Norte;Colisão Traseira;2;0;0;0;0;0;0;0;;;1;0;0;0;0
11/09/2019;04:51:00;52;Acidente com vítima;422;BR-101/ES;Sul;Saída de Pista;0;0;0;0;0;0;0;2;;;0;1;0;0;0
11/09/2019;06:42:00;63;Acidente sem vítima;254;BR-101/ES;Sul;Engavetamento;2;0;0;1;0;0;0;0;;;3;0;0;0;0
11/09/2019;07:46:00;95;Acidente com vítima;180;BR-101/ES;Norte;Queda de Moto;0;0;0;1;0;0;0;0;;;0;0;1;0;0
11/09/2019;08:31:00;113;Acidente sem vítima;144;BR-101/ES;Norte;Colisão Traseira;2;0;0;0;0;0;0;0;;;2;0;0;0;0
11/09/2019;14:01:00;250;Acidente sem vítima;270;BR-101/ES;Sul;Choque com Objeto Fixo;1;0;0;0;0;0;0;0;;;1;0;0;0;0
11/09/2019;15:37:00;284;Atropelamento sem morte;148;BR-101/ES;Norte;Atropelamento;0;0;0;0;0;0;0;2;;;1;0;1;0;0
11/09/2019;22:25:00;389;Acidente com vítima;264;BR-101/ES;Norte;Colisão Transversal;2;0;0;0;0;0;0;0;;;4;0;1;0;0
12/09/2019;04:45:00;68;Acidente com vítima;163,8;BR-101/ES;Sul;Tombamento;0;0;0;0;0;0;0;2;;;0;0;1;0;0
12/09/2019;07:01:00;106;Acidente sem vítima;364;BR-101/ES;Norte;Colisão Lateral;2;0;0;0;0;0;0;0;;;1;0;0;0;0
12/09/2019;14:35:00;293;Acidente sem vítima;295;BR-101/ES;Sul;Colisão Traseira;2;0;0;0;0;0;0;0;;;4;0;0;0;0
12/09/2019;16:33:00;332;Acidente com vítima;67;BR-101/ES;Norte;Colisão com ciclista;0;1;0;1;0;0;0;0;;;0;2;0;0;0
12/09/2019;18:10:00;354;Acidente com morte;125,1;BR-101/ES;Norte;Colisão Transversal;0;0;1;1;0;0;0;0;;;1;0;0;0;1
12/09/2019;18:16:00;355;Acidente com vítima;266;BR-101/ES;Sul;Saída de Pista;1;0;0;0;0;0;0;0;;;1;0;1;0;0
12/09/2019;18:24:00;357;Atropelamento sem morte;135;BR-101/ES;Sul;Atropelamento;0;0;0;1;0;0;0;0;;;0;0;1;1;0
12/09/2019;20:50:00;388;Acidente sem vítima;297;BR-101/ES;Sul;Colisão Traseira;1;0;1;0;0;0;0;0;;;2;0;0;0;0
12/09/2019;23:31:00;427;Acidente com vítima;131;BR-101/ES;Sul;Saída de Pista;1;0;0;0;0;0;0;0;;;0;0;1;0;0
13/09/2019;06:45:00;78;Acidente sem vítima;268;BR-101/ES;Sul;Colisão Traseira;1;0;0;1;0;0;0;0;;;1;0;0;0;0
13/09/2019;07:45:00;117;Acidente sem vítima;241;BR-101/ES;Sul;Colisão Traseira;1;0;2;0;0;0;0;0;;;4;0;0;0;0
13/09/2019;08:48:00;161;Acidente sem vítima;47;BR-101/ES;Sul;Engavetamento;3;0;0;0;0;0;0;0;;;7;0;0;0;0
13/09/2019;09:00:00;164;Acidente sem vítima;334,9;BR-101/ES;Norte;Colisão Traseira;2;0;0;0;0;0;0;0;;;2;0;0;0;0
13/09/2019;09:14:00;170;Acidente sem vítima;269;BR-101/ES;Sul;Colisão Traseira;2;0;0;0;0;0;0;0;;;2;0;0;0;0
13/09/2019;09:48:00;184;Acidente sem vítima;295;BR-101/ES;Norte;Colisão Traseira;3;0;0;0;0;0;0;0;;;3;0;0;0;0
13/09/2019;15:06:00;293;Acidente sem vítima;241;BR-101/ES;Norte;Colisão Traseira;2;0;0;0;0;0;0;0;;;5;0;0;0;0
13/09/2019;16:18:00;314;Acidente com vítima;291,9;BR-101/ES;Norte;Colisão Lateral;1;0;0;1;0;0;0;0;;;1;0;1;0;0
13/09/2019;17:11:00;332;Atropelamento com morte;253,3;BR-101/ES;Norte;Atropelamento;1;0;0;0;0;0;0;0;;;2;0;0;0;1
13/09/2019;18:38:00;360;Acidente sem vítima;235;BR-101/ES;Sul;Choque;2;0;1;0;0;0;0;0;;;3;0;0;0;0
13/09/2019;19:32:00;371;Acidente com vítima;269;BR-101/ES;Norte;Colisão Traseira;1;0;0;1;0;0;0;0;;;2;0;1;0;0
13/09/2019;21:00:00;383;Acidente com vítima;141;BR-101/ES;Sul;Colisão com ciclista;0;1;0;1;0;0;0;0;;;1;1;1;0;0
14/09/2019;03:18:00;39;Acidente sem vítima;32;BR-101/ES;Sul;Atropelamento de Bovino;1;0;0;0;0;0;0;0;;;1;0;0;0;0
14/09/2019;14:30:00;247;Acidente sem vítima;264;BR-101/ES;Sul;Colisão Traseira;0;0;1;0;0;0;0;0;;;1;0;0;0;0
14/09/2019;16:19:00;281;Acidente sem vítima;334;BR-101/ES;Sul;Colisão Traseira;2;0;0;0;0;0;0;0;;;6;0;0;0;0
14/09/2019;16:31:00;285;Acidente sem vítima;188;BR-101/ES;Sul;Tombamento;0;0;0;0;0;0;0;3;;;1;0;0;0;0
14/09/2019;16:43:00;290;Acidente com vítima;265;BR-101/ES;Norte;Saída de Pista;1;0;0;0;1;0;0;0;;;1;0;4;0;0
14/09/2019;17:33:00;309;Acidente com vítima;270;BR-101/ES;Sul;Colisão com ciclista;0;1;0;1;0;0;0;0;;;1;0;1;0;0
14/09/2019;18:18:00;319;Acidente com vítima;334;BR-101/ES;Sul;Colisão Traseira;1;0;0;1;0;0;0;0;;;4;1;0;0;0
14/09/2019;19:01:00;327;Acidente sem vítima;296;BR-101/ES;Norte;Saída de Pista;1;0;0;0;0;0;0;0;;;3;0;0;0;0
14/09/2019;19:04:00;328;Acidente com vítima;146;BR-101/ES;Norte;Colisão Transversal;1;0;0;0;1;0;0;0;;;1;2;0;0;0
14/09/2019;19:34:00;332;Acidente sem vítima;137;BR-101/ES;Sul;Veículo em Chamas;1;0;0;0;0;0;0;0;;;1;0;0;0;0
14/09/2019;20:42:00;349;Acidente com vítima;294;BR-101/ES;Norte;Colisão Lateral;1;0;0;1;0;0;0;0;;;2;0;1;0;0
14/09/2019;21:52:00;368;Acidente sem vítima;146;BR-101/ES;Sul;Colisão Traseira;0;0;0;1;1;0;0;0;;;1;0;0;0;0
15/09/2019;00:56:00;13;Acidente com vítima;269;BR-101/ES;Sul;Colisão Transversal;2;0;0;0;0;0;0;0;;;1;1;0;0;0
15/09/2019;02:38:00;35;Acidente sem vítima;25;BR-101/ES;Sul;Atropelamento de Bovino;0;0;1;0;0;0;0;0;;;1;0;0;0;0
15/09/2019;03:01:00;38;Acidente com vítima;130;BR-101/ES;Norte;Saída de Pista;1;0;0;0;0;0;0;0;;;0;3;0;0;0
15/09/2019;04:16:00;51;Acidente sem vítima;382;BR-101/ES;Norte;Colisão Lateral;1;0;0;0;1;0;0;0;;;3;0;0;0;0
15/09/2019;07:52:00;84;Acidente com vítima;67;BR-101/ES;Sul;Colisão Traseira;2;0;0;0;0;0;0;0;;;1;1;0;0;0
15/09/2019;09:33:00;114;Acidente com vítima;425;BR-101/ES;Norte;Colisão Traseira;1;0;0;0;0;0;0;2;;;2;0;4;1;0
15/09/2019;11:58:00;164;Acidente sem vítima;205;BR-101/ES;Norte;Colisão Transversal;2;0;0;0;0;0;0;0;;;2;0;0;0;0
15/09/2019;15:21:00;237;Acidente com vítima;289,9;BR-101/ES;Norte;Colisão Traseira;0;0;0;2;0;0;0;0;;;0;0;2;0;0
15/09/2019;18:58:00;302;Acidente com vítima;306;BR-101/ES;Sul;Queda de Moto;0;0;0;1;0;0;0;0;;;1;1;0;0;0
15/09/2019;22:01:00;334;Acidente com vítima;188;BR-101/ES;Sul;Saída de Pista;1;0;0;0;0;0;0;1;;;0;1;0;0;0
15/09/2019;22:03:00;335;Acidente com vítima;141;BR-101/ES;Sul;Queda de Moto;0;0;0;1;0;0;0;0;;;0;0;1;0;0
16/09/2019;05:04:00;58;Acidente sem vítima;267;BR-101/ES;Sul;Colisão Traseira;1;0;0;0;1;0;0;0;;;3;0;0;0;0
16/09/2019;06:59:00;85;Acidente sem vítima;135;BR-101/ES;Sul;Saída de Pista;1;0;0;0;0;0;0;0;;;1;0;0;0;0
16/09/2019;07:06:00;93;Acidente com vítima;287,3;BR-101/ES;Norte;Colisão Lateral;1;0;0;1;0;0;0;0;;;2;0;1;0;0
16/09/2019;07:18:00;99;Acidente com vítima;288,75;BR-101/ES;Norte;Colisão Traseira;2;0;0;0;0;0;0;0;;;1;1;0;0;0
16/09/2019;07:27:00;103;Acidente sem vítima;287,45;BR-101/ES;Norte;Colisão Transversal;1;0;0;1;0;0;0;0;;;2;0;0;0;0
16/09/2019;08:29:00;126;Acidente com vítima;291,9;BR-101/ES;Norte;Colisão Lateral;2;0;0;1;0;0;0;0;;;3;0;2;0;0
16/09/2019;08:32:00;127;Acidente sem vítima;229;BR-101/ES;Norte;Colisão Lateral;1;0;0;0;0;0;0;1;;;1;0;0;0;0
16/09/2019;08:46:00;131;Acidente sem vítima;287;BR-101/ES;Norte;Veículo em Chamas;0;0;1;0;0;0;0;0;;;3;0;0;0;0
16/09/2019;11:16:00;181;Acidente sem vítima;296;BR-101/ES;Sul;Colisão Traseira;1;0;0;0;0;0;0;2;;;2;0;0;0;0
16/09/2019;13:52:00;241;Acidente sem vítima;258;BR-101/ES;Norte;Colisão Traseira;2;0;0;0;0;0;0;0;;;1;0;0;0;0
16/09/2019;17:38:00;300;Acidente sem vítima;347,4;BR-101/ES;Sul;Colisão Traseira;1;0;1;0;0;0;0;0;;;2;0;0;0;0
16/09/2019;17:58:00;305;Acidente com vítima;288,8;BR-101/ES;Sul;Colisão Transversal;1;0;0;2;0;0;0;0;;;1;0;1;1;0
16/09/2019;19:01:00;318;Acidente com vítima;268;BR-101/ES;Sul;Atropelamento Animal;0;0;0;1;0;0;0;0;;;0;1;0;0;0
16/09/2019;19:28:00;323;Acidente sem vítima;289;BR-101/ES;Norte;Colisão Traseira;1;0;1;0;0;0;0;0;;;2;0;0;0;0
16/09/2019;19:41:00;326;Acidente sem vítima;382;BR-101/ES;Norte;Atropelamento de Bovino;1;0;0;0;0;0;0;0;;;1;0;0;0;0
16/09/2019;19:56:00;328;Acidente com vítima;190;BR-101/ES;Norte;Colisão Lateral;1;0;1;0;0;0;0;0;;;1;2;1;0;0
16/09/2019;20:12:00;330;Acidente sem vítima;268,5;BR-101/ES;Sul;Colisão Traseira;0;0;2;0;0;0;0;0;;;2;0;0;0;0
17/09/2019;04:17:00;63;Acidente sem vítima;272;BR-101/ES;Norte;Choque com Objeto Fixo;1;0;0;0;0;0;0;0;;;1;0;0;0;0
17/09/2019;04:46:00;66;Acidente sem vítima;202;BR-101/ES;Sul;Choque;1;0;1;0;0;0;0;0;;;2;0;0;0;0
17/09/2019;05:20:00;72;Acidente com vítima;119;BR-101/ES;Sul;Colisão Lateral;2;0;0;0;0;0;0;0;;;0;3;2;0;0
17/09/2019;07:02:00;96;Acidente sem vítima;204,8;BR-101/ES;Sul;Colisão Traseira;1;0;1;0;0;0;0;0;;;8;0;0;0;0
17/09/2019;10:05:00;179;Acidente com vítima;282,5;BR-101/ES;Norte;Colisão Frontal;2;0;0;0;0;0;0;0;;;2;1;0;0;0
17/09/2019;13:16:00;266;Acidente sem vítima;248;BR-101/ES;Sul;Choque;2;0;0;0;0;0;0;0;;;2;0;0;0;0
17/09/2019;14:31:00;289;Acidente sem vítima;305,6;BR-101/ES;Sul;Choque com Objeto Fixo;0;0;1;0;0;0;0;1;;;1;0;0;0;0
17/09/2019;14:48:00;295;Acidente sem vítima;174;BR-101/ES;Sul;Colisão Lateral;2;0;0;0;0;0;0;0;;;2;0;0;0;0
17/09/2019;17:27:00;340;Acidente sem vítima;146;BR-101/ES;Norte;Colisão com ciclista;1;1;0;0;0;0;0;0;;;3;0;0;0;0
17/09/2019;18:12:00;357;Atropelamento sem morte;293;BR-101/ES;Sul;Atropelamento;0;0;0;1;0;0;0;0;;;0;1;1;0;0
17/09/2019;18:50:00;365;Acidente sem vítima;293;BR-101/ES;Norte;Colisão Traseira;2;0;0;0;0;0;0;0;;;2;0;0;0;0
17/09/2019;18:57:00;368;Acidente com vítima;305;BR-101/ES;Sul;Queda de Moto;0;0;0;1;0;0;0;0;;;0;1;0;0;0
17/09/2019;20:33:00;379;Acidente com vítima;117;BR-101/ES;Sul;Queda de ciclista;0;1;0;0;0;0;0;0;;;0;0;1;0;0
17/09/2019;20:49:00;381;Acidente sem vítima;65;BR-101/ES;Norte;Colisão Traseira;2;0;0;0;0;0;0;0;;;3;0;0;0;0
17/09/2019;22:58:00;407;Acidente com vítima;69;BR-101/ES;Sul;Queda de Moto;0;0;0;1;0;0;0;0;;;0;0;1;0;0
18/09/2019;07:01:00;91;Acidente sem vítima;314;BR-101/ES;Sul;Colisão Lateral;1;0;0;0;0;0;0;2;;;3;0;0;0;0
18/09/2019;14:01:00;288;Acidente com vítima;184;BR-101/ES;Sul;Tombamento;0;0;0;0;0;0;0;2;;;0;0;1;0;0
18/09/2019;15:19:00;315;Acidente sem vítima;333;BR-101/ES;Norte;Saída de Pista;1;0;0;0;0;0;0;0;;;2;0;0;0;0
18/09/2019;17:16:00;347;Acidente com vítima;270;BR-101/ES;Sul;Colisão Traseira;1;0;0;1;0;0;0;0;;;2;1;0;0;0
18/09/2019;18:15:00;367;Acidente com vítima;267;BR-101/ES;Sul;Colisão Transversal;1;0;0;1;0;0;0;0;;;3;0;1;0;0
18/09/2019;18:53:00;377;Acidente com vítima;98,5;BR-101/ES;Sul;Queda de Moto;0;0;0;1;0;0;0;0;;;0;0;1;0;0
18/09/2019;19:15:00;383;Acidente sem vítima;98,5;BR-101/ES;Sul;Saída de Pista;1;0;0;0;0;0;0;0;;;1;0;0;0;0
18/09/2019;22:40:00;427;Acidente com vítima;430;BR-101/ES;Sul;Saída de Pista;1;0;0;0;0;0;0;0;;;1;1;0;0;0
19/09/2019;09:54:00;177;Acidente sem vítima;335;BR-101/ES;Norte;Colisão Traseira;2;0;0;0;0;0;0;0;;;3;0;0;0;0
19/09/2019;11:24:00;221;Acidente sem vítima;363;BR-101/ES;Norte;Colisão Transversal;1;0;0;0;0;0;0;0;;;2;0;0;0;0
19/09/2019;14:31:00;300;Acidente sem vítima;328;BR-101/ES;Norte;Colisão Traseira;1;0;0;0;0;0;0;2;;;2;0;0;0;0
19/09/2019;16:12:00;346;Acidente sem vítima;129,9;BR-101/ES;Norte;Engavetamento;2;0;1;0;0;0;0;0;;;4;0;0;0;0
19/09/2019;16:22:00;351;Acidente com vítima;270;BR-101/ES;Sul;Queda de Moto;0;0;0;1;0;0;0;0;;;0;0;1;0;0