data;horario;n_da_ocorrencia;tipo_de_ocorrencia;km;trecho;sentido;tipo_de_acidente;automovel;bicicleta;caminhao;moto;onibus;outros;tracao_animal;transporte_de_cargas_especiais;trator_maquinas;utilitarios;ilesos;levemente_feridos;moderadamente_feridos;gravemente_feridos;mortos
19/09/2019;16:41:00;362;Acidente sem vítima;56;BR-101/ES;Sul;Saída de Pista;1;0;0;0;0;0;0;0;;;2;0;0;0;0
19/09/2019;18:16:00;395;Acidente com vítima;301;BR-101/ES;Sul;Colisão Frontal;1;0;0;1;0;0;0;0;;;1;0;1;0;0
20/09/2019;06:51:00;81;Acidente com vítima;294;BR-101/ES;Sul;Queda de ciclista;0;1;0;0;0;0;0;0;;;0;0;1;0;0
20/09/2019;12:05:00;216;Acidente sem vítima;334;BR-101/ES;Sul;Colisão Transversal;2;0;0;0;0;0;0;0;;;2;0;0;0;0
20/09/2019;17:08:00;339;Acidente com vítima;265,3;BR-101/ES;Sul;Colisão Traseira;0;0;0;1;0;0;0;1;;;0;0;1;0;0
20/09/2019;17:40:00;351;Acidente com vítima;303,5;BR-101/ES;Sul;Engavetamento;3;0;0;0;0;0;0;0;;;2;1;0;0;0
20/09/2019;18:00:00;355;Acidente sem vítima;320,7;BR-101/ES;Sul;Colisão Traseira;1;0;1;0;0;0;0;0;;;2;0;0;0;0
20/09/2019;19:04:00;370;Acidente sem vítima;272;BR-101/ES;Sul;Engavetamento;4;0;1;0;0;0;0;0;;;6;0;0;0;0
21/09/2019;02:54:00;40;Acidente com vítima;213;BR-101/ES;Norte;Saída de Pista;0;0;0;1;0;0;0;0;;;0;0;1;0;0
21/09/2019;04:01:00;51;Acidente com vítima;301;BR-101/ES;Norte;Colisão Lateral;1;0;0;1;0;0;0;0;;;3;1;0;0;0
21/09/2019;07:47:00;102;Acidente sem vítima;264;BR-101/ES;Norte;Colisão Lateral;2;0;0;0;0;0;0;0;;;2;0;0;0;0
21/09/2019;08:24:00;108;Acidente sem vítima;229,5;BR-101/ES;Sul;Engavetamento;2;0;1;0;0;0;0;0;;;3;0;0;0;0
21/09/2019;09:44:00;135;Acidente sem vítima;219;BR-101/ES;Sul;Queda de Moto;0;0;0;1;0;0;0;0;;;2;0;0;0;0
21/09/2019;12:28:00;197;Acidente com vítima;295;BR-101/ES;Norte;Colisão Traseira;1;0;0;1;0;0;0;0;;;1;1;0;0;0
21/09/2019;13:57:00;239;Acidente com vítima;243;BR-101/ES;Norte;Queda de Moto;0;0;0;1;0;0;0;0;;;2;0;1;0;0
21/09/2019;14:31:00;247;Acidente sem vítima;175;BR-101/ES;Sul;Colisão Traseira;1;0;0;1;0;0;0;0;;;2;0;0;0;0
21/09/2019;16:08:00;278;Acidente com vítima;265,3;BR-101/ES;Norte;Colisão Lateral;1;0;0;1;0;0;0;0;;;1;0;1;0;0
21/09/2019;18:11:00;314;Acidente com vítima;295;BR-101/ES;Norte;Saída de Pista;1;0;0;0;0;0;0;0;;;1;0;1;0;0
22/09/2019;02:05:00;38;Acidente com vítima;305;BR-101/ES;Sul;Queda de Moto;1;0;0;1;0;0;0;0;;;1;2;0;0;0
22/09/2019;03:30:00;48;Acidente com vítima;224,8;BR-101/ES;Sul;Saída de Pista;1;0;0;0;0;0;0;0;;;1;1;0;0;0
22/09/2019;06:47:00;70;Acidente com vítima;134;BR-101/ES;Norte;Colisão com ciclista;1;2;0;0;0;0;0;0;;;1;2;0;0;0
22/09/2019;09:52:00;111;Acidente com vítima;149;BR-101/ES;Norte;Choque com Objeto Fixo;1;0;0;0;0;0;0;0;;;0;2;0;1;0
22/09/2019;11:55:00;158;Acidente sem vítima;292;BR-101/ES;Norte;Veículo em Chamas;0;0;1;0;0;0;0;0;;;1;0;0;0;0
22/09/2019;15:01:00;226;Acidente com vítima;216,5;BR-101/ES;Norte;Choque com Objeto Fixo;0;0;0;1;0;0;0;0;;;0;0;1;0;0
22/09/2019;17:31:00;285;Acidente sem vítima;299;BR-101/ES;Norte;Colisão Lateral;2;0;0;0;0;0;0;0;;;2;0;0;0;0
22/09/2019;18:54:00;307;Acidente sem vítima;424,8;BR-101/ES;Norte;Saída de Pista;1;0;0;0;0;0;0;0;;;1;0;0;0;0
22/09/2019;21:14:00;326;Acidente sem vítima;293;BR-101/ES;Norte;Colisão Traseira;2;0;0;0;0;0;0;0;;;2;0;0;0;0
22/09/2019;21:31:00;330;Acidente sem vítima;286;BR-101/ES;Sul;Choque com Objeto Fixo;1;0;0;0;0;0;0;0;;;1;0;0;0;0
22/09/2019;23:29:00;360;Acidente sem vítima;3;BR-101/ES;Sul;Choque com Objeto Fixo;1;0;0;0;0;0;0;0;;;1;0;0;0;0
23/09/2019;07:09:00;100;Acidente sem vítima;286;BR-101/ES;Sul;Colisão Lateral;0;0;0;1;0;0;0;0;;;1;0;0;0;0
23/09/2019;08:24:00;125;Acidente sem vítima;364;BR-101/ES;Sul;Choque com Objeto Fixo;1;0;0;0;0;0;0;0;;;4;0;0;0;0
23/09/2019;14:02:00;282;Acidente com vítima;94,1;BR-101/ES;Norte;Saída de Pista;0;0;1;0;0;0;0;2;;;0;0;1;0;0
23/09/2019;17:36:00;341;Atropelamento sem morte;144;BR-101/ES;Norte;Atropelamento;1;0;0;0;0;0;0;0;;;1;1;0;0;0
23/09/2019;18:27:00;349;Acidente sem vítima;251;BR-101/ES;Sul;Colisão Lateral;1;0;1;0;0;0;0;0;;;5;0;0;0;0
23/09/2019;18:44:00;351;Acidente sem vítima;270;BR-101/ES;Sul;Colisão Traseira;2;0;0;0;0;0;0;0;;;2;0;0;0;0
23/09/2019;19:39:00;363;Acidente com vítima;144;BR-101/ES;Norte;Colisão Transversal;0;0;0;2;0;0;0;0;;;1;1;0;0;0
23/09/2019;19:41:00;364;Atropelamento com morte;241;BR-101/ES;Sul;Atropelamento;2;0;0;0;0;0;0;0;;;2;0;0;0;1
23/09/2019;20:52:00;380;Acidente sem vítima;298;BR-101/ES;Sul;Colisão Lateral;1;0;0;0;0;0;0;2;;;2;0;0;0;0
23/09/2019;21:13:00;383;Acidente com vítima;268;BR-101/ES;Norte;Colisão Transversal;1;0;0;1;0;0;0;0;;;2;1;1;0;0
23/09/2019;22:26:00;395;Acidente sem vítima;76,8;BR-101/ES;Norte;Atropelamento de Bovino;1;0;0;0;0;0;0;0;;;2;0;0;0;0
24/09/2019;03:13:00;39;Acidente sem vítima;144;BR-101/ES;Norte;Colisão Transversal;2;0;0;0;0;0;0;0;;;2;0;0;0;0
24/09/2019;09:24:00;154;Acidente sem vítima;271,5;BR-101/ES;Sul;Colisão Lateral;1;0;0;0;0;0;0;2;;;2;0;0;0;0
24/09/2019;14:11:00;256;Acidente com vítima;270,5;BR-101/ES;Norte;Colisão Traseira;1;0;0;1;0;0;0;0;;;2;0;1;0;0
24/09/2019;14:16:00;258;Acidente sem vítima;270;BR-101/ES;Sul;Veículo em Chamas;1;0;0;0;0;0;0;0;;;3;0;0;0;0
24/09/2019;18:26:00;317;Acidente sem vítima;287;BR-101/ES;Sul;Atropelamento de Bovino;1;0;0;0;0;0;0;0;;;1;0;0;0;0
24/09/2019;18:39:00;322;Acidente com morte;63;BR-101/ES;Sul;Colisão Frontal;0;0;0;1;1;0;0;0;;;1;0;0;0;1
24/09/2019;23:25:00;389;Acidente com vítima;266,5;BR-101/ES;Sul;Colisão Transversal;1;0;0;1;0;0;0;0;;;1;0;0;1;0
25/09/2019;03:53:00;43;Acidente sem vítima;68;BR-101/ES;Norte;Queda de Moto;0;0;0;1;0;0;0;0;;;1;0;0;0;0
25/09/2019;07:00:00;74;Acidente sem vítima;270,5;BR-101/ES;Norte;Colisão Lateral;1;0;0;0;0;0;0;2;;;2;0;0;0;0
25/09/2019;07:32:00;100;Acidente sem vítima;302;BR-101/ES;Sul;Colisão Lateral;1;0;1;0;0;0;0;0;;;2;0;0;0;0
25/09/2019;08:58:00;149;Acidente sem vítima;452;BR-101/ES;Sul;Choque com Objeto Fixo;1;0;0;0;0;0;0;0;;;4;0;0;0;0
25/09/2019;09:11:00;154;Acidente sem vítima;244;BR-101/ES;Norte;Choque com Objeto Fixo;1;0;0;0;0;0;0;0;;;2;0;0;0;0
25/09/2019;09:29:00;160;Acidente sem vítima;308;BR-101/ES;Sul;Choque com Objeto Fixo;1;0;0;0;0;0;0;0;;;1;0;0;0;0
25/09/2019;10:07:00;175;Acidente sem vítima;192;BR-101/ES;Norte;Colisão Lateral;1;0;1;0;0;0;0;0;;;2;0;0;0;0
25/09/2019;18:24:00;355;Acidente sem vítima;146;BR-101/ES;Norte;Colisão Traseira;2;0;0;0;0;0;0;0;;;2;0;0;0;0
25/09/2019;22:44:00;413;Acidente sem vítima;370;BR-101/ES;Sul;Choque com Objeto Fixo;1;0;0;0;0;0;0;0;;;1;0;0;0;0
26/09/2019;05:00:00;58;Acidente com vítima;293;BR-101/ES;Sul;Queda de Moto;0;0;0;1;0;0;0;0;;;0;0;1;0;0
26/09/2019;05:43:00;72;Acidente sem vítima;298;BR-101/ES;Sul;Saída de Pista;0;0;1;0;0;0;0;1;;;1;0;0;0;0
26/09/2019;09:03:00;144;Acidente sem vítima;269;BR-101/ES;Sul;Colisão Traseira;1;0;0;0;0;0;0;2;;;2;0;0;0;0
26/09/2019;09:05:00;146;Acidente sem vítima;287;BR-101/ES;Sul;Saída de Pista;0;0;0;0;0;0;0;2;;;1;0;0;0;0
26/09/2019;09:54:00;160;Acidente sem vítima;297;BR-101/ES;Norte;Colisão Traseira;2;0;0;0;0;0;0;0;;;2;0;0;0;0
26/09/2019;14:16:00;275;Acidente sem vítima;401;BR-101/ES;Norte;Saída de Pista;1;0;0;0;0;0;0;0;;;2;0;0;0;0
26/09/2019;16:08:00;311;Acidente sem vítima;262;BR-101/ES;Sul;Colisão Traseira;2;0;0;0;0;0;0;0;;;2;0;0;0;0
26/09/2019;17:14:00;337;Acidente sem vítima;259;BR-101/ES;Norte;Colisão Transversal;1;0;0;0;0;0;0;2;;;3;0;0;0;0
26/09/2019;17:26:00;346;Acidente com vítima;392;BR-101/ES;Norte;Colisão Traseira;1;0;0;1;0;0;0;0;;;3;0;1;0;0
26/09/2019;17:47:00;360;Acidente com vítima;204;BR-101/ES;Norte;Queda de Moto;0;0;0;1;0;0;0;0;;;0;1;0;0;0
26/09/2019;18:06:00;367;Acidente sem vítima;269,8;BR-101/ES;Sul;Colisão Traseira;1;0;0;1;0;0;0;0;;;5;0;0;0;0
26/09/2019;19:02:00;376;Acidente com vítima;274,3;BR-101/ES;Norte;Saída de Pista;0;0;1;0;0;0;0;0;;;0;0;1;0;0
26/09/2019;19:37:00;383;Acidente sem vítima;266;BR-101/ES;Norte;Colisão Lateral;1;0;0;0;0;0;0;2;;;2;0;0;0;0
27/09/2019;05:42:00;70;Acidente sem vítima;265;BR-101/ES;Sul;Colisão Traseira;0;0;2;0;0;0;0;0;;;2;0;0;0;0
27/09/2019;06:03:00;77;Acidente sem vítima;319;BR-101/ES;Norte;Colisão Lateral;0;0;1;0;0;0;0;2;;;2;0;0;0;0
27/09/2019;07:39:00;115;Acidente sem vítima;293;BR-101/ES;Sul;Engavetamento;1;0;2;0;0;0;0;0;;;5;0;0;0;0
27/09/2019;09:16:00;154;Acidente sem vítima;269;BR-101/ES;Norte;Colisão Lateral;1;0;1;0;0;0;0;0;;;2;0;0;0;0
27/09/2019;10:13:00;174;Acidente sem vítima;298;BR-101/ES;Norte;Colisão Lateral;1;0;0;0;0;0;0;1;;;1;0;0;0;0
27/09/2019;10:45:00;195;Acidente sem vítima;276;BR-101/ES;Norte;Choque com Objeto Fixo;1;0;0;0;0;0;0;0;;;1;0;0;0;0
27/09/2019;15:17:00;302;Acidente sem vítima;75;BR-101/ES;Norte;Colisão Traseira;0;0;1;0;0;0;0;2;;;2;0;0;0;0
27/09/2019;17:19:00;367;Acidente sem vítima;296;BR-101/ES;Norte;Colisão Lateral;1;0;1;0;0;0;0;0;;;2;0;0;0;0
27/09/2019;18:13:00;391;Acidente sem vítima;263;BR-101/ES;Norte;Veículo em Chamas;1;0;0;0;0;0;0;0;;;2;0;0;0;0
27/09/2019;18:23:00;393;Acidente sem vítima;95;BR-101/ES;Norte;Colisão Traseira;2;0;0;0;0;0;0;0;;;6;0;0;0;0
27/09/2019;19:21:00;410;Acidente sem vítima;118;BR-101/ES;Sul;Choque;0;0;0;0;0;0;0;2;;;1;0;0;0;0
28/09/2019;00:52:00;21;Acidente com vítima;264;BR-101/ES;Sul;Colisão Traseira;1;0;0;0;0;0;0;2;;;1;0;1;0;0
28/09/2019;02:19:00;33;Acidente com vítima;382;BR-101/ES;Sul;Saída de Pista;0;0;1;0;0;0;0;0;;;1;1;0;0;0
28/09/2019;02:35:00;40;Acidente com vítima;269;BR-101/ES;Sul;Colisão Transversal;2;0;0;0;0;0;0;0;;;4;1;0;0;0
28/09/2019;06:47:00;77;Acidente sem vítima;38;BR-101/ES;Norte;Colisão Traseira;1;0;0;0;1;0;0;0;;;2;0;0;0;0
28/09/2019;06:58:00;80;Acidente sem vítima;268;BR-101/ES;Sul;Colisão Lateral;1;0;1;0;1;0;0;0;;;3;0;0;0;0
28/09/2019;13:40:00;219;Acidente sem vítima;369;BR-101/ES;Norte;Colisão Traseira;2;0;0;0;0;0;0;0;;;6;0;0;0;0
28/09/2019;14:47:00;237;Acidente sem vítima;270,6;BR-101/ES;Sul;Colisão Lateral;1;0;0;1;0;0;0;0;;;2;0;0;0;0
28/09/2019;16:47:00;270;Acidente com vítima;270,8;BR-101/ES;Norte;Queda de Moto;0;0;0;1;0;0;0;0;;;0;0;1;0;0
28/09/2019;19:54:00;319;Acidente sem vítima;75;BR-101/ES;Norte;Saída de Pista;1;0;0;0;0;0;0;0;;;1;0;0;0;0
28/09/2019;21:17:00;330;Acidente com morte;301,8;BR-101/ES;Sul;Colisão com ciclista;0;1;0;1;0;0;0;0;;;0;0;1;0;1
29/09/2019;00:49:00;20;Acidente sem vítima;120;BR-101/ES;Sul;Colisão Traseira;1;0;0;0;0;0;0;3;;;3;0;0;0;0
29/09/2019;04:04:00;46;Acidente sem vítima;12;BR-101/ES;Sul;Saída de Pista;1;0;0;0;0;0;0;0;;;1;0;0;0;0
29/09/2019;08:33:00;63;Acidente com vítima;122;BR-101/ES;Sul;Colisão Lateral;1;0;1;0;0;0;0;0;;;2;1;0;0;0
29/09/2019;14:20:00;171;Acidente com vítima;258;BR-101/ES;Sul;Colisão Traseira;2;0;0;0;0;0;0;0;;;2;1;0;0;0
29/09/2019;19:46:00;251;Acidente sem vítima;85;BR-101/ES;Norte;Atropelamento Animal;1;0;0;0;0;0;0;0;;;4;0;0;0;0
29/09/2019;20:30:00;257;Acidente sem vítima;288;BR-101/ES;Norte;Saída de Pista;1;0;0;0;0;0;0;0;;;1;0;0;0;0
30/09/2019;05:21:00;63;Acidente com vítima;68,5;BR-101/ES;Sul;Colisão Transversal;1;0;0;1;0;0;0;0;;;1;1;0;0;0
30/09/2019;07:27:00;116;Acidente sem vítima;68;BR-101/ES;Norte;Colisão Lateral;1;0;0;0;0;0;0;2;;;2;0;0;0;0
30/09/2019;07:46:00;128;Acidente sem vítima;145;BR-101/ES;Norte;Engavetamento;3;0;0;0;0;0;0;0;;;3;0;0;0;0
30/09/2019;07:47:00;129;Acidente sem vítima;270;BR-101/ES;Norte;Colisão Lateral;1;0;0;0;0;0;0;2;;;2;0;0;0;0
30/09/2019;08:28:00;143;Acidente sem vítima;945;BR-101/BA;Norte;Colisão Transversal;1;0;0;0;0;0;0;2;;;2;0;0;0;0
30/09/2019;09:16:00;157;Acidente com vítima;396;BR-101/ES;Sul;Colisão Transversal;1;0;0;1;1;0;0;0;;;2;0;0;2;0
30/09/2019;11:04:00;205;Acidente com vítima;265;BR-101/ES;Sul;Colisão Traseira;1;0;0;1;0;0;0;0;;;1;1;0;0;0
30/09/2019;11:26:00;215;Acidente com vítima;209;BR-101/ES;Norte;Colisão Lateral;2;0;0;0;0;0;0;0;;;2;1;0;0;0
30/09/2019;11:38:00;224;Acidente com vítima;210;BR-101/ES;Norte;Colisão Traseira;1;0;0;1;0;0;0;0;;;1;1;0;0;0
30/09/2019;13:53:00;290;Acidente com vítima;435,4;BR-101/ES;Sul;Saída de Pista;1;0;0;0;0;0;0;0;;;0;3;1;0;0
30/09/2019;18:03:00;364;Acidente com vítima;269;BR-101/ES;Norte;Colisão com ciclista;0;1;0;1;0;0;0;0;;;0;0;2;0;0
30/09/2019;18:53:00;372;Acidente com morte;297;BR-101/ES;Sul;Colisão com ciclista;0;1;0;0;0;0;0;0;;;0;0;0;0;1
30/09/2019;18:59:00;373;Acidente com vítima;263,9;BR-101/ES;Norte;Engavetamento;2;0;0;0;1;0;0;0;;;3;2;0;0;0
30/09/2019;19:51:00;386;Acidente sem vítima;266;BR-101/ES;Norte;Colisão Traseira;2;0;0;0;0;0;0;0;;;4;0;0;0;0
30/09/2019;21:16:00;407;Acidente sem vítima;240;BR-101/ES;Norte;Saída de Pista;1;0;0;0;0;0;0;0;;;1;0;0;0;0
30/09/2019;21:48:00;417;Acidente sem vítima;287;BR-101/ES;Norte;Saída de Pista;1;0;0;0;0;0;0;0;;;1;0;0;0;0
30/09/2019;21:58:00;420;Acidente com vítima;267;BR-101/ES;Norte;Colisão Traseira;2;0;0;0;0;0;0;1;;;2;0;1;0;0
30/09/2019;23:05:00;436;Acidente com vítima;263;BR-101/ES;Norte;Colisão Transversal;2;0;0;0;0;0;0;0;;;2;0;2;0;0
30/09/2019;23:06:00;437;Acidente sem vítima;301;BR-101/ES;Norte;Colisão Traseira;2;0;0;0;0;0;0;0;;;2;0;0;0;0
01/06/2019;02:17:00;42;Acidente sem vítima;321;BR-101/ES;Norte;Choque com Objeto Fixo;0;0;0;0;0;0;0;2;;;1;0;0;0;0
01/06/2019;08:03:00;101;Acidente com vítima;66;BR-101/ES;Sul;Colisão Traseira;1;0;0;1;0;0;0;0;;;1;1;0;0;0
01/06/2019;09:43:00;136;Acidente com vítima;146;BR-101/ES;Norte;Colisão Transversal;0;0;0;2;0;0;0;0;;;0;0;2;0;0
01/06/2019;13:13:00;220;Acidente com vítima;67;BR-101/ES;Sul;Colisão Traseira;1;0;0;1;0;0;0;0;;;5;0;2;0;0
01/06/2019;15:39:00;288;Acidente sem vítima;270;BR-101/ES;Norte;Colisão Traseira;1;0;0;0;0;0;0;1;;;2;0;0;0;0
01/06/2019;19:34:00;359;Acidente com vítima;299;BR-101/ES;Sul;Choque com Objeto Fixo;1;0;0;0;0;0;0;0;;;1;1;0;0;0
01/06/2019;22:26:00;390;Acidente com morte;425,8;BR-101/ES;Norte;Colisão Lateral;2;0;0;0;0;0;0;0;;;2;0;0;0;1
02/06/2019;08:29:00;97;Acidente sem vítima;292;BR-101/ES;Sul;Veículo em Chamas;1;0;0;0;0;0;0;0;;;2;0;0;0;0
02/06/2019;10:06:00;123;Acidente sem vítima;268;BR-101/ES;Sul;Colisão Traseira;2;0;0;0;0;1;0;0;;;1;0;0;0;0
02/06/2019;11:55:00;172;Acidente sem vítima;448;BR-101/ES;Norte;Saída de Pista;1;0;0;0;0;0;0;0;;;3;0;0;0;0
02/06/2019;11:56:00;173;Acidente sem vítima;270;BR-101/ES;Norte;Colisão Traseira;1;0;0;0;0;0;0;2;;;2;0;0;0;0
02/06/2019;12:47:00;189;Acidente com vítima;439;BR-101/ES;Sul;Capotamento;1;0;0;0;0;0;0;0;;;0;0;1;0;0
02/06/2019;15:21:00;230;Acidente sem vítima;414;BR-101/ES;Norte;Tombamento;0;0;0;0;0;0;0;2;;;1;0;0;0;0
02/06/2019;19:05:00;304;Acidente sem vítima;266;BR-101/ES;Norte;Saída de Pista;1;0;0;0;0;0;0;0;;;1;0;0;0;0
02/06/2019;23:29:00;354;Acidente sem vítima;266;BR-101/ES;Sul;Colisão Transversal;1;0;0;1;0;0;0;0;;;2;0;0;0;0
02/06/2019;23:40:00;362;Acidente com vítima;295;BR-101/ES;Norte;Choque com Objeto Fixo;1;0;0;0;0;0;0;0;;;0;0;1;0;0
03/06/2019;01:21:00;19;Acidente sem vítima;387,1;BR-101/ES;Sul;Saída de Pista;1;0;0;0;0;0;0;0;;;1;0;0;0;0
03/06/2019;04:47:00;49;Acidente com vítima;946;BR-101/BA;Sul;Colisão Lateral;0;0;1;0;0;0;0;3;;;0;2;0;0;0
03/06/2019;10:58:00;166;Acidente com vítima;281,6;BR-101/ES;Norte;Queda de Moto;0;0;0;1;0;0;0;0;;;0;0;2;0;0
03/06/2019;11:12:00;171;Acidente sem vítima;369;BR-101/ES;Sul;Saída de Pista;1;0;0;0;0;0;0;0;;;1;0;0;0;0
03/06/2019;14:26:00;249;Acidente com vítima;272;BR-101/ES;Sul;Colisão Transversal;0;1;0;1;0;0;0;0;;;0;0;1;0;0
03/06/2019;18:14:00;325;Acidente sem vítima;269;BR-101/ES;Sul;Colisão Frontal;1;0;0;1;0;0;0;0;;;1;0;0;0;0
04/06/2019;06:51:00;71;Acidente com vítima;289;BR-101/ES;Sul;Colisão Lateral;0;0;0;2;0;0;0;0;;;1;0;1;0;0
04/06/2019;08:01:00;97;Acidente sem vítima;288;BR-101/ES;Norte;Colisão Traseira;1;0;0;0;0;0;0;2;;;2;0;0;0;0
04/06/2019;12:07:00;217;Acidente sem vítima;268;BR-101/ES;Norte;Colisão Transversal;1;0;0;0;0;0;0;2;;;2;0;0;0;0
04/06/2019;14:40:00;264;Acidente sem vítima;268;BR-101/ES;Norte;Colisão Lateral;1;0;0;2;0;0;0;0;;;3;0;0;0;0
04/06/2019;18:06:00;328;Acidente com vítima;293;BR-101/ES;Norte;Queda de Moto;0;0;0;1;0;0;0;0;;;0;1;0;0;0
04/06/2019;18:50:00;339;Atropelamento sem morte;266;BR-101/ES;Norte;Atropelamento;0;0;0;1;0;0;0;0;;;0;0;2;0;0
04/06/2019;21:51:00;367;Acidente com vítima;145;BR-101/ES;Sul;Colisão Traseira;0;0;0;1;1;0;0;0;;;2;1;0;0;0
04/06/2019;21:54:00;368;Acidente com vítima;266;BR-101/ES;Sul;Colisão Transversal;1;0;0;1;0;0;0;0;;;3;1;0;0;0
05/06/2019;06:45:00;69;Acidente com vítima;298,5;BR-101/ES;Sul;Colisão com ciclista;0;1;0;0;0;0;0;0;;;0;1;0;0;0
05/06/2019;06:46:00;70;Acidente sem vítima;270;BR-101/ES;Sul;Colisão Traseira;1;0;1;0;0;0;0;0;;;2;0;0;0;0
05/06/2019;07:21:00;106;Acidente sem vítima;270;BR-101/ES;Sul;Colisão Traseira;1;0;1;0;0;0;0;0;;;2;0;0;0;0
05/06/2019;09:48:00;164;Acidente sem vítima;147;BR-101/ES;Sul;Colisão Lateral;0;0;0;1;0;0;0;0;;;1;0;0;0;0
05/06/2019;10:45:00;190;Acidente sem vítima;31;BR-101/ES;Sul;Colisão Traseira;1;0;0;1;0;0;0;0;;;1;0;0;0;0
05/06/2019;11:08:00;206;Acidente sem vítima;326;BR-101/ES;Sul;Choque;0;0;2;0;0;0;0;0;;;2;0;0;0;0
05/06/2019;12:22:00;242;Acidente com vítima;183,8;BR-101/ES;Sul;Capotamento;1;0;0;0;0;0;0;0;;;0;1;1;0;0
05/06/2019;13:06:00;258;Acidente sem vítima;261;BR-101/ES;Sul;Saída de Pista;1;0;0;0;0;0;0;0;;;2;0;0;0;0
05/06/2019;17:46:00;363;Acidente sem vítima;0,8;BR-101/ES;Sul;Veículo em Chamas;0;0;0;0;0;0;0;3;;;1;0;0;0;0
05/06/2019;21:27:00;404;Acidente sem vítima;360;BR-101/ES;Sul;Saída de Pista;1;0;0;0;0;0;0;0;;;1;0;0;0;0
05/06/2019;23:23:00;436;Acidente sem vítima;365;BR-101/ES;Sul;Queda de Moto;0;0;0;1;0;0;0;0;;;1;0;0;0;0
06/06/2019;05:40:00;58;Acidente com vítima;130;BR-101/ES;Norte;Colisão Frontal;1;0;1;0;0;0;0;0;;;1;2;1;0;0
06/06/2019;05:49:00;61;Acidente com vítima;279;BR-101/ES;Norte;Colisão Traseira;0;0;0;1;0;0;0;2;;;1;0;1;0;0
06/06/2019;06:36:00;63;Acidente com vítima;116;BR-101/ES;Norte;Queda de Moto;0;0;0;1;0;0;0;0;;;1;1;0;0;0
06/06/2019;10:31:00;170;Acidente com vítima;145;BR-101/ES;Sul;Colisão Traseira;1;0;0;1;0;0;0;0;;;1;0;1;0;0
06/06/2019;13:55:00;263;Acidente com vítima;47;BR-101/ES;Sul;Colisão Traseira;2;0;0;0;0;0;0;0;;;0;2;1;0;0
06/06/2019;16:30:00;310;Acidente com vítima;204;BR-101/ES;Sul;Colisão Frontal;1;0;0;1;0;0;0;0;;;1;0;0;1;0
06/06/2019;17:33:00;331;Acidente com vítima;108;BR-101/ES;Sul;Queda de Moto;0;0;0;1;0;0;0;0;;;1;0;1;0;0
06/06/2019;18:17:00;342;Acidente sem vítima;298;BR-101/ES;Norte;Colisão Traseira;2;0;0;0;0;0;0;0;;;2;0;0;0;0
06/06/2019;18:35:00;347;Acidente com vítima;266;BR-101/ES;Sul;Colisão Lateral;1;0;0;1;0;1;0;0;;;1;0;1;0;0
06/06/2019;19:25:00;355;Acidente com vítima;66;BR-101/ES;Norte;Colisão Traseira;1;0;0;1;0;0;0;0;;;1;1;0;0;0
06/06/2019;20:54:00;367;Acidente com vítima;312;BR-101/ES;Norte;Colisão Transversal;2;0;0;0;0;0;0;0;;;2;0;1;0;0
06/06/2019;22:26:00;386;Acidente sem vítima;266;BR-101/ES;Norte;Colisão Lateral;1;0;1;0;0;0;0;0;;;1;0;0;0;0
07/06/2019;01:21:00;22;Acidente sem vítima;203;BR-101/ES;Norte;Saída de Pista;1;0;0;0;0;0;0;0;;;1;0;0;0;0
07/06/2019;05:06:00;64;Acidente sem vítima;412;BR-101/ES;Sul;Atropelamento Animal;1;0;0;0;0;0;0;0;;;1;0;0;0;0
07/06/2019;06:31:00;72;Acidente com vítima;285,4;BR-101/ES;Norte;Colisão Transversal;0;0;0;2;0;0;0;0;;;0;0;2;0;0
07/06/2019;07:25:00;97;Acidente com vítima;268,2;BR-101/ES;Sul;Colisão Traseira;0;0;0;1;0;0;0;0;;;0;1;0;0;0
07/06/2019;09:51:00;156;Acidente com vítima;140;BR-101/ES;Sul;Colisão Traseira;2;0;0;0;0;0;0;0;;;1;1;0;0;0
07/06/2019;10:00:00;158;Acidente com vítima;270;BR-101/ES;Norte;Queda de Moto;0;0;0;1;0;0;0;0;;;0;0;1;0;0
07/06/2019;11:24:00;188;Acidente sem vítima;268;BR-101/ES;Norte;Colisão Traseira;0;0;2;0;0;0;0;2;;;2;0;0;0;0
07/06/2019;14:18:00;259;Acidente sem vítima;296;BR-101/ES;Norte;Colisão Lateral;1;0;0;0;0;0;0;2;;;2;0;0;0;0
07/06/2019;16:29:00;290;Acidente sem vítima;7;BR-101/ES;Norte;Colisão Traseira;2;0;0;0;0;0;0;0;;;2;0;0;0;0
07/06/2019;17:03:00;305;Acidente com vítima;264;BR-101/ES;Norte;Colisão Traseira;2;0;0;0;0;0;0;0;;;5;1;0;0;0
07/06/2019;18:07:00;318;Acidente sem vítima;295;BR-101/ES;Norte;Colisão Traseira;3;0;0;0;0;0;0;0;;;4;0;0;0;0
07/06/2019;18:51:00;326;Acidente sem vítima;91;BR-101/ES;Norte;Colisão Traseira;0;0;0;1;0;0;0;0;;;1;0;0;0;0
07/06/2019;20:04:00;345;Acidente sem vítima;265;BR-101/ES;Norte;Colisão Traseira;2;0;0;0;0;0;0;0;;;2;0;0;0;0
07/06/2019;21:03:00;359;Acidente sem vítima;333;BR-101/ES;Norte;Saída de Pista;0;0;1;0;0;0;0;0;;;1;0;0;0;0
08/06/2019;07:07:00;76;Acidente sem vítima;264;BR-101/ES;Norte;Colisão Traseira;1;0;0;0;0;0;0;0;;;2;0;0;0;0