data;horario;n_da_ocorrencia;tipo_de_ocorrencia;km;trecho;sentido;tipo_de_acidente;automovel;bicicleta;caminhao;moto;onibus;outros;tracao_animal;transporte_de_cargas_especiais;trator_maquinas;utilitarios;ilesos;levemente_feridos;moderadamente_feridos;gravemente_feridos;mortos
08/06/2019;08:23:00;102;Acidente sem vítima;293;BR-101/ES;Sul;Choque;0;0;1;0;1;0;0;0;;;4;0;0;0;0
08/06/2019;08:23:00;103;Acidente com vítima;4;BR-101/ES;Norte;Colisão Lateral;1;0;0;1;0;0;0;0;;;4;1;0;0;0
08/06/2019;12:24:00;200;Acidente sem vítima;230;BR-101/ES;Sul;Engavetamento;1;0;0;2;0;0;0;2;;;4;0;0;0;0
08/06/2019;12:52:00;209;Acidente sem vítima;265;BR-101/ES;Norte;Colisão Traseira;2;0;0;0;0;0;0;0;;;2;0;0;0;0
08/06/2019;23:21:00;387;Acidente sem vítima;5;BR-101/ES;Norte;Choque;1;0;0;0;0;0;0;0;;;2;0;0;0;0
09/06/2019;05:26:00;55;Acidente sem vítima;143;BR-101/ES;Norte;Saída de Pista;1;0;0;0;0;0;0;0;;;1;0;0;0;0
09/06/2019;06:17:00;67;Acidente com vítima;945;BR-101/BA;Norte;Queda de Moto;0;0;0;1;0;0;0;0;;;0;1;0;0;0
09/06/2019;07:17:00;73;Acidente sem vítima;266;BR-101/ES;Sul;Colisão Transversal;1;0;0;0;0;0;0;0;;;2;0;0;0;0
09/06/2019;08:19:00;87;Acidente sem vítima;269;BR-101/ES;Sul;Colisão Traseira;2;0;0;0;0;0;0;0;;;2;0;0;0;0
09/06/2019;08:20:00;88;Acidente sem vítima;94;BR-101/ES;Sul;Colisão Transversal;1;0;1;0;0;0;0;0;;;2;0;0;0;0
09/06/2019;11:09:00;132;Acidente sem vítima;255;BR-101/ES;Sul;Colisão Traseira;3;0;0;0;0;0;0;0;;;5;0;0;0;0
09/06/2019;13:00:00;174;Acidente sem vítima;66;BR-101/ES;Norte;Choque com Objeto Fixo;1;0;0;0;0;0;0;0;;;1;0;0;0;0
09/06/2019;15:17:00;221;Acidente com vítima;334;BR-101/ES;Norte;Queda de Moto;0;0;0;1;0;0;0;0;;;0;1;0;0;0
09/06/2019;16:10:00;238;Acidente sem vítima;314;BR-101/ES;Sul;Choque com Objeto Fixo;0;0;0;0;0;0;0;2;;;1;0;0;0;0
09/06/2019;16:21:00;241;Acidente com vítima;314;BR-101/ES;Norte;Colisão Traseira;3;0;0;0;0;0;0;2;;;5;0;2;0;0
09/06/2019;23:37:00;330;Acidente com vítima;66;BR-101/ES;Sul;Queda de Moto;0;0;0;1;0;0;0;0;;;0;0;0;1;0
10/06/2019;01:27:00;17;Acidente com vítima;298;BR-101/ES;Norte;Choque com Objeto Fixo;1;0;0;0;0;0;0;0;;;1;0;0;1;0
10/06/2019;02:45:00;34;Acidente sem vítima;295;BR-101/ES;Norte;Choque com Objeto Fixo;1;0;0;0;0;0;0;0;;;1;0;0;0;0
10/06/2019;06:58:00;92;Acidente sem vítima;146;BR-101/ES;Sul;Engavetamento;3;0;0;1;0;0;0;0;;;6;0;0;0;0
10/06/2019;10:00:00;150;Acidente sem vítima;299;BR-101/ES;Sul;Choque com Objeto Fixo;1;0;0;0;0;0;0;0;;;1;0;0;0;0
10/06/2019;13:41:00;250;Acidente sem vítima;265;BR-101/ES;Norte;Colisão Traseira;2;0;0;0;0;0;0;0;;;2;0;0;0;0
10/06/2019;17:04:00;314;Acidente sem vítima;255;BR-101/ES;Norte;Colisão Traseira;2;0;0;0;0;0;0;0;;;2;0;0;0;0
10/06/2019;18:05:00;340;Acidente sem vítima;262;BR-101/ES;Sul;Colisão Lateral;1;0;0;0;1;0;0;0;;;2;0;0;0;0
10/06/2019;18:20:00;342;Acidente sem vítima;301,4;BR-101/ES;Sul;Colisão Lateral;1;0;1;0;0;0;0;0;;;2;0;0;0;0
10/06/2019;19:25:00;356;Acidente sem vítima;351;BR-101/ES;Norte;Atropelamento Animal;1;0;0;0;0;0;0;1;;;3;0;0;0;0
10/06/2019;20:44:00;377;Acidente sem vítima;201;BR-101/ES;Norte;Saída de Pista;1;0;0;0;0;0;0;0;;;1;0;0;0;0
10/06/2019;22:15:00;396;Acidente com morte;259,9;BR-101/ES;Sul;Choque com Objeto Fixo;1;0;0;0;0;0;0;0;;;0;0;0;0;1
10/06/2019;23:03:00;411;Acidente com morte;246,3;BR-101/ES;Sul;Tombamento;1;0;0;0;0;0;0;2;;;1;0;0;1;3
11/06/2019;05:24:00;57;Acidente com vítima;296;BR-101/ES;Norte;Colisão Lateral;0;0;0;1;0;0;0;0;;;0;0;1;0;0
11/06/2019;09:12:00;138;Acidente sem vítima;269;BR-101/ES;Sul;Colisão Traseira;2;0;0;0;0;0;0;0;;;2;0;0;0;0
11/06/2019;12:24:00;204;Acidente sem vítima;67,3;BR-101/ES;Norte;Colisão Transversal;0;0;0;0;1;0;0;1;;;5;0;0;0;0
11/06/2019;13:16:00;228;Acidente sem vítima;285;BR-101/ES;Norte;Colisão Lateral;1;0;0;1;0;0;0;0;;;2;0;0;0;0
11/06/2019;17:26:00;313;Acidente com vítima;271;BR-101/ES;Sul;Colisão Traseira;0;0;0;0;1;0;0;2;;;3;1;0;0;0
11/06/2019;19:20:00;336;Acidente com vítima;146,9;BR-101/ES;Norte;Colisão Traseira;1;0;0;1;0;0;0;0;;;1;1;0;0;0
11/06/2019;19:27:00;337;Acidente com vítima;292;BR-101/ES;Norte;Queda de Moto;1;0;0;0;0;0;0;0;;;0;1;0;0;0
12/06/2019;01:57:00;30;Acidente sem vítima;275;BR-101/ES;Sul;Choque com Objeto Fixo;1;0;0;0;0;0;0;0;;;2;0;0;0;0
12/06/2019;05:45:00;72;Acidente sem vítima;945;BR-101/BA;Norte;Saída de Pista;0;0;0;0;0;0;0;3;;;1;0;0;0;0
12/06/2019;06:41:00;82;Acidente sem vítima;336;BR-101/ES;Norte;Colisão Lateral;0;0;1;0;0;0;0;2;;;3;0;0;0;0
12/06/2019;09:11:00;158;Acidente sem vítima;269;BR-101/ES;Sul;Queda de Moto;0;0;0;1;0;0;0;0;;;1;0;0;0;0
12/06/2019;09:54:00;174;Acidente com vítima;269;BR-101/ES;Norte;Queda de Moto;0;0;0;1;0;0;0;0;;;0;1;0;0;0
12/06/2019;10:29:00;190;Atropelamento sem morte;298;BR-101/ES;Norte;Atropelamento;0;0;0;1;0;0;0;0;;;0;2;0;0;0
12/06/2019;10:35:00;192;Acidente sem vítima;67;BR-101/ES;Sul;Colisão Traseira;2;0;0;0;0;0;0;0;;;3;0;0;0;0
12/06/2019;11:48:00;226;Acidente sem vítima;234;BR-101/ES;Sul;Saída de Pista;1;0;0;0;0;0;0;0;;;1;0;0;0;0
12/06/2019;12:23:00;244;Acidente sem vítima;264;BR-101/ES;Norte;Veículo em Chamas;1;0;0;0;0;0;0;0;;;1;0;0;0;0
12/06/2019;13:07:00;267;Acidente sem vítima;268,9;BR-101/ES;Sul;Colisão Traseira;1;0;0;0;1;0;0;0;;;3;0;0;0;0
12/06/2019;16:28:00;340;Acidente com vítima;282;BR-101/ES;Sul;Queda de Moto;0;0;0;1;0;0;0;0;;;0;1;0;0;0
12/06/2019;16:57:00;352;Acidente sem vítima;267;BR-101/ES;Sul;Capotamento;1;0;0;0;0;0;0;0;;;1;0;0;0;0
12/06/2019;17:40:00;370;Acidente com vítima;394;BR-101/ES;Norte;Colisão com ciclista;0;1;0;0;1;0;0;0;;;1;0;0;1;0
12/06/2019;18:31:00;382;Acidente com vítima;269;BR-101/ES;Norte;Queda de Moto;0;0;0;1;0;0;0;0;;;0;0;1;0;0
12/06/2019;19:13:00;385;Acidente sem vítima;214;BR-101/ES;Norte;Colisão Traseira;0;0;1;1;0;0;0;0;;;2;0;0;0;0
12/06/2019;19:14:00;386;Acidente sem vítima;297;BR-101/ES;Norte;Choque;1;0;1;0;0;0;0;0;;;2;0;0;0;0
12/06/2019;20:14:00;403;Acidente com vítima;292;BR-101/ES;Sul;Colisão Lateral;1;0;0;1;0;0;0;0;;;2;0;1;0;0
12/06/2019;22:42:00;433;Acidente sem vítima;302;BR-101/ES;Norte;Choque com Objeto Fixo;1;0;0;0;0;0;0;0;;;1;0;0;0;0
13/06/2019;07:42:00;81;Acidente sem vítima;270,7;BR-101/ES;Sul;Colisão Lateral;1;0;0;0;0;0;0;3;;;2;0;0;0;0
13/06/2019;09:30:00;143;Acidente sem vítima;269,7;BR-101/ES;Sul;Colisão Traseira;2;0;0;0;0;0;0;0;;;2;0;0;0;0
13/06/2019;09:42:00;152;Acidente sem vítima;338;BR-101/ES;Sul;Saída de Pista;0;0;1;0;0;0;0;0;;;2;0;0;0;0
13/06/2019;10:17:00;168;Acidente sem vítima;263;BR-101/ES;Sul;Choque com Objeto Fixo;1;0;0;0;0;0;0;0;;;1;0;0;0;0
13/06/2019;11:27:00;196;Acidente com vítima;68;BR-101/ES;Norte;Colisão Traseira;2;0;0;1;0;0;0;0;;;3;0;1;0;0
13/06/2019;14:38:00;259;Acidente sem vítima;342;BR-101/ES;Norte;Colisão Traseira;2;0;0;0;0;0;0;0;;;2;0;0;0;0
13/06/2019;15:21:00;270;Acidente com vítima;234;BR-101/ES;Norte;Capotamento;1;0;0;0;0;0;0;0;;;0;1;0;0;0
13/06/2019;16:26:00;283;Acidente com vítima;269,7;BR-101/ES;Norte;Colisão Lateral;1;0;0;1;0;0;0;0;;;2;1;0;0;0
13/06/2019;17:45:00;304;Acidente com vítima;157;BR-101/ES;Sul;Queda de Moto;0;0;0;1;0;0;0;0;;;0;0;1;0;0
13/06/2019;18:00:00;311;Atropelamento com morte;289;BR-101/ES;Sul;Atropelamento;1;0;0;0;0;0;0;0;;;1;0;0;0;1
14/06/2019;04:59:00;57;Acidente com vítima;140;BR-101/ES;Norte;Colisão com ciclista;1;1;0;0;0;0;0;0;;;1;0;1;0;0
14/06/2019;06:58:00;78;Acidente com vítima;401;BR-101/ES;Sul;Colisão Traseira;0;0;1;1;0;0;0;0;;;1;0;1;0;0
14/06/2019;09:25:00;148;Acidente sem vítima;146;BR-101/ES;Norte;Colisão Transversal;1;0;0;0;0;0;0;2;;;2;0;0;0;0
14/06/2019;09:35:00;152;Acidente sem vítima;274;BR-101/ES;Norte;Colisão Traseira;2;0;0;0;0;0;0;0;;;2;0;0;0;0
14/06/2019;12:14:00;227;Acidente sem vítima;257;BR-101/ES;Sul;Colisão Traseira;2;0;0;0;0;0;0;0;;;4;0;0;0;0
14/06/2019;13:37:00;262;Acidente sem vítima;149;BR-101/ES;Norte;Colisão Traseira;2;0;0;0;0;0;0;0;;;5;0;0;0;0
14/06/2019;16:27:00;306;Acidente sem vítima;270;BR-101/ES;Norte;Colisão Lateral;1;0;1;0;0;0;0;0;;;1;0;0;0;0
14/06/2019;16:46:00;316;Atropelamento sem morte;143;BR-101/ES;Sul;Atropelamento e Fuga;0;0;0;1;0;0;0;0;;;0;1;0;0;0
14/06/2019;17:11:00;325;Acidente com vítima;147;BR-101/ES;Sul;Colisão Transversal;1;0;0;1;0;0;0;0;;;3;1;0;0;0
14/06/2019;17:26:00;331;Acidente sem vítima;345;BR-101/ES;Norte;Atropelamento de Bovino;0;0;1;0;0;0;0;1;;;1;0;0;0;0
14/06/2019;17:49:00;338;Acidente sem vítima;267;BR-101/ES;Sul;Colisão Traseira;1;0;0;0;0;0;0;2;;;2;0;0;0;0
14/06/2019;18:11:00;343;Acidente sem vítima;345;BR-101/ES;Norte;Atropelamento de Bovino;1;0;0;0;0;0;0;0;;;1;0;0;0;0
14/06/2019;18:24:00;347;Acidente com vítima;69;BR-101/ES;Norte;Colisão com ciclista;0;2;0;0;0;0;0;0;;;0;1;1;0;0
14/06/2019;18:49:00;357;Acidente com vítima;296;BR-101/ES;Norte;Colisão Lateral;1;0;1;0;0;0;0;1;;;2;1;0;0;0
14/06/2019;19:55:00;372;Acidente com vítima;145;BR-101/ES;Norte;Colisão Traseira;0;0;0;2;0;0;0;0;;;0;1;1;0;0
14/06/2019;20:53:00;389;Acidente sem vítima;180;BR-101/ES;Norte;Atropelamento Animal;1;0;0;0;0;0;0;0;;;1;0;0;0;0
14/06/2019;21:04:00;392;Acidente com vítima;145;BR-101/ES;Norte;Queda de Moto;0;0;0;1;0;0;0;0;;;0;1;0;0;0
15/06/2019;08:48:00;135;Acidente com vítima;263;BR-101/ES;Norte;Colisão Traseira;1;0;0;1;0;0;0;0;;;1;0;1;0;0
15/06/2019;10:35:00;174;Acidente com vítima;267;BR-101/ES;Norte;Colisão Traseira;1;0;0;1;0;0;0;0;;;1;1;0;0;0
15/06/2019;12:45:00;239;Acidente sem vítima;267;BR-101/ES;Norte;Engavetamento;3;0;0;0;0;0;0;0;;;3;0;0;0;0
15/06/2019;13:21:00;249;Acidente com vítima;331;BR-101/ES;Sul;Queda de Moto;0;0;0;1;0;0;0;0;;;0;2;0;0;0
15/06/2019;16:09:00;315;Acidente sem vítima;146;BR-101/ES;Sul;Colisão Traseira;1;0;0;0;1;0;0;0;;;2;0;0;0;0
15/06/2019;16:56:00;331;Acidente sem vítima;270;BR-101/ES;Sul;Colisão Traseira;1;0;0;0;1;0;0;0;;;2;0;0;0;0
15/06/2019;19:03:00;352;Acidente com vítima;358;BR-101/ES;Norte;Capotamento;1;0;0;0;0;0;0;0;;;0;1;0;0;0
15/06/2019;22:12:00;388;Acidente com vítima;140;BR-101/ES;Norte;Colisão Traseira;1;0;0;1;0;0;0;0;;;1;1;0;0;0
16/06/2019;02:58:00;42;Acidente com morte;201;BR-101/ES;Sul;Colisão Frontal;1;0;2;0;0;0;0;0;;;2;0;0;0;1
16/06/2019;03:05:00;43;Acidente com vítima;84;BR-101/ES;Sul;Tombamento;0;0;0;0;0;0;0;3;;;0;1;0;0;0
16/06/2019;04:29:00;50;Acidente com vítima;201;BR-101/ES;Sul;Choque com Objeto Fixo;1;0;0;0;0;0;0;0;;;0;1;0;0;0
16/06/2019;05:44:00;60;Acidente com vítima;294;BR-101/ES;Sul;Choque com Objeto Fixo;0;0;0;1;0;0;0;0;;;0;0;1;1;0
16/06/2019;09:15:00;105;Acidente sem vítima;146;BR-101/ES;Sul;Colisão Traseira;2;0;0;0;0;0;0;0;;;5;0;0;0;0
16/06/2019;10:40:00;130;Acidente com vítima;458;BR-101/ES;Norte;Colisão Lateral;2;0;0;0;0;0;0;0;;;2;0;2;0;0
16/06/2019;16:27:00;230;Atropelamento sem morte;108;BR-101/ES;Sul;Atropelamento;1;0;0;0;0;0;0;0;;;2;0;0;1;0
16/06/2019;18:11:00;259;Acidente com vítima;285;BR-101/ES;Sul;Colisão Lateral;1;0;0;1;0;0;0;0;;;5;0;1;0;0
16/06/2019;18:46:00;263;Acidente sem vítima;253;BR-101/ES;Sul;Engavetamento;3;0;0;0;0;0;0;0;;;12;0;0;0;0
16/06/2019;21:00:00;284;Acidente com vítima;162;BR-101/ES;Sul;Colisão Traseira;0;0;1;1;0;0;0;0;;;1;1;0;0;0
16/06/2019;21:13:00;287;Acidente sem vítima;300;BR-101/ES;Sul;Colisão Lateral;1;0;0;1;0;0;0;0;;;3;0;0;0;0
16/06/2019;21:14:00;288;Acidente sem vítima;266;BR-101/ES;Sul;Colisão Transversal;2;0;0;0;0;0;0;0;;;2;0;0;0;0
16/06/2019;21:26:00;289;Acidente com vítima;265;BR-101/ES;Norte;Saída de Pista;1;0;0;0;0;0;0;0;;;1;2;2;0;0
16/06/2019;22:08:00;297;Acidente sem vítima;197;BR-101/ES;Sul;Atropelamento Animal;1;0;0;0;0;0;0;0;;;1;0;0;0;0
17/06/2019;07:37:00;100;Acidente sem vítima;268;BR-101/ES;Norte;Colisão Lateral;2;0;0;0;0;0;0;0;;;2;0;0;0;0
17/06/2019;08:44:00;121;Acidente sem vítima;270;BR-101/ES;Sul;Colisão Lateral;1;0;1;0;0;0;0;1;;;2;0;0;0;0
17/06/2019;15:57:00;268;Acidente com vítima;290;BR-101/ES;Sul;Colisão Traseira;0;0;1;1;0;0;0;0;;;1;0;1;0;0
17/06/2019;16:44:00;279;Acidente com vítima;342;BR-101/ES;Sul;Queda de Moto;0;0;0;1;0;0;0;0;;;0;1;0;0;0
17/06/2019;17:31:00;298;Acidente sem vítima;263;BR-101/ES;Sul;Colisão Traseira;2;0;0;0;0;0;0;0;;;2;0;0;0;0
17/06/2019;17:39:00;300;Acidente com vítima;269;BR-101/ES;Sul;Colisão Traseira;1;0;0;1;0;0;0;0;;;0;1;0;0;0
17/06/2019;18:03:00;312;Acidente com vítima;212;BR-101/ES;Norte;Queda de Moto;0;0;0;1;0;0;0;0;;;0;0;1;0;0
17/06/2019;18:38:00;317;Acidente com vítima;269;BR-101/ES;Sul;Colisão Traseira;0;0;1;1;0;0;0;0;;;0;1;0;0;0
17/06/2019;19:12:00;328;Acidente sem vítima;246;BR-101/ES;Sul;Colisão Traseira;1;0;1;0;0;0;0;1;;;2;0;0;0;0
17/06/2019;19:32:00;334;Acidente com vítima;293;BR-101/ES;Norte;Colisão Lateral;2;0;0;0;0;0;0;0;;;1;0;0;1;0
17/06/2019;20:45:00;343;Acidente com vítima;18;BR-101/ES;Norte;Tombamento;0;0;1;0;0;0;0;0;;;1;0;1;0;0
17/06/2019;21:15:00;351;Acidente sem vítima;436;BR-101/ES;Sul;Saída de Pista;1;0;0;0;0;0;0;0;;;2;0;0;0;0
17/06/2019;22:52:00;377;Acidente sem vítima;323;BR-101/ES;Norte;Colisão Traseira;1;0;0;0;0;0;0;1;;;1;0;0;0;0
18/06/2019;07:44:00;100;Acidente sem vítima;268;BR-101/ES;Sul;Engavetamento;2;0;1;0;0;0;0;1;;;3;0;0;0;0
18/06/2019;11:42:00;203;Acidente com vítima;305;BR-101/ES;Sul;Colisão Traseira;0;0;1;1;0;0;0;0;;;1;1;1;0;0
18/06/2019;15:05:00;285;Acidente sem vítima;267;BR-101/ES;Norte;Colisão Lateral;1;0;1;0;0;0;0;0;;;2;0;0;0;0
18/06/2019;16:22:00;315;Acidente sem vítima;278;BR-101/ES;Norte;Capotamento;1;0;0;0;0;0;0;0;;;1;0;0;0;0
18/06/2019;19:20:00;352;Acidente sem vítima;176;BR-101/ES;Norte;Colisão Traseira;1;0;1;0;0;0;0;0;;;6;0;0;0;0
19/06/2019;01:11:00;17;Acidente sem vítima;83,9;BR-101/ES;Norte;Saída de Pista;0;0;1;0;0;0;0;0;;;1;0;0;0;0
19/06/2019;04:34:00;47;Acidente sem vítima;200;BR-101/ES;Norte;Colisão Lateral;1;0;0;0;0;0;0;2;;;2;0;0;0;0
19/06/2019;08:55:00;140;Acidente sem vítima;263,7;BR-101/ES;Sul;Colisão Traseira;2;0;0;0;0;0;0;0;;;2;0;0;0;0
19/06/2019;11:20:00;195;Acidente com vítima;147;BR-101/ES;Sul;Colisão Traseira;0;0;0;2;0;0;0;0;;;0;2;0;0;0
19/06/2019;13:11:00;241;Acidente sem vítima;255;BR-101/ES;Sul;Engavetamento;3;0;0;0;0;0;0;0;;;3;0;0;0;0
19/06/2019;13:51:00;257;Acidente sem vítima;270,5;BR-101/ES;Norte;Colisão Lateral;2;0;0;0;0;0;0;2;;;4;0;0;0;0
19/06/2019;15:51:00;293;Acidente sem vítima;453;BR-101/ES;Sul;Colisão Frontal;2;0;0;0;0;0;0;0;;;3;0;0;0;0
19/06/2019;16:17:00;304;Acidente sem vítima;263;BR-101/ES;Norte;Colisão Traseira;1;0;0;0;0;0;0;1;;;2;0;0;0;0
19/06/2019;19:48:00;371;Acidente com vítima;297;BR-101/ES;Sul;Colisão Traseira;1;0;0;1;0;0;0;0;;;2;0;0;1;0
19/06/2019;23:25:00;418;Acidente sem vítima;144;BR-101/ES;Sul;Saída de Pista;1;0;0;0;0;0;0;0;;;1;0;0;0;0
19/06/2019;23:53:00;424;Acidente sem vítima;268;BR-101/ES;Sul;Colisão Traseira;3;0;0;0;0;0;0;0;;;6;0;0;0;0
20/06/2019;00:39:00;10;Acidente sem vítima;185;BR-101/ES;Sul;Saída de Pista;1;0;0;0;0;0;0;0;;;3;0;0;0;0
20/06/2019;02:51:00;38;Acidente sem vítima;401;BR-101/ES;Norte;Capotamento;1;0;0;0;0;0;0;0;;;1;0;0;0;0
20/06/2019;06:43:00;74;Acidente com vítima;296,9;BR-101/ES;Sul;Queda de Moto;0;0;0;1;0;0;0;0;;;0;1;0;0;0
20/06/2019;07:24:00;82;Acidente sem vítima;252;BR-101/ES;Norte;Colisão Transversal;1;0;0;1;0;0;0;0;;;2;0;0;0;0
20/06/2019;09:22:00;131;Acidente com vítima;322;BR-101/ES;Norte;Queda de Moto;0;0;0;1;0;0;0;0;;;0;1;0;0;0
20/06/2019;10:06:00;151;Acidente sem vítima;305;BR-101/ES;Sul;Colisão Lateral;1;0;0;0;0;0;0;2;;;3;0;0;0;0
20/06/2019;13:20:00;220;Acidente com vítima;93;BR-101/ES;Norte;Colisão Transversal;2;0;0;0;0;0;0;0;;;2;0;0;1;0
20/06/2019;14:06:00;241;Acidente com vítima;166;BR-101/ES;Norte;Colisão Traseira;2;0;0;0;0;0;0;0;;;3;1;0;0;0
20/06/2019;18:40:00;312;Acidente com morte;128,5;BR-101/ES;Sul;Colisão com ciclista;0;1;1;0;0;0;0;0;;;1;0;0;0;1
20/06/2019;22:39:00;354;Acidente com vítima;391,1;BR-101/ES;Sul;Colisão Traseira;2;0;0;0;0;0;0;0;;;1;2;1;0;0
20/06/2019;23:37:00;368;Acidente sem vítima;303;BR-101/ES;Norte;Choque com Objeto Fixo;0;0;0;1;0;0;0;0;;;1;0;0;0;0
21/06/2019;06:38:00;73;Acidente sem vítima;286;BR-101/ES;Sul;Engavetamento;5;0;0;0;0;0;0;0;;;6;0;0;0;0
21/06/2019;07:20:00;95;Acidente sem vítima;68;BR-101/ES;Sul;Colisão Traseira;1;0;0;0;0;0;0;2;;;2;0;0;0;0
21/06/2019;09:28:00;138;Atropelamento sem morte;149;BR-101/ES;Norte;Atropelamento;1;0;0;0;0;0;0;0;;;2;0;1;0;0
21/06/2019;12:32:00;204;Acidente sem vítima;271;BR-101/ES;Sul;Colisão Traseira;1;0;0;0;0;0;0;1;;;2;0;0;0;0
21/06/2019;12:48:00;210;Acidente com vítima;402,8;BR-101/ES;Norte;Capotamento;1;0;0;0;0;0;0;0;;;0;1;0;0;0
21/06/2019;16:59:00;289;Acidente sem vítima;197;BR-101/ES;Sul;Saída de Pista;1;0;0;0;0;0;0;0;;;1;0;0;0;0
22/06/2019;06:52:00;74;Acidente sem vítima;278;BR-101/ES;Sul;Saída de Pista;1;0;0;0;0;0;0;0;;;1;0;0;0;0
22/06/2019;12:31:00;185;Acidente sem vítima;318;BR-101/ES;Norte;Veículo em Chamas;0;0;0;0;0;0;0;2;;;1;0;0;0;0
22/06/2019;13:16:00;205;Acidente com vítima;262;BR-101/ES;Sul;Queda de Moto;0;0;0;1;0;0;0;0;;;0;0;2;0;0
22/06/2019;17:55:00;288;Acidente com vítima;130;BR-101/ES;Sul;Colisão Traseira;1;0;0;1;0;0;0;0;;;1;1;0;0;0
22/06/2019;19:02:00;296;Acidente sem vítima;63;BR-101/ES;Sul;Saída de Pista;1;0;0;0;0;0;0;0;;;1;0;0;0;0
22/06/2019;19:04:00;297;Acidente com vítima;91;BR-101/ES;Sul;Colisão Traseira;1;0;0;1;0;0;0;0;;;1;1;0;0;0
22/06/2019;19:19:00;304;Acidente sem vítima;140;BR-101/ES;Sul;Saída de Pista;1;0;0;0;0;0;0;0;;;1;0;0;0;0
22/06/2019;19:20:00;305;Acidente sem vítima;204;BR-101/ES;Norte;Saída de Pista;1;0;0;0;0;0;0;0;;;1;0;0;0;0
22/06/2019;19:44:00;310;Atropelamento sem morte;126,3;BR-101/ES;Sul;Atropelamento e Fuga;1;0;0;0;0;0;0;0;;;0;1;0;0;0
23/06/2019;03:33:00;42;Acidente sem vítima;149;BR-101/ES;Sul;Colisão Transversal;2;0;0;0;0;0;0;0;;;2;0;0;0;0
23/06/2019;09:26:00;111;Acidente com vítima;235;BR-101/ES;Sul;Colisão Lateral;2;0;0;0;0;0;0;0;;;3;1;2;0;0
23/06/2019;09:44:00;117;Acidente sem vítima;67;BR-101/ES;Sul;Colisão Traseira;0;0;1;0;0;0;0;3;;;2;0;0;0;0
23/06/2019;11:05:00;149;Acidente sem vítima;7;BR-101/ES;Sul;Choque com Objeto Fixo;1;0;0;0;0;0;0;0;;;1;0;0;0;0
23/06/2019;13:06:00;200;Acidente sem vítima;305;BR-101/ES;Sul;Colisão Traseira;2;0;0;0;0;0;0;0;;;2;0;0;0;0
23/06/2019;13:09:00;202;Acidente com vítima;269;BR-101/ES;Norte;Colisão Transversal;3;0;0;0;0;0;0;0;;;3;1;0;0;0
23/06/2019;13:28:00;208;Acidente sem vítima;227;BR-101/ES;Sul;Saída de Pista;1;0;0;0;0;0;0;0;;;4;0;0;0;0
23/06/2019;13:56:00;220;Acidente sem vítima;197;BR-101/ES;Norte;Saída de Pista;1;0;0;0;0;0;0;0;;;1;0;0;0;0
23/06/2019;15:44:00;255;Acidente com vítima;283;BR-101/ES;Sul;Saída de Pista;1;0;0;0;0;0;0;0;;;0;0;1;0;0
23/06/2019;16:51:00;280;Acidente sem vítima;61;BR-101/ES;Sul;Engavetamento;4;0;0;0;0;0;0;0;;;13;0;0;0;0
23/06/2019;17:39:00;298;Acidente sem vítima;225,3;BR-101/ES;Sul;Colisão Traseira;1;0;0;0;0;0;0;0;;;5;0;0;0;0
23/06/2019;17:58:00;304;Acidente sem vítima;225;BR-101/ES;Sul;Colisão Traseira;2;0;0;0;0;0;0;0;;;7;0;0;0;0
23/06/2019;19:52:00;336;Atropelamento sem morte;141;BR-101/ES;Norte;Atropelamento e Fuga;0;0;0;0;0;0;0;1;;;0;1;0;0;0
23/06/2019;20:53:00;349;Acidente sem vítima;247;BR-101/ES;Sul;Colisão Traseira;3;0;0;0;0;0;0;0;;;10;0;0;0;0
23/06/2019;21:52:00;357;Acidente com vítima;286,8;BR-101/ES;Norte;Colisão Transversal;1;0;0;1;0;0;0;0;;;3;0;0;1;0
23/06/2019;21:55:00;358;Acidente sem vítima;266;BR-101/ES;Sul;Colisão Traseira;2;0;0;0;0;0;0;0;;;3;0;0;0;0
24/06/2019;02:46:00;41;Acidente sem vítima;264;BR-101/ES;Norte;Colisão Transversal;1;0;0;0;0;0;0;2;;;2;0;0;0;0
24/06/2019;05:56:00;65;Acidente com vítima;309,6;BR-101/ES;Norte;Saída de Pista;0;0;0;0;1;0;0;0;;;3;1;2;0;0
24/06/2019;08:49:00;142;Acidente com vítima;270;BR-101/ES;Sul;Queda de Moto;0;0;0;1;0;0;0;0;;;0;2;0;0;0
24/06/2019;11:01:00;195;Acidente sem vítima;372;BR-101/ES;Sul;Colisão Transversal;1;0;0;0;0;0;0;0;;;1;0;0;0;0
24/06/2019;11:41:00;214;Acidente sem vítima;339;BR-101/ES;Sul;Choque;1;0;0;0;0;0;0;2;;;4;0;0;0;0
24/06/2019;14:14:00;275;Acidente sem vítima;85;BR-101/ES;Sul;Colisão Traseira;1;0;0;0;0;0;0;2;;;2;0;0;0;0
24/06/2019;14:42:00;283;Acidente sem vítima;255;BR-101/ES;Sul;Colisão Traseira;2;0;0;0;0;0;0;0;;;2;0;0;0;0
24/06/2019;14:59:00;292;Acidente com vítima;271;BR-101/ES;Norte;Colisão Lateral;1;0;0;2;0;0;0;0;;;1;1;1;0;0
24/06/2019;15:48:00;303;Acidente com vítima;269;BR-101/ES;Sul;Colisão Transversal;2;0;0;0;0;0;0;0;;;1;3;0;0;0