data;horario;n_da_ocorrencia;tipo_de_ocorrencia;km;trecho;sentido;tipo_de_acidente;automovel;bicicleta;caminhao;moto;onibus;outros;tracao_animal;transporte_de_cargas_especiais;trator_maquinas;utilitarios;ilesos;levemente_feridos;moderadamente_feridos;gravemente_feridos;mortos
24/06/2019;16:17:00;311;Acidente sem vítima;27;BR-101/ES;Sul;Choque com Veículo Estacionado;2;0;0;0;0;0;0;0;;;3;0;0;0;0
24/06/2019;17:24:00;335;Atropelamento sem morte;267,8;BR-101/ES;Sul;Atropelamento;0;0;0;1;0;0;0;0;;;0;1;1;0;0
24/06/2019;21:34:00;373;Acidente com vítima;264;BR-101/ES;Norte;Colisão Transversal;1;0;0;1;0;0;0;0;;;1;2;0;0;0
25/06/2019;07:23:00;76;Atropelamento sem morte;269;BR-101/ES;Sul;Atropelamento;1;0;0;1;0;0;0;0;;;1;0;2;0;0
25/06/2019;07:38:00;84;Acidente sem vítima;134;BR-101/ES;Norte;Colisão Traseira;2;0;0;0;0;0;0;0;;;5;0;0;0;0
25/06/2019;08:05:00;114;Acidente sem vítima;298;BR-101/ES;Norte;Colisão Traseira;2;0;0;0;0;0;0;0;;;3;0;0;0;0
25/06/2019;13:15:00;234;Acidente com vítima;293;BR-101/ES;Sul;Queda de Moto;0;0;0;1;0;0;0;0;;;1;0;1;0;0
25/06/2019;13:19:00;235;Acidente com vítima;192;BR-101/ES;Sul;Choque;0;0;0;0;0;0;0;2;;;0;1;0;0;0
25/06/2019;16:48:00;298;Acidente sem vítima;255;BR-101/ES;Sul;Colisão Traseira;1;0;1;0;0;0;0;0;;;3;0;0;0;0
25/06/2019;18:30:00;323;Acidente com morte;237;BR-101/ES;Norte;Colisão Frontal;1;0;0;0;0;0;0;2;;;1;0;0;0;1
25/06/2019;18:53:00;326;Acidente sem vítima;256,4;BR-101/ES;Sul;Engavetamento;2;0;1;0;0;0;0;0;;;3;0;0;0;0
25/06/2019;19:45:00;336;Acidente sem vítima;7;BR-101/ES;Sul;Saída de Pista;1;0;0;0;0;0;0;0;;;1;0;0;0;0
25/06/2019;19:49:00;337;Atropelamento sem morte;268;BR-101/ES;Sul;Atropelamento;0;0;0;1;0;0;0;0;;;1;0;1;0;0
25/06/2019;21:28:00;351;Acidente com vítima;290;BR-101/ES;Sul;Queda de Moto;0;0;0;1;0;0;0;0;;;0;0;2;0;0
26/06/2019;07:19:00;99;Atropelamento sem morte;143,7;BR-101/ES;Norte;Atropelamento e Fuga;1;0;0;0;0;0;0;0;;;0;1;0;0;0
26/06/2019;15:14:00;302;Acidente sem vítima;266;BR-101/ES;Sul;Engavetamento;2;0;2;0;0;0;0;0;;;7;0;0;0;0
27/06/2019;04:13:00;45;Acidente sem vítima;435,5;BR-101/ES;Norte;Saída de Pista;1;0;0;0;0;0;0;0;;;2;0;0;0;0
27/06/2019;05:31:00;56;Acidente com vítima;265;BR-101/ES;Sul;Colisão Traseira;1;0;0;1;0;0;0;0;;;2;1;0;0;0
27/06/2019;06:05:00;61;Acidente sem vítima;76;BR-101/ES;Norte;Colisão Traseira;0;0;2;0;0;0;0;0;;;2;0;0;0;0
27/06/2019;06:09:00;62;Acidente sem vítima;76;BR-101/ES;Sul;Engavetamento;3;0;0;0;0;0;0;3;;;10;0;0;0;0
27/06/2019;08:05:00;108;Acidente com vítima;66;BR-101/ES;Sul;Colisão Transversal;0;1;1;0;0;0;0;0;;;2;1;0;0;0
27/06/2019;10:25:00;167;Acidente sem vítima;129;BR-101/ES;Sul;Colisão Lateral;2;0;0;0;0;0;0;0;;;2;0;0;0;0
27/06/2019;10:42:00;184;Acidente sem vítima;269;BR-101/ES;Sul;Colisão Traseira;1;0;1;0;0;0;0;0;;;2;0;0;0;0
27/06/2019;15:32:00;312;Acidente com vítima;279;BR-101/ES;Norte;Colisão Traseira;0;0;0;1;0;0;0;2;;;1;0;1;0;0
27/06/2019;15:36:00;315;Acidente sem vítima;262,5;BR-101/ES;Norte;Engavetamento;3;0;0;0;0;0;0;0;;;5;0;0;0;0
27/06/2019;18:13:00;363;Acidente sem vítima;162;BR-101/ES;Norte;Colisão Transversal;0;0;0;0;1;0;0;2;;;40;0;0;0;0
27/06/2019;22:15:00;402;Acidente com vítima;135;BR-101/ES;Norte;Colisão Lateral;1;0;0;1;0;0;0;0;;;0;1;1;0;0
28/06/2019;08:37:00;126;Atropelamento sem morte;268,7;BR-101/ES;Sul;Atropelamento;0;0;0;1;0;0;0;0;;;1;0;1;0;0
28/06/2019;08:49:00;129;Acidente sem vítima;304,8;BR-101/ES;Sul;Colisão Traseira;2;0;0;0;0;0;0;0;;;2;0;0;0;0
28/06/2019;09:18:00;141;Acidente com vítima;205;BR-101/ES;Sul;Colisão Transversal;2;0;0;0;0;0;0;0;;;1;1;0;0;0
28/06/2019;09:25:00;144;Acidente sem vítima;324;BR-101/ES;Sul;Colisão Traseira;0;0;1;0;1;0;0;0;;;3;0;0;0;0
28/06/2019;09:33:00;147;Acidente sem vítima;266;BR-101/ES;Sul;Colisão Traseira;2;0;0;0;0;0;0;0;;;2;0;0;0;0
28/06/2019;10:50:00;177;Acidente sem vítima;253;BR-101/ES;Sul;Colisão Traseira;2;0;0;0;0;0;0;0;;;2;0;0;0;0
28/06/2019;11:57:00;214;Acidente sem vítima;25;BR-101/ES;Norte;Colisão Lateral;1;0;1;0;0;0;0;0;;;3;0;0;0;0
28/06/2019;12:02:00;216;Acidente com vítima;145;BR-101/ES;Norte;Colisão Transversal;1;0;0;1;0;0;0;0;;;1;1;0;0;0
28/06/2019;12:45:00;238;Acidente sem vítima;150;BR-101/ES;Norte;Colisão Lateral;1;0;0;1;0;0;0;0;;;2;0;0;0;0
28/06/2019;13:24:00;251;Acidente sem vítima;255;BR-101/ES;Sul;Colisão Traseira;0;0;2;0;0;0;0;0;;;4;0;0;0;0
28/06/2019;15:13:00;280;Acidente com vítima;371;BR-101/ES;Sul;Colisão Transversal;1;0;0;1;0;0;0;0;;;2;0;0;1;0
28/06/2019;17:51:00;340;Acidente com vítima;264;BR-101/ES;Norte;Colisão Lateral;1;0;0;1;0;0;0;0;;;1;0;1;0;0
28/06/2019;18:33:00;348;Atropelamento sem morte;285;BR-101/ES;Norte;Atropelamento;1;0;0;0;0;0;0;0;;;1;1;0;0;0
28/06/2019;18:55:00;354;Acidente sem vítima;303;BR-101/ES;Sul;Engavetamento;2;0;1;0;0;0;0;2;;;5;0;0;0;0
28/06/2019;19:53:00;376;Acidente com vítima;307;BR-101/ES;Sul;Queda de Moto;0;0;0;1;0;0;0;0;;;0;1;0;0;0
29/06/2019;01:07:00;15;Atropelamento sem morte;298;BR-101/ES;Sul;Atropelamento e Fuga;1;0;0;1;0;0;0;0;;;0;1;0;0;0
29/06/2019;04:05:00;51;Acidente com vítima;127;BR-101/ES;Sul;Colisão Frontal;2;0;0;0;0;0;0;0;;;1;0;0;1;0
29/06/2019;04:20:00;55;Acidente sem vítima;264;BR-101/ES;Norte;Colisão Traseira;1;0;1;0;0;0;0;1;;;2;0;0;0;0
29/06/2019;05:01:00;65;Acidente sem vítima;192;BR-101/ES;Norte;Colisão Traseira;2;0;0;0;0;0;0;0;;;5;0;0;0;0
29/06/2019;05:28:00;72;Acidente com vítima;150;BR-101/ES;Sul;Choque com Objeto Fixo;1;0;0;0;0;0;0;0;;;0;0;1;1;0
29/06/2019;05:47:00;79;Acidente sem vítima;292;BR-101/ES;Sul;Choque com Objeto Fixo;1;0;0;0;0;0;0;0;;;4;0;0;0;0
29/06/2019;09:49:00;134;Acidente com vítima;269;BR-101/ES;Norte;Choque com Objeto Fixo;1;0;0;0;0;0;0;0;;;0;1;0;0;0
29/06/2019;11:51:00;187;Acidente sem vítima;132;BR-101/ES;Norte;Queda de Moto;0;0;0;1;0;0;0;0;;;1;0;0;0;0
29/06/2019;12:25:00;197;Acidente com vítima;271;BR-101/ES;Sul;Colisão com ciclista;1;1;0;0;0;0;0;0;;;1;1;0;0;0
29/06/2019;12:41:00;205;Acidente sem vítima;163;BR-101/ES;Sul;Colisão Traseira;2;0;0;0;0;0;0;0;;;2;0;0;0;0
29/06/2019;13:16:00;217;Acidente sem vítima;129;BR-101/ES;Sul;Colisão Traseira;2;0;0;0;0;1;0;0;;;4;0;0;0;0
29/06/2019;13:52:00;232;Acidente com vítima;66;BR-101/ES;Norte;Colisão Traseira;1;0;0;1;0;0;0;0;;;4;0;1;0;0
29/06/2019;16:46:00;280;Acidente sem vítima;307;BR-101/ES;Sul;Colisão Traseira;4;0;0;0;0;0;0;0;;;12;0;0;0;0
29/06/2019;16:57:00;283;Acidente sem vítima;295,8;BR-101/ES;Sul;Colisão Traseira;2;0;0;0;0;0;0;0;;;2;0;0;0;0
29/06/2019;17:00:00;285;Acidente com vítima;141,9;BR-101/ES;Sul;Queda de Moto;0;0;0;1;0;0;0;0;;;0;1;0;0;0
30/06/2019;01:09:00;22;Acidente com morte;221;BR-101/ES;Norte;Colisão Frontal;0;0;0;1;0;0;0;2;;;1;0;0;0;1
30/06/2019;01:10:00;23;Acidente sem vítima;261;BR-101/ES;Norte;Saída de Pista;1;0;0;0;0;0;0;0;;;1;0;0;0;0
30/06/2019;04:31:00;53;Acidente sem vítima;147;BR-101/ES;Sul;Colisão Transversal;2;0;0;0;0;0;0;0;;;3;0;0;0;0
30/06/2019;07:37:00;73;Acidente com vítima;290;BR-101/ES;Norte;Colisão Transversal;2;0;0;0;0;0;0;0;;;2;2;1;0;0
30/06/2019;09:30:00;97;Acidente sem vítima;164;BR-101/ES;Norte;Saída de Pista;1;0;0;0;0;0;0;0;;;1;0;0;0;0
30/06/2019;11:01:00;127;Acidente sem vítima;222,5;BR-101/ES;Norte;Saída de Pista;1;0;0;0;0;0;0;0;;;1;0;0;0;0
30/06/2019;11:07:00;128;Acidente sem vítima;280;BR-101/ES;Sul;Choque com Objeto Fixo;1;0;0;0;0;0;0;0;;;1;0;0;0;0
30/06/2019;12:21:00;159;Acidente sem vítima;269;BR-101/ES;Sul;Engavetamento;4;0;0;0;0;0;0;0;;;3;0;0;0;0
30/06/2019;15:22:00;223;Acidente sem vítima;420;BR-101/ES;Sul;Colisão Traseira;1;0;0;1;0;0;0;0;;;2;0;0;0;0
30/06/2019;16:38:00;249;Acidente sem vítima;260;BR-101/ES;Sul;Colisão Lateral;1;0;0;1;0;0;0;0;;;4;0;0;0;0
30/06/2019;18:21:00;282;Acidente com vítima;376;BR-101/ES;Sul;Saída de Pista;1;0;0;1;0;0;0;0;;;0;0;4;0;0
30/06/2019;19:33:00;298;Acidente com morte;368;BR-101/ES;Sul;Choque com Objeto Fixo;0;0;0;1;0;0;0;0;;;0;0;0;0;1
30/06/2019;21:02:00;315;Acidente com vítima;288;BR-101/ES;Sul;Choque com Objeto Fixo;1;0;0;0;0;0;0;0;;;1;0;0;1;0
30/06/2019;21:28:00;322;Acidente com vítima;294;BR-101/ES;Norte;Queda de Moto;0;0;0;1;0;0;0;0;;;0;0;0;1;0
01/05/2019;02:53:00;3;Acidente com vítima;389;BR-101/ES;Norte;Queda de Moto;0;0;0;1;0;0;0;0;;;0;1;0;0;0
01/05/2019;04:03:00;53;Acidente sem vítima;271;BR-101/ES;Sul;Colisão Traseira;1;0;0;0;0;0;0;1;;;2;0;0;0;0
01/05/2019;06:10:00;84;Acidente sem vítima;269;BR-101/ES;Sul;Colisão Traseira;1;0;0;0;0;0;0;2;;;2;0;0;0;0
01/05/2019;06:27:00;88;Acidente sem vítima;264;BR-101/ES;Norte;Colisão Traseira;2;0;0;0;0;0;0;0;;;2;0;0;0;0
01/05/2019;10:47:00;176;Acidente com vítima;263;BR-101/ES;Sul;Choque com Objeto Fixo;2;0;0;0;0;0;0;0;;;1;0;1;0;0
01/05/2019;11:15:00;183;Acidente sem vítima;325;BR-101/ES;Sul;Colisão Transversal;1;0;0;0;0;0;0;2;;;2;0;0;0;0
01/05/2019;17:34:00;305;Acidente sem vítima;253;BR-101/ES;Sul;Engavetamento;3;0;0;0;0;0;0;0;;;3;0;0;0;0
01/05/2019;18:48:00;321;Acidente sem vítima;267;BR-101/ES;Sul;Colisão Lateral;3;0;0;0;0;0;0;2;;;6;0;0;0;0
01/05/2019;20:00:00;333;Acidente com vítima;147;BR-101/ES;Sul;Colisão Transversal;1;0;0;1;0;0;0;0;;;1;1;0;0;0
02/05/2019;03:56:00;46;Acidente sem vítima;420;BR-101/ES;Norte;Atropelamento Animal;1;0;0;0;0;0;0;0;;;1;0;0;0;0
02/05/2019;06:29:00;70;Acidente com vítima;23;BR-101/ES;Norte;Colisão Lateral;1;0;1;0;0;0;0;0;;;1;2;2;1;0
02/05/2019;08:29:00;136;Atropelamento sem morte;269;BR-101/ES;Sul;Atropelamento;1;0;0;1;0;0;0;0;;;2;0;1;0;0
02/05/2019;12:02:00;232;Acidente sem vítima;267;BR-101/ES;Norte;Colisão Transversal;0;0;0;1;0;0;0;0;;;1;0;0;0;0
02/05/2019;12:05:00;234;Acidente sem vítima;262;BR-101/ES;Norte;Colisão Traseira;2;0;0;0;0;0;0;0;;;2;0;0;0;0
02/05/2019;13:10:00;266;Acidente sem vítima;271;BR-101/ES;Sul;Colisão Traseira;1;0;0;0;0;0;0;2;;;2;0;0;0;0
02/05/2019;16:36:00;342;Acidente sem vítima;359;BR-101/ES;Norte;Colisão Traseira;1;0;0;0;0;0;0;2;;;2;0;0;0;0
02/05/2019;18:53:00;381;Acidente sem vítima;263;BR-101/ES;Norte;Colisão Traseira;2;0;0;0;0;0;0;0;;;2;0;0;0;0
02/05/2019;18:54:00;382;Acidente com vítima;292;BR-101/ES;Norte;Queda de Moto;0;0;0;1;0;0;0;0;;;0;1;0;0;0
03/05/2019;05:51:00;64;Acidente sem vítima;173,8;BR-101/ES;Sul;Colisão Lateral;1;0;0;0;0;0;0;3;;;2;0;0;0;0
03/05/2019;11:26:00;211;Acidente com vítima;284;BR-101/ES;Sul;Queda de Moto;0;0;0;1;0;0;0;0;;;0;1;0;0;0
03/05/2019;18:42:00;360;Acidente sem vítima;76;BR-101/ES;Sul;Colisão Traseira;2;0;0;0;0;0;0;0;;;2;0;0;0;0
03/05/2019;19:05:00;369;Acidente com vítima;296;BR-101/ES;Sul;Queda de Moto;0;0;0;1;0;0;0;0;;;0;1;0;0;0
03/05/2019;22:07:00;405;Atropelamento sem morte;126;BR-101/ES;Sul;Atropelamento e Fuga;1;0;0;0;0;0;0;0;;;1;0;0;1;0
04/05/2019;02:08:00;31;Acidente com vítima;255;BR-101/ES;Norte;Queda de Moto;0;0;0;1;0;0;0;0;;;1;0;1;0;0
04/05/2019;02:26:00;35;Acidente sem vítima;292;BR-101/ES;Sul;Saída de Pista;1;0;0;0;0;0;0;0;;;1;0;0;0;0
04/05/2019;03:52:00;52;Acidente sem vítima;940;BR-101/BA;Sul;Veículo em Chamas;1;0;0;0;0;0;0;0;;;1;0;0;0;0
04/05/2019;06:06:00;75;Acidente sem vítima;127;BR-101/ES;Norte;Colisão Traseira;1;0;1;0;0;0;0;0;;;3;0;0;0;0
04/05/2019;06:11:00;77;Acidente com vítima;268;BR-101/ES;Norte;Colisão Traseira;0;0;0;1;0;0;0;0;;;0;0;1;0;0
04/05/2019;10:00:00;149;Acidente sem vítima;297;BR-101/ES;Sul;Engavetamento;2;0;0;0;0;0;0;2;;;4;0;0;0;0
04/05/2019;11:45:00;190;Acidente sem vítima;125,9;BR-101/ES;Sul;Colisão Traseira;1;0;0;1;0;0;0;0;;;2;0;0;0;0
04/05/2019;15:07:00;252;Acidente sem vítima;255;BR-101/ES;Sul;Colisão Traseira;2;0;0;0;0;0;0;0;;;2;0;0;0;0
04/05/2019;20:10:00;330;Acidente com vítima;173;BR-101/ES;Sul;Colisão Transversal;1;0;0;1;0;0;0;0;;;1;0;1;0;0
04/05/2019;20:15:00;331;Acidente sem vítima;66;BR-101/ES;Sul;Colisão Traseira;2;0;0;0;0;0;0;0;;;2;0;0;0;0
05/05/2019;01:04:00;15;Acidente com vítima;136;BR-101/ES;Sul;Capotamento;1;0;0;0;0;0;0;0;;;0;1;0;0;0
05/05/2019;01:41:00;27;Acidente sem vítima;119;BR-101/ES;Norte;Saída de Pista;1;0;0;0;0;0;0;0;;;2;0;0;0;0
05/05/2019;03:38:00;48;Acidente com vítima;309;BR-101/ES;Sul;Colisão Traseira;1;0;0;1;0;0;0;0;;;1;0;1;0;0
05/05/2019;05:43:00;69;Acidente com vítima;100;BR-101/ES;Norte;Queda de Moto;0;0;0;1;0;0;0;0;;;0;0;0;1;0
05/05/2019;05:51:00;70;Acidente sem vítima;144;BR-101/ES;Norte;Colisão Traseira;1;0;0;0;0;0;0;0;;;3;0;0;0;0
05/05/2019;07:07:00;81;Acidente sem vítima;380;BR-101/ES;Norte;Saída de Pista;0;0;1;0;0;0;0;1;;;1;0;0;0;0
05/05/2019;08:18:00;113;Acidente sem vítima;262;BR-101/ES;Sul;Colisão Traseira;2;0;0;0;0;0;0;3;;;4;0;0;0;0
05/05/2019;14:24:00;242;Acidente com vítima;291;BR-101/ES;Norte;Colisão Transversal;2;0;0;0;0;0;0;0;;;1;0;5;0;0
05/05/2019;14:42:00;250;Acidente sem vítima;944;BR-101/BA;Norte;Colisão Lateral;1;0;0;0;0;0;0;2;;;3;0;0;0;0
05/05/2019;15:53:00;270;Acidente sem vítima;85;BR-101/ES;Sul;Colisão Traseira;1;0;0;1;0;0;0;0;;;5;0;0;0;0
05/05/2019;16:49:00;301;Acidente com vítima;275;BR-101/ES;Norte;Choque com Objeto Fixo;1;0;0;1;0;0;0;0;;;2;0;2;0;0
05/05/2019;17:20:00;309;Acidente sem vítima;93;BR-101/ES;Sul;Queda de Moto;0;0;0;1;0;0;0;0;;;1;0;0;0;0
05/05/2019;17:37:00;316;Acidente com vítima;206;BR-101/ES;Sul;Colisão Lateral;1;0;0;1;0;0;0;0;;;2;1;1;0;0
05/05/2019;18:35:00;326;Acidente sem vítima;36,5;BR-101/ES;Sul;Colisão Lateral;1;0;1;0;0;0;0;0;;;2;0;0;0;0
05/05/2019;18:58:00;329;Acidente com vítima;181;BR-101/ES;Norte;Queda de Moto;0;0;0;1;0;0;0;0;;;1;0;1;0;0
05/05/2019;19:16:00;332;Acidente com vítima;213;BR-101/ES;Sul;Colisão Transversal;1;0;0;1;0;0;0;0;;;1;0;1;0;0
05/05/2019;21:45:00;370;Acidente com vítima;120;BR-101/ES;Sul;Queda de Moto;0;0;0;1;0;0;0;0;;;0;1;0;0;0
06/05/2019;03:03:00;46;Acidente sem vítima;259,9;BR-101/ES;Norte;Atropelamento de Bovino;1;0;0;0;0;0;0;0;;;1;0;0;0;0
06/05/2019;06:28:00;77;Acidente com vítima;127;BR-101/ES;Norte;Colisão Traseira;1;0;0;1;0;0;0;0;;;3;1;0;0;0
06/05/2019;06:32:00;78;Acidente sem vítima;360;BR-101/ES;Norte;Tombamento;0;0;1;0;0;0;0;1;;;1;0;0;0;0
06/05/2019;07:03:00;86;Acidente sem vítima;289;BR-101/ES;Sul;Colisão Traseira;2;0;0;0;0;0;0;0;;;2;0;0;0;0
06/05/2019;07:41:00;122;Acidente sem vítima;255;BR-101/ES;Sul;Colisão Traseira;2;0;0;0;0;0;0;0;;;2;0;0;0;0
06/05/2019;07:56:00;126;Acidente sem vítima;255;BR-101/ES;Sul;Engavetamento;4;0;0;0;0;0;0;0;;;4;0;0;0;0
06/05/2019;08:03:00;127;Acidente sem vítima;269;BR-101/ES;Norte;Colisão Traseira;2;0;0;0;0;0;0;0;;;2;0;0;0;0
06/05/2019;09:57:00;164;Acidente com vítima;408;BR-101/ES;Sul;Choque com Veículo Estacionado;1;0;1;0;0;0;0;0;;;2;0;1;0;0
06/05/2019;10:36:00;177;Acidente sem vítima;262;BR-101/ES;Sul;Colisão Lateral;1;0;1;0;0;0;0;0;;;2;0;0;0;0
06/05/2019;12:03:00;206;Acidente sem vítima;283;BR-101/ES;Sul;Saída de Pista;1;0;0;0;0;0;0;0;;;1;0;0;0;0
06/05/2019;12:57:00;226;Acidente sem vítima;263;BR-101/ES;Norte;Colisão Traseira;2;0;0;0;0;0;0;0;;;2;0;0;0;0
06/05/2019;13:12:00;230;Atropelamento sem morte;147;BR-101/ES;Sul;Atropelamento;0;0;0;1;1;0;0;0;;;2;1;0;0;0
06/05/2019;13:39:00;243;Acidente com vítima;262;BR-101/ES;Norte;Colisão Traseira;0;0;1;1;0;0;0;0;;;0;0;1;0;0
06/05/2019;15:39:00;280;Acidente sem vítima;147;BR-101/ES;Sul;Colisão Traseira;1;0;1;0;0;0;0;0;;;3;0;0;0;0
06/05/2019;16:20:00;294;Acidente sem vítima;146;BR-101/ES;Sul;Colisão Traseira;0;0;2;0;0;0;0;0;;;1;0;0;0;0
06/05/2019;21:57:00;378;Atropelamento sem morte;337;BR-101/ES;Sul;Atropelamento e Fuga;1;0;0;0;0;0;0;0;;;0;0;0;1;0
07/05/2019;05:28:00;68;Acidente com vítima;265,9;BR-101/ES;Sul;Atropelamento Animal;0;0;0;1;0;0;0;0;;;0;1;0;0;0
07/05/2019;06:39:00;77;Acidente com vítima;267,5;BR-101/ES;Sul;Colisão Lateral;1;0;0;1;0;0;0;0;;;1;0;1;0;0
07/05/2019;08:19:00;133;Atropelamento sem morte;268;BR-101/ES;Sul;Atropelamento;1;0;0;1;0;0;0;0;;;2;1;1;0;0
07/05/2019;09:06:00;156;Acidente com vítima;66;BR-101/ES;Sul;Engavetamento;3;0;0;0;0;0;0;0;;;7;0;1;0;0
07/05/2019;10:00:00;175;Atropelamento sem morte;293,6;BR-101/ES;Sul;Atropelamento e Fuga;0;0;0;1;0;0;0;0;;;0;1;0;0;0
07/05/2019;12:10:00;216;Acidente com vítima;67;BR-101/ES;Sul;Colisão Transversal;1;0;0;1;0;0;0;0;;;0;2;0;0;0
07/05/2019;13:26:00;237;Acidente sem vítima;388;BR-101/ES;Sul;Colisão Traseira;1;0;0;0;0;0;0;2;;;5;0;0;0;0
07/05/2019;13:32:00;239;Acidente com vítima;270;BR-101/ES;Norte;Colisão Transversal;0;0;1;1;0;0;0;0;;;1;1;1;0;0
07/05/2019;14:15:00;261;Acidente sem vítima;269;BR-101/ES;Sul;Colisão Traseira;1;0;0;0;0;0;0;0;;;1;0;0;0;0
07/05/2019;15:18:00;282;Acidente sem vítima;263,8;BR-101/ES;Sul;Colisão Lateral;1;0;0;1;0;0;0;0;;;2;0;0;0;0
07/05/2019;18:54:00;342;Acidente com vítima;52;BR-101/ES;Sul;Queda de Moto;0;0;0;1;0;0;0;0;;;0;1;0;0;0
07/05/2019;19:33:00;353;Acidente sem vítima;286;BR-101/ES;Sul;Colisão Frontal;1;0;0;1;0;0;0;0;;;2;0;0;0;0
07/05/2019;19:38:00;354;Acidente sem vítima;408;BR-101/ES;Sul;Colisão Lateral;1;0;1;0;0;0;0;0;;;2;0;0;0;0
07/05/2019;19:45:00;355;Acidente sem vítima;135;BR-101/ES;Sul;Colisão Traseira;1;0;0;0;0;0;0;2;;;2;0;0;0;0
07/05/2019;20:01:00;360;Acidente sem vítima;266;BR-101/ES;Norte;Colisão Lateral;1;0;1;0;0;0;0;0;;;3;0;0;0;0
07/05/2019;20:15:00;367;Acidente sem vítima;282;BR-101/ES;Sul;Choque com Objeto Fixo;1;0;0;0;0;0;0;1;;;2;0;0;0;0
07/05/2019;21:31:00;378;Acidente sem vítima;180;BR-101/ES;Sul;Colisão Lateral;1;0;1;0;0;0;0;0;;;4;0;0;0;0
07/05/2019;22:55:00;391;Acidente com vítima;269;BR-101/ES;Sul;Colisão Traseira;2;0;0;0;0;0;0;0;;;3;0;1;0;0
07/05/2019;23:07:00;395;Acidente com vítima;264;BR-101/ES;Sul;Colisão Traseira;1;0;0;1;0;1;0;0;;;1;0;1;0;0
08/05/2019;00:35:00;16;Acidente sem vítima;270;BR-101/ES;Sul;Choque com Objeto Fixo;1;0;0;0;0;0;0;0;;;1;0;0;0;0
08/05/2019;00:48:00;18;Atropelamento sem morte;270;BR-101/ES;Sul;Atropelamento;1;0;0;0;0;0;0;0;;;1;0;1;0;0
08/05/2019;04:00:00;57;Acidente com vítima;400;BR-101/ES;Sul;Saída de Pista;0;0;0;0;0;0;0;2;;;0;0;1;0;0
08/05/2019;04:32:00;66;Acidente sem vítima;317;BR-101/ES;Norte;Saída de Pista;1;0;0;0;0;0;0;0;;;4;0;0;0;0
08/05/2019;08:18:00;128;Acidente sem vítima;161;BR-101/ES;Norte;Colisão Traseira;1;0;0;0;0;0;0;0;;;1;0;0;0;0
08/05/2019;08:42:00;148;Acidente sem vítima;294;BR-101/ES;Sul;Choque com Objeto Fixo;0;0;1;0;0;0;0;0;;;2;0;0;0;0
08/05/2019;09:40:00;180;Acidente sem vítima;293;BR-101/ES;Norte;Colisão Lateral;1;0;0;0;0;0;0;3;;;2;0;0;0;0
08/05/2019;09:43:00;183;Acidente sem vítima;256;BR-101/ES;Sul;Saída de Pista;1;0;0;0;0;0;0;0;;;1;0;0;0;0
08/05/2019;12:25:00;249;Acidente com vítima;287,3;BR-101/ES;Sul;Colisão Transversal;1;0;0;1;0;0;0;0;;;1;0;1;0;0
08/05/2019;16:11:00;316;Acidente sem vítima;377,9;BR-101/ES;Sul;Saída de Pista;1;0;0;0;0;0;0;0;;;1;0;0;0;0
08/05/2019;19:00:00;361;Acidente sem vítima;144;BR-101/ES;Sul;Colisão Transversal;2;0;0;0;0;0;0;0;;;5;0;0;0;0
09/05/2019;01:24:00;22;Acidente com vítima;262;BR-101/ES;Norte;Choque com Objeto Fixo;1;0;0;0;0;0;0;0;;;0;1;0;0;0
09/05/2019;05:01:00;58;Acidente com vítima;268;BR-101/ES;Sul;Colisão Lateral;0;0;0;1;0;0;0;0;;;0;0;1;0;0
09/05/2019;12:28:00;220;Acidente sem vítima;307;BR-101/ES;Sul;Engavetamento;2;0;0;0;0;0;0;2;;;5;0;0;0;0
09/05/2019;13:32:00;248;Acidente sem vítima;266;BR-101/ES;Sul;Colisão Traseira;1;0;1;0;0;0;0;0;;;2;0;0;0;0
09/05/2019;15:36:00;287;Acidente com vítima;268;BR-101/ES;Norte;Colisão Lateral;1;0;0;1;0;0;0;0;;;1;0;1;0;0
09/05/2019;15:57:00;297;Acidente com vítima;392;BR-101/ES;Norte;Engavetamento;2;0;0;0;0;0;0;2;;;4;2;0;0;0
09/05/2019;21:24:00;358;Acidente sem vítima;387,05;BR-101/ES;Sul;Tombamento;0;0;0;0;0;0;0;2;;;1;0;0;0;0
10/05/2019;07:38:00;130;Acidente com vítima;324;BR-101/ES;Norte;Colisão Transversal;1;0;0;1;0;0;0;0;;;1;1;1;0;0
10/05/2019;07:49:00;135;Acidente com vítima;269;BR-101/ES;Sul;Colisão Traseira;1;0;0;2;0;0;0;0;;;3;1;0;0;0
10/05/2019;09:49:00;174;Acidente sem vítima;297;BR-101/ES;Sul;Colisão Traseira;1;0;0;2;0;0;0;0;;;3;0;0;0;0
10/05/2019;14:12:00;288;Acidente com vítima;269;BR-101/ES;Norte;Colisão Traseira;0;0;0;1;0;0;0;0;;;0;1;1;0;0
10/05/2019;15:08:00;310;Acidente sem vítima;401;BR-101/ES;Sul;Colisão Traseira;1;0;0;0;0;0;0;2;;;2;0;0;0;0
10/05/2019;16:22:00;339;Acidente sem vítima;219;BR-101/ES;Sul;Choque;2;0;0;0;0;0;0;1;;;14;0;0;0;0
10/05/2019;16:39:00;346;Acidente sem vítima;296;BR-101/ES;Norte;Choque com Objeto Fixo;1;0;0;0;0;0;0;0;;;4;0;0;0;0
10/05/2019;17:48:00;367;Acidente sem vítima;321;BR-101/ES;Norte;Colisão Traseira;2;0;0;0;0;0;0;0;;;3;0;0;0;0
10/05/2019;18:18:00;376;Acidente sem vítima;71;BR-101/ES;Sul;Engavetamento;2;0;0;0;1;0;0;0;;;4;0;0;0;0