data;horario;n_da_ocorrencia;tipo_de_ocorrencia;km;trecho;sentido;tipo_de_acidente;automovel;bicicleta;caminhao;moto;onibus;outros;tracao_animal;transporte_de_cargas_especiais;trator_maquinas;utilitarios;ilesos;levemente_feridos;moderadamente_feridos;gravemente_feridos;mortos
10/05/2019;19:00:00;388;Acidente sem vítima;269;BR-101/ES;Sul;Colisão Traseira;2;0;0;0;0;0;0;0;;;2;0;0;0;0
10/05/2019;19:13:00;391;Acidente sem vítima;194;BR-101/ES;Sul;Colisão Lateral;1;0;0;0;0;0;0;0;;;1;0;0;0;0
10/05/2019;20:44:00;414;Acidente com vítima;266;BR-101/ES;Norte;Engavetamento;3;0;0;0;0;0;0;0;;;2;0;1;0;0
10/05/2019;22:06:00;436;Acidente sem vítima;399;BR-101/ES;Norte;Choque com Objeto Fixo;0;0;1;0;0;0;0;0;;;1;0;0;0;0
11/05/2019;04:20:00;54;Acidente sem vítima;100;BR-101/ES;Sul;Choque com Objeto Fixo;1;0;0;0;0;0;0;0;;;1;0;0;0;0
11/05/2019;05:13:00;69;Acidente com vítima;367;BR-101/ES;Norte;Saída de Pista;1;0;0;0;0;0;0;0;;;0;0;1;0;0
11/05/2019;08:22:00;119;Acidente sem vítima;171;BR-101/ES;Sul;Colisão Transversal;2;0;0;0;0;0;0;0;;;5;0;0;0;0
11/05/2019;08:33:00;123;Acidente com vítima;287;BR-101/ES;Sul;Colisão Lateral;2;0;0;0;0;0;0;0;;;4;1;0;0;0
11/05/2019;14:54:00;247;Acidente sem vítima;226;BR-101/ES;Sul;Colisão Traseira;1;0;0;0;0;0;0;0;;;1;0;0;0;0
11/05/2019;15:05:00;250;Acidente com vítima;149;BR-101/ES;Sul;Colisão Transversal;0;0;1;1;0;0;0;0;;;1;1;0;0;0
11/05/2019;17:46:00;301;Acidente com vítima;67;BR-101/ES;Sul;Colisão Lateral;0;0;0;1;0;0;0;0;;;0;2;0;0;0
11/05/2019;20:54:00;328;Acidente com morte;148;BR-101/ES;Sul;Queda de Moto;1;0;0;0;0;0;0;0;;;0;0;0;0;1
11/05/2019;22:08:00;345;Acidente com vítima;948,5;BR-101/BA;Norte;Queda de Moto;0;0;0;1;0;0;0;0;;;0;0;1;0;0
11/05/2019;22:22:00;348;Acidente sem vítima;143;BR-101/ES;Sul;Saída de Pista;1;0;0;0;0;0;0;0;;;1;0;0;0;0
11/05/2019;23:31:00;364;Acidente com vítima;266;BR-101/ES;Sul;Colisão Transversal;0;0;1;1;0;0;0;0;;;1;0;2;0;0
11/05/2019;23:31:00;365;Acidente com vítima;292;BR-101/ES;Sul;Colisão Lateral;1;0;0;1;0;0;0;0;;;1;1;1;0;0
12/05/2019;00:03:00;1;Acidente sem vítima;266;BR-101/ES;Sul;Colisão Traseira;1;0;0;1;0;0;0;0;;;2;0;0;0;0
12/05/2019;00:24:00;3;Acidente sem vítima;143;BR-101/ES;Norte;Queda de Moto;0;0;0;1;0;0;0;0;;;1;0;0;0;0
12/05/2019;09:21:00;106;Acidente com vítima;262;BR-101/ES;Sul;Queda de ciclista;0;1;0;0;0;0;0;0;;;0;0;1;0;0
12/05/2019;10:59:00;140;Acidente com vítima;299;BR-101/ES;Norte;Colisão Lateral;1;0;1;0;0;0;0;0;;;1;0;0;1;0
12/05/2019;11:38:00;156;Acidente sem vítima;128;BR-101/ES;Sul;Colisão Traseira;3;0;0;0;0;0;0;0;;;6;0;0;0;0
12/05/2019;14:13:00;206;Acidente com vítima;255;BR-101/ES;Sul;Colisão Traseira;2;0;0;0;0;0;0;0;;;5;0;1;0;0
12/05/2019;16:50:00;244;Acidente sem vítima;242;BR-101/ES;Sul;Colisão Traseira;1;0;0;1;0;0;0;0;;;4;0;0;0;0
12/05/2019;17:36:00;258;Acidente sem vítima;253;BR-101/ES;Sul;Colisão Traseira;2;0;0;0;0;0;0;0;;;3;0;0;0;0
12/05/2019;18:44:00;284;Acidente com vítima;65;BR-101/ES;Norte;Colisão Transversal;1;0;0;1;0;0;0;0;;;1;0;1;0;0
12/05/2019;18:51:00;287;Acidente sem vítima;160;BR-101/ES;Norte;Colisão Transversal;1;0;0;0;0;0;0;2;;;3;0;0;0;0
12/05/2019;20:11:00;306;Atropelamento sem morte;264,5;BR-101/ES;Norte;Atropelamento e Fuga;1;0;0;0;0;0;0;0;;;0;0;0;1;0
12/05/2019;20:55:00;323;Acidente sem vítima;246,9;BR-101/ES;Sul;Colisão Traseira;2;0;0;0;0;0;0;0;;;2;0;0;0;0
12/05/2019;21:09:00;327;Acidente sem vítima;265,5;BR-101/ES;Sul;Colisão Traseira;2;0;0;0;0;0;0;0;;;2;0;0;0;0
13/05/2019;02:53:00;40;Acidente sem vítima;200;BR-101/ES;Norte;Saída de Pista;1;0;0;0;0;0;0;0;;;3;0;0;0;0
13/05/2019;07:32:00;102;Acidente com vítima;146;BR-101/ES;Norte;Colisão Traseira;1;0;0;1;0;0;0;0;;;1;1;0;0;0
13/05/2019;11:09:00;201;Acidente com vítima;240;BR-101/ES;Sul;Queda de ciclista;0;1;0;0;0;0;0;0;;;0;1;0;0;0
13/05/2019;15:18:00;321;Acidente sem vítima;265;BR-101/ES;Norte;Choque;1;0;0;0;0;0;0;2;;;2;0;0;0;0
13/05/2019;18:27:00;377;Atropelamento com morte;433,4;BR-101/ES;Norte;Atropelamento e Fuga;1;0;0;0;0;0;0;0;;;0;0;0;0;1
13/05/2019;19:28:00;390;Acidente com vítima;402;BR-101/ES;Norte;Queda de Moto;0;0;0;1;0;0;0;0;;;0;1;0;0;0
13/05/2019;22:03:00;414;Acidente com vítima;66,6;BR-101/ES;Norte;Colisão com ciclista;0;0;0;0;0;0;0;2;;;1;1;0;0;0
14/05/2019;00:59:00;21;Acidente sem vítima;0,8;BR-101/ES;Norte;Atropelamento de Bovino;1;0;0;0;0;0;0;0;;;3;0;0;0;0
14/05/2019;07:34:00;124;Acidente com vítima;269;BR-101/ES;Sul;Colisão Lateral;1;0;0;1;0;0;0;0;;;1;1;0;0;0
14/05/2019;11:45:00;225;Acidente sem vítima;261,8;BR-101/ES;Sul;Colisão Lateral;1;0;0;0;0;0;0;2;;;2;0;0;0;0
14/05/2019;11:58:00;230;Atropelamento sem morte;267;BR-101/ES;Sul;Atropelamento;1;0;0;0;0;0;0;0;;;1;1;0;0;0
14/05/2019;12:51:00;255;Acidente sem vítima;300;BR-101/ES;Norte;Colisão Traseira;1;0;1;1;0;0;0;0;;;6;0;0;0;0
14/05/2019;13:30:00;278;Acidente com vítima;301;BR-101/ES;Norte;Colisão Transversal;1;0;0;1;0;0;0;0;;;1;0;1;0;0
14/05/2019;13:47:00;285;Acidente sem vítima;240;BR-101/ES;Sul;Choque com Objeto Fixo;0;0;1;0;0;0;0;0;;;1;0;0;0;0
14/05/2019;14:37:00;306;Acidente com vítima;297;BR-101/ES;Norte;Colisão Lateral;1;0;0;1;0;0;0;0;;;4;1;0;0;0
14/05/2019;16:40:00;343;Acidente sem vítima;289;BR-101/ES;Sul;Colisão Lateral;0;0;0;1;0;0;0;2;;;2;0;0;0;0
14/05/2019;17:15:00;355;Acidente com vítima;291;BR-101/ES;Sul;Colisão Traseira;1;0;0;1;0;0;0;0;;;1;0;1;0;0
14/05/2019;19:11:00;387;Acidente com vítima;298;BR-101/ES;Norte;Colisão Lateral;0;0;1;1;0;0;0;0;;;1;1;0;0;0
14/05/2019;19:30:00;389;Acidente sem vítima;146,8;BR-101/ES;Sul;Colisão Transversal;2;0;0;0;0;0;0;0;;;2;0;0;0;0
14/05/2019;20:09:00;399;Acidente sem vítima;294;BR-101/ES;Norte;Colisão Lateral;1;0;0;0;0;0;0;0;;;1;0;0;0;0
14/05/2019;22:46:00;439;Acidente sem vítima;270;BR-101/ES;Norte;Colisão Lateral;1;0;0;0;0;0;0;0;;;1;0;0;0;0
15/05/2019;07:04:00;83;Acidente sem vítima;273,5;BR-101/ES;Norte;Saída de Pista;1;0;0;0;0;0;0;0;;;1;0;0;0;0
15/05/2019;07:22:00;103;Acidente sem vítima;122;BR-101/ES;Sul;Colisão Lateral;3;0;0;0;0;0;0;0;;;3;0;0;0;0
15/05/2019;08:26:00;137;Acidente com vítima;316;BR-101/ES;Norte;Colisão Transversal;2;0;0;0;0;0;0;0;;;4;1;0;0;0
15/05/2019;08:50:00;147;Acidente sem vítima;296;BR-101/ES;Sul;Veículo em Chamas;1;0;0;0;0;0;0;0;;;2;0;0;0;0
15/05/2019;09:45:00;165;Acidente sem vítima;270;BR-101/ES;Sul;Colisão Traseira;2;0;0;0;0;0;0;0;;;2;0;0;0;0
15/05/2019;12:22:00;244;Acidente sem vítima;295,6;BR-101/ES;Sul;Colisão Traseira;1;0;1;0;0;0;0;0;;;2;0;0;0;0
15/05/2019;13:00:00;259;Acidente com vítima;307,6;BR-101/ES;Norte;Queda de Moto;0;0;0;1;0;0;0;0;;;0;0;1;0;0
15/05/2019;15:13:00;294;Acidente com vítima;274;BR-101/ES;Norte;Colisão Lateral;0;0;0;1;1;0;0;0;;;2;1;0;0;0
15/05/2019;16:35:00;315;Acidente sem vítima;85,8;BR-101/ES;Norte;Colisão Traseira;1;0;1;0;0;0;0;0;;;3;0;0;0;0
15/05/2019;16:36:00;316;Acidente sem vítima;268;BR-101/ES;Sul;Colisão Lateral;1;0;0;0;0;0;0;2;;;2;0;0;0;0
15/05/2019;17:45:00;337;Acidente sem vítima;122;BR-101/ES;Norte;Colisão Transversal;2;0;0;0;0;0;0;0;;;2;0;0;0;0
15/05/2019;17:58:00;340;Acidente sem vítima;297;BR-101/ES;Sul;Engavetamento;3;0;1;0;0;0;0;0;;;7;0;0;0;0
15/05/2019;18:47:00;346;Acidente sem vítima;284;BR-101/ES;Sul;Engavetamento;3;0;1;0;0;0;0;0;;;4;0;0;0;0
15/05/2019;18:48:00;347;Acidente com vítima;245;BR-101/ES;Sul;Tombamento;1;0;0;0;0;0;0;2;;;1;1;0;0;0
15/05/2019;20:36:00;368;Acidente sem vítima;284;BR-101/ES;Sul;Colisão Traseira;2;0;0;0;0;0;0;0;;;2;0;0;0;0
15/05/2019;20:55:00;373;Atropelamento sem morte;255;BR-101/ES;Norte;Atropelamento;0;0;0;1;0;0;0;0;;;1;0;0;1;0
15/05/2019;22:56:00;399;Acidente sem vítima;386;BR-101/ES;Sul;Saída de Pista;1;0;0;0;0;0;0;0;;;1;0;0;0;0
16/05/2019;00:45:00;10;Acidente sem vítima;211;BR-101/ES;Norte;Veículo em Chamas;0;0;1;0;0;0;0;0;;;1;0;0;0;0
16/05/2019;05:38:00;64;Acidente sem vítima;255;BR-101/ES;Sul;Colisão Traseira;0;0;1;0;0;0;0;1;;;2;0;0;0;0
16/05/2019;06:21:00;70;Acidente com vítima;73;BR-101/ES;Sul;Queda de Moto;0;0;0;1;0;0;0;0;;;0;0;2;0;0
16/05/2019;07:01:00;75;Acidente sem vítima;212;BR-101/ES;Norte;Colisão Traseira;1;0;1;0;0;0;0;0;;;4;0;0;0;0
16/05/2019;08:58:00;143;Acidente sem vítima;85,8;BR-101/ES;Sul;Colisão Lateral;0;0;1;0;1;0;0;0;;;2;0;0;0;0
16/05/2019;08:59:00;144;Acidente sem vítima;452;BR-101/ES;Norte;Tombamento;0;0;1;0;0;0;0;0;;;1;0;0;0;0
16/05/2019;10:38:00;177;Acidente sem vítima;4;BR-101/ES;Norte;Choque com Objeto Fixo;1;0;0;0;0;0;0;0;;;1;0;0;0;0
16/05/2019;11:27:00;194;Acidente sem vítima;4;BR-101/ES;Norte;Choque com Objeto Fixo;1;0;0;0;0;0;0;0;;;1;0;0;0;0
16/05/2019;14:15:00;248;Acidente com vítima;414;BR-101/ES;Sul;Colisão Transversal;1;0;0;1;0;0;0;0;;;1;1;1;0;0
16/05/2019;14:34:00;253;Acidente com vítima;142;BR-101/ES;Sul;Colisão Traseira;2;0;0;0;0;0;0;0;;;1;1;0;0;0
16/05/2019;17:00:00;293;Acidente com vítima;296;BR-101/ES;Sul;Queda de Moto;0;0;0;1;0;0;0;0;;;0;1;0;0;0
16/05/2019;17:41:00;302;Acidente com vítima;270;BR-101/ES;Sul;Colisão com ciclista;1;1;0;0;0;0;0;0;;;1;1;0;0;0
16/05/2019;21:14:00;337;Acidente sem vítima;204;BR-101/ES;Norte;Colisão Lateral;2;0;0;0;0;0;0;0;;;5;0;0;0;0
16/05/2019;21:52:00;346;Acidente sem vítima;146;BR-101/ES;Norte;Colisão Traseira;1;0;0;1;0;0;0;0;;;3;0;0;0;0
17/05/2019;08:29:00;132;Acidente sem vítima;384;BR-101/ES;Norte;Saída de Pista;1;0;0;0;0;0;0;0;;;2;0;0;0;0
17/05/2019;11:43:00;202;Acidente sem vítima;272;BR-101/ES;Norte;Choque com Objeto Fixo;1;0;0;0;0;0;0;0;;;1;0;0;0;0
17/05/2019;11:51:00;206;Acidente com vítima;147;BR-101/ES;Norte;Colisão Traseira;1;0;0;1;0;0;0;0;;;1;1;0;0;0
17/05/2019;13:29:00;259;Acidente sem vítima;350;BR-101/ES;Norte;Queda de Moto;0;0;0;1;0;0;0;0;;;1;0;0;0;0
17/05/2019;14:38:00;282;Acidente sem vítima;274;BR-101/ES;Norte;Saída de Pista;0;0;0;0;0;0;0;1;;;1;0;0;0;0
17/05/2019;14:56:00;286;Acidente sem vítima;283;BR-101/ES;Sul;Choque com Objeto Fixo;1;0;0;0;0;0;0;0;;;1;0;0;0;0
17/05/2019;15:29:00;298;Acidente sem vítima;286;BR-101/ES;Norte;Colisão Traseira;1;0;1;0;0;0;0;0;;;2;0;0;0;0
17/05/2019;15:57:00;308;Acidente sem vítima;246;BR-101/ES;Sul;Colisão Lateral;2;0;0;0;0;0;0;0;;;2;0;0;0;0
17/05/2019;16:25:00;321;Acidente com morte;132,5;BR-101/ES;Sul;Colisão Transversal;1;0;0;1;0;0;0;0;;;4;1;0;0;1
17/05/2019;16:28:00;324;Acidente com vítima;162,8;BR-101/ES;Norte;Saída de Pista;1;0;0;0;0;0;0;0;;;0;1;0;0;0
17/05/2019;17:02:00;332;Acidente sem vítima;228;BR-101/ES;Sul;Colisão Traseira;1;0;0;0;0;0;0;0;;;2;0;0;0;0
17/05/2019;18:51:00;369;Acidente sem vítima;264;BR-101/ES;Sul;Colisão Traseira;2;0;0;0;0;0;0;0;;;2;0;0;0;0
17/05/2019;21:47:00;419;Acidente sem vítima;143;BR-101/ES;Norte;Saída de Pista;1;0;0;0;0;0;0;0;;;1;0;0;0;0
17/05/2019;22:00:00;426;Acidente com vítima;212;BR-101/ES;Norte;Choque com Objeto Fixo;1;0;0;0;0;0;0;0;;;0;1;0;0;0
17/05/2019;23:05:00;446;Acidente sem vítima;115;BR-101/ES;Norte;Choque;1;0;0;0;0;0;0;0;;;2;0;0;0;0
17/05/2019;23:42:00;455;Acidente com vítima;267,8;BR-101/ES;Norte;Colisão Transversal;1;0;0;1;0;0;0;0;;;2;0;1;0;0
18/05/2019;00:38:00;16;Acidente sem vítima;262;BR-101/ES;Sul;Saída de Pista;1;0;0;0;0;0;0;0;;;1;0;0;0;0
18/05/2019;01:27:00;22;Acidente com vítima;270;BR-101/ES;Sul;Choque com Objeto Fixo;1;0;0;0;0;0;0;0;;;0;1;0;0;0
18/05/2019;04:30:00;59;Acidente sem vítima;260;BR-101/ES;Sul;Saída de Pista;1;0;0;0;0;0;0;0;;;6;0;0;0;0
18/05/2019;04:43:00;62;Acidente sem vítima;260;BR-101/ES;Norte;Colisão Lateral;2;0;0;0;0;0;0;0;;;4;0;0;0;0
18/05/2019;05:13:00;68;Acidente sem vítima;206;BR-101/ES;Sul;Choque com Objeto Fixo;1;0;0;0;0;0;0;0;;;1;0;0;0;0
18/05/2019;06:27:00;91;Acidente com vítima;262;BR-101/ES;Sul;Queda de Moto;0;0;0;1;0;0;0;0;;;0;1;0;0;0
18/05/2019;06:46:00;94;Acidente sem vítima;436;BR-101/ES;Sul;Saída de Pista;1;0;0;0;0;0;0;0;;;2;0;0;0;0
18/05/2019;07:49:00;107;Acidente sem vítima;258;BR-101/ES;Norte;Saída de Pista;1;0;0;0;0;0;0;0;;;1;0;0;0;0
18/05/2019;07:54:00;109;Acidente sem vítima;257;BR-101/ES;Sul;Choque com Objeto Fixo;1;0;0;0;0;0;0;0;;;1;0;0;0;0
18/05/2019;09:57:00;152;Acidente sem vítima;11,8;BR-101/ES;Norte;Choque;1;0;0;0;0;0;0;2;;;6;0;0;0;0
18/05/2019;15:44:00;267;Acidente com vítima;399;BR-101/ES;Norte;Queda de Moto;0;0;0;1;0;0;0;0;;;0;0;1;0;0
18/05/2019;17:55:00;301;Acidente com vítima;142;BR-101/ES;Sul;Colisão Traseira;1;0;1;1;0;0;0;0;;;4;0;1;0;0
18/05/2019;19:14:00;312;Acidente sem vítima;287;BR-101/ES;Sul;Tombamento;0;0;1;0;0;0;0;0;;;2;0;0;0;0
18/05/2019;20:18:00;320;Acidente com vítima;289;BR-101/ES;Sul;Queda de Moto;0;0;0;1;0;0;0;0;;;0;0;2;0;0
18/05/2019;20:30:00;323;Acidente com vítima;269;BR-101/ES;Sul;Queda de Moto;1;0;0;1;0;0;0;0;;;3;0;1;0;0
19/05/2019;16:03:00;241;Acidente sem vítima;267;BR-101/ES;Norte;Colisão Traseira;1;0;1;0;0;0;0;0;;;1;0;0;0;0
19/05/2019;18:03:00;279;Acidente com vítima;204;BR-101/ES;Sul;Colisão Transversal;1;0;0;1;0;0;0;0;;;1;0;2;0;0
19/05/2019;18:15:00;286;Acidente sem vítima;117;BR-101/ES;Norte;Saída de Pista;1;0;0;0;0;0;0;0;;;2;0;0;0;0
19/05/2019;20:57:00;307;Acidente sem vítima;130;BR-101/ES;Norte;Saída de Pista;1;0;0;0;0;0;0;0;;;2;0;0;0;0
19/05/2019;21:42:00;315;Acidente sem vítima;262;BR-101/ES;Norte;Colisão Transversal;2;0;0;0;0;0;0;0;;;3;0;0;0;0
19/05/2019;22:38:00;334;Acidente com vítima;140;BR-101/ES;Sul;Colisão Transversal;1;0;0;1;0;0;0;0;;;1;1;0;0;0
20/05/2019;02:39:00;34;Acidente sem vítima;107;BR-101/ES;Sul;Veículo em Chamas;1;0;0;0;0;0;0;0;;;1;0;0;0;0
20/05/2019;06:27:00;74;Atropelamento sem morte;264;BR-101/ES;Sul;Atropelamento;0;0;0;1;0;0;0;0;;;1;1;0;0;0
20/05/2019;07:19:00;104;Acidente com vítima;270;BR-101/ES;Sul;Colisão Lateral;1;0;0;1;0;0;0;0;;;2;1;0;0;0
20/05/2019;07:38:00;110;Acidente com vítima;287;BR-101/ES;Sul;Colisão Traseira;1;0;0;1;0;0;0;0;;;3;1;0;0;0
20/05/2019;07:50:00;111;Acidente sem vítima;270;BR-101/ES;Sul;Colisão Traseira;2;0;0;0;0;0;0;0;;;2;0;0;0;0
20/05/2019;11:20:00;178;Acidente com vítima;147;BR-101/ES;Norte;Engavetamento;5;0;0;1;0;0;0;0;;;10;0;1;0;0
20/05/2019;16:57:00;322;Acidente sem vítima;310;BR-101/ES;Sul;Colisão Traseira;0;0;2;0;0;0;0;0;;;2;0;0;0;0
20/05/2019;18:18:00;351;Acidente sem vítima;304;BR-101/ES;Norte;Queda de Moto;0;0;0;1;0;0;0;0;;;2;0;0;0;0
20/05/2019;22:01:00;385;Acidente sem vítima;149;BR-101/ES;Norte;Colisão Transversal;1;0;0;0;0;0;0;2;;;2;0;0;0;0
20/05/2019;23:21:00;408;Atropelamento sem morte;298;BR-101/ES;Norte;Atropelamento e Fuga;1;0;0;0;0;0;0;0;;;1;0;1;0;0
21/05/2019;06:59:00;85;Acidente sem vítima;2;BR-101/ES;Norte;Choque com Objeto Fixo;0;0;1;0;0;0;0;0;;;1;0;0;0;0
21/05/2019;07:59:00;129;Acidente sem vítima;147;BR-101/ES;Norte;Choque com Objeto Fixo;2;0;0;0;0;0;0;0;;;2;0;0;0;0
21/05/2019;12:24:00;248;Acidente com vítima;324;BR-101/ES;Sul;Colisão Lateral;1;0;0;0;0;0;0;2;;;1;0;1;0;0
21/05/2019;13:10:00;273;Acidente sem vítima;242;BR-101/ES;Norte;Veículo em Chamas;1;0;0;0;0;0;0;0;;;1;0;0;0;0
21/05/2019;13:34:00;284;Acidente sem vítima;344;BR-101/ES;Sul;Saída de Pista;1;0;0;0;0;0;0;0;;;1;0;0;0;0
21/05/2019;17:27:00;356;Acidente com vítima;314;BR-101/ES;Norte;Colisão Traseira;1;0;0;1;0;0;0;0;;;2;0;1;0;0
22/05/2019;07:19:00;112;Acidente sem vítima;262;BR-101/ES;Sul;Engavetamento;2;0;0;0;0;1;0;0;;;6;0;0;0;0
22/05/2019;09:42:00;171;Acidente com vítima;270;BR-101/ES;Sul;Colisão Traseira;1;0;1;0;0;0;0;0;;;2;0;1;0;0
22/05/2019;11:16:00;213;Acidente sem vítima;263;BR-101/ES;Norte;Colisão Traseira;2;0;0;0;0;0;0;0;;;2;0;0;0;0
22/05/2019;12:43:00;253;Acidente sem vítima;264;BR-101/ES;Norte;Colisão Traseira;1;0;1;0;0;0;0;0;;;2;0;0;0;0
22/05/2019;15:03:00;310;Acidente sem vítima;266;BR-101/ES;Norte;Colisão Traseira;1;0;1;0;0;0;0;0;;;4;0;0;0;0
22/05/2019;17:12:00;343;Acidente sem vítima;58,9;BR-101/ES;Norte;Colisão Traseira;0;0;1;0;0;0;0;3;;;3;0;0;0;0
22/05/2019;17:57:00;361;Atropelamento sem morte;190;BR-101/ES;Norte;Atropelamento;0;0;0;1;0;0;0;0;;;0;1;1;0;0
22/05/2019;18:05:00;362;Acidente com vítima;147;BR-101/ES;Norte;Colisão Transversal;1;0;0;1;0;0;0;0;;;1;1;0;0;0
22/05/2019;22:14:00;422;Acidente com vítima;264;BR-101/ES;Norte;Colisão Lateral;1;0;0;1;0;0;0;0;;;1;0;1;0;0
22/05/2019;23:36:00;456;Acidente sem vítima;270;BR-101/ES;Sul;Colisão Lateral;1;0;1;0;0;0;0;0;;;2;0;0;0;0
23/05/2019;03:26:00;43;Acidente com morte;421,5;BR-101/ES;Norte;Colisão Frontal;1;0;0;0;1;0;0;0;;;26;0;0;0;1
23/05/2019;06:47:00;60;Acidente com vítima;122;BR-101/ES;Norte;Colisão com ciclista;1;1;0;0;0;0;0;0;;;1;1;0;0;0
23/05/2019;06:59:00;63;Acidente com vítima;120;BR-101/ES;Norte;Colisão Traseira;0;0;1;1;0;0;0;0;;;1;1;0;0;0
23/05/2019;07:06:00;65;Acidente com vítima;122;BR-101/ES;Norte;Tombamento;0;0;1;0;0;0;0;0;;;0;2;0;0;0
23/05/2019;09:45:00;137;Acidente sem vítima;270;BR-101/ES;Norte;Colisão Traseira;1;0;0;0;1;0;0;0;;;5;0;0;0;0
23/05/2019;16:11:00;298;Acidente sem vítima;70;BR-101/ES;Sul;Colisão Transversal;1;0;1;0;0;0;0;1;;;3;0;0;0;0
23/05/2019;16:38:00;309;Acidente com vítima;307;BR-101/ES;Sul;Colisão Transversal;1;0;0;1;0;0;0;0;;;1;0;1;0;0
23/05/2019;16:58:00;315;Acidente com vítima;257;BR-101/ES;Sul;Colisão com ciclista;0;1;0;1;0;0;0;0;;;0;1;1;0;0
23/05/2019;17:54:00;337;Acidente sem vítima;212,5;BR-101/ES;Sul;Saída de Pista;0;0;1;0;0;0;0;0;;;1;0;0;0;0
23/05/2019;23:49:00;425;Acidente sem vítima;74;BR-101/ES;Norte;Atropelamento Animal;1;0;0;0;0;0;0;0;;;1;0;0;0;0
24/05/2019;08:46:00;146;Acidente sem vítima;147;BR-101/ES;Sul;Colisão Transversal;2;0;0;0;0;0;0;0;;;2;0;0;0;0
24/05/2019;10:11:00;184;Acidente sem vítima;147,9;BR-101/ES;Sul;Engavetamento;4;0;0;0;0;0;0;0;;;7;0;0;0;0
24/05/2019;10:26:00;190;Acidente com vítima;232;BR-101/ES;Norte;Queda de Moto;0;0;1;1;0;0;0;0;;;2;1;0;0;0
24/05/2019;12:50:00;241;Acidente sem vítima;270;BR-101/ES;Sul;Colisão Traseira;3;0;0;0;0;0;0;0;;;3;0;0;0;0
24/05/2019;13:07:00;251;Acidente com vítima;243,85;BR-101/ES;Norte;Colisão Frontal;2;0;0;0;0;0;0;0;;;0;4;3;0;0
24/05/2019;14:06:00;273;Acidente com vítima;98,1;BR-101/ES;Norte;Queda de Moto;0;0;0;1;0;0;0;0;;;0;0;1;0;0
24/05/2019;14:13:00;274;Acidente com vítima;66;BR-101/ES;Norte;Colisão Transversal;1;0;0;1;0;0;0;0;;;2;0;1;0;0
24/05/2019;14:15:00;275;Acidente com vítima;255;BR-101/ES;Sul;Colisão com ciclista;1;1;0;0;0;0;0;0;;;2;0;1;0;0
24/05/2019;14:42:00;286;Acidente com vítima;255;BR-101/ES;Sul;Engavetamento;2;0;1;0;0;0;0;0;;;4;0;1;0;0
24/05/2019;15:11:00;299;Acidente com vítima;215;BR-101/ES;Norte;Colisão Transversal;2;0;0;0;0;0;0;0;;;5;1;0;0;0
24/05/2019;16:47:00;326;Acidente sem vítima;178;BR-101/ES;Sul;Colisão Traseira;1;0;1;0;0;0;0;0;;;2;0;0;0;0
24/05/2019;17:18:00;337;Acidente com vítima;268;BR-101/ES;Sul;Queda de ciclista;0;1;0;0;0;0;0;0;;;0;1;0;0;0
24/05/2019;18:02:00;350;Acidente sem vítima;262;BR-101/ES;Sul;Colisão Lateral;1;0;0;0;0;0;0;1;;;3;0;0;0;0
24/05/2019;21:03:00;396;Acidente sem vítima;228;BR-101/ES;Sul;Choque;0;0;1;0;0;0;0;2;;;2;0;0;0;0
24/05/2019;21:08:00;398;Acidente sem vítima;152;BR-101/ES;Norte;Choque com Veículo Estacionado;0;0;1;0;1;0;0;0;;;2;0;0;0;0
25/05/2019;07:20:00;98;Acidente sem vítima;342;BR-101/ES;Norte;Colisão Lateral;1;0;0;0;0;0;0;2;;;6;0;0;0;0
25/05/2019;11:48:00;198;Acidente sem vítima;268;BR-101/ES;Sul;Colisão Traseira;1;0;0;0;0;0;0;0;;;1;0;0;0;0
25/05/2019;14:23:00;257;Acidente com vítima;122;BR-101/ES;Sul;Queda de Moto;0;0;0;1;0;0;0;0;;;0;1;1;0;0
25/05/2019;14:31:00;260;Acidente com vítima;64;BR-101/ES;Sul;Queda de Moto;0;0;0;1;0;0;0;0;;;0;0;2;0;0
25/05/2019;15:52:00;280;Acidente com vítima;31;BR-101/ES;Norte;Queda de ciclista;0;1;0;0;0;0;0;0;;;0;0;1;0;0
25/05/2019;19:54:00;335;Acidente sem vítima;200;BR-101/ES;Sul;Atropelamento Animal;1;0;0;0;0;0;0;0;;;1;0;0;0;0
25/05/2019;20:23:00;340;Acidente com vítima;191;BR-101/ES;Sul;Queda de Moto;0;0;0;1;0;0;0;0;;;0;1;1;0;0
25/05/2019;20:52:00;349;Acidente com vítima;177;BR-101/ES;Norte;Colisão Lateral;0;0;0;1;1;0;0;0;;;1;0;1;0;0
25/05/2019;21:51:00;358;Acidente com vítima;286;BR-101/ES;Norte;Colisão Transversal;2;0;0;0;0;0;0;0;;;1;0;5;0;0
25/05/2019;21:58:00;360;Acidente com vítima;315;BR-101/ES;Norte;Colisão Traseira;2;0;0;0;0;0;0;0;;;1;0;1;0;0
26/05/2019;00:15:00;6;Acidente com morte;156,3;BR-101/ES;Norte;Colisão Frontal;1;0;1;1;0;0;0;0;;;0;3;1;0;1
26/05/2019;00:39:00;12;Acidente sem vítima;247;BR-101/ES;Norte;Atropelamento Animal;1;0;0;0;0;0;0;0;;;1;0;0;0;0
26/05/2019;00:56:00;17;Acidente com vítima;220,5;BR-101/ES;Sul;Queda de ciclista;0;1;0;0;0;0;0;0;;;0;0;1;0;0