data;horario;n_da_ocorrencia;tipo_de_ocorrencia;km;trecho;sentido;tipo_de_acidente;automovel;bicicleta;caminhao;moto;onibus;outros;tracao_animal;transporte_de_cargas_especiais;trator_maquinas;utilitarios;ilesos;levemente_feridos;moderadamente_feridos;gravemente_feridos;mortos
26/05/2019;03:42:00;51;Acidente sem vítima;212;BR-101/ES;Sul;Saída de Pista;1;0;0;0;0;0;0;0;;;1;0;0;0;0
26/05/2019;09:15:00;120;Acidente sem vítima;264;BR-101/ES;Norte;Colisão Transversal;2;0;0;0;0;0;0;0;;;2;0;0;0;0
26/05/2019;16:51:00;268;Acidente com vítima;119;BR-101/ES;Norte;Queda de Moto;0;0;0;1;0;0;0;0;;;0;1;1;0;0
26/05/2019;17:22:00;285;Acidente sem vítima;254;BR-101/ES;Sul;Colisão Traseira;2;0;0;0;0;0;0;0;;;2;0;0;0;0
26/05/2019;17:40:00;292;Acidente com vítima;127;BR-101/ES;Sul;Colisão com ciclista;1;1;0;0;0;0;0;0;;;0;0;1;0;0
26/05/2019;17:57:00;293;Acidente com vítima;129;BR-101/ES;Sul;Saída de Pista;0;0;0;1;0;0;0;0;;;0;1;1;0;0
26/05/2019;21:07:00;333;Acidente sem vítima;126;BR-101/ES;Sul;Colisão Lateral;1;0;1;0;0;0;0;0;;;2;0;0;0;0
26/05/2019;21:54:00;343;Acidente com vítima;262;BR-101/ES;Norte;Capotamento;1;0;0;0;0;0;0;2;;;2;0;1;0;0
26/05/2019;22:57:00;362;Acidente com vítima;266,7;BR-101/ES;Sul;Colisão com ciclista;1;1;0;0;0;0;0;0;;;0;1;0;0;0
27/05/2019;06:46:00;82;Acidente sem vítima;269,7;BR-101/ES;Sul;Colisão Traseira;2;0;0;0;0;0;0;0;;;2;0;0;0;0
27/05/2019;07:49:00;126;Acidente sem vítima;264;BR-101/ES;Sul;Colisão Traseira;2;0;0;0;0;0;0;0;;;2;0;0;0;0
27/05/2019;07:51:00;128;Acidente com vítima;395;BR-101/ES;Sul;Colisão Lateral;1;0;0;1;0;0;0;0;;;1;0;1;0;0
27/05/2019;09:15:00;162;Acidente sem vítima;257;BR-101/ES;Norte;Colisão Lateral;1;0;0;0;1;0;0;0;;;2;0;0;0;0
27/05/2019;10:54:00;193;Acidente sem vítima;278;BR-101/ES;Sul;Choque;1;0;0;0;0;0;0;2;;;2;0;0;0;0
27/05/2019;13:44:00;269;Acidente sem vítima;294;BR-101/ES;Sul;Colisão Traseira;1;0;1;0;0;0;0;0;;;8;0;0;0;0
27/05/2019;16:39:00;348;Acidente com vítima;144;BR-101/ES;Norte;Queda de Moto;0;0;0;1;0;0;0;0;;;0;0;1;0;0
27/05/2019;17:48:00;368;Acidente sem vítima;299;BR-101/ES;Norte;Colisão Traseira;1;0;1;0;0;0;0;0;;;2;0;0;0;0
27/05/2019;17:53:00;370;Acidente com vítima;67;BR-101/ES;Norte;Colisão Transversal;0;0;0;2;0;0;0;0;;;1;2;0;0;0
27/05/2019;18:42:00;378;Acidente com vítima;262;BR-101/ES;Norte;Colisão Frontal;2;0;0;0;0;0;0;0;;;2;1;0;0;0
27/05/2019;19:23:00;386;Acidente sem vítima;270;BR-101/ES;Sul;Colisão Lateral;1;0;1;0;0;0;0;0;;;3;0;0;0;0
28/05/2019;04:53:00;52;Acidente sem vítima;319;BR-101/ES;Norte;Colisão Lateral;1;0;0;0;0;0;0;3;;;3;0;0;0;0
28/05/2019;09:40:00;148;Acidente sem vítima;107;BR-101/ES;Sul;Colisão Lateral;0;0;1;0;0;1;0;2;;;3;0;0;0;0
28/05/2019;10:13:00;165;Acidente com vítima;299;BR-101/ES;Sul;Colisão Traseira;1;0;0;1;0;0;0;0;;;2;1;0;0;0
28/05/2019;12:45:00;239;Acidente com vítima;8;BR-101/ES;Norte;Colisão Transversal;2;0;0;0;0;0;0;0;;;1;1;1;0;0
28/05/2019;14:30:00;273;Acidente sem vítima;266;BR-101/ES;Sul;Colisão Transversal;1;0;0;1;0;0;0;0;;;2;0;0;0;0
28/05/2019;17:01:00;324;Acidente com vítima;69;BR-101/ES;Sul;Colisão Traseira;1;0;0;1;0;0;0;0;;;2;0;1;0;0
28/05/2019;17:32:00;335;Acidente sem vítima;331;BR-101/ES;Sul;Tombamento;0;0;1;0;0;0;0;0;;;1;0;0;0;0
29/05/2019;07:06:00;92;Acidente com vítima;262;BR-101/ES;Sul;Colisão Traseira;1;0;0;1;0;0;0;0;;;1;1;0;0;0
29/05/2019;08:16:00;117;Acidente sem vítima;269;BR-101/ES;Norte;Colisão Lateral;1;1;0;0;0;0;0;0;;;2;0;0;0;0
29/05/2019;08:42:00;131;Acidente sem vítima;254,1;BR-101/ES;Sul;Colisão Traseira;2;0;0;0;0;0;0;0;;;2;0;0;0;0
29/05/2019;09:02:00;139;Acidente sem vítima;267,7;BR-101/ES;Sul;Colisão Lateral;1;0;0;0;1;0;0;0;;;2;0;0;0;0
29/05/2019;11:02:00;180;Acidente sem vítima;396;BR-101/ES;Sul;Saída de Pista;1;0;0;0;0;0;0;0;;;1;0;0;0;0
29/05/2019;11:03:00;182;Acidente sem vítima;270;BR-101/ES;Sul;Colisão Traseira;1;0;0;0;0;0;0;2;;;2;0;0;0;0
29/05/2019;12:22:00;213;Acidente sem vítima;269;BR-101/ES;Norte;Colisão Transversal;1;0;0;0;0;0;0;2;;;2;0;0;0;0
29/05/2019;12:36:00;228;Acidente sem vítima;298;BR-101/ES;Sul;Colisão Traseira;0;0;1;0;0;0;0;1;;;1;0;0;0;0
29/05/2019;13:28:00;242;Acidente com vítima;262;BR-101/ES;Norte;Colisão Frontal;1;0;0;1;0;0;0;0;;;1;1;0;0;0
29/05/2019;15:13:00;284;Acidente com vítima;276;BR-101/ES;Norte;Tombamento;0;0;0;0;0;0;0;2;;;0;0;1;0;0
29/05/2019;15:23:00;286;Acidente sem vítima;345;BR-101/ES;Sul;Engavetamento;2;0;1;0;0;0;0;0;;;5;0;0;0;0
29/05/2019;16:30:00;302;Acidente sem vítima;347;BR-101/ES;Sul;Engavetamento;3;0;2;0;0;0;0;0;;;6;0;0;0;0
29/05/2019;18:43:00;342;Atropelamento sem morte;309,6;BR-101/ES;Norte;Atropelamento e Fuga;0;0;0;0;0;0;0;1;;;0;0;0;1;0
30/05/2019;06:35:00;71;Acidente sem vítima;266;BR-101/ES;Sul;Engavetamento;4;0;0;0;0;0;0;0;;;7;0;0;0;0
30/05/2019;07:24:00;100;Acidente sem vítima;204;BR-101/ES;Norte;Colisão Transversal;2;0;0;0;0;0;0;0;;;2;0;0;0;0
30/05/2019;08:04:00;118;Acidente com vítima;289;BR-101/ES;Norte;Colisão Lateral;1;0;0;1;0;0;0;0;;;1;0;1;0;0
30/05/2019;15:52:00;298;Acidente sem vítima;255;BR-101/ES;Norte;Colisão Traseira;2;0;0;0;0;0;0;0;;;4;0;0;0;0
30/05/2019;16:46:00;312;Acidente sem vítima;262;BR-101/ES;Norte;Colisão Lateral;1;0;0;0;0;0;0;2;;;4;0;0;0;0
30/05/2019;18:01:00;336;Acidente com vítima;265;BR-101/ES;Sul;Queda de Moto;0;0;0;1;0;0;0;0;;;0;0;1;0;0
30/05/2019;19:03:00;344;Acidente com vítima;325,4;BR-101/ES;Sul;Colisão Traseira;0;0;1;1;0;0;0;0;;;1;0;0;1;0
30/05/2019;19:19:00;347;Acidente sem vítima;264;BR-101/ES;Norte;Colisão Transversal;2;0;0;0;0;0;0;0;;;2;0;0;0;0
30/05/2019;20:32:00;367;Acidente com vítima;298;BR-101/ES;Norte;Atropelamento de Equino;1;0;0;0;0;0;0;0;;;0;1;0;0;0
30/05/2019;23:36:00;410;Acidente com vítima;944,3;BR-101/BA;Sul;Queda de Moto;0;0;0;1;0;0;0;0;;;0;0;0;1;0
31/05/2019;11:20:00;195;Acidente com vítima;367;BR-101/ES;Norte;Queda de Moto;0;0;0;1;0;0;0;0;;;0;1;0;0;0
31/05/2019;11:37:00;204;Acidente com vítima;265,6;BR-101/ES;Sul;Colisão Traseira;0;0;1;0;0;0;0;2;;;2;0;1;0;0
31/05/2019;15:15:00;295;Acidente sem vítima;255;BR-101/ES;Sul;Colisão Traseira;2;0;0;0;0;0;0;0;;;2;0;0;0;0
31/05/2019;15:19:00;296;Acidente sem vítima;287;BR-101/ES;Sul;Colisão Traseira;2;0;0;0;0;0;0;0;;;3;0;0;0;0
31/05/2019;16:40:00;324;Acidente sem vítima;167;BR-101/ES;Sul;Colisão Traseira;2;0;0;0;0;0;0;0;;;2;0;0;0;0
31/05/2019;16:44:00;327;Acidente com vítima;256;BR-101/ES;Sul;Colisão Traseira;0;0;0;1;0;0;0;0;;;0;0;1;0;0
31/05/2019;17:00:00;336;Acidente com vítima;253;BR-101/ES;Sul;Colisão Traseira;1;0;0;1;0;0;0;0;;;1;1;1;0;0
31/05/2019;17:03:00;339;Acidente com vítima;446;BR-101/ES;Norte;Queda de Moto;0;0;0;1;0;0;0;0;;;0;0;1;0;0
31/05/2019;17:12:00;341;Acidente com vítima;146;BR-101/ES;Norte;Colisão com ciclista;1;1;0;0;0;0;0;0;;;1;0;1;0;0
31/05/2019;23:11:00;426;Acidente sem vítima;289;BR-101/ES;Norte;Choque com Objeto Fixo;1;0;0;0;0;0;0;0;;;2;0;0;0;0
01/04/2019;00:03:00;2;Acidente com vítima;144;BR-101/ES;Sul;Capotamento;1;0;0;0;0;0;0;0;;;0;4;0;0;0
01/04/2019;01:21:00;20;Acidente com vítima;264;BR-101/ES;Sul;Colisão Transversal;1;0;0;0;0;0;0;2;;;3;1;0;0;0
01/04/2019;02:09:00;34;Acidente com vítima;366;BR-101/ES;Norte;Saída de Pista;0;0;1;0;0;0;0;0;;;0;1;0;0;0
01/04/2019;03:13:00;44;Acidente sem vítima;292;BR-101/ES;Norte;Capotamento;1;0;0;0;0;0;0;0;;;2;0;0;0;0
01/04/2019;07:50:00;124;Acidente sem vítima;296;BR-101/ES;Sul;Colisão Lateral;1;0;1;0;0;0;0;1;;;3;0;0;0;0
01/04/2019;08:24:00;132;Acidente sem vítima;271;BR-101/ES;Norte;Colisão Traseira;2;0;0;0;0;0;0;0;;;3;0;0;0;0
01/04/2019;08:36:00;134;Acidente sem vítima;293;BR-101/ES;Norte;Colisão Transversal;2;0;0;0;0;0;0;0;;;2;0;0;0;0
01/04/2019;09:44:00;158;Acidente sem vítima;255;BR-101/ES;Norte;Colisão Traseira;2;0;0;0;0;0;0;0;;;2;0;0;0;0
01/04/2019;09:49:00;161;Acidente sem vítima;269;BR-101/ES;Sul;Colisão Traseira;2;0;0;0;0;0;0;0;;;2;0;0;0;0
01/04/2019;11:25:00;190;Atropelamento sem morte;268;BR-101/ES;Norte;Atropelamento;1;0;0;1;0;0;0;0;;;2;0;1;0;0
01/04/2019;13:36:00;247;Acidente sem vítima;265;BR-101/ES;Sul;Choque com Objeto Fixo;0;0;1;0;0;0;0;0;;;1;0;0;0;0
01/04/2019;15:49:00;284;Acidente sem vítima;263,5;BR-101/ES;Sul;Colisão Transversal;1;0;0;0;0;0;0;2;;;2;0;0;0;0
01/04/2019;17:35:00;314;Acidente com vítima;270;BR-101/ES;Sul;Tombamento;0;0;1;0;0;0;0;0;;;0;0;1;0;0
01/04/2019;17:45:00;317;Acidente com vítima;325;BR-101/ES;Sul;Queda de Moto;0;0;1;1;0;0;0;0;;;1;2;0;0;0
01/04/2019;18:56:00;328;Acidente sem vítima;96;BR-101/ES;Sul;Colisão Traseira;2;0;0;0;0;0;0;0;;;3;0;0;0;0
01/04/2019;20:03:00;338;Acidente sem vítima;147;BR-101/ES;Norte;Colisão Traseira;2;0;0;0;0;0;0;0;;;2;0;0;0;0
01/04/2019;20:22:00;340;Acidente com vítima;436;BR-101/ES;Sul;Colisão Lateral;1;0;0;0;0;0;0;0;;;0;2;0;0;0
01/04/2019;21:49:00;351;Acidente sem vítima;219;BR-101/ES;Norte;Choque com Objeto Fixo;1;0;0;0;0;0;0;0;;;1;0;0;0;0
02/04/2019;04:31:00;48;Acidente sem vítima;5;BR-101/ES;Norte;Atropelamento Animal;1;0;0;0;0;0;0;0;;;3;0;0;0;0
02/04/2019;07:38:00;129;Acidente com vítima;140;BR-101/ES;Sul;Colisão Transversal;1;0;0;1;0;0;0;0;;;1;1;0;0;0
02/04/2019;09:07:00;161;Acidente sem vítima;149;BR-101/ES;Sul;Colisão Lateral;0;0;0;0;0;0;0;3;;;2;0;0;0;0
02/04/2019;10:20:00;183;Acidente sem vítima;269;BR-101/ES;Norte;Colisão Traseira;0;0;0;1;0;0;0;2;;;2;0;0;0;0
02/04/2019;11:36:00;212;Acidente sem vítima;264;BR-101/ES;Sul;Colisão Traseira;2;0;0;0;0;0;0;0;;;4;0;0;0;0
02/04/2019;13:04:00;243;Acidente com vítima;380;BR-101/ES;Sul;Queda de Moto;0;0;0;1;0;0;0;0;;;0;1;0;0;0
02/04/2019;17:39:00;333;Acidente com vítima;213;BR-101/ES;Sul;Queda de Moto;0;0;0;1;0;0;0;0;;;0;1;0;0;0
02/04/2019;18:10:00;344;Acidente com vítima;147;BR-101/ES;Norte;Colisão Traseira;0;0;0;2;0;0;0;0;;;0;2;0;0;0
02/04/2019;18:39:00;350;Acidente com vítima;145;BR-101/ES;Norte;Colisão Traseira;4;0;0;0;0;0;0;0;;;5;1;0;0;0
02/04/2019;18:49:00;353;Acidente sem vítima;213;BR-101/ES;Norte;Colisão Lateral;1;0;0;1;0;0;0;0;;;2;0;0;0;0
02/04/2019;22:18:00;390;Acidente sem vítima;320;BR-101/ES;Sul;Queda de Moto;0;0;0;1;0;0;0;0;;;1;0;0;0;0
03/04/2019;03:37:00;43;Acidente sem vítima;385;BR-101/ES;Norte;Saída de Pista;0;0;1;0;0;0;0;0;;;1;0;0;0;0
03/04/2019;03:56:00;46;Acidente com vítima;298;BR-101/ES;Norte;Colisão com ciclista;0;1;0;1;0;0;0;0;;;0;0;2;0;0
03/04/2019;07:45:00;122;Acidente com vítima;273;BR-101/ES;Norte;Colisão Traseira;0;0;0;1;0;0;0;0;;;0;0;1;0;0
03/04/2019;09:43:00;163;Acidente sem vítima;416;BR-101/ES;Sul;Colisão Traseira;0;0;1;0;0;0;0;3;;;2;0;0;0;0
03/04/2019;10:28:00;177;Atropelamento sem morte;269;BR-101/ES;Norte;Atropelamento;1;0;0;0;0;0;0;0;;;1;0;1;0;0
03/04/2019;11:42:00;205;Acidente sem vítima;229;BR-101/ES;Norte;Colisão Lateral;0;0;0;0;0;0;0;4;;;2;0;0;0;0
03/04/2019;14:18:00;263;Acidente sem vítima;276;BR-101/ES;Sul;Capotamento;1;0;0;0;0;0;0;0;;;1;0;0;0;0
03/04/2019;15:02:00;272;Acidente sem vítima;265;BR-101/ES;Sul;Colisão Traseira;1;0;0;0;0;0;0;0;;;1;0;0;0;0
03/04/2019;17:03:00;310;Acidente sem vítima;274;BR-101/ES;Sul;Choque com Objeto Fixo;1;0;0;0;0;0;0;0;;;1;0;0;0;0
03/04/2019;17:27:00;316;Acidente sem vítima;215;BR-101/ES;Norte;Engavetamento;4;0;1;0;0;0;0;0;;;8;0;0;0;0
03/04/2019;18:02:00;329;Acidente sem vítima;268;BR-101/ES;Norte;Choque com Objeto Fixo;1;0;1;0;0;0;0;0;;;1;0;0;0;0
03/04/2019;20:10:00;347;Acidente com vítima;136;BR-101/ES;Norte;Colisão Traseira;1;0;0;1;0;0;0;0;;;0;1;2;0;0
04/04/2019;04:54:00;55;Acidente sem vítima;264;BR-101/ES;Sul;Colisão Lateral;0;0;1;0;0;0;0;3;;;4;0;0;0;0
04/04/2019;09:49:00;165;Acidente com vítima;125;BR-101/ES;Sul;Colisão com ciclista;1;1;0;0;0;0;0;0;;;0;0;1;0;0
04/04/2019;09:51:00;166;Acidente com vítima;190;BR-101/ES;Norte;Colisão Transversal;1;0;1;0;0;0;0;0;;;1;0;2;0;0
04/04/2019;12:17:00;226;Acidente sem vítima;258;BR-101/ES;Sul;Saída de Pista;1;0;0;0;0;0;0;0;;;1;0;0;0;0
04/04/2019;13:53:00;271;Acidente com vítima;268;BR-101/ES;Norte;Colisão Traseira;2;0;0;0;0;0;0;0;;;2;0;1;0;0
04/04/2019;13:58:00;276;Acidente sem vítima;258;BR-101/ES;Sul;Colisão Traseira;2;0;0;0;0;0;0;0;;;3;0;0;0;0
04/04/2019;14:15:00;282;Acidente sem vítima;257;BR-101/ES;Norte;Colisão Lateral;2;0;0;0;0;0;0;0;;;2;0;0;0;0
04/04/2019;14:30:00;287;Acidente sem vítima;401;BR-101/ES;Sul;Colisão Traseira;2;0;0;0;0;0;0;0;;;6;0;0;0;0
04/04/2019;15:27:00;299;Acidente sem vítima;283;BR-101/ES;Norte;Saída de Pista;1;0;0;0;0;1;0;0;;;1;0;0;0;0
04/04/2019;16:13:00;309;Acidente sem vítima;286;BR-101/ES;Sul;Colisão Traseira;1;0;1;0;0;0;0;0;;;1;0;0;0;0
04/04/2019;16:28:00;314;Acidente sem vítima;284;BR-101/ES;Norte;Choque com Objeto Fixo;2;0;0;0;0;0;0;0;;;5;0;0;0;0
04/04/2019;16:44:00;320;Acidente com vítima;284;BR-101/ES;Norte;Queda de Moto;0;0;0;1;0;0;0;0;;;0;0;1;0;0
04/04/2019;17:39:00;339;Acidente sem vítima;209;BR-101/ES;Norte;Saída de Pista;1;0;0;0;0;0;0;0;;;1;0;0;0;0
04/04/2019;20:57:00;383;Acidente sem vítima;146;BR-101/ES;Norte;Colisão Lateral;2;0;0;0;0;0;0;0;;;3;0;0;0;0
05/04/2019;02:40:00;38;Acidente com vítima;246,3;BR-101/ES;Sul;Saída de Pista;0;0;1;0;0;0;0;0;;;1;0;1;0;0
05/04/2019;04:40:00;57;Acidente sem vítima;154;BR-101/ES;Sul;Colisão Lateral;0;0;2;0;0;0;0;0;;;2;0;0;0;0
05/04/2019;06:42:00;71;Acidente com vítima;154;BR-101/ES;Sul;Queda de Moto;0;0;0;1;0;0;0;0;;;0;1;0;0;0
05/04/2019;09:01:00;148;Acidente sem vítima;273;BR-101/ES;Norte;Saída de Pista;1;0;0;0;0;0;0;0;;;2;0;0;0;0
05/04/2019;09:19:00;153;Acidente com vítima;264;BR-101/ES;Norte;Colisão Transversal;0;0;0;1;0;0;0;2;;;1;0;1;0;0
05/04/2019;10:17:00;167;Acidente sem vítima;399;BR-101/ES;Sul;Colisão Traseira;1;0;0;0;0;0;0;1;;;3;0;0;0;0
05/04/2019;11:30:00;197;Acidente sem vítima;264;BR-101/ES;Sul;Colisão Traseira;1;0;0;0;0;0;0;2;;;5;0;0;0;0
05/04/2019;12:20:00;222;Acidente sem vítima;266;BR-101/ES;Sul;Colisão Traseira;2;0;0;0;0;0;0;0;;;3;0;0;0;0
05/04/2019;12:24:00;223;Acidente com vítima;257;BR-101/ES;Sul;Queda de Moto;0;0;0;1;0;0;0;0;;;0;1;0;0;0
05/04/2019;14:54:00;281;Acidente sem vítima;266;BR-101/ES;Norte;Colisão Traseira;1;0;0;0;0;1;0;0;;;1;0;0;0;0
05/04/2019;16:23:00;311;Acidente sem vítima;263;BR-101/ES;Norte;Colisão Traseira;2;0;0;0;0;0;0;0;;;5;0;0;0;0
05/04/2019;20:46:00;382;Acidente com vítima;259;BR-101/ES;Norte;Queda de Moto;0;0;0;1;0;0;0;0;;;0;1;1;0;0
05/04/2019;22:58:00;417;Acidente com vítima;137;BR-101/ES;Sul;Queda de ciclista;0;1;0;0;0;0;0;0;;;0;1;0;0;0
05/04/2019;23:24:00;424;Acidente com vítima;268;BR-101/ES;Norte;Atropelamento Animal;0;0;0;1;0;0;0;0;;;0;0;1;0;0
06/04/2019;06:19:00;82;Acidente com morte;109,8;BR-101/ES;Sul;Colisão Frontal;1;0;1;0;0;0;0;1;;;1;0;0;0;2
06/04/2019;07:04:00;90;Acidente com vítima;275;BR-101/ES;Norte;Capotamento;1;0;0;0;0;0;0;0;;;0;0;1;0;0
06/04/2019;07:07:00;93;Acidente com vítima;262;BR-101/ES;Sul;Engavetamento;3;0;0;0;0;1;0;0;;;2;1;0;0;0
06/04/2019;07:13:00;95;Acidente com vítima;386;BR-101/ES;Norte;Saída de Pista;0;0;0;1;0;0;0;0;;;0;1;0;0;0
06/04/2019;09:56:00;157;Acidente com vítima;66,1;BR-101/ES;Sul;Colisão Transversal;1;0;1;0;0;0;0;0;;;2;0;1;0;0
06/04/2019;10:02:00;161;Acidente sem vítima;264;BR-101/ES;Norte;Colisão Traseira;2;0;0;0;0;0;0;0;;;2;0;0;0;0
06/04/2019;11:10:00;186;Acidente com vítima;270;BR-101/ES;Norte;Capotamento;1;0;0;0;0;0;0;0;;;0;0;1;0;0
06/04/2019;14:13:00;266;Acidente sem vítima;294;BR-101/ES;Sul;Colisão Transversal;2;0;0;0;0;0;0;0;;;2;0;0;0;0
06/04/2019;15:23:00;294;Acidente sem vítima;262;BR-101/ES;Norte;Colisão Traseira;2;0;0;0;0;0;0;0;;;2;0;0;0;0
06/04/2019;16:55:00;324;Acidente com vítima;147;BR-101/ES;Sul;Queda de Moto;0;0;0;1;0;0;0;0;;;0;0;1;0;0
06/04/2019;19:42:00;368;Acidente com vítima;267;BR-101/ES;Sul;Colisão com ciclista;1;1;0;0;0;0;0;0;;;1;1;0;0;0
06/04/2019;19:56:00;373;Acidente com vítima;358;BR-101/ES;Norte;Queda de Moto;0;0;0;1;0;0;0;0;;;0;1;0;0;0
06/04/2019;20:46:00;384;Acidente sem vítima;331;BR-101/ES;Sul;Saída de Pista;1;0;0;0;0;0;0;0;;;1;0;0;0;0
07/04/2019;01:43:00;39;Acidente sem vítima;227;BR-101/ES;Norte;Saída de Pista;1;0;0;0;0;0;0;0;;;2;0;0;0;0
07/04/2019;02:48:00;51;Acidente com vítima;189;BR-101/ES;Sul;Queda de Moto;0;0;0;1;0;0;0;0;;;0;0;1;0;0
07/04/2019;03:13:00;56;Acidente sem vítima;281,5;BR-101/ES;Norte;Saída de Pista;1;0;0;0;0;0;0;0;;;1;0;0;0;0
07/04/2019;04:38:00;70;Acidente com vítima;130;BR-101/ES;Sul;Queda de Moto;0;0;0;1;0;0;0;0;;;0;1;0;0;0
07/04/2019;05:53:00;88;Acidente sem vítima;83;BR-101/ES;Sul;Tombamento;0;0;1;0;0;0;0;1;;;2;0;0;0;0
07/04/2019;06:29:00;93;Acidente com vítima;144;BR-101/ES;Norte;Choque com Objeto Fixo;1;0;0;0;0;0;0;0;;;0;1;0;0;0
07/04/2019;08:01:00;112;Acidente sem vítima;81,8;BR-101/ES;Norte;Colisão Traseira;3;0;0;0;0;1;0;0;;;5;0;0;0;0
07/04/2019;08:20:00;118;Acidente sem vítima;208;BR-101/ES;Sul;Colisão Lateral;1;0;0;0;1;0;0;0;;;2;0;0;0;0
07/04/2019;09:57:00;152;Acidente com vítima;191;BR-101/ES;Sul;Queda de Moto;0;0;0;1;0;0;0;0;;;1;1;0;0;0
07/04/2019;15:24:00;279;Acidente sem vítima;145;BR-101/ES;Norte;Colisão Lateral;1;0;0;1;0;0;0;0;;;5;0;0;0;0
07/04/2019;18:36:00;329;Acidente com vítima;402;BR-101/ES;Norte;Queda de Moto;0;0;0;1;0;0;0;0;;;1;1;0;0;0
07/04/2019;18:40:00;330;Acidente com vítima;269;BR-101/ES;Norte;Queda de Moto;0;0;0;1;0;0;0;0;;;0;1;0;0;0
07/04/2019;21:38:00;383;Acidente sem vítima;29;BR-101/ES;Norte;Saída de Pista;1;0;0;0;0;0;0;0;;;1;0;0;0;0
08/04/2019;01:54:00;37;Acidente com vítima;184,5;BR-101/ES;Norte;Colisão Frontal;2;0;0;0;0;0;0;0;;;0;0;2;0;0
08/04/2019;07:14:00;112;Acidente com vítima;269;BR-101/ES;Sul;Colisão Lateral;2;0;0;1;0;0;0;0;;;3;0;1;0;0
08/04/2019;09:11:00;158;Acidente com vítima;256,4;BR-101/ES;Sul;Colisão com ciclista;0;1;0;1;0;0;0;0;;;1;1;0;0;0
08/04/2019;09:37:00;165;Acidente sem vítima;101;BR-101/ES;Norte;Colisão Traseira;1;0;0;1;0;0;0;0;;;5;0;0;0;0
08/04/2019;09:39:00;166;Acidente sem vítima;236;BR-101/ES;Norte;Saída de Pista;1;0;0;0;0;0;0;0;;;1;0;0;0;0
08/04/2019;10:10:00;181;Acidente sem vítima;166;BR-101/ES;Norte;Engavetamento;2;0;1;0;0;1;0;2;;;7;0;0;0;0
08/04/2019;10:33:00;188;Acidente sem vítima;110;BR-101/ES;Norte;Colisão Traseira;1;0;1;0;0;0;0;0;;;1;0;0;0;0
08/04/2019;13:45:00;284;Acidente sem vítima;283;BR-101/ES;Sul;Choque com Objeto Fixo;1;0;0;0;0;0;0;0;;;1;0;0;0;0
08/04/2019;16:33:00;342;Acidente sem vítima;277;BR-101/ES;Sul;Colisão Traseira;1;0;0;1;0;0;0;0;;;2;0;0;0;0
08/04/2019;18:07:00;384;Acidente sem vítima;233;BR-101/ES;Sul;Queda de Moto;0;0;0;1;0;0;0;0;;;1;0;0;0;0
08/04/2019;18:16:00;387;Acidente com vítima;414;BR-101/ES;Sul;Queda de Moto;0;0;0;1;0;0;0;0;;;0;0;1;0;0
08/04/2019;20:15:00;414;Acidente com vítima;264;BR-101/ES;Norte;Colisão Transversal;1;0;0;1;0;0;0;0;;;3;0;1;0;0
09/04/2019;07:43:00;123;Acidente com vítima;268;BR-101/ES;Sul;Colisão Transversal;0;0;0;2;0;0;0;0;;;0;0;2;0;0
09/04/2019;10:41:00;179;Atropelamento com morte;257;BR-101/ES;Norte;Atropelamento;0;0;0;0;0;0;0;2;;;1;0;0;0;1
09/04/2019;12:10:00;216;Acidente sem vítima;270;BR-101/ES;Norte;Colisão Traseira;1;0;0;1;0;0;0;0;;;2;0;0;0;0
09/04/2019;12:45:00;237;Acidente com vítima;291;BR-101/ES;Sul;Colisão Lateral;2;0;1;0;0;0;0;0;;;2;0;1;0;0
09/04/2019;12:58:00;240;Acidente com vítima;377;BR-101/ES;Norte;Colisão Transversal;1;0;0;1;0;0;0;0;;;1;1;0;0;0
09/04/2019;13:59:00;261;Acidente sem vítima;255;BR-101/ES;Sul;Colisão Traseira;2;0;0;0;0;0;0;0;;;2;0;0;0;0
09/04/2019;15:14:00;283;Acidente com vítima;147;BR-101/ES;Norte;Colisão Traseira;1;0;1;0;0;0;0;0;;;1;1;0;0;0
09/04/2019;15:20:00;288;Acidente sem vítima;266;BR-101/ES;Sul;Colisão Lateral;1;0;0;0;0;0;0;3;;;3;0;0;0;0
09/04/2019;16:00:00;297;Acidente sem vítima;329;BR-101/ES;Sul;Colisão Lateral;0;0;1;0;0;0;0;2;;;4;0;0;0;0
09/04/2019;16:16:00;302;Acidente sem vítima;260;BR-101/ES;Sul;Colisão Traseira;2;0;0;0;0;0;0;0;;;2;0;0;0;0
09/04/2019;16:46:00;311;Acidente sem vítima;264;BR-101/ES;Sul;Veículo em Chamas;0;0;1;0;0;0;0;0;;;1;0;0;0;0
09/04/2019;16:59:00;320;Acidente sem vítima;259,9;BR-101/ES;Sul;Colisão Traseira;2;0;0;0;0;0;0;0;;;2;0;0;0;0
10/04/2019;04:19:00;46;Acidente sem vítima;332,5;BR-101/ES;Sul;Saída de Pista;0;0;1;0;0;0;0;0;;;1;0;0;0;0
10/04/2019;06:36:00;71;Acidente sem vítima;335;BR-101/ES;Norte;Tombamento;0;0;0;0;0;0;0;2;;;1;0;0;0;0
10/04/2019;11:27:00;181;Acidente sem vítima;312;BR-101/ES;Norte;Saída de Pista;1;0;0;0;0;0;0;0;;;1;0;0;0;0
10/04/2019;11:52:00;195;Acidente com vítima;409;BR-101/ES;Sul;Colisão Frontal;0;0;2;0;0;0;0;0;;;0;2;0;0;0