data;horario;n_da_ocorrencia;tipo_de_ocorrencia;km;trecho;sentido;tipo_de_acidente;automovel;bicicleta;caminhao;moto;onibus;outros;tracao_animal;transporte_de_cargas_especiais;trator_maquinas;utilitarios;ilesos;levemente_feridos;moderadamente_feridos;gravemente_feridos;mortos
14/10/2019;15:40:00;327;Acidente com vítima;172;BR-101/ES;Sul;Saída de Pista;1;0;0;0;0;0;0;0;;;0;1;0;0;0
14/10/2019;15:52:00;331;Acidente com vítima;225,8;BR-101/ES;Sul;Colisão Traseira;2;0;1;0;0;0;0;0;;;7;0;1;0;0
14/10/2019;16:11:00;335;Acidente com vítima;147;BR-101/ES;Sul;Queda de Moto;0;0;0;1;0;0;0;0;;;0;1;0;0;0
14/10/2019;18:52:00;377;Acidente sem vítima;321;BR-101/ES;Norte;Choque;1;0;0;0;0;0;0;0;;;1;0;0;0;0
14/10/2019;20:45:00;392;Acidente com vítima;288,8;BR-101/ES;Norte;Colisão Traseira;2;0;0;0;0;0;0;0;;;2;0;1;0;0
15/10/2019;07:09:00;94;Acidente sem vítima;269;BR-101/ES;Sul;Engavetamento;4;0;0;0;0;0;0;0;;;4;0;0;0;0
15/10/2019;11:23:00;218;Acidente com vítima;224,3;BR-101/ES;Sul;Engavetamento;4;0;0;0;0;0;0;0;;;9;0;1;0;0
15/10/2019;15:55:00;311;Acidente sem vítima;177;BR-101/ES;Norte;Saída de Pista;1;0;0;0;0;0;0;0;;;4;0;0;0;0
15/10/2019;16:45:00;320;Acidente com vítima;265;BR-101/ES;Norte;Colisão Lateral;1;0;0;1;0;0;0;0;;;1;0;1;0;0
15/10/2019;19:14:00;356;Acidente sem vítima;220;BR-101/ES;Sul;Colisão Lateral;0;0;0;1;1;0;0;0;;;2;0;0;0;0
15/10/2019;20:48:00;375;Atropelamento sem morte;295;BR-101/ES;Sul;Atropelamento;0;0;0;1;0;0;0;0;;;0;1;0;1;0
16/10/2019;05:06:00;65;Acidente sem vítima;276;BR-101/ES;Norte;Choque;1;0;0;0;0;0;0;0;;;1;0;0;0;0
16/10/2019;07:29:00;104;Acidente com vítima;263;BR-101/ES;Sul;Colisão com ciclista;0;1;0;0;1;0;0;0;;;2;0;1;0;0
16/10/2019;07:44:00;128;Acidente com vítima;152;BR-101/ES;Sul;Queda de Moto;0;0;0;1;0;0;0;0;;;0;2;0;0;0
16/10/2019;11:12:00;209;Acidente sem vítima;298;BR-101/ES;Norte;Colisão Lateral;1;0;1;0;0;0;0;0;;;2;0;0;0;0
16/10/2019;14:04:00;287;Acidente sem vítima;194;BR-101/ES;Norte;Colisão Lateral;1;0;0;0;0;0;0;3;;;2;0;0;0;0
16/10/2019;18:09:00;373;Acidente sem vítima;66;BR-101/ES;Norte;Colisão Traseira;1;0;0;1;0;0;0;0;;;2;0;0;0;0
16/10/2019;21:56:00;422;Acidente com vítima;269;BR-101/ES;Norte;Engavetamento;3;0;0;0;0;0;0;0;;;4;0;1;0;0
16/10/2019;22:37:00;434;Acidente sem vítima;72,3;BR-101/ES;Norte;Capotamento;1;0;0;0;0;0;0;0;;;1;0;0;0;0
17/10/2019;04:50:00;74;Acidente sem vítima;149;BR-101/ES;Norte;Choque com Objeto Fixo;0;0;1;0;0;0;0;0;;;1;0;0;0;0
17/10/2019;06:56:00;117;Acidente sem vítima;318;BR-101/ES;Norte;Capotamento;1;0;0;0;0;0;0;0;;;1;0;0;0;0
17/10/2019;07:09:00;125;Acidente com vítima;62;BR-101/ES;Norte;Queda de Moto;0;0;0;1;0;0;0;0;;;0;0;1;0;0
17/10/2019;07:25:00;130;Acidente sem vítima;283;BR-101/ES;Norte;Choque com Objeto Fixo;1;0;0;0;0;0;0;0;;;1;0;0;0;0
17/10/2019;08:11:00;154;Acidente sem vítima;255;BR-101/ES;Sul;Colisão Traseira;1;0;0;0;0;0;0;2;;;2;0;0;0;0
17/10/2019;10:57:00;225;Acidente sem vítima;242;BR-101/ES;Norte;Colisão Lateral;1;0;0;0;0;0;0;2;;;3;0;0;0;0
17/10/2019;11:51:00;263;Acidente sem vítima;149;BR-101/ES;Sul;Colisão Traseira;2;0;0;0;0;0;0;0;;;2;0;0;0;0
17/10/2019;12:46:00;300;Acidente sem vítima;0,8;BR-101/ES;Sul;Choque com Objeto Fixo;1;0;0;0;0;0;0;0;;;1;0;0;0;0
17/10/2019;13:18:00;314;Acidente sem vítima;271;BR-101/ES;Norte;Colisão Traseira;2;0;0;0;0;0;0;0;;;2;0;0;0;0
17/10/2019;16:57:00;379;Acidente sem vítima;146;BR-101/ES;Norte;Colisão Traseira;1;0;0;0;0;0;0;0;;;1;0;0;0;0
17/10/2019;18:12:00;401;Acidente com vítima;138;BR-101/ES;Norte;Capotamento;0;0;1;0;0;0;0;0;;;0;0;2;0;0
17/10/2019;19:31:00;413;Acidente sem vítima;370;BR-101/ES;Norte;Choque com Objeto Fixo;0;0;1;0;0;0;0;0;;;1;0;0;0;0
17/10/2019;19:51:00;419;Acidente com vítima;79;BR-101/ES;Norte;Colisão com ciclista;1;1;0;0;0;0;0;0;;;1;0;1;0;0
17/10/2019;21:22:00;441;Acidente sem vítima;355;BR-101/ES;Norte;Atropelamento Animal;1;0;0;0;0;0;0;0;;;1;0;0;0;0
17/10/2019;21:22:00;442;Acidente sem vítima;355;BR-101/ES;Norte;Atropelamento Animal;1;0;0;0;0;0;0;0;;;1;0;0;0;0
17/10/2019;22:05:00;457;Acidente sem vítima;301;BR-101/ES;Norte;Colisão com ciclista;1;1;0;0;0;0;0;0;;;2;0;0;0;0
18/10/2019;06:58:00;110;Acidente com morte;244,8;BR-101/ES;Norte;Colisão Transversal;0;0;1;1;0;0;0;0;;;1;0;0;0;1
18/10/2019;10:48:00;200;Acidente sem vítima;275;BR-101/ES;Sul;Queda de Moto;0;0;0;1;0;0;0;0;;;1;0;0;0;0
18/10/2019;12:32:00;259;Acidente sem vítima;269;BR-101/ES;Norte;Colisão Traseira;0;0;2;0;0;0;0;0;;;4;0;0;0;0
18/10/2019;13:04:00;269;Acidente sem vítima;270;BR-101/ES;Sul;Engavetamento;3;0;0;0;0;0;0;0;;;3;0;0;0;0
18/10/2019;15:59:00;319;Acidente sem vítima;54;BR-101/ES;Norte;Colisão Lateral;1;0;0;0;0;0;0;2;;;4;0;0;0;0
18/10/2019;18:04:00;348;Acidente com vítima;112,5;BR-101/ES;Sul;Colisão Traseira;0;0;0;1;0;0;0;0;;;0;2;0;0;0
18/10/2019;18:21:00;351;Acidente com vítima;237;BR-101/ES;Norte;Colisão com ciclista;0;2;0;0;0;0;0;0;;;0;1;1;0;0
18/10/2019;19:10:00;363;Acidente com vítima;420;BR-101/ES;Norte;Queda de Moto;0;0;0;1;0;0;0;0;;;0;0;1;0;0
18/10/2019;19:10:00;364;Acidente sem vítima;151;BR-101/ES;Sul;Colisão Traseira;2;0;0;0;0;0;0;0;;;3;0;0;0;0
18/10/2019;23:23:00;426;Acidente com vítima;142;BR-101/ES;Norte;Colisão Traseira;2;0;0;0;0;0;0;0;;;4;2;0;0;0
19/10/2019;06:10:00;88;Acidente sem vítima;404;BR-101/ES;Norte;Capotamento;1;0;0;0;0;0;0;0;;;1;0;0;0;0
19/10/2019;07:07:00;108;Acidente com vítima;388,6;BR-101/ES;Norte;Tombamento;0;0;0;0;0;0;0;2;;;0;0;0;1;0
19/10/2019;08:19:00;125;Acidente com vítima;388,6;BR-101/ES;Sul;Queda de Moto;0;0;0;1;0;0;0;0;;;0;2;0;0;0
19/10/2019;10:22:00;156;Acidente com vítima;141,8;BR-101/ES;Norte;Colisão Traseira;1;0;0;1;0;0;0;0;;;1;1;0;0;0
19/10/2019;10:40:00;157;Acidente sem vítima;290,7;BR-101/ES;Norte;Colisão Lateral;2;0;0;0;0;0;0;0;;;2;0;0;0;0
19/10/2019;15:25:00;265;Acidente sem vítima;134,5;BR-101/ES;Norte;Tombamento;0;0;0;0;0;0;0;3;;;1;0;0;0;0
19/10/2019;15:30:00;268;Acidente sem vítima;371;BR-101/ES;Sul;Saída de Pista;0;0;1;0;0;0;0;0;;;1;0;0;0;0
19/10/2019;16:35:00;288;Acidente sem vítima;268;BR-101/ES;Norte;Colisão Lateral;1;0;0;0;0;0;0;3;;;2;0;0;0;0
19/10/2019;16:38:00;290;Acidente com vítima;264;BR-101/ES;Norte;Colisão Lateral;1;0;0;1;0;0;0;0;;;1;1;0;0;0
19/10/2019;18:45:00;326;Acidente com vítima;461;BR-101/ES;Sul;Queda de Moto;0;0;0;1;0;0;0;0;;;0;0;0;1;0
19/10/2019;19:53:00;341;Acidente com vítima;140;BR-101/ES;Sul;Queda de Moto;0;0;0;1;0;0;0;0;;;0;1;0;0;0
19/10/2019;21:01:00;351;Acidente com vítima;46;BR-101/ES;Norte;Choque com Veículo Estacionado;2;0;0;0;0;0;0;0;;;3;0;1;0;0
20/10/2019;01:13:00;18;Acidente sem vítima;401;BR-101/ES;Sul;Tombamento;0;0;0;0;0;0;0;2;;;1;0;0;0;0
20/10/2019;04:52:00;61;Acidente sem vítima;451;BR-101/ES;Sul;Choque com Objeto Fixo;1;0;0;0;0;0;0;0;;;1;0;0;0;0
20/10/2019;08:16:00;96;Acidente com vítima;210;BR-101/ES;Norte;Queda de ciclista;0;1;0;0;0;0;0;0;;;0;0;1;0;0
20/10/2019;08:49:00;104;Acidente sem vítima;253;BR-101/ES;Sul;Colisão Lateral;2;0;0;0;0;0;0;0;;;2;0;0;0;0
20/10/2019;11:33:00;169;Acidente sem vítima;255;BR-101/ES;Sul;Colisão Transversal;1;0;1;0;0;0;0;0;;;3;0;0;0;0
20/10/2019;12:39:00;193;Acidente sem vítima;271;BR-101/ES;Norte;Capotamento;1;0;0;0;0;0;0;0;;;1;0;0;0;0
20/10/2019;12:53:00;200;Acidente sem vítima;361;BR-101/ES;Sul;Saída de Pista;1;0;0;0;0;0;0;0;;;5;0;0;0;0
20/10/2019;13:08:00;204;Acidente sem vítima;267;BR-101/ES;Sul;Colisão Lateral;1;0;0;0;1;0;0;0;;;2;0;0;0;0
20/10/2019;14:19:00;222;Acidente com vítima;387;BR-101/ES;Norte;Queda de Moto;0;0;0;1;0;0;0;0;;;0;2;0;0;0
20/10/2019;14:41:00;230;Acidente sem vítima;266;BR-101/ES;Sul;Choque com Objeto Fixo;1;0;0;0;0;0;0;0;;;1;0;0;0;0
20/10/2019;16:16:00;254;Acidente sem vítima;361;BR-101/ES;Sul;Saída de Pista;1;0;0;0;0;0;0;0;;;1;0;0;0;0
20/10/2019;18:06:00;293;Acidente sem vítima;268;BR-101/ES;Norte;Colisão Traseira;2;0;0;0;0;0;0;0;;;6;0;0;0;0
20/10/2019;20:27:00;318;Acidente sem vítima;418;BR-101/ES;Norte;Atropelamento Animal;1;0;0;0;0;0;0;0;;;1;0;0;0;0
20/10/2019;20:39:00;320;Acidente com vítima;361;BR-101/ES;Sul;Saída de Pista;1;0;0;0;0;0;0;0;;;1;0;4;0;0
20/10/2019;21:59:00;333;Acidente com vítima;266;BR-101/ES;Norte;Colisão Transversal;0;0;0;1;0;0;0;0;;;0;1;0;0;0
20/10/2019;23:03:00;354;Acidente sem vítima;267;BR-101/ES;Sul;Colisão Traseira;2;0;0;0;0;0;0;0;;;2;0;0;0;0
20/10/2019;23:53:00;365;Acidente sem vítima;286;BR-101/ES;Norte;Choque com Objeto Fixo;1;0;0;0;0;0;0;0;;;1;0;0;0;0
20/10/2019;23:53:00;366;Acidente sem vítima;264;BR-101/ES;Norte;Colisão Transversal;2;0;0;0;0;0;0;0;;;2;0;0;0;0
21/10/2019;00:04:00;4;Acidente sem vítima;358;BR-101/ES;Norte;Saída de Pista;1;0;0;0;0;0;0;0;;;1;0;0;0;0
21/10/2019;15:59:00;347;Acidente sem vítima;266,8;BR-101/ES;Norte;Colisão Traseira;2;0;0;0;0;0;0;0;;;2;0;0;0;0
21/10/2019;16:59:00;357;Acidente sem vítima;264;BR-101/ES;Norte;Colisão Traseira;1;0;0;0;0;0;0;0;;;2;0;0;0;0
21/10/2019;17:57:00;373;Acidente sem vítima;265;BR-101/ES;Norte;Colisão Traseira;1;0;0;1;0;0;0;0;;;4;0;0;0;0
22/10/2019;00:57:00;18;Acidente sem vítima;0,8;BR-101/ES;Sul;Choque com Objeto Fixo;0;0;0;0;0;0;0;2;;;1;0;0;0;0
22/10/2019;06:32:00;84;Acidente com vítima;183,8;BR-101/ES;Norte;Tombamento;0;0;0;0;0;0;0;3;;;0;1;0;0;0
22/10/2019;07:35:00;111;Acidente sem vítima;437;BR-101/ES;Norte;Atropelamento Animal;1;0;0;0;0;0;0;0;;;1;0;0;0;0
22/10/2019;07:44:00;115;Acidente sem vítima;150;BR-101/ES;Sul;Queda de ciclista;0;1;0;0;0;0;0;0;;;1;0;0;0;0
22/10/2019;15:57:00;265;Acidente sem vítima;257;BR-101/ES;Sul;Colisão Traseira;1;0;0;1;0;0;0;0;;;2;0;0;0;0
22/10/2019;18:02:00;295;Acidente com vítima;277,8;BR-101/ES;Sul;Colisão Lateral;0;0;0;2;0;0;0;0;;;1;0;2;0;0
22/10/2019;21:36:00;322;Acidente com vítima;143;BR-101/ES;Sul;Colisão com ciclista;0;1;0;1;0;0;0;0;;;0;1;1;0;0
22/10/2019;22:12:00;331;Acidente sem vítima;329;BR-101/ES;Sul;Tombamento;0;0;1;0;0;0;0;0;;;1;0;0;0;0
23/10/2019;05:12:00;64;Acidente sem vítima;2,4;BR-101/ES;Sul;Saída de Pista;1;0;0;0;0;0;0;0;;;1;0;0;0;0
23/10/2019;08:29:00;116;Acidente sem vítima;270;BR-101/ES;Sul;Colisão Traseira;1;0;0;0;0;0;0;1;;;1;0;0;0;0
23/10/2019;16:36:00;292;Acidente com vítima;268,9;BR-101/ES;Norte;Colisão Traseira;1;0;0;1;0;0;0;0;;;1;0;1;0;0
23/10/2019;18:13:00;317;Acidente com vítima;149;BR-101/ES;Norte;Colisão Transversal;1;0;0;1;0;0;0;0;;;1;1;0;0;0
23/10/2019;18:46:00;321;Acidente sem vítima;295;BR-101/ES;Norte;Engavetamento;4;0;1;0;0;0;0;0;;;8;0;0;0;0
23/10/2019;18:59:00;324;Acidente sem vítima;293;BR-101/ES;Sul;Colisão Traseira;1;0;1;0;0;0;0;0;;;2;0;0;0;0
23/10/2019;21:27:00;350;Acidente com vítima;145;BR-101/ES;Norte;Queda de Moto;0;0;0;1;0;0;0;0;;;0;1;0;0;0
24/10/2019;07:08:00;90;Acidente sem vítima;148;BR-101/ES;Norte;Colisão Traseira;1;0;1;0;0;0;0;0;;;1;0;0;0;0
24/10/2019;09:48:00;153;Atropelamento sem morte;269;BR-101/ES;Norte;Atropelamento e Fuga;1;0;0;0;0;0;0;0;;;0;0;1;0;0
24/10/2019;13:02:00;238;Acidente com vítima;269;BR-101/ES;Norte;Queda de Moto;0;0;0;1;0;0;0;0;;;0;0;1;0;0
24/10/2019;14:18:00;273;Acidente com vítima;172;BR-101/ES;Norte;Colisão Transversal;2;0;0;0;0;0;0;0;;;1;2;2;0;0
24/10/2019;15:34:00;290;Acidente com vítima;309;BR-101/ES;Norte;Colisão Transversal;1;0;0;1;0;0;0;0;;;1;1;0;0;0
24/10/2019;18:50:00;343;Acidente com vítima;266;BR-101/ES;Sul;Colisão Transversal;1;0;0;1;0;0;0;0;;;1;0;1;0;0
24/10/2019;20:28:00;357;Atropelamento sem morte;333,7;BR-101/ES;Sul;Atropelamento;1;0;0;0;0;0;0;0;;;0;0;1;0;0
24/10/2019;20:48:00;362;Acidente sem vítima;197;BR-101/ES;Sul;Atropelamento Animal;1;0;0;0;0;0;0;0;;;1;0;0;0;0
24/10/2019;21:37:00;370;Acidente com vítima;260;BR-101/ES;Norte;Colisão Transversal;0;0;0;2;0;0;0;0;;;0;0;2;0;0
24/10/2019;23:37:00;413;Acidente sem vítima;345;BR-101/ES;Norte;Saída de Pista;1;0;0;0;0;0;0;0;;;1;0;0;0;0
25/10/2019;07:09:00;113;Acidente com vítima;94;BR-101/ES;Sul;Queda de Moto;1;0;0;0;0;0;0;0;;;0;0;1;0;0
25/10/2019;08:14:00;135;Acidente com vítima;418,5;BR-101/ES;Sul;Choque;0;0;1;1;0;0;0;0;;;1;0;1;0;0
25/10/2019;08:20:00;138;Acidente sem vítima;312;BR-101/ES;Sul;Tombamento;0;0;1;0;0;0;0;0;;;1;0;0;0;0
25/10/2019;10:46:00;191;Acidente com vítima;270;BR-101/ES;Sul;Colisão Traseira;1;0;0;1;0;0;0;0;;;1;0;1;0;0
25/10/2019;12:50:00;260;Acidente com vítima;264;BR-101/ES;Sul;Colisão Lateral;1;0;0;1;0;0;0;0;;;5;1;0;0;0
25/10/2019;16:44:00;346;Acidente com vítima;240;BR-101/ES;Norte;Queda de Moto;0;0;0;1;0;0;0;0;;;0;0;1;0;0
25/10/2019;16:57:00;349;Acidente sem vítima;142;BR-101/ES;Norte;Colisão Traseira;1;0;0;1;0;0;0;0;;;3;0;0;0;0
25/10/2019;19:14:00;386;Atropelamento com morte;271;BR-101/ES;Sul;Atropelamento;0;0;0;1;0;0;0;0;;;0;0;1;1;1
25/10/2019;19:25:00;389;Acidente com vítima;237;BR-101/ES;Norte;Colisão Traseira;0;0;0;1;0;0;0;0;;;0;1;0;0;0
25/10/2019;19:33:00;392;Atropelamento sem morte;417;BR-101/ES;Sul;Atropelamento e Fuga;0;0;0;1;0;0;0;0;;;0;0;1;0;0
25/10/2019;19:35:00;393;Acidente sem vítima;149;BR-101/ES;Norte;Colisão Traseira;1;0;0;0;0;0;0;0;;;1;0;0;0;0
26/10/2019;03:13:00;56;Acidente com vítima;5;BR-101/ES;Sul;Colisão Traseira;0;0;1;0;0;0;0;2;;;1;1;0;0;0
26/10/2019;03:27:00;60;Acidente com vítima;286;BR-101/ES;Norte;Queda de Moto;0;0;0;1;0;0;0;0;;;0;0;1;0;0
26/10/2019;05:14:00;77;Acidente com vítima;101;BR-101/ES;Sul;Queda de Moto;0;0;0;1;0;0;0;0;;;0;2;0;0;0
26/10/2019;06:54:00;103;Acidente com vítima;147;BR-101/ES;Norte;Colisão Transversal;0;0;0;2;0;0;0;0;;;0;1;2;0;0
26/10/2019;10:28:00;169;Acidente com vítima;189;BR-101/ES;Norte;Colisão Transversal;2;0;0;0;0;0;0;0;;;3;1;1;2;0
26/10/2019;14:05:00;230;Acidente sem vítima;267;BR-101/ES;Sul;Colisão Lateral;1;0;0;1;0;0;0;0;;;4;0;0;0;0
26/10/2019;14:37:00;243;Acidente sem vítima;364;BR-101/ES;Sul;Choque com Objeto Fixo;1;0;0;0;0;0;0;0;;;1;0;0;0;0
26/10/2019;19:11:00;313;Acidente sem vítima;269,7;BR-101/ES;Sul;Colisão Traseira;2;0;0;0;0;0;0;0;;;2;0;0;0;0
26/10/2019;19:53:00;321;Acidente sem vítima;298;BR-101/ES;Norte;Capotamento;1;0;0;0;0;0;0;0;;;2;0;0;0;0
26/10/2019;19:54:00;323;Acidente sem vítima;293;BR-101/ES;Sul;Colisão Traseira;1;0;1;0;0;0;0;0;;;2;0;0;0;0
26/10/2019;20:07:00;324;Acidente sem vítima;259;BR-101/ES;Sul;Colisão Traseira;2;0;0;0;0;0;0;0;;;2;0;0;0;0
26/10/2019;22:12:00;357;Acidente sem vítima;263,5;BR-101/ES;Sul;Colisão Traseira;1;0;0;1;0;0;0;0;;;3;0;0;0;0
26/10/2019;22:50:00;371;Acidente com morte;268;BR-101/ES;Norte;Colisão com ciclista;1;1;0;0;0;0;0;0;;;2;0;0;0;1
26/10/2019;23:08:00;378;Acidente sem vítima;262;BR-101/ES;Norte;Saída de Pista;1;0;0;0;0;0;0;0;;;1;0;0;0;0
26/10/2019;23:12:00;380;Acidente com vítima;145,9;BR-101/ES;Sul;Colisão Traseira;1;0;0;1;0;0;0;0;;;3;1;0;0;0
27/10/2019;04:13:00;52;Acidente sem vítima;147;BR-101/ES;Sul;Choque com Objeto Fixo;1;0;0;0;0;0;0;0;;;1;0;0;0;0
27/10/2019;06:07:00;77;Acidente sem vítima;942;BR-101/BA;Norte;Queda de Moto;0;0;0;1;0;0;0;0;;;2;0;0;0;0
27/10/2019;07:26:00;88;Acidente com vítima;297,3;BR-101/ES;Sul;Queda de ciclista;0;1;0;0;0;0;0;0;;;0;0;1;0;0
27/10/2019;11:08:00;135;Acidente sem vítima;263,8;BR-101/ES;Norte;Colisão Traseira;2;0;0;0;0;0;0;0;;;2;0;0;0;0
27/10/2019;15:05:00;159;Acidente com vítima;127;BR-101/ES;Norte;Queda de ciclista;0;1;0;0;0;0;0;0;;;0;1;0;0;0
27/10/2019;15:29:00;173;Acidente sem vítima;272;BR-101/ES;Norte;Choque com Objeto Fixo;1;0;0;0;0;0;0;0;;;1;0;0;0;0
27/10/2019;16:25:00;189;Acidente com vítima;302,7;BR-101/ES;Norte;Colisão Frontal;1;0;0;1;0;0;0;0;;;3;1;1;0;0
27/10/2019;20:14:00;256;Acidente com vítima;187;BR-101/ES;Sul;Choque;0;0;0;1;0;0;0;0;;;0;0;1;0;0
27/10/2019;21:28:00;266;Acidente com vítima;166;BR-101/ES;Norte;Colisão com ciclista;1;1;0;0;0;0;0;0;;;1;0;1;0;0
28/10/2019;06:37:00;74;Acidente com vítima;270;BR-101/ES;Sul;Colisão Lateral;1;0;0;1;0;0;0;0;;;1;0;1;0;0
28/10/2019;08:23:00;111;Acidente com vítima;68;BR-101/ES;Sul;Queda de Moto;1;0;0;1;0;0;0;0;;;1;0;1;0;0
28/10/2019;09:05:00;126;Acidente com vítima;68;BR-101/ES;Sul;Colisão com ciclista;1;1;0;0;0;0;0;0;;;1;1;0;0;0
28/10/2019;12:49:00;225;Acidente sem vítima;19;BR-101/ES;Norte;Saída de Pista;0;0;0;0;0;0;0;3;;;1;0;0;0;0
28/10/2019;13:37:00;244;Acidente sem vítima;269;BR-101/ES;Norte;Colisão Traseira;1;0;1;0;0;0;0;0;;;3;0;0;0;0
28/10/2019;13:41:00;247;Acidente sem vítima;197;BR-101/ES;Norte;Colisão Traseira;1;0;1;0;0;0;0;0;;;2;0;0;0;0
28/10/2019;13:50:00;254;Acidente com vítima;300;BR-101/ES;Sul;Capotamento;1;0;0;0;0;0;0;0;;;0;1;0;0;0
28/10/2019;15:52:00;292;Acidente sem vítima;266;BR-101/ES;Norte;Colisão Lateral;1;0;1;0;0;0;0;0;;;3;0;0;0;0
28/10/2019;18:54:00;340;Acidente sem vítima;267;BR-101/ES;Sul;Engavetamento;3;0;0;0;0;0;0;0;;;3;0;0;0;0
28/10/2019;19:27:00;347;Acidente sem vítima;270;BR-101/ES;Sul;Colisão Lateral;1;0;1;0;0;0;0;0;;;4;0;0;0;0
28/10/2019;20:13:00;355;Acidente com vítima;266;BR-101/ES;Sul;Queda de Moto;0;0;0;1;0;0;0;0;;;0;0;1;0;0
28/10/2019;20:58:00;359;Acidente com vítima;291,6;BR-101/ES;Norte;Colisão Traseira;1;0;0;1;0;0;0;0;;;1;0;1;1;0
28/10/2019;21:57:00;373;Acidente sem vítima;291;BR-101/ES;Norte;Colisão Traseira;0;0;1;0;0;0;0;3;;;2;0;0;0;0
29/10/2019;01:33:00;26;Acidente com vítima;268;BR-101/ES;Sul;Queda de Moto;0;0;0;1;0;0;0;0;;;0;1;0;0;0
29/10/2019;06:29:00;85;Acidente com vítima;66;BR-101/ES;Norte;Queda de Moto;0;0;0;1;0;0;0;0;;;0;0;1;0;0
29/10/2019;08:21:00;132;Acidente sem vítima;256,8;BR-101/ES;Norte;Colisão Transversal;1;0;0;1;0;0;0;0;;;2;0;0;0;0
29/10/2019;10:49:00;187;Acidente sem vítima;162;BR-101/ES;Sul;Colisão Traseira;1;0;1;0;0;0;0;0;;;2;0;0;0;0
29/10/2019;11:54:00;224;Atropelamento com morte;84,95;BR-101/ES;Norte;Atropelamento;1;0;0;0;0;0;0;0;;;3;0;0;0;1
29/10/2019;13:13:00;267;Acidente sem vítima;369,5;BR-101/ES;Norte;Colisão Lateral;1;0;0;0;0;0;0;1;;;1;0;0;0;0
29/10/2019;13:26:00;272;Acidente sem vítima;328,5;BR-101/ES;Norte;Colisão Traseira;1;0;1;0;0;0;0;0;;;6;0;0;0;0
29/10/2019;17:17:00;345;Acidente sem vítima;268,5;BR-101/ES;Sul;Colisão Lateral;1;0;0;1;0;0;0;1;;;2;0;0;0;0
29/10/2019;21:16:00;386;Acidente com vítima;77;BR-101/ES;Sul;Colisão Lateral;1;0;0;1;0;0;0;0;;;1;0;1;0;0
29/10/2019;22:24:00;400;Acidente sem vítima;210;BR-101/ES;Norte;Colisão Traseira;0;0;0;0;0;0;0;5;;;2;0;0;0;0
30/10/2019;06:33:00;85;Acidente sem vítima;85;BR-101/ES;Norte;Colisão Traseira;0;0;0;1;0;0;0;2;;;2;0;0;0;0
30/10/2019;08:41:00;130;Acidente sem vítima;269;BR-101/ES;Sul;Colisão Traseira;2;0;0;0;0;0;0;0;;;2;0;0;0;0
30/10/2019;12:48:00;237;Acidente com vítima;174,5;BR-101/ES;Norte;Colisão Transversal;1;0;0;1;0;0;0;0;;;2;0;1;0;0
30/10/2019;16:16:00;303;Acidente com vítima;267;BR-101/ES;Norte;Queda de ciclista;0;1;0;0;0;0;0;0;;;1;1;0;0;0
30/10/2019;19:12:00;352;Acidente com vítima;268,2;BR-101/ES;Sul;Engavetamento;2;0;0;0;1;0;0;0;;;2;0;1;0;0
30/10/2019;19:29:00;358;Acidente com vítima;211,5;BR-101/ES;Sul;Colisão Frontal;1;0;1;0;0;0;0;0;;;1;0;0;1;0
31/10/2019;02:12:00;32;Acidente sem vítima;86;BR-101/ES;Norte;Atropelamento Animal;0;0;1;0;0;0;0;0;;;1;0;0;0;0
31/10/2019;07:02:00;90;Acidente com vítima;147;BR-101/ES;Sul;Colisão com ciclista;1;1;0;0;0;0;0;0;;;1;1;0;0;0
31/10/2019;07:22:00;94;Acidente sem vítima;213;BR-101/ES;Sul;Colisão Traseira;2;0;0;0;0;0;0;0;;;2;0;0;0;0
31/10/2019;11:35:00;207;Acidente com vítima;350,8;BR-101/ES;Norte;Tombamento;0;0;1;0;0;0;0;0;;;1;0;1;0;0
31/10/2019;16:51:00;314;Acidente sem vítima;270,4;BR-101/ES;Sul;Colisão Traseira;1;0;0;0;0;0;0;2;;;2;0;0;0;0
31/10/2019;17:11:00;318;Acidente sem vítima;150;BR-101/ES;Norte;Engavetamento;3;0;0;0;0;0;0;0;;;3;0;0;0;0
31/10/2019;17:35:00;325;Acidente sem vítima;223,3;BR-101/ES;Norte;Choque;0;0;2;0;0;0;0;2;;;8;0;0;0;0
31/10/2019;19:09:00;342;Acidente sem vítima;295;BR-101/ES;Norte;Colisão Traseira;2;0;0;0;0;0;0;0;;;2;0;0;0;0
31/10/2019;19:11:00;343;Acidente sem vítima;261;BR-101/ES;Sul;Colisão Traseira;3;0;0;0;0;0;0;0;;;4;0;0;0;0
31/10/2019;20:45:00;364;Acidente com vítima;145;BR-101/ES;Norte;Queda de Moto;0;0;0;1;0;0;0;0;;;0;1;0;0;0
31/10/2019;20:58:00;368;Acidente sem vítima;262,4;BR-101/ES;Norte;Choque com Objeto Fixo;0;0;0;0;0;0;0;2;;;1;0;0;0;0
01/11/2019;05:04:00;68;Acidente sem vítima;390;BR-101/ES;Norte;Colisão Lateral;1;0;0;0;0;0;0;2;;;2;0;0;0;0
01/11/2019;05:52:00;78;Acidente com vítima;288;BR-101/ES;Norte;Queda de Moto;0;0;0;1;0;0;0;0;;;0;1;0;0;0
01/11/2019;08:34:00;131;Acidente com vítima;346;BR-101/ES;Sul;Queda de Moto;0;0;0;1;0;0;0;0;;;0;1;0;0;0
01/11/2019;09:51:00;166;Acidente com vítima;293;BR-101/ES;Norte;Queda de Moto;0;0;0;1;0;0;0;0;;;0;0;1;0;0