data;horario;n_da_ocorrencia;tipo_de_ocorrencia;km;trecho;sentido;tipo_de_acidente;automovel;bicicleta;caminhao;moto;onibus;outros;tracao_animal;transporte_de_cargas_especiais;trator_maquinas;utilitarios;ilesos;levemente_feridos;moderadamente_feridos;gravemente_feridos;mortos
01/11/2019;14:27:00;298;Acidente sem vítima;317;BR-101/ES;Norte;Saída de Pista;1;0;0;0;0;0;0;0;;;1;0;0;0;0
01/11/2019;15:30:00;319;Acidente com vítima;147;BR-101/ES;Sul;Colisão Transversal;1;0;0;1;0;0;0;0;;;1;1;0;0;0
01/11/2019;15:32:00;321;Acidente com vítima;58;BR-101/ES;Sul;Queda de Moto;0;0;0;1;0;0;0;0;;;0;1;0;0;0
01/11/2019;15:59:00;330;Acidente com vítima;949;BR-101/BA;Norte;Saída de Pista;1;0;0;0;0;0;0;0;;;0;1;0;0;0
01/11/2019;17:55:00;385;Acidente com vítima;265;BR-101/ES;Norte;Colisão Traseira;1;0;0;1;0;0;0;0;;;1;1;0;0;0
01/11/2019;18:24:00;392;Acidente sem vítima;951;BR-101/BA;Norte;Saída de Pista;0;0;1;0;0;0;0;0;;;1;0;0;0;0
01/11/2019;18:27:00;394;Atropelamento sem morte;213;BR-101/ES;Norte;Atropelamento e Fuga;0;0;0;1;0;0;0;0;;;0;1;0;0;0
01/11/2019;18:28:00;395;Acidente sem vítima;265,2;BR-101/ES;Norte;Colisão Traseira;2;0;0;0;0;0;0;0;;;2;0;0;0;0
01/11/2019;18:46:00;403;Acidente sem vítima;243;BR-101/ES;Norte;Atropelamento Animal;1;0;0;0;0;0;0;0;;;1;0;0;0;0
01/11/2019;19:26:00;419;Acidente sem vítima;287;BR-101/ES;Norte;Colisão Lateral;1;0;0;0;0;0;0;0;;;2;0;0;0;0
01/11/2019;19:32:00;424;Acidente sem vítima;286;BR-101/ES;Sul;Colisão Lateral;0;0;0;0;1;0;0;1;;;3;0;0;0;0
01/11/2019;19:52:00;429;Acidente sem vítima;32;BR-101/ES;Norte;Colisão Lateral;2;0;0;0;0;0;0;0;;;2;0;0;0;0
01/11/2019;20:12:00;432;Acidente sem vítima;304;BR-101/ES;Sul;Colisão Lateral;0;0;0;2;0;0;0;0;;;2;0;0;0;0
01/11/2019;22:21:00;464;Acidente com vítima;141;BR-101/ES;Norte;Colisão com ciclista;0;1;0;1;0;0;0;0;;;0;3;0;0;0
02/11/2019;02:22:00;41;Acidente sem vítima;225;BR-101/ES;Norte;Saída de Pista;1;0;0;0;0;0;0;0;;;1;0;0;0;0
02/11/2019;04:26:00;67;Atropelamento sem morte;165;BR-101/ES;Sul;Atropelamento e Fuga;1;0;0;0;0;0;0;0;;;0;0;1;0;0
02/11/2019;06:05:00;83;Acidente com vítima;146;BR-101/ES;Norte;Colisão Traseira;1;0;0;0;0;0;0;1;;;0;1;0;0;0
02/11/2019;06:51:00;88;Acidente sem vítima;264;BR-101/ES;Norte;Colisão Traseira;2;0;0;0;0;0;0;0;;;2;0;0;0;0
02/11/2019;08:00:00;108;Acidente com vítima;332,5;BR-101/ES;Sul;Tombamento;0;0;0;0;0;0;0;2;;;2;1;0;0;0
02/11/2019;08:29:00;119;Acidente sem vítima;324;BR-101/ES;Norte;Colisão Lateral;2;0;0;0;0;0;0;0;;;2;0;0;0;0
02/11/2019;08:50:00;124;Acidente com vítima;76;BR-101/ES;Sul;Colisão Traseira;3;0;0;0;0;0;0;0;;;10;1;1;0;0
02/11/2019;09:13:00;133;Acidente com vítima;284;BR-101/ES;Norte;Saída de Pista;1;0;0;0;0;0;0;0;;;1;0;1;0;0
02/11/2019;09:45:00;148;Acidente sem vítima;258;BR-101/ES;Sul;Colisão Traseira;2;0;0;0;0;0;0;0;;;4;0;0;0;0
02/11/2019;09:46:00;149;Acidente sem vítima;148;BR-101/ES;Norte;Colisão Traseira;2;0;0;0;0;0;0;0;;;2;0;0;0;0
02/11/2019;10:21:00;161;Atropelamento sem morte;290;BR-101/ES;Norte;Atropelamento;0;0;0;1;0;0;0;0;;;0;0;1;1;0
02/11/2019;11:00:00;166;Acidente com vítima;258;BR-101/ES;Sul;Colisão Traseira;2;0;0;0;0;0;0;0;;;1;0;2;0;0
02/11/2019;14:52:00;248;Acidente sem vítima;65,7;BR-101/ES;Norte;Colisão Transversal;1;0;0;0;1;0;0;0;;;2;0;0;0;0
02/11/2019;15:59:00;273;Acidente sem vítima;66;BR-101/ES;Norte;Colisão Traseira;2;0;0;0;0;0;0;0;;;2;0;0;0;0
02/11/2019;17:36:00;297;Acidente sem vítima;255;BR-101/ES;Norte;Colisão Transversal;1;0;0;1;0;0;0;0;;;2;0;0;0;0
02/11/2019;20:49:00;333;Acidente sem vítima;65;BR-101/ES;Norte;Colisão Traseira;1;0;0;1;0;0;0;0;;;3;0;0;0;0
02/11/2019;23:44:00;375;Acidente com vítima;313;BR-101/ES;Sul;Queda de Moto;0;0;0;1;0;0;0;0;;;1;1;0;0;0
03/11/2019;02:49:00;44;Acidente com vítima;145;BR-101/ES;Norte;Queda de Moto;1;0;0;0;0;0;0;0;;;0;1;0;0;0
03/11/2019;07:44:00;89;Acidente sem vítima;305,5;BR-101/ES;Sul;Colisão Traseira;2;0;0;0;0;0;0;0;;;5;0;0;0;0
03/11/2019;09:47:00;114;Acidente sem vítima;293;BR-101/ES;Sul;Colisão Traseira;0;0;0;0;0;0;0;4;;;2;0;0;0;0
03/11/2019;14:41:00;206;Acidente com vítima;426;BR-101/ES;Norte;Tombamento;0;0;1;0;0;0;0;0;;;0;1;0;0;0
03/11/2019;16:02:00;229;Acidente sem vítima;325;BR-101/ES;Sul;Choque com Objeto Fixo;1;0;0;0;0;0;0;0;;;2;0;0;0;0
03/11/2019;17:27:00;250;Acidente sem vítima;939;BR-101/BA;Norte;Saída de Pista;1;0;0;0;0;0;0;0;;;1;0;0;0;0
03/11/2019;17:40:00;253;Acidente sem vítima;448;BR-101/ES;Sul;Colisão Transversal;2;0;0;0;0;0;0;0;;;3;0;0;0;0
03/11/2019;18:46:00;270;Acidente sem vítima;34;BR-101/ES;Sul;Atropelamento de Equino;0;0;0;0;1;0;0;0;;;1;0;0;0;0
03/11/2019;18:47:00;271;Acidente com vítima;294,7;BR-101/ES;Norte;Colisão Traseira;2;0;0;0;0;0;0;0;;;2;1;3;0;0
03/11/2019;22:07:00;305;Acidente com vítima;184;BR-101/ES;Norte;Saída de Pista;1;0;0;0;0;0;0;0;;;0;1;0;0;0
04/11/2019;00:13:00;4;Acidente sem vítima;395,7;BR-101/ES;Norte;Saída de Pista;1;0;0;0;0;0;0;0;;;1;0;0;0;0
04/11/2019;05:23:00;71;Acidente sem vítima;3;BR-101/ES;Norte;Choque com Objeto Fixo;1;0;0;0;0;0;0;0;;;1;0;0;0;0
04/11/2019;07:13:00;94;Acidente sem vítima;285;BR-101/ES;Sul;Colisão Traseira;3;0;0;0;0;0;0;0;;;2;0;0;0;0
04/11/2019;08:38:00;119;Acidente sem vítima;270,8;BR-101/ES;Sul;Choque com Objeto Fixo;1;0;0;0;0;0;0;0;;;1;0;0;0;0
04/11/2019;10:30:00;165;Acidente sem vítima;262;BR-101/ES;Norte;Colisão Lateral;0;0;1;0;0;0;0;3;;;2;0;0;0;0
04/11/2019;11:04:00;172;Acidente com vítima;265,5;BR-101/ES;Sul;Colisão com ciclista;1;1;0;0;0;0;0;0;;;1;2;0;0;0
04/11/2019;11:52:00;202;Acidente com vítima;251,2;BR-101/ES;Sul;Colisão Traseira;1;0;1;0;0;0;0;0;;;2;3;0;0;0
04/11/2019;13:19:00;228;Acidente sem vítima;190;BR-101/ES;Sul;Colisão Traseira;1;0;0;0;0;0;0;1;;;1;0;0;0;0
04/11/2019;13:27:00;232;Acidente com vítima;392,5;BR-101/ES;Norte;Saída de Pista;1;0;0;0;0;0;0;0;;;0;1;0;0;0
04/11/2019;13:33:00;235;Acidente sem vítima;373;BR-101/ES;Norte;Colisão Traseira;2;0;0;0;0;0;0;0;;;5;0;0;0;0
04/11/2019;15:15:00;275;Acidente com vítima;73;BR-101/ES;Sul;Colisão Traseira;1;0;0;1;0;0;0;0;;;3;0;1;0;0
04/11/2019;20:07:00;335;Acidente com vítima;149;BR-101/ES;Sul;Colisão Transversal;1;0;0;1;0;0;0;0;;;1;1;0;0;0
04/11/2019;22:03:00;351;Acidente com vítima;388;BR-101/ES;Sul;Colisão Lateral;0;0;1;0;0;0;0;2;;;1;1;0;0;0
04/11/2019;22:35:00;360;Acidente com vítima;254;BR-101/ES;Sul;Colisão Lateral;1;0;0;0;0;0;0;2;;;1;2;0;0;0
05/11/2019;07:06:00;102;Acidente sem vítima;293,8;BR-101/ES;Sul;Colisão Traseira;1;0;0;0;0;0;0;0;;;1;0;0;0;0
05/11/2019;07:28:00;122;Acidente com vítima;270;BR-101/ES;Sul;Colisão Traseira;1;0;0;1;0;0;0;0;;;1;0;1;0;0
05/11/2019;09:21:00;165;Acidente sem vítima;290;BR-101/ES;Norte;Colisão Transversal;1;0;0;0;0;0;0;0;;;1;0;0;0;0
05/11/2019;09:48:00;173;Acidente com vítima;28,8;BR-101/ES;Norte;Colisão Traseira;2;0;0;0;0;0;0;0;;;0;3;1;0;0
05/11/2019;12:03:00;245;Acidente sem vítima;413;BR-101/ES;Sul;Colisão Lateral;1;0;0;0;0;0;0;2;;;2;0;0;0;0
05/11/2019;12:18:00;256;Acidente sem vítima;257;BR-101/ES;Sul;Colisão Traseira;2;0;0;0;0;0;0;0;;;2;0;0;0;0
05/11/2019;13:47:00;302;Acidente sem vítima;146;BR-101/ES;Sul;Colisão Traseira;2;0;0;0;0;0;0;0;;;6;0;0;0;0
05/11/2019;13:50:00;304;Acidente sem vítima;388;BR-101/ES;Sul;Queda de Moto;0;0;0;1;0;0;0;0;;;1;0;0;0;0
05/11/2019;15:38:00;348;Acidente sem vítima;294;BR-101/ES;Sul;Colisão Traseira;0;0;0;0;0;0;0;2;;;1;0;0;0;0
05/11/2019;17:11:00;363;Acidente sem vítima;136;BR-101/ES;Sul;Colisão Lateral;2;0;0;0;0;0;0;0;;;9;0;0;0;0
05/11/2019;17:52:00;386;Acidente sem vítima;266;BR-101/ES;Norte;Colisão Lateral;0;0;0;0;1;0;0;3;;;3;0;0;0;0
05/11/2019;18:52:00;403;Acidente com vítima;270;BR-101/ES;Sul;Colisão Transversal;2;0;0;0;0;0;0;2;;;3;1;0;0;0
05/11/2019;19:38:00;417;Acidente com vítima;247;BR-101/ES;Norte;Queda de Moto;0;0;0;1;0;0;0;0;;;0;0;1;0;0
05/11/2019;21:36:00;441;Acidente com vítima;149;BR-101/ES;Norte;Colisão Traseira;2;0;0;0;0;0;0;0;;;0;1;0;0;0
05/11/2019;21:58:00;446;Atropelamento sem morte;266;BR-101/ES;Sul;Atropelamento e Fuga;0;0;0;1;0;0;0;0;;;0;0;1;0;0
06/11/2019;01:56:00;30;Acidente sem vítima;439;BR-101/ES;Sul;Colisão Lateral;0;0;1;0;0;0;0;2;;;2;0;0;0;0
06/11/2019;07:35:00;114;Acidente sem vítima;269;BR-101/ES;Norte;Colisão Lateral;1;0;0;0;1;0;0;0;;;2;0;0;0;0
06/11/2019;11:55:00;253;Acidente com vítima;269;BR-101/ES;Norte;Colisão Transversal;0;0;0;1;0;0;0;0;;;0;1;0;0;0
06/11/2019;13:33:00;298;Acidente com vítima;238;BR-101/ES;Norte;Colisão Transversal;1;0;0;1;0;0;0;0;;;1;0;1;0;0
06/11/2019;14:05:00;310;Acidente com vítima;267,9;BR-101/ES;Norte;Colisão Transversal;1;0;0;1;0;0;0;0;;;1;0;1;0;0
06/11/2019;15:26:00;325;Acidente sem vítima;288;BR-101/ES;Norte;Saída de Pista;1;0;0;0;0;0;0;0;;;1;0;0;0;0
06/11/2019;16:36:00;351;Acidente com vítima;365;BR-101/ES;Sul;Choque com Objeto Fixo;0;0;0;1;0;0;0;0;;;0;1;0;0;0
06/11/2019;17:46:00;373;Acidente sem vítima;171;BR-101/ES;Sul;Colisão Traseira;2;0;0;0;0;0;0;0;;;2;0;0;0;0
06/11/2019;21:06:00;411;Acidente com vítima;73;BR-101/ES;Sul;Tombamento;0;0;1;0;0;0;0;0;;;0;0;1;0;0
06/11/2019;21:15:00;412;Acidente sem vítima;452;BR-101/ES;Norte;Colisão Traseira;0;0;1;0;0;0;0;2;;;2;0;0;0;0
06/11/2019;21:32:00;415;Acidente com vítima;267;BR-101/ES;Norte;Choque com Objeto Fixo;1;0;0;0;0;0;0;0;;;0;0;1;0;0
07/11/2019;07:34:00;120;Acidente com vítima;268;BR-101/ES;Norte;Colisão com ciclista;0;1;0;1;0;0;0;0;;;0;0;2;0;0
07/11/2019;08:49:00;146;Acidente com vítima;406;BR-101/ES;Norte;Capotamento;1;0;0;0;0;0;0;0;;;1;1;0;0;0
07/11/2019;14:33:00;282;Acidente com vítima;941;BR-101/BA;Norte;Queda de Moto;0;0;0;1;0;0;0;0;;;0;1;0;0;0
07/11/2019;15:14:00;291;Acidente com vítima;29;BR-101/ES;Norte;Colisão Traseira;1;0;0;1;0;0;0;0;;;1;0;1;0;0
07/11/2019;17:58:00;332;Acidente com vítima;42;BR-101/ES;Norte;Colisão Frontal;2;0;0;0;0;0;0;0;;;0;5;0;0;0
07/11/2019;18:11:00;336;Atropelamento sem morte;292,8;BR-101/ES;Sul;Atropelamento e Fuga;0;0;0;1;0;0;0;0;;;0;0;2;0;0
07/11/2019;20:53:00;370;Acidente sem vítima;329;BR-101/ES;Norte;Colisão Lateral;1;0;0;0;0;0;0;2;;;3;0;0;0;0
07/11/2019;21:05:00;374;Acidente com vítima;262;BR-101/ES;Norte;Choque;0;0;0;1;0;0;0;0;;;0;0;1;0;0
07/11/2019;22:37:00;390;Acidente com vítima;231;BR-101/ES;Sul;Saída de Pista;0;0;1;0;0;0;0;0;;;0;0;1;0;0
08/11/2019;01:13:00;20;Acidente sem vítima;85;BR-101/ES;Norte;Atropelamento de Bovino;0;0;1;0;0;0;0;0;;;3;0;0;0;0
08/11/2019;04:40:00;64;Acidente com morte;76,677;BR-101/ES;Sul;Colisão Traseira;1;0;0;0;0;0;0;0;;;0;0;0;2;1
08/11/2019;11:26:00;213;Acidente com vítima;404;BR-101/ES;Sul;Queda de Moto;0;0;0;1;0;0;0;0;;;0;1;0;0;0
08/11/2019;15:12:00;292;Acidente com vítima;149;BR-101/ES;Norte;Colisão Transversal;1;0;0;1;0;0;0;0;;;2;1;0;0;0
08/11/2019;16:45:00;333;Acidente sem vítima;296;BR-101/ES;Sul;Colisão Lateral;1;0;0;0;0;0;0;2;;;2;0;0;0;0
08/11/2019;16:47:00;334;Acidente com vítima;254;BR-101/ES;Norte;Queda de Moto;0;0;0;1;0;0;0;0;;;0;1;0;0;0
08/11/2019;17:04:00;339;Acidente sem vítima;87;BR-101/ES;Sul;Colisão Lateral;2;0;0;0;0;0;0;0;;;2;0;0;0;0
08/11/2019;19:18:00;366;Acidente com vítima;140;BR-101/ES;Norte;Colisão com ciclista;1;1;0;0;0;0;0;0;;;1;1;0;0;0
08/11/2019;23:42:00;433;Acidente com vítima;163;BR-101/ES;Norte;Colisão Traseira;1;0;0;1;0;0;0;0;;;1;2;0;0;0
09/11/2019;02:57:00;50;Acidente sem vítima;295;BR-101/ES;Sul;Choque com Objeto Fixo;0;0;0;0;0;0;0;4;;;2;0;0;0;0
09/11/2019;05:09:00;68;Acidente sem vítima;268,5;BR-101/ES;Norte;Colisão Traseira;2;0;0;0;0;0;0;0;;;2;0;0;0;0
09/11/2019;08:46:00;120;Acidente com vítima;6,8;BR-101/ES;Sul;Tombamento;0;0;0;0;0;0;0;2;;;0;0;1;0;0
09/11/2019;09:37:00;134;Acidente sem vítima;272;BR-101/ES;Sul;Colisão Traseira;1;0;0;1;0;0;0;0;;;3;0;0;0;0
09/11/2019;10:07:00;137;Acidente sem vítima;262;BR-101/ES;Norte;Choque com Objeto Fixo;1;0;1;0;0;0;0;0;;;3;0;0;0;0
09/11/2019;10:18:00;139;Acidente sem vítima;267;BR-101/ES;Sul;Colisão Traseira;2;0;0;0;0;0;0;0;;;4;0;0;0;0
09/11/2019;13:38:00;218;Acidente sem vítima;142;BR-101/ES;Sul;Colisão Lateral;2;0;0;0;0;0;0;0;;;2;0;0;0;0
09/11/2019;15:39:00;260;Acidente sem vítima;421;BR-101/ES;Sul;Colisão Lateral;0;0;0;1;0;0;0;0;;;1;0;0;0;0
09/11/2019;16:25:00;275;Acidente sem vítima;201;BR-101/ES;Sul;Colisão Traseira;1;0;0;0;0;0;0;0;;;1;0;0;0;0
09/11/2019;18:16:00;311;Acidente com vítima;406;BR-101/ES;Norte;Capotamento;1;0;0;0;0;0;0;0;;;0;1;0;0;0
09/11/2019;19:46:00;328;Acidente sem vítima;394,2;BR-101/ES;Norte;Saída de Pista;1;0;0;0;0;0;0;0;;;1;0;0;0;0
09/11/2019;20:32:00;335;Acidente sem vítima;282;BR-101/ES;Sul;Colisão Lateral;1;0;1;0;0;0;0;0;;;4;0;0;0;0
09/11/2019;23:24:00;380;Acidente sem vítima;31;BR-101/ES;Norte;Colisão Lateral;1;0;0;1;0;0;0;0;;;1;0;0;0;0
10/11/2019;00:37:00;14;Acidente sem vítima;273;BR-101/ES;Sul;Choque com Objeto Fixo;1;0;0;0;0;0;0;0;;;1;0;0;0;0
10/11/2019;01:42:00;40;Acidente sem vítima;151;BR-101/ES;Norte;Saída de Pista;1;0;0;0;0;0;0;0;;;1;0;0;0;0
10/11/2019;05:22:00;77;Acidente sem vítima;204;BR-101/ES;Sul;Saída de Pista;1;0;0;0;0;0;0;0;;;4;0;0;0;0
10/11/2019;07:13:00;91;Acidente com vítima;142;BR-101/ES;Norte;Colisão Traseira;1;0;0;1;0;0;0;0;;;2;1;0;0;0
10/11/2019;07:17:00;92;Acidente sem vítima;289;BR-101/ES;Norte;Choque com Objeto Fixo;1;0;0;0;0;0;0;0;;;1;0;0;0;0
10/11/2019;07:51:00;100;Acidente com vítima;188;BR-101/ES;Sul;Tombamento;0;0;0;0;0;0;0;2;;;0;0;1;0;0
10/11/2019;16:29:00;255;Acidente sem vítima;113,8;BR-101/ES;Sul;Queda de Moto;0;0;0;1;0;0;0;0;;;2;0;0;0;0
10/11/2019;16:47:00;262;Acidente com vítima;188;BR-101/ES;Norte;Saída de Pista;2;0;0;0;0;1;0;0;;;4;2;1;0;0
11/11/2019;05:43:00;72;Acidente sem vítima;264;BR-101/ES;Sul;Colisão Lateral;0;0;2;0;0;0;0;0;;;2;0;0;0;0
11/11/2019;07:36:00;111;Acidente sem vítima;349;BR-101/ES;Norte;Queda de Moto;1;0;0;0;0;0;0;0;;;1;0;0;0;0
11/11/2019;09:29:00;156;Acidente com vítima;279;BR-101/ES;Sul;Colisão Transversal;1;0;0;0;0;0;0;2;;;1;0;2;0;0
11/11/2019;11:46:00;222;Acidente com vítima;150;BR-101/ES;Sul;Queda de Moto;0;0;0;1;0;0;0;0;;;0;0;1;0;0
11/11/2019;12:34:00;248;Acidente com vítima;292;BR-101/ES;Sul;Colisão Traseira;1;0;0;1;0;0;0;0;;;1;1;0;0;0
11/11/2019;14:13:00;282;Acidente sem vítima;245;BR-101/ES;Norte;Colisão Traseira;1;0;1;0;0;0;0;0;;;2;0;0;0;0
11/11/2019;14:50:00;291;Acidente sem vítima;264,9;BR-101/ES;Sul;Colisão Traseira;2;0;0;0;0;0;0;0;;;4;0;0;0;0
11/11/2019;15:30:00;308;Acidente sem vítima;292;BR-101/ES;Norte;Colisão Traseira;2;0;0;0;0;0;0;0;;;2;0;0;0;0
11/11/2019;20:36:00;394;Acidente sem vítima;408;BR-101/ES;Sul;Choque com Objeto Fixo;1;0;0;0;0;0;0;0;;;1;0;0;0;0
12/11/2019;00:15:00;2;Acidente sem vítima;275;BR-101/ES;Norte;Choque com Objeto Fixo;1;0;0;0;0;0;0;0;;;1;0;0;0;0
12/11/2019;01:04:00;22;Acidente sem vítima;124;BR-101/ES;Norte;Choque com Objeto Fixo;1;0;0;0;0;0;0;0;;;1;0;0;0;0
12/11/2019;02:25:00;43;Acidente sem vítima;305;BR-101/ES;Norte;Colisão Frontal;0;0;1;0;0;0;0;2;;;2;0;0;0;0
12/11/2019;07:58:00;110;Acidente sem vítima;261;BR-101/ES;Sul;Colisão Lateral;2;0;0;0;0;0;0;0;;;2;0;0;0;0
12/11/2019;08:29:00;120;Acidente com vítima;150;BR-101/ES;Norte;Colisão Traseira;1;0;0;1;0;0;0;0;;;1;1;0;0;0
12/11/2019;12:18:00;207;Acidente com vítima;267,7;BR-101/ES;Norte;Engavetamento;2;0;0;1;0;0;0;0;;;1;0;1;0;0
12/11/2019;19:02:00;318;Acidente sem vítima;269;BR-101/ES;Sul;Choque com Objeto Fixo;1;0;0;0;0;0;0;0;;;1;0;0;0;0
12/11/2019;19:36:00;327;Acidente sem vítima;269;BR-101/ES;Norte;Colisão Lateral;1;0;0;0;0;0;0;2;;;2;0;0;0;0
12/11/2019;19:50:00;329;Acidente com vítima;348;BR-101/ES;Sul;Colisão Transversal;0;0;2;0;0;0;0;0;;;3;0;0;1;0
12/11/2019;20:23:00;336;Acidente sem vítima;221;BR-101/ES;Norte;Atropelamento Animal;1;0;0;0;0;0;0;0;;;1;0;0;0;0
12/11/2019;21:59:00;354;Acidente sem vítima;142;BR-101/ES;Sul;Colisão Traseira;2;0;0;0;0;0;0;0;;;2;0;0;0;0
12/11/2019;22:09:00;356;Acidente sem vítima;315;BR-101/ES;Norte;Saída de Pista;1;0;0;0;0;0;0;0;;;1;0;0;0;0
12/11/2019;23:06:00;373;Acidente sem vítima;163;BR-101/ES;Sul;Saída de Pista;1;0;0;0;0;0;0;0;;;1;0;0;0;0
13/11/2019;01:54:00;30;Acidente sem vítima;260;BR-101/ES;Sul;Saída de Pista;0;0;1;0;0;0;0;0;;;1;0;0;0;0
13/11/2019;04:55:00;64;Acidente sem vítima;302;BR-101/ES;Norte;Colisão Traseira;0;0;2;0;0;0;0;0;;;2;0;0;0;0
13/11/2019;09:13:00;103;Acidente com vítima;240;BR-101/ES;Sul;Saída de Pista;1;0;0;0;0;0;0;0;;;1;0;2;0;0
13/11/2019;10:06:00;124;Acidente com vítima;164;BR-101/ES;Sul;Saída de Pista;1;0;0;0;0;0;0;0;;;0;0;1;0;0
13/11/2019;10:32:00;134;Acidente sem vítima;206;BR-101/ES;Norte;Saída de Pista;1;0;0;0;0;0;0;0;;;1;0;0;0;0
13/11/2019;10:46:00;138;Acidente sem vítima;283;BR-101/ES;Sul;Choque com Objeto Fixo;1;0;0;0;0;0;0;0;;;1;0;0;0;0
13/11/2019;12:11:00;162;Acidente com vítima;274;BR-101/ES;Sul;Choque com Objeto Fixo;1;0;0;0;0;0;0;0;;;1;0;1;0;0
13/11/2019;13:25:00;201;Acidente sem vítima;454;BR-101/ES;Norte;Saída de Pista;1;0;0;0;0;0;0;0;;;1;0;0;0;0
13/11/2019;18:32:00;287;Acidente com vítima;271;BR-101/ES;Norte;Colisão Traseira;0;0;0;1;1;0;0;0;;;1;0;1;0;0
13/11/2019;21:28:00;330;Acidente sem vítima;302;BR-101/ES;Norte;Tombamento;0;0;1;0;0;0;0;1;;;1;0;0;0;0
14/11/2019;03:18:00;46;Acidente sem vítima;244;BR-101/ES;Norte;Saída de Pista;0;0;1;0;0;0;0;2;;;3;0;0;0;0
14/11/2019;07:08:00;90;Acidente sem vítima;270;BR-101/ES;Sul;Colisão Lateral;1;0;1;0;0;0;0;0;;;2;0;0;0;0
14/11/2019;07:36:00;99;Acidente sem vítima;358;BR-101/ES;Sul;Saída de Pista;1;0;0;0;0;0;0;0;;;1;0;0;0;0
14/11/2019;08:06:00;113;Acidente sem vítima;7;BR-101/ES;Norte;Saída de Pista;1;0;0;0;0;0;0;0;;;1;0;0;0;0
14/11/2019;08:38:00;128;Acidente com vítima;70;BR-101/ES;Norte;Colisão Traseira;1;0;1;0;0;0;0;0;;;1;1;1;0;0
14/11/2019;08:46:00;131;Acidente sem vítima;291;BR-101/ES;Norte;Capotamento;1;0;0;0;0;0;0;0;;;1;0;0;0;0
14/11/2019;09:47:00;155;Acidente com vítima;250;BR-101/ES;Norte;Saída de Pista;1;0;0;0;0;0;0;0;;;0;1;0;0;0
14/11/2019;10:57:00;176;Acidente sem vítima;269;BR-101/ES;Sul;Colisão Traseira;2;0;0;0;0;0;0;0;;;1;0;0;0;0
14/11/2019;11:02:00;179;Acidente sem vítima;288;BR-101/ES;Norte;Saída de Pista;0;0;1;0;0;0;0;0;;;1;0;0;0;0
14/11/2019;11:54:00;206;Acidente sem vítima;295;BR-101/ES;Sul;Colisão Traseira;0;0;1;0;1;0;0;0;;;2;0;0;0;0
14/11/2019;12:06:00;212;Acidente com vítima;67;BR-101/ES;Norte;Colisão Traseira;1;0;0;1;0;0;0;0;;;1;1;0;0;0
14/11/2019;15:35:00;260;Acidente sem vítima;253;BR-101/ES;Sul;Colisão Traseira;1;0;1;0;0;0;0;0;;;2;0;0;0;0
14/11/2019;17:01:00;300;Acidente sem vítima;217;BR-101/ES;Norte;Capotamento;1;0;0;0;0;0;0;0;;;2;0;0;0;0
14/11/2019;19:15:00;312;Acidente sem vítima;213;BR-101/ES;Norte;Saída de Pista;0;0;1;0;0;0;0;0;;;3;0;0;0;0
14/11/2019;19:20:00;317;Acidente sem vítima;213;BR-101/ES;Norte;Colisão Lateral;1;0;0;0;0;0;0;1;;;3;0;0;0;0
14/11/2019;21:46:00;367;Acidente sem vítima;399;BR-101/ES;Norte;Choque com Objeto Fixo;1;0;1;0;0;0;0;0;;;6;0;0;0;0
14/11/2019;22:07:00;371;Acidente sem vítima;335;BR-101/ES;Sul;Colisão Traseira;2;0;0;0;0;0;0;0;;;2;0;0;0;0
14/11/2019;23:53:00;411;Acidente com vítima;273;BR-101/ES;Sul;Choque com Objeto Fixo;1;0;0;0;0;0;0;0;;;0;0;1;0;0
15/11/2019;02:07:00;51;Acidente sem vítima;267;BR-101/ES;Sul;Colisão Transversal;2;0;0;0;0;0;0;0;;;3;0;0;0;0
15/11/2019;02:54:00;59;Acidente sem vítima;394;BR-101/ES;Norte;Saída de Pista;0;0;1;0;0;0;0;0;;;1;0;0;0;0
15/11/2019;03:43:00;70;Acidente com morte;25,4;BR-101/ES;Norte;Colisão Transversal;0;0;1;0;1;0;0;2;;;20;0;0;0;1
15/11/2019;04:11:00;74;Acidente com vítima;21,7;BR-101/ES;Sul;Colisão Traseira;1;0;0;0;0;0;0;0;;;0;1;0;0;0
15/11/2019;05:04:00;87;Acidente com vítima;334;BR-101/ES;Norte;Queda de Moto;0;0;0;1;0;0;0;0;;;0;1;1;0;0
15/11/2019;08:23:00;126;Acidente com vítima;291;BR-101/ES;Sul;Colisão Lateral;2;0;0;0;0;0;0;0;;;4;1;0;0;0
15/11/2019;09:23:00;148;Acidente com vítima;106;BR-101/ES;Norte;Queda de ciclista;0;1;0;0;0;0;0;0;;;0;1;0;0;0
15/11/2019;11:15:00;193;Acidente sem vítima;452;BR-101/ES;Sul;Colisão Traseira;1;0;1;0;0;0;0;0;;;2;0;0;0;0
15/11/2019;13:24:00;259;Acidente sem vítima;269,6;BR-101/ES;Norte;Colisão Lateral;1;0;0;0;0;0;0;2;;;2;0;0;0;0
15/11/2019;15:40:00;286;Atropelamento sem morte;266;BR-101/ES;Sul;Atropelamento;1;0;0;0;0;0;0;0;;;2;0;1;0;0
15/11/2019;18:22:00;290;Acidente com vítima;148;BR-101/ES;Sul;Colisão Frontal;3;0;1;0;0;0;0;0;;;4;2;0;0;0
15/11/2019;18:33:00;296;Acidente com vítima;103;BR-101/ES;Sul;Queda de Moto;0;0;0;1;0;0;0;0;;;0;0;1;0;0