data;horario;n_da_ocorrencia;tipo_de_ocorrencia;km;trecho;sentido;tipo_de_acidente;automovel;bicicleta;caminhao;moto;onibus;outros;tracao_animal;transporte_de_cargas_especiais;trator_maquinas;utilitarios;ilesos;levemente_feridos;moderadamente_feridos;gravemente_feridos;mortos
15/11/2019;18:47:00;300;Acidente sem vítima;265;BR-101/ES;Norte;Colisão Traseira;1;0;0;1;0;0;0;0;;;2;0;0;0;0
15/11/2019;20:17:00;310;Acidente com vítima;325;BR-101/ES;Sul;Queda de Moto;0;0;0;1;0;0;0;0;;;0;2;0;0;0
15/11/2019;22:42:00;334;Acidente sem vítima;326;BR-101/ES;Norte;Tombamento;0;0;0;0;0;0;0;2;;;1;0;0;0;0
16/11/2019;01:25:00;23;Acidente com vítima;294;BR-101/ES;Sul;Choque com Objeto Fixo;0;0;1;0;0;0;0;0;;;0;1;2;0;0
16/11/2019;01:41:00;30;Acidente sem vítima;33;BR-101/ES;Norte;Atropelamento de Equino;0;0;0;0;0;0;0;4;;;1;0;0;0;0
16/11/2019;03:35:00;50;Acidente com vítima;406,5;BR-101/ES;Sul;Saída de Pista;0;0;1;0;0;0;0;0;;;0;1;0;0;0
16/11/2019;04:00:00;52;Acidente sem vítima;141;BR-101/ES;Sul;Saída de Pista;1;0;0;0;0;0;0;0;;;1;0;0;0;0
16/11/2019;08:58:00;99;Acidente com vítima;70,6;BR-101/ES;Sul;Saída de Pista;1;0;0;0;0;0;0;0;;;1;0;1;0;0
16/11/2019;12:23:00;172;Acidente com vítima;228;BR-101/ES;Sul;Saída de Pista;1;0;0;0;0;0;0;0;;;0;0;0;2;0
16/11/2019;12:49:00;176;Acidente sem vítima;266,15;BR-101/ES;Norte;Colisão Transversal;2;0;0;0;0;0;0;0;;;3;0;0;0;0
16/11/2019;21:54:00;294;Acidente com vítima;270,5;BR-101/ES;Norte;Queda de Moto;0;0;0;1;0;0;0;0;;;0;1;1;0;0
17/11/2019;07:13:00;64;Acidente com vítima;266;BR-101/ES;Norte;Colisão com ciclista;1;1;0;0;0;0;0;0;;;2;0;1;0;0
17/11/2019;13:09:00;202;Acidente sem vítima;306;BR-101/ES;Norte;Engavetamento;3;0;0;0;0;0;0;0;;;9;0;0;0;0
17/11/2019;13:16:00;207;Acidente com vítima;149;BR-101/ES;Norte;Colisão Transversal;2;0;0;0;0;0;0;0;;;7;1;0;0;0
17/11/2019;16:10:00;249;Acidente sem vítima;225,5;BR-101/ES;Sul;Colisão Traseira;2;0;0;0;0;0;0;0;;;8;0;0;0;0
17/11/2019;16:37:00;256;Acidente sem vítima;335;BR-101/ES;Norte;Colisão Traseira;1;0;0;0;0;0;0;1;;;1;0;0;0;0
17/11/2019;17:26:00;272;Acidente sem vítima;117;BR-101/ES;Sul;Engavetamento;3;0;0;0;0;0;0;0;;;11;0;0;0;0
17/11/2019;18:28:00;295;Acidente sem vítima;160;BR-101/ES;Norte;Colisão Traseira;2;0;0;0;0;0;0;0;;;5;0;0;0;0
17/11/2019;20:00:00;316;Acidente sem vítima;149;BR-101/ES;Sul;Colisão Transversal;2;0;0;0;0;0;0;0;;;3;0;0;0;0
17/11/2019;21:03:00;332;Acidente sem vítima;203;BR-101/ES;Norte;Saída de Pista;1;0;0;0;0;0;0;0;;;1;0;0;0;0
17/11/2019;23:26:00;373;Acidente sem vítima;139;BR-101/ES;Sul;Queda de Moto;0;0;0;1;0;0;0;0;;;1;0;0;0;0
18/11/2019;03:08:00;49;Acidente sem vítima;260;BR-101/ES;Norte;Saída de Pista;1;0;0;0;0;0;0;0;;;1;0;0;0;0
18/11/2019;03:56:00;54;Acidente sem vítima;260,3;BR-101/ES;Norte;Atropelamento Animal;0;0;1;0;0;0;0;0;;;1;0;0;0;0
18/11/2019;06:03:00;102;Acidente sem vítima;426;BR-101/ES;Norte;Colisão Traseira;1;0;1;0;0;0;0;0;;;2;0;0;0;0
18/11/2019;08:42:00;135;Acidente com vítima;283;BR-101/ES;Norte;Choque com Objeto Fixo;1;0;0;0;0;0;0;0;;;1;0;1;0;0
18/11/2019;10:07:00;164;Acidente com vítima;148;BR-101/ES;Norte;Colisão Transversal;1;0;0;1;0;0;0;0;;;1;1;0;0;0
18/11/2019;11:22:00;201;Acidente sem vítima;368;BR-101/ES;Norte;Saída de Pista;0;0;1;0;0;0;0;0;;;1;0;0;0;0
18/11/2019;14:59:00;282;Acidente sem vítima;270;BR-101/ES;Sul;Colisão Traseira;2;0;0;0;0;0;0;0;;;2;0;0;0;0
18/11/2019;16:02:00;298;Acidente sem vítima;145;BR-101/ES;Norte;Colisão Traseira;2;0;0;0;0;0;0;0;;;4;0;0;0;0
18/11/2019;17:52:00;339;Acidente com vítima;181;BR-101/ES;Norte;Colisão Transversal;2;0;0;0;0;0;0;0;;;0;1;1;0;0
18/11/2019;18:59:00;350;Acidente com vítima;268;BR-101/ES;Norte;Colisão Traseira;1;0;0;0;0;0;0;2;;;2;1;0;0;0
18/11/2019;19:31:00;356;Acidente com vítima;266;BR-101/ES;Norte;Colisão com ciclista;1;1;0;0;0;0;0;0;;;5;0;1;0;0
18/11/2019;20:14:00;362;Acidente com vítima;294,2;BR-101/ES;Norte;Colisão Traseira;1;0;0;0;1;0;0;0;;;6;1;0;0;0
18/11/2019;21:14:00;371;Acidente com vítima;266;BR-101/ES;Norte;Colisão Traseira;0;0;2;0;0;0;0;0;;;0;1;0;0;0
18/11/2019;21:27:00;374;Acidente sem vítima;329;BR-101/ES;Sul;Saída de Pista;0;0;1;0;0;0;0;0;;;1;0;0;0;0
19/11/2019;00:15:00;3;Acidente com vítima;956,8;BR-101/BA;Sul;Saída de Pista;1;0;0;0;0;0;0;0;;;0;1;0;0;0
19/11/2019;02:02:00;29;Acidente sem vítima;0,8;BR-101/ES;Norte;Veículo em Chamas;0;0;0;0;0;0;0;2;;;1;0;0;0;0
19/11/2019;03:08:00;45;Acidente sem vítima;394;BR-101/ES;Norte;Queda de Moto;0;0;0;1;0;0;0;0;;;1;0;0;0;0
19/11/2019;05:28:00;70;Acidente sem vítima;267;BR-101/ES;Sul;Choque com Objeto Fixo;1;0;0;0;0;0;0;0;;;1;0;0;0;0
19/11/2019;07:33:00;99;Acidente sem vítima;262;BR-101/ES;Norte;Choque com Objeto Fixo;1;0;0;0;0;0;0;0;;;1;0;0;0;0
19/11/2019;08:54:00;122;Acidente com vítima;268;BR-101/ES;Sul;Colisão Traseira;2;0;0;0;0;0;0;0;;;1;1;0;0;0
19/11/2019;15:38:00;285;Acidente com vítima;38;BR-101/ES;Sul;Colisão Transversal;1;0;0;1;0;0;0;0;;;1;1;1;0;0
19/11/2019;16:32:00;295;Acidente sem vítima;278;BR-101/ES;Norte;Saída de Pista;1;0;0;0;0;0;0;0;;;1;0;0;0;0
19/11/2019;17:03:00;300;Acidente com vítima;299;BR-101/ES;Norte;Queda de Moto;0;0;0;1;0;0;0;0;;;0;1;0;0;0
19/11/2019;17:40:00;311;Acidente com vítima;202;BR-101/ES;Norte;Colisão Lateral;1;0;1;0;0;0;0;0;;;1;0;1;0;0
20/11/2019;03:46:00;46;Acidente sem vítima;358;BR-101/ES;Norte;Saída de Pista;1;0;0;0;0;0;0;0;;;1;0;0;0;0
20/11/2019;06:34:00;80;Acidente com vítima;285;BR-101/ES;Norte;Colisão com ciclista;0;1;1;0;0;0;0;0;;;1;1;0;0;0
20/11/2019;08:10:00;110;Acidente sem vítima;266;BR-101/ES;Norte;Colisão Traseira;1;0;1;0;0;0;0;0;;;2;0;0;0;0
20/11/2019;09:58:00;143;Acidente sem vítima;284;BR-101/ES;Norte;Choque com Objeto Fixo;1;0;0;0;0;0;0;0;;;2;0;0;0;0
20/11/2019;10:03:00;147;Acidente sem vítima;265;BR-101/ES;Sul;Saída de Pista;0;0;0;0;0;0;0;3;;;1;0;0;0;0
20/11/2019;14:41:00;260;Acidente com vítima;295;BR-101/ES;Sul;Colisão Traseira;0;0;2;0;0;0;0;0;;;2;1;0;0;0
20/11/2019;15:14:00;265;Acidente sem vítima;275;BR-101/ES;Sul;Saída de Pista;1;0;0;0;0;0;0;0;;;2;0;0;0;0
20/11/2019;17:20:00;304;Acidente sem vítima;219;BR-101/ES;Sul;Veículo em Chamas;0;0;0;0;0;0;0;2;;;1;0;0;0;0
20/11/2019;18:30:00;320;Acidente sem vítima;216;BR-101/ES;Sul;Veículo em Chamas;0;0;1;0;0;0;0;0;;;1;0;0;0;0
20/11/2019;18:56:00;329;Acidente sem vítima;12,5;BR-101/ES;Sul;Saída de Pista;1;0;0;0;0;0;0;0;;;1;0;0;0;0
20/11/2019;22:01:00;369;Acidente sem vítima;299;BR-101/ES;Norte;Choque com Objeto Fixo;1;0;0;0;0;0;0;0;;;1;0;0;0;0
21/11/2019;03:49:00;54;Acidente sem vítima;227;BR-101/ES;Norte;Choque;0;0;0;1;0;0;0;0;;;1;0;0;0;0
21/11/2019;06:27:00;84;Acidente sem vítima;240;BR-101/ES;Sul;Capotamento;1;0;0;0;0;0;0;1;;;2;0;0;0;0
21/11/2019;07:30:00;101;Acidente sem vítima;266;BR-101/ES;Norte;Colisão Traseira;0;0;1;0;0;0;0;2;;;2;0;0;0;0
21/11/2019;07:58:00;108;Acidente sem vítima;286;BR-101/ES;Sul;Saída de Pista;1;0;0;0;0;0;0;0;;;1;0;0;0;0
21/11/2019;08:06:00;113;Acidente sem vítima;278;BR-101/ES;Sul;Choque com Objeto Fixo;1;0;0;0;0;0;0;0;;;1;0;0;0;0
21/11/2019;17:45:00;314;Acidente com vítima;67;BR-101/ES;Sul;Queda de Moto;0;0;0;1;0;0;0;0;;;0;0;1;0;0
21/11/2019;20:05:00;350;Acidente sem vítima;286;BR-101/ES;Norte;Choque com Objeto Fixo;1;0;0;0;0;0;0;0;;;1;0;0;0;0
21/11/2019;21:14:00;371;Acidente sem vítima;307;BR-101/ES;Norte;Atropelamento de Bovino;0;0;1;0;0;0;0;0;;;2;0;0;0;0
21/11/2019;22:03:00;384;Acidente sem vítima;452;BR-101/ES;Sul;Choque com Objeto Fixo;0;0;1;0;0;0;0;0;;;2;0;0;0;0
22/11/2019;02:32:00;40;Acidente sem vítima;264;BR-101/ES;Norte;Colisão Traseira;0;0;2;0;0;0;0;0;;;2;0;0;0;0
22/11/2019;06:50:00;110;Acidente com vítima;260,5;BR-101/ES;Norte;Saída de Pista;1;0;1;0;0;0;0;0;;;1;1;1;0;0
22/11/2019;09:00:00;170;Acidente sem vítima;294;BR-101/ES;Norte;Colisão Traseira;2;0;0;0;0;0;0;0;;;2;0;0;0;0
22/11/2019;11:32:00;238;Acidente sem vítima;206;BR-101/ES;Norte;Choque com Objeto Fixo;1;0;0;0;0;0;0;0;;;1;0;0;0;0
22/11/2019;12:05:00;255;Acidente com vítima;66;BR-101/ES;Norte;Queda de Moto;0;0;0;1;0;0;0;0;;;0;0;1;0;0
22/11/2019;16:32:00;375;Acidente com vítima;271;BR-101/ES;Sul;Queda de Moto;0;0;0;1;0;0;0;0;;;0;0;1;0;0
22/11/2019;19:11:00;440;Acidente com vítima;287;BR-101/ES;Sul;Colisão Traseira;1;0;0;1;0;0;0;0;;;1;0;0;1;0
22/11/2019;22:53:00;494;Acidente com vítima;941;BR-101/BA;Norte;Colisão Transversal;1;0;0;1;0;0;0;0;;;3;2;0;0;0
23/11/2019;00:32:00;12;Acidente sem vítima;247,5;BR-101/ES;Sul;Atropelamento Animal;1;0;0;0;0;0;0;0;;;1;0;0;0;0
23/11/2019;01:12:00;23;Acidente sem vítima;149;BR-101/ES;Sul;Colisão Lateral;2;0;0;0;0;0;0;0;;;2;0;0;0;0
23/11/2019;05:24:00;76;Acidente sem vítima;79;BR-101/ES;Sul;Veículo em Chamas;1;0;0;0;0;0;0;0;;;1;0;0;0;0
23/11/2019;12:42:00;139;Acidente sem vítima;332,5;BR-101/ES;Sul;Saída de Pista;0;0;0;0;0;0;0;2;;;1;0;0;0;0
23/11/2019;12:49:00;142;Acidente com vítima;269;BR-101/ES;Norte;Colisão Transversal;0;0;0;2;0;0;0;0;;;0;3;0;0;0
23/11/2019;13:20:00;156;Acidente sem vítima;423;BR-101/ES;Norte;Saída de Pista;1;0;0;0;0;0;0;0;;;1;0;0;0;0
23/11/2019;18:53:00;259;Acidente com vítima;258;BR-101/ES;Norte;Queda de ciclista;0;1;0;0;0;0;0;0;;;0;0;1;0;0
23/11/2019;19:05:00;260;Acidente com vítima;269;BR-101/ES;Norte;Queda de Moto;0;0;0;1;0;0;0;0;;;0;0;1;0;0
23/11/2019;20:40:00;280;Acidente sem vítima;260,8;BR-101/ES;Norte;Saída de Pista;1;0;0;0;0;0;0;0;;;1;0;0;0;0
23/11/2019;21:07:00;285;Acidente sem vítima;272;BR-101/ES;Norte;Choque com Objeto Fixo;1;0;0;0;0;0;0;0;;;1;0;0;0;0
23/11/2019;21:51:00;295;Acidente sem vítima;144;BR-101/ES;Norte;Colisão Traseira;2;0;0;0;0;0;0;0;;;3;0;0;0;0
23/11/2019;22:05:00;298;Acidente sem vítima;262;BR-101/ES;Sul;Engavetamento;2;0;0;0;0;0;0;0;;;2;0;0;0;0
23/11/2019;22:11:00;300;Acidente com vítima;268;BR-101/ES;Sul;Saída de Pista;1;0;0;0;0;0;0;0;;;0;0;1;0;0
23/11/2019;22:40:00;309;Acidente com vítima;262;BR-101/ES;Sul;Colisão Traseira;1;0;0;1;0;0;0;0;;;1;0;2;0;0
24/11/2019;00:31:00;10;Acidente com vítima;266,5;BR-101/ES;Norte;Colisão Traseira;2;0;1;0;0;0;0;0;;;3;0;1;0;0
24/11/2019;01:06:00;20;Acidente sem vítima;94;BR-101/ES;Sul;Saída de Pista;1;0;0;0;0;0;0;0;;;3;0;0;0;0
24/11/2019;06:00:00;81;Acidente com vítima;142;BR-101/ES;Norte;Colisão Lateral;1;0;0;1;0;0;0;0;;;2;1;0;0;0
24/11/2019;06:27:00;85;Acidente com vítima;156;BR-101/ES;Norte;Tombamento;0;0;1;0;0;0;0;0;;;0;1;0;0;0
24/11/2019;06:47:00;89;Acidente sem vítima;286;BR-101/ES;Sul;Choque com Objeto Fixo;1;0;0;0;0;0;0;0;;;1;0;0;0;0
24/11/2019;08:52:00;112;Acidente sem vítima;259;BR-101/ES;Sul;Colisão Lateral;1;0;0;0;1;0;0;0;;;3;0;0;0;0
24/11/2019;09:27:00;119;Acidente sem vítima;3;BR-101/ES;Sul;Choque com Objeto Fixo;1;0;0;0;0;0;0;0;;;1;0;0;0;0
24/11/2019;12:26:00;179;Acidente com morte;271;BR-101/ES;Sul;Colisão Transversal;2;0;0;0;1;0;0;0;;;24;0;0;1;1
24/11/2019;17:54:00;257;Acidente com morte;182;BR-101/ES;Norte;Colisão Transversal;2;0;0;0;0;0;0;0;;;0;0;3;2;1
24/11/2019;18:14:00;258;Acidente sem vítima;329;BR-101/ES;Sul;Queda de Moto;0;0;0;1;0;0;0;0;;;1;0;0;0;0
24/11/2019;19:58:00;277;Acidente sem vítima;125;BR-101/ES;Sul;Atropelamento Animal;0;0;0;0;0;0;0;2;;;1;0;0;0;0
24/11/2019;21:29:00;295;Acidente com vítima;385;BR-101/ES;Sul;Saída de Pista;1;0;0;0;0;0;0;0;;;0;2;0;0;0
25/11/2019;07:19:00;107;Acidente com vítima;271;BR-101/ES;Sul;Colisão Lateral;1;0;0;1;0;0;0;0;;;2;1;0;0;0
25/11/2019;09:04:00;154;Atropelamento sem morte;269,5;BR-101/ES;Sul;Atropelamento;0;0;0;1;0;0;0;0;;;2;1;1;0;0
25/11/2019;15:35:00;331;Acidente sem vítima;251;BR-101/ES;Norte;Colisão Traseira;2;0;0;0;0;0;0;0;;;2;0;0;0;0
25/11/2019;17:37:00;367;Acidente sem vítima;403;BR-101/ES;Sul;Tombamento;0;0;1;0;0;0;0;0;;;1;0;0;0;0
25/11/2019;17:59:00;374;Atropelamento sem morte;266;BR-101/ES;Sul;Atropelamento;0;0;0;1;0;0;0;0;;;1;0;1;0;0
25/11/2019;19:04:00;387;Acidente sem vítima;145;BR-101/ES;Norte;Colisão Traseira;1;1;0;0;0;0;0;0;;;2;0;0;0;0
25/11/2019;19:31:00;391;Acidente sem vítima;146;BR-101/ES;Norte;Veículo em Chamas;1;0;0;0;0;0;0;0;;;1;0;0;0;0
26/11/2019;00:23:00;7;Acidente sem vítima;397;BR-101/ES;Sul;Choque com Objeto Fixo;0;0;1;0;0;0;0;0;;;1;0;0;0;0
26/11/2019;07:41:00;120;Acidente sem vítima;261,3;BR-101/ES;Sul;Colisão Lateral;1;0;0;0;0;0;0;2;;;2;0;0;0;0
26/11/2019;10:15:00;173;Acidente sem vítima;165;BR-101/ES;Sul;Saída de Pista;1;0;0;0;0;0;0;0;;;1;0;0;0;0
26/11/2019;10:37:00;180;Acidente sem vítima;266;BR-101/ES;Sul;Choque com Objeto Fixo;1;0;0;0;0;0;0;0;;;1;0;0;0;0
26/11/2019;12:07:00;221;Acidente sem vítima;393;BR-101/ES;Norte;Colisão Lateral;1;0;1;0;0;0;0;0;;;2;0;0;0;0
26/11/2019;12:47:00;239;Acidente sem vítima;264;BR-101/ES;Sul;Colisão Lateral;1;0;1;0;0;0;0;0;;;2;0;0;0;0
26/11/2019;13:01:00;244;Acidente sem vítima;270;BR-101/ES;Norte;Colisão Traseira;1;0;0;0;0;0;0;2;;;2;0;0;0;0
26/11/2019;14:11:00;264;Acidente sem vítima;301;BR-101/ES;Sul;Colisão Traseira;1;0;1;0;0;0;0;0;;;2;0;0;0;0
26/11/2019;16:30:00;308;Acidente com vítima;280;BR-101/ES;Norte;Queda de Moto;0;0;0;1;0;0;0;0;;;1;0;1;0;0
26/11/2019;19:44:00;353;Acidente com vítima;145;BR-101/ES;Norte;Colisão Traseira;2;0;0;1;0;0;0;0;;;4;1;0;0;0
26/11/2019;22:50:00;392;Acidente com vítima;257;BR-101/ES;Norte;Colisão Lateral;0;0;0;1;0;0;0;0;;;0;1;0;0;0
27/11/2019;06:59:00;130;Acidente com vítima;70,3;BR-101/ES;Sul;Colisão Traseira;0;0;0;2;0;0;0;0;;;0;2;0;0;0
27/11/2019;07:19:00;134;Acidente sem vítima;335;BR-101/ES;Norte;Colisão Lateral;0;0;0;0;0;0;0;5;;;2;0;0;0;0
27/11/2019;08:51:00;153;Acidente sem vítima;31;BR-101/ES;Sul;Colisão Transversal;2;0;0;0;0;0;0;0;;;2;0;0;0;0
27/11/2019;09:53:00;166;Acidente sem vítima;272,3;BR-101/ES;Norte;Colisão Traseira;2;0;0;0;0;0;0;0;;;2;0;0;0;0
27/11/2019;14:31:00;278;Acidente com vítima;263;BR-101/ES;Norte;Queda de Moto;0;0;0;1;0;0;0;0;;;0;0;1;0;0
27/11/2019;17:09:00;324;Acidente sem vítima;1;BR-101/ES;Sul;Choque com Objeto Fixo;1;0;0;0;0;0;0;0;;;1;0;0;0;0
27/11/2019;17:38:00;333;Acidente com vítima;287;BR-101/ES;Sul;Queda de Moto;0;0;0;1;0;0;0;0;;;0;1;1;0;0
27/11/2019;19:18:00;359;Acidente com vítima;414;BR-101/ES;Sul;Colisão Transversal;1;0;0;1;0;0;0;0;;;2;0;1;0;0
27/11/2019;22:01:00;392;Acidente com vítima;146;BR-101/ES;Norte;Colisão Traseira;0;0;0;2;0;0;0;0;;;0;2;0;0;0
28/11/2019;05:57:00;106;Acidente sem vítima;268;BR-101/ES;Norte;Colisão Traseira;0;0;1;0;0;0;0;2;;;2;0;0;0;0
28/11/2019;07:44:00;130;Acidente com vítima;297;BR-101/ES;Sul;Colisão Traseira;1;0;0;1;0;0;0;0;;;0;0;1;0;0
28/11/2019;08:00:00;135;Acidente sem vítima;185,2;BR-101/ES;Norte;Engavetamento;2;0;0;0;0;0;0;2;;;4;0;0;0;0
28/11/2019;09:18:00;168;Acidente com vítima;298;BR-101/ES;Norte;Colisão Traseira;1;0;0;1;0;0;0;0;;;1;1;0;0;0
28/11/2019;11:25:00;207;Acidente com vítima;320;BR-101/ES;Sul;Colisão Traseira;0;0;2;0;0;0;0;0;;;1;0;1;0;0
28/11/2019;15:31:00;298;Acidente sem vítima;286;BR-101/ES;Sul;Colisão Lateral;0;0;0;0;0;0;0;3;;;2;0;0;0;0
28/11/2019;16:42:00;325;Acidente sem vítima;286;BR-101/ES;Norte;Choque com Veículo Estacionado;1;0;0;0;0;0;0;1;;;2;0;0;0;0
28/11/2019;18:18:00;353;Acidente com vítima;268;BR-101/ES;Norte;Colisão Traseira;1;0;0;1;0;0;0;0;;;1;0;2;0;0
28/11/2019;18:49:00;357;Acidente com vítima;144;BR-101/ES;Sul;Colisão com ciclista;0;1;0;1;0;0;0;0;;;0;0;3;0;0
28/11/2019;19:19:00;363;Acidente sem vítima;320;BR-101/ES;Norte;Colisão Lateral;0;0;1;0;0;0;0;2;;;3;0;0;0;0
28/11/2019;21:41:00;395;Acidente sem vítima;102;BR-101/ES;Sul;Choque com Objeto Fixo;1;0;0;0;0;0;0;0;;;1;0;0;0;0
29/11/2019;07:28:00;125;Acidente com vítima;267;BR-101/ES;Sul;Colisão Traseira;0;0;0;1;0;0;0;0;;;0;0;1;0;0
29/11/2019;07:39:00;131;Acidente sem vítima;135,4;BR-101/ES;Sul;Colisão Lateral;2;0;0;0;0;0;0;0;;;3;0;0;0;0
29/11/2019;19:09:00;359;Acidente sem vítima;432;BR-101/ES;Sul;Choque;0;0;2;0;0;0;0;0;;;2;0;0;0;0
29/11/2019;19:13:00;360;Acidente com vítima;264;BR-101/ES;Norte;Colisão Lateral;1;0;1;1;0;0;0;0;;;2;0;1;0;0
29/11/2019;20:30:00;380;Acidente sem vítima;270;BR-101/ES;Norte;Veículo em Chamas;1;0;0;0;0;0;0;0;;;1;0;0;0;0
29/11/2019;23:38:00;426;Acidente com vítima;125;BR-101/ES;Norte;Queda de Moto;0;0;0;1;0;0;0;0;;;0;1;0;0;0
30/11/2019;00:34:00;13;Atropelamento sem morte;269;BR-101/ES;Sul;Atropelamento e Fuga;1;0;0;0;0;0;0;0;;;1;0;1;0;0
30/11/2019;06:46:00;100;Acidente com vítima;187;BR-101/ES;Norte;Capotamento;1;0;0;0;0;0;0;0;;;0;1;0;0;0
30/11/2019;08:22:00;125;Acidente sem vítima;73;BR-101/ES;Norte;Colisão Traseira;2;0;0;0;0;0;0;0;;;5;0;0;0;0
30/11/2019;15:44:00;271;Acidente com vítima;67;BR-101/ES;Sul;Colisão Transversal;1;0;1;0;0;0;0;0;;;2;0;1;0;0
30/11/2019;16:50:00;297;Acidente sem vítima;278;BR-101/ES;Norte;Choque com Objeto Fixo;1;0;0;0;0;0;0;0;;;1;0;0;0;0
30/11/2019;18:31:00;334;Atropelamento sem morte;294;BR-101/ES;Norte;Atropelamento e Fuga;0;0;0;1;0;0;0;0;;;0;0;0;1;0
30/11/2019;19:18:00;341;Acidente com vítima;287;BR-101/ES;Sul;Queda de Moto;0;0;0;1;0;0;0;0;;;1;0;1;0;0
30/11/2019;23:38:00;404;Acidente sem vítima;296;BR-101/ES;Norte;Saída de Pista;1;0;0;0;0;0;0;0;;;1;0;0;0;0
01/12/2019;00:59:00;15;Acidente com vítima;301;BR-101/ES;Norte;Queda de ciclista;0;1;0;0;0;0;0;0;;;0;1;0;0;0
01/12/2019;01:40:00;27;Acidente com vítima;50;BR-101/ES;Norte;Colisão Transversal;0;0;2;0;0;0;0;0;;;0;1;1;1;0
01/12/2019;04:38:00;55;Acidente sem vítima;269,4;BR-101/ES;Sul;Colisão Transversal;2;0;0;0;0;0;0;0;;;2;0;0;0;0
01/12/2019;04:50:00;61;Acidente com vítima;8;BR-101/ES;Norte;Colisão Lateral;1;0;0;0;0;0;0;6;;;2;3;0;2;0
01/12/2019;07:48:00;83;Acidente sem vítima;258;BR-101/ES;Norte;Saída de Pista;1;0;0;0;0;0;0;0;;;3;0;0;0;0
01/12/2019;12:10:00;167;Acidente com vítima;123;BR-101/ES;Sul;Colisão Traseira;1;0;0;1;0;0;0;0;;;2;0;0;1;0
01/12/2019;13:51:00;192;Acidente com vítima;266,3;BR-101/ES;Sul;Colisão com ciclista;0;1;0;1;0;0;0;0;;;0;0;1;0;0
01/12/2019;17:38:00;255;Acidente sem vítima;252;BR-101/ES;Sul;Engavetamento;3;0;0;0;0;0;0;0;;;13;0;0;0;0
01/12/2019;20:18:00;296;Acidente sem vítima;371;BR-101/ES;Sul;Colisão Transversal;1;0;1;0;0;0;0;0;;;3;0;0;0;0
01/12/2019;23:20:00;344;Acidente sem vítima;198;BR-101/ES;Norte;Saída de Pista;1;0;0;0;0;0;0;0;;;1;0;0;0;0
02/12/2019;04:47:00;86;Acidente sem vítima;264;BR-101/ES;Norte;Colisão Traseira;2;0;0;0;0;0;0;0;;;2;0;0;0;0
02/12/2019;06:19:00;102;Acidente com vítima;213,1;BR-101/ES;Sul;Colisão Frontal;1;0;0;1;0;0;0;0;;;1;1;0;0;0
02/12/2019;11:38:00;191;Acidente sem vítima;436;BR-101/ES;Norte;Colisão Lateral;2;0;0;0;0;0;0;0;;;2;0;0;0;0
02/12/2019;12:35:00;224;Acidente com vítima;149;BR-101/ES;Sul;Colisão Traseira;1;0;0;1;0;0;0;0;;;1;1;0;0;0
02/12/2019;13:54:00;248;Acidente sem vítima;416;BR-101/ES;Sul;Saída de Pista;1;0;0;0;0;0;0;0;;;2;0;0;0;0
02/12/2019;14:49:00;269;Acidente sem vítima;412;BR-101/ES;Sul;Saída de Pista;1;0;0;0;0;0;0;0;;;1;0;0;0;0
02/12/2019;15:05:00;271;Acidente com vítima;283,5;BR-101/ES;Norte;Queda de Moto;0;0;0;1;0;0;0;0;;;0;0;1;0;0
02/12/2019;15:45:00;283;Acidente sem vítima;263;BR-101/ES;Norte;Colisão Traseira;2;0;0;0;0;0;0;0;;;2;0;0;0;0
02/12/2019;15:51:00;285;Acidente sem vítima;292;BR-101/ES;Norte;Colisão Transversal;1;0;0;0;0;0;0;2;;;3;0;0;0;0
02/12/2019;17:00:00;308;Acidente com vítima;297,7;BR-101/ES;Sul;Colisão Lateral;1;0;0;0;0;0;0;3;;;1;1;0;0;0
02/12/2019;17:11:00;310;Acidente sem vítima;292;BR-101/ES;Norte;Choque com Veículo Estacionado;1;0;0;0;0;0;0;2;;;2;0;0;0;0
02/12/2019;17:22:00;314;Acidente sem vítima;358;BR-101/ES;Norte;Saída de Pista;0;0;1;0;0;0;0;0;;;2;0;0;0;0
02/12/2019;19:49:00;343;Acidente com vítima;308;BR-101/ES;Sul;Queda de Moto;0;0;0;1;0;0;0;0;;;0;1;0;0;0
03/12/2019;10:41:00;0;Acidente sem vítima;0;BR-101/ES;;;0;0;0;0;0;1;1;0;;;1;0;0;0;0
03/12/2019;09:52:00;154;Acidente com vítima;263,9;BR-101/ES;Norte;Colisão Transversal;1;0;0;1;0;0;0;0;;;2;0;1;0;0
03/12/2019;18:28:00;344;Acidente com vítima;146;BR-101/ES;Norte;Engavetamento;4;0;0;0;0;0;0;0;;;5;2;1;0;0
03/12/2019;22:09:00;400;Acidente sem vítima;170;BR-101/ES;Norte;Atropelamento Animal;1;0;0;0;0;0;0;0;;;1;0;0;0;0
04/12/2019;04:36:00;68;Acidente sem vítima;68,2;BR-101/ES;Sul;Choque com Objeto Fixo;1;0;0;0;0;0;0;0;;;1;0;0;0;0
04/12/2019;06:02:00;103;Acidente sem vítima;171;BR-101/ES;Norte;Colisão Traseira;1;0;1;0;0;0;0;0;;;2;0;0;0;0
04/12/2019;06:15:00;108;Acidente com vítima;219;BR-101/ES;Norte;Saída de Pista;1;0;0;0;0;0;0;0;;;2;1;0;0;0