data;horario;n_da_ocorrencia;tipo_de_ocorrencia;km;trecho;sentido;tipo_de_acidente;automovel;bicicleta;caminhao;moto;onibus;outros;tracao_animal;transporte_de_cargas_especiais;trator_maquinas;utilitarios;ilesos;levemente_feridos;moderadamente_feridos;gravemente_feridos;mortos
04/12/2019;07:00:00;116;Acidente com vítima;944;BR-101/BA;Sul;Colisão Traseira;0;0;1;0;0;0;0;6;;;1;1;0;0;0
04/12/2019;09:37:00;166;Acidente sem vítima;266;BR-101/ES;Norte;Engavetamento;2;0;0;0;0;0;0;0;;;2;0;0;0;0
04/12/2019;09:55:00;171;Acidente com vítima;298;BR-101/ES;Sul;Choque com Objeto Fixo;0;0;1;0;0;0;0;0;;;0;1;0;0;0
04/12/2019;10:25:00;180;Acidente sem vítima;286;BR-101/ES;Norte;Choque;2;0;0;0;0;0;0;0;;;2;0;0;0;0
04/12/2019;10:37:00;182;Acidente sem vítima;281;BR-101/ES;Sul;Choque com Objeto Fixo;1;0;0;0;0;0;0;0;;;1;0;0;0;0
04/12/2019;10:56:00;188;Atropelamento sem morte;286;BR-101/ES;Sul;Atropelamento;1;0;0;0;0;0;0;0;;;1;0;1;0;0
04/12/2019;13:13:00;247;Acidente com vítima;263,9;BR-101/ES;Norte;Colisão Transversal;2;0;0;0;0;0;0;0;;;3;0;1;0;0
04/12/2019;16:04:00;292;Acidente com vítima;262,4;BR-101/ES;Sul;Colisão Transversal;1;0;0;1;0;0;0;0;;;1;1;1;0;0
04/12/2019;16:59:00;306;Acidente com vítima;267;BR-101/ES;Norte;Queda de Moto;0;0;0;1;0;0;0;0;;;0;0;1;0;0
05/12/2019;00:09:00;4;Acidente com vítima;145;BR-101/ES;Norte;Colisão Traseira;0;0;0;2;0;0;0;0;;;0;2;1;0;0
05/12/2019;05:52:00;102;Atropelamento sem morte;299;BR-101/ES;Sul;Atropelamento;0;0;0;1;0;0;0;0;;;0;2;1;0;0
05/12/2019;06:43:00;108;Acidente com vítima;270,4;BR-101/ES;Sul;Colisão com ciclista;0;1;0;1;0;0;0;0;;;0;1;1;0;0
05/12/2019;07:09:00;114;Acidente sem vítima;310;BR-101/ES;Sul;Colisão Lateral;0;0;2;0;0;0;0;1;;;2;0;0;0;0
05/12/2019;08:49:00;152;Acidente sem vítima;265,7;BR-101/ES;Sul;Colisão Traseira;1;0;0;0;1;0;0;0;;;3;0;0;0;0
05/12/2019;10:03:00;180;Acidente com vítima;260;BR-101/ES;Sul;Colisão Transversal;1;0;0;1;0;0;0;0;;;1;0;0;1;0
05/12/2019;10:20:00;188;Acidente com vítima;297;BR-101/ES;Sul;Colisão Lateral;1;0;0;0;0;0;0;1;;;2;1;0;0;0
05/12/2019;11:03:00;203;Acidente com vítima;947,4;BR-101/BA;Norte;Tombamento;0;0;0;0;0;0;0;2;;;0;0;1;0;0
05/12/2019;11:06:00;204;Acidente sem vítima;322;BR-101/ES;Sul;Colisão Lateral;1;0;0;0;0;0;0;1;;;2;0;0;0;0
05/12/2019;12:30:00;238;Acidente sem vítima;292;BR-101/ES;Sul;Colisão Traseira;1;0;0;0;0;0;0;2;;;3;0;0;0;0
05/12/2019;14:36:00;268;Acidente com vítima;147;BR-101/ES;Norte;Colisão Transversal;1;0;1;0;0;0;0;0;;;1;0;1;0;0
05/12/2019;19:07:00;345;Acidente sem vítima;458;BR-101/ES;Sul;Colisão Frontal;1;0;1;0;0;0;0;0;;;4;0;0;0;0
06/12/2019;00:38:00;12;Acidente sem vítima;127;BR-101/ES;Sul;Colisão Traseira;0;0;1;1;0;0;0;0;;;2;0;0;0;0
06/12/2019;05:02:00;84;Acidente sem vítima;271;BR-101/ES;Sul;Colisão Traseira;1;0;1;0;0;0;0;0;;;2;0;0;0;0
06/12/2019;06:49:00;105;Acidente com vítima;265;BR-101/ES;Sul;Queda de ciclista;0;1;0;0;0;0;0;0;;;0;1;0;0;0
06/12/2019;07:52:00;121;Acidente sem vítima;281;BR-101/ES;Sul;Saída de Pista;1;0;0;0;0;0;0;0;;;1;0;0;0;0
06/12/2019;10:20:00;171;Acidente com vítima;268;BR-101/ES;Sul;Colisão Lateral;1;0;0;1;0;0;0;0;;;2;1;0;0;0
06/12/2019;14:10:00;280;Acidente sem vítima;267;BR-101/ES;Norte;Saída de Pista;0;0;0;0;0;0;0;1;;;1;0;0;0;0
06/12/2019;15:23:00;306;Acidente sem vítima;293;BR-101/ES;Sul;Colisão Traseira;2;0;0;0;0;0;0;0;;;2;0;0;0;0
06/12/2019;17:53:00;364;Acidente com vítima;144,8;BR-101/ES;Norte;Queda de Moto;0;0;0;1;0;0;0;0;;;0;1;0;0;0
06/12/2019;19:12:00;382;Acidente sem vítima;147;BR-101/ES;Norte;Colisão Transversal;2;0;0;0;0;0;0;0;;;2;0;0;0;0
06/12/2019;19:14:00;383;Acidente sem vítima;0,4;BR-101/ES;Norte;Choque com Objeto Fixo;1;0;0;0;0;0;0;0;;;1;0;0;0;0
06/12/2019;19:59:00;394;Acidente sem vítima;284;BR-101/ES;Norte;Choque com Objeto Fixo;1;0;0;0;0;0;0;0;;;1;0;0;0;0
06/12/2019;20:33:00;409;Acidente sem vítima;322;BR-101/ES;Norte;Choque com Veículo Estacionado;0;0;2;0;0;0;0;0;;;2;0;0;0;0
06/12/2019;21:09:00;414;Acidente com vítima;298;BR-101/ES;Norte;Queda de Moto;0;0;0;1;0;0;0;0;;;0;0;0;1;0
07/12/2019;02:44:00;42;Acidente com vítima;953;BR-101/BA;Sul;Saída de Pista;1;0;0;0;0;0;0;0;;;0;0;0;1;0
07/12/2019;04:03:00;57;Acidente sem vítima;270;BR-101/ES;Sul;Choque com Objeto Fixo;1;0;0;0;0;0;0;0;;;1;0;0;0;0
07/12/2019;05:10:00;69;Acidente com vítima;147;BR-101/ES;Norte;Colisão Transversal;2;0;0;0;0;0;0;0;;;2;1;0;0;0
07/12/2019;10:29:00;164;Acidente com vítima;302;BR-101/ES;Sul;Queda de Moto;0;0;0;1;0;0;0;0;;;1;1;0;0;0
07/12/2019;11:30:00;200;Acidente sem vítima;255;BR-101/ES;Sul;Engavetamento;3;0;0;0;0;0;0;0;;;3;0;0;0;0
07/12/2019;13:43:00;253;Acidente sem vítima;260;BR-101/ES;Norte;Colisão Lateral;1;0;1;0;0;0;0;0;;;4;0;0;0;0
07/12/2019;14:10:00;266;Acidente sem vítima;264;BR-101/ES;Sul;Colisão Transversal;2;0;0;0;0;0;0;0;;;2;0;0;0;0
07/12/2019;16:00:00;297;Acidente com vítima;359;BR-101/ES;Norte;Colisão Transversal;1;0;1;0;0;0;0;0;;;0;0;1;0;0
07/12/2019;21:10:00;370;Acidente sem vítima;255;BR-101/ES;Norte;Colisão Lateral;1;0;0;1;0;0;0;0;;;4;0;0;0;0
07/12/2019;21:24:00;372;Acidente sem vítima;282;BR-101/ES;Sul;Colisão Traseira;2;0;0;0;0;0;0;0;;;6;0;0;0;0
07/12/2019;21:31:00;374;Acidente com vítima;147;BR-101/ES;Norte;Colisão Transversal;2;0;0;0;0;0;0;0;;;3;1;0;0;0
07/12/2019;22:01:00;381;Acidente com vítima;76;BR-101/ES;Sul;Colisão Transversal;2;0;0;0;0;0;0;0;;;0;2;0;0;0
07/12/2019;22:10:00;382;Acidente sem vítima;140;BR-101/ES;Sul;Colisão Traseira;1;0;1;0;0;0;0;0;;;3;0;0;0;0
07/12/2019;22:24:00;384;Acidente com vítima;263;BR-101/ES;Norte;Engavetamento;4;0;0;0;0;0;0;0;;;7;1;3;1;0
07/12/2019;22:32:00;386;Acidente sem vítima;140;BR-101/ES;Sul;Colisão Lateral;2;0;0;0;0;0;0;0;;;8;0;0;0;0
08/12/2019;01:16:00;24;Acidente sem vítima;264;BR-101/ES;Norte;Saída de Pista;1;0;0;0;0;0;0;0;;;2;0;0;0;0
08/12/2019;17:42:00;264;Acidente sem vítima;101,9;BR-101/ES;Norte;Colisão Traseira;2;0;0;0;0;0;0;0;;;7;0;0;0;0
08/12/2019;18:33:00;278;Acidente com vítima;368,7;BR-101/ES;Sul;Queda de Moto;0;0;0;1;0;0;0;0;;;0;0;1;0;0
08/12/2019;18:49:00;279;Acidente sem vítima;146,5;BR-101/ES;Norte;Choque com Objeto Fixo;1;0;0;0;0;0;0;0;;;1;0;0;0;0
08/12/2019;18:52:00;280;Acidente com vítima;171;BR-101/ES;Norte;Colisão Traseira;2;0;0;0;0;0;0;0;;;9;1;0;0;0
08/12/2019;22:11:00;308;Acidente com vítima;295;BR-101/ES;Norte;Queda de Moto;0;0;0;1;0;0;0;0;;;0;0;1;0;0
08/12/2019;22:34:00;315;Acidente com vítima;14,5;BR-101/ES;Sul;Colisão Lateral;1;0;0;0;0;0;0;2;;;1;0;1;0;0
09/12/2019;06:37:00;92;Acidente com vítima;247;BR-101/ES;Sul;Colisão Traseira;1;0;0;1;0;0;0;0;;;2;0;2;0;0
09/12/2019;06:56:00;95;Acidente com vítima;271;BR-101/ES;Sul;Colisão com ciclista;0;1;0;1;0;0;0;0;;;0;1;1;0;0
09/12/2019;07:19:00;105;Acidente com vítima;305,3;BR-101/ES;Sul;Colisão com ciclista;0;1;1;0;0;0;0;0;;;1;1;0;0;0
09/12/2019;10:10:00;154;Acidente sem vítima;142;BR-101/ES;Norte;Colisão Traseira;1;0;1;0;0;0;0;0;;;2;0;0;0;0
09/12/2019;12:09:00;208;Acidente sem vítima;266,15;BR-101/ES;Norte;Colisão Traseira;2;0;0;0;0;0;0;0;;;2;0;0;0;0
09/12/2019;12:13:00;209;Acidente com vítima;269;BR-101/ES;Norte;Colisão Lateral;1;0;0;1;0;0;0;0;;;1;0;1;0;0
09/12/2019;13:51:00;246;Acidente sem vítima;4;BR-101/ES;Norte;Saída de Pista;1;0;0;0;0;0;0;0;;;2;0;0;0;0
09/12/2019;14:04:00;252;Acidente sem vítima;258;BR-101/ES;Norte;Colisão Lateral;2;0;0;0;0;0;0;0;;;4;0;0;0;0
09/12/2019;15:26:00;273;Acidente com vítima;293,4;BR-101/ES;Sul;Queda de Moto;0;0;1;1;0;0;0;0;;;1;1;0;0;0
09/12/2019;16:50:00;297;Acidente sem vítima;361;BR-101/ES;Sul;Saída de Pista;1;0;0;0;0;0;0;0;;;1;0;0;0;0
09/12/2019;18:45:00;331;Acidente sem vítima;264;BR-101/ES;Norte;Colisão Transversal;2;0;0;0;0;0;0;0;;;2;0;0;0;0
09/12/2019;19:25:00;335;Acidente sem vítima;266;BR-101/ES;Sul;Colisão Traseira;2;0;0;0;0;0;0;0;;;4;0;0;0;0
09/12/2019;21:04:00;355;Acidente sem vítima;294;BR-101/ES;Sul;Colisão Lateral;1;0;0;0;0;0;0;2;;;2;0;0;0;0
10/12/2019;08:36:00;151;Acidente sem vítima;255;BR-101/ES;Sul;Colisão Traseira;1;0;0;0;0;0;0;1;;;1;0;0;0;0
10/12/2019;09:05:00;166;Acidente com vítima;269;BR-101/ES;Norte;Atropelamento Animal;0;0;0;1;0;0;0;0;;;0;0;1;0;0
10/12/2019;09:49:00;179;Acidente com vítima;270,5;BR-101/ES;Sul;Colisão Transversal;2;0;0;0;0;0;0;2;;;2;0;1;0;0
10/12/2019;09:52:00;180;Acidente sem vítima;264,5;BR-101/ES;Sul;Colisão Traseira;1;0;1;0;0;0;0;0;;;2;0;0;0;0
10/12/2019;14:10:00;276;Acidente sem vítima;228;BR-101/ES;Sul;Colisão Traseira;1;0;1;0;0;0;0;0;;;2;0;0;0;0
10/12/2019;15:09:00;298;Acidente com vítima;48;BR-101/ES;Sul;Queda de Moto;0;0;0;1;0;0;0;0;;;0;0;1;0;0
10/12/2019;15:09:00;299;Acidente sem vítima;254,9;BR-101/ES;Sul;Colisão Transversal;1;0;0;1;0;0;0;0;;;2;0;0;0;0
10/12/2019;15:41:00;305;Acidente com vítima;426;BR-101/ES;Norte;Colisão Traseira;0;0;0;2;0;0;0;0;;;1;1;1;0;0
10/12/2019;15:55:00;308;Acidente com vítima;268,6;BR-101/ES;Sul;Colisão Lateral;1;0;0;1;0;0;0;0;;;1;1;0;0;0
10/12/2019;16:58:00;323;Acidente sem vítima;265;BR-101/ES;Norte;Colisão Traseira;2;0;0;0;0;0;0;0;;;2;0;0;0;0
10/12/2019;19:37:00;360;Acidente com vítima;335;BR-101/ES;Norte;Colisão Lateral;1;0;0;1;0;0;0;0;;;2;1;0;0;0
10/12/2019;19:52:00;364;Atropelamento com morte;241;BR-101/ES;Norte;Atropelamento e Fuga;1;0;0;0;0;0;0;0;;;1;0;0;0;1
10/12/2019;19:59:00;366;Acidente sem vítima;269,9;BR-101/ES;Sul;Colisão Traseira;2;0;0;0;0;0;0;0;;;2;0;0;0;0
10/12/2019;20:56:00;375;Acidente sem vítima;183;BR-101/ES;Sul;Queda de ciclista;0;1;0;0;0;0;0;0;;;1;0;0;0;0
11/12/2019;16:23:00;331;Acidente sem vítima;399;BR-101/ES;Sul;Colisão Traseira;0;0;0;0;0;0;0;4;;;2;0;0;0;0
11/12/2019;19:05:00;388;Acidente com vítima;234,5;BR-101/ES;Norte;Queda de Moto;1;0;0;0;0;0;0;0;;;0;1;0;0;0
11/12/2019;19:59:00;399;Acidente com morte;291,8;BR-101/ES;Norte;Colisão Lateral;0;0;0;1;0;0;0;3;;;1;0;0;0;1
11/12/2019;21:22:00;415;Acidente com vítima;264;BR-101/ES;Norte;Colisão Lateral;1;0;0;1;0;0;0;0;;;2;1;0;0;0
11/12/2019;23:50:00;452;Acidente sem vítima;282;BR-101/ES;Sul;Choque com Objeto Fixo;1;0;0;0;0;0;0;0;;;1;0;0;0;0
12/12/2019;06:09:00;101;Acidente sem vítima;265;BR-101/ES;Sul;Colisão Lateral;1;0;0;0;1;0;0;0;;;2;0;0;0;0
12/12/2019;07:26:00;110;Acidente com vítima;299;BR-101/ES;Sul;Colisão Traseira;1;0;0;1;0;0;0;0;;;1;0;1;0;0
12/12/2019;07:37:00;113;Acidente sem vítima;297;BR-101/ES;Sul;Colisão Traseira;2;0;0;0;0;0;0;0;;;2;0;0;0;0
12/12/2019;08:36:00;141;Acidente com vítima;297;BR-101/ES;Sul;Colisão Lateral;1;0;0;1;0;0;0;0;;;1;1;0;0;0
12/12/2019;14:40:00;306;Acidente sem vítima;265;BR-101/ES;Norte;Colisão Traseira;2;0;0;0;0;0;0;0;;;1;0;0;0;0
12/12/2019;14:42:00;307;Acidente com vítima;211;BR-101/ES;Norte;Colisão Lateral;3;0;0;0;0;0;0;0;;;3;2;0;0;0
12/12/2019;16:49:00;360;Acidente com vítima;290;BR-101/ES;Norte;Colisão Lateral;0;0;0;1;0;0;0;0;;;0;0;2;0;0
12/12/2019;20:39:00;423;Acidente sem vítima;345;BR-101/ES;Norte;Veículo em Chamas;0;0;1;0;0;0;0;0;;;1;0;0;0;0
13/12/2019;02:08:00;43;Acidente sem vítima;147;BR-101/ES;Norte;Colisão Transversal;1;0;0;0;1;0;0;0;;;47;0;0;0;0
13/12/2019;03:23:00;54;Acidente com vítima;446;BR-101/ES;Sul;Saída de Pista;0;0;0;0;0;0;0;2;;;0;0;1;0;0
13/12/2019;06:56:00;110;Acidente com vítima;301,8;BR-101/ES;Sul;Colisão com ciclista;1;1;0;0;0;0;0;0;;;0;0;2;0;0
13/12/2019;07:10:00;113;Acidente com vítima;180;BR-101/ES;Norte;Colisão Lateral;1;0;0;1;0;0;0;0;;;1;1;0;0;0
13/12/2019;08:17:00;136;Acidente sem vítima;348;BR-101/ES;Norte;Saída de Pista;1;0;0;0;0;0;0;0;;;1;0;0;0;0
13/12/2019;08:20:00;140;Acidente com vítima;263,5;BR-101/ES;Norte;Queda de Moto;0;0;0;1;0;0;0;0;;;0;0;1;0;0
13/12/2019;08:26:00;145;Acidente sem vítima;142;BR-101/ES;Sul;Colisão Traseira;1;0;0;0;0;0;0;2;;;4;0;0;0;0
13/12/2019;11:30:00;219;Acidente com vítima;209;BR-101/ES;Norte;Colisão Traseira;1;0;0;1;0;0;0;0;;;1;0;1;0;0
13/12/2019;12:09:00;238;Acidente com vítima;296,2;BR-101/ES;Sul;Queda de Moto;1;0;0;1;0;0;0;0;;;3;0;1;0;0
13/12/2019;12:14:00;240;Acidente sem vítima;269;BR-101/ES;Norte;Danos Eventuais;0;0;0;0;0;0;0;1;;;1;0;0;0;0
13/12/2019;13:55:00;289;Acidente com vítima;258;BR-101/ES;Sul;Colisão Traseira;2;0;0;0;0;0;0;0;;;1;1;0;0;0
13/12/2019;19:39:00;408;Acidente sem vítima;211;BR-101/ES;Sul;Colisão Traseira;2;0;0;0;0;0;0;0;;;2;0;0;0;0
13/12/2019;19:56:00;417;Acidente sem vítima;303;BR-101/ES;Sul;Colisão Lateral;1;0;0;1;0;0;0;0;;;4;0;0;0;0
13/12/2019;20:10:00;421;Acidente sem vítima;147;BR-101/ES;Norte;Colisão Traseira;1;0;0;0;1;0;0;0;;;4;0;0;0;0
14/12/2019;02:25:00;46;Acidente sem vítima;212;BR-101/ES;Norte;Colisão Frontal;1;0;0;2;0;0;0;0;;;3;0;0;0;0
14/12/2019;06:56:00;98;Acidente com vítima;89;BR-101/ES;Norte;Tombamento;0;0;0;0;0;0;0;3;;;0;1;2;0;0
14/12/2019;10:15:00;149;Acidente sem vítima;181;BR-101/ES;Norte;Colisão Transversal;1;0;1;0;0;0;0;0;;;3;0;0;0;0
14/12/2019;10:20:00;150;Acidente sem vítima;318;BR-101/ES;Norte;Colisão Lateral;0;0;1;0;0;0;0;2;;;2;0;0;0;0
14/12/2019;11:25:00;177;Acidente com vítima;264;BR-101/ES;Norte;Colisão Traseira;1;0;0;1;0;0;0;0;;;1;0;2;0;0
14/12/2019;16:05:00;276;Acidente com vítima;428;BR-101/ES;Norte;Colisão Traseira;1;0;0;1;0;0;0;0;;;0;0;2;0;0
14/12/2019;16:26:00;282;Acidente sem vítima;265;BR-101/ES;Norte;Colisão Traseira;1;0;0;0;0;0;0;0;;;1;0;0;0;0
14/12/2019;16:38:00;288;Acidente com vítima;268;BR-101/ES;Sul;Colisão Traseira;1;0;0;1;0;0;0;0;;;0;2;0;0;0
14/12/2019;17:20:00;299;Acidente sem vítima;369;BR-101/ES;Norte;Colisão Traseira;1;0;1;0;0;0;0;0;;;2;0;0;0;0
14/12/2019;19:43:00;339;Acidente sem vítima;147;BR-101/ES;Norte;Engavetamento;4;0;0;0;0;0;0;0;;;7;0;0;0;0
14/12/2019;21:16:00;360;Acidente com vítima;179;BR-101/ES;Sul;Queda de Moto;0;0;0;1;0;0;0;0;;;0;1;0;0;0
15/12/2019;05:41:00;74;Acidente sem vítima;333;BR-101/ES;Sul;Capotamento;1;0;0;0;0;0;0;0;;;5;0;0;0;0
15/12/2019;06:34:00;83;Acidente sem vítima;274;BR-101/ES;Sul;Choque com Objeto Fixo;1;0;0;0;0;0;0;0;;;1;0;0;0;0
15/12/2019;07:11:00;87;Acidente com vítima;14;BR-101/ES;Sul;Colisão Transversal;2;0;0;0;0;0;0;0;;;1;3;2;0;0
15/12/2019;11:01:00;157;Atropelamento sem morte;385,5;BR-101/ES;Sul;Atropelamento;1;0;0;0;0;0;0;0;;;3;0;1;0;0
15/12/2019;11:21:00;169;Acidente com vítima;149;BR-101/ES;Sul;Colisão Traseira;1;0;0;1;0;0;0;0;;;1;0;1;0;0
15/12/2019;14:52:00;250;Acidente com vítima;217;BR-101/ES;Sul;Choque com Objeto Fixo;1;0;0;0;0;0;0;0;;;1;0;1;0;0
15/12/2019;16:44:00;283;Acidente sem vítima;205;BR-101/ES;Sul;Queda de Moto;0;0;0;1;0;0;0;0;;;1;0;0;0;0
15/12/2019;18:18:00;310;Acidente com vítima;203;BR-101/ES;Sul;Queda de Moto;0;0;0;1;0;0;0;0;;;0;0;1;0;0
15/12/2019;18:28:00;312;Acidente com vítima;390;BR-101/ES;Sul;Queda de Moto;0;0;0;1;0;0;0;0;;;0;1;0;0;0
15/12/2019;19:19:00;329;Acidente com vítima;305;BR-101/ES;Sul;Colisão Transversal;1;0;0;1;0;0;0;0;;;3;0;1;0;0
16/12/2019;06:23:00;102;Acidente sem vítima;407;BR-101/ES;Norte;Choque com Veículo Estacionado;0;0;2;0;0;0;0;0;;;3;0;0;0;0
16/12/2019;07:00:00;107;Acidente com vítima;214;BR-101/ES;Sul;Colisão Lateral;3;0;0;0;0;0;0;0;;;3;1;0;0;0
16/12/2019;11:52:00;217;Acidente com vítima;262;BR-101/ES;Sul;Colisão Traseira;2;0;0;0;0;0;0;0;;;2;1;0;0;0
16/12/2019;23:31:00;437;Acidente sem vítima;273;BR-101/ES;Norte;Colisão Traseira;2;0;0;0;0;0;0;0;;;2;0;0;0;0
17/12/2019;02:21:00;38;Acidente com vítima;233;BR-101/ES;Norte;Saída de Pista;1;0;0;0;0;0;0;0;;;1;0;1;1;0
17/12/2019;05:44:00;89;Acidente sem vítima;153;BR-101/ES;Sul;Tombamento;0;0;1;0;0;0;0;0;;;1;0;0;0;0
17/12/2019;06:37:00;100;Acidente com vítima;271;BR-101/ES;Norte;Colisão Traseira;2;0;0;0;0;0;0;0;;;1;0;1;0;0
17/12/2019;08:38:00;132;Acidente com vítima;265,9;BR-101/ES;Sul;Colisão Lateral;1;0;0;1;0;0;0;0;;;1;1;0;0;0
17/12/2019;12:26:00;238;Acidente sem vítima;244;BR-101/ES;Norte;Colisão Transversal;1;0;1;0;0;0;0;0;;;4;0;0;0;0
17/12/2019;13:36:00;265;Acidente sem vítima;120;BR-101/ES;Sul;Engavetamento;3;0;0;0;0;0;0;0;;;6;0;0;0;0
17/12/2019;15:25:00;302;Acidente com vítima;169;BR-101/ES;Sul;Saída de Pista;1;0;0;0;0;0;0;0;;;0;2;0;0;0
17/12/2019;17:09:00;328;Acidente sem vítima;270;BR-101/ES;Norte;Colisão Traseira;2;0;0;0;0;0;0;0;;;1;0;0;0;0
17/12/2019;17:15:00;330;Acidente sem vítima;292;BR-101/ES;Norte;Choque com Objeto Fixo;1;0;0;0;0;0;0;0;;;1;0;0;0;0
17/12/2019;18:38:00;350;Acidente com vítima;266,9;BR-101/ES;Norte;Colisão Traseira;1;0;0;1;0;0;0;0;;;1;0;1;0;0
18/12/2019;00:36:00;8;Acidente sem vítima;268;BR-101/ES;Norte;Colisão Transversal;1;0;0;0;1;0;0;0;;;2;0;0;0;0
18/12/2019;04:38:00;54;Acidente com vítima;186;BR-101/ES;Sul;Atropelamento de Equino;0;0;1;0;0;0;0;0;;;2;0;1;0;0
18/12/2019;07:25:00;106;Acidente sem vítima;335;BR-101/ES;Sul;Colisão Traseira;0;0;0;0;0;0;0;4;;;2;0;0;0;0
18/12/2019;07:57:00;110;Acidente com vítima;42,95;BR-101/ES;Sul;Colisão Transversal;2;0;0;0;0;0;0;0;;;1;1;4;1;0
18/12/2019;09:08:00;130;Acidente com vítima;285;BR-101/ES;Sul;Colisão Lateral;1;0;0;1;0;0;0;0;;;0;0;1;0;0
18/12/2019;09:53:00;150;Acidente sem vítima;311;BR-101/ES;Sul;Saída de Pista;1;0;0;0;0;0;0;0;;;2;0;0;0;0
18/12/2019;12:59:00;222;Acidente com vítima;177,8;BR-101/ES;Norte;Colisão Traseira;1;0;1;0;0;0;0;0;;;4;2;0;0;0
18/12/2019;14:55:00;260;Acidente sem vítima;262;BR-101/ES;Sul;Colisão Traseira;2;0;0;0;0;0;0;0;;;6;0;0;0;0
18/12/2019;15:49:00;271;Acidente com vítima;328;BR-101/ES;Norte;Colisão com ciclista;1;1;0;0;0;0;0;0;;;2;0;1;0;0
18/12/2019;16:12:00;280;Acidente sem vítima;177;BR-101/ES;Sul;Colisão Traseira;3;0;0;0;0;0;0;0;;;3;0;0;0;0
18/12/2019;17:57:00;307;Acidente sem vítima;279;BR-101/ES;Sul;Colisão Transversal;1;0;0;0;0;0;0;3;;;2;0;0;0;0
18/12/2019;21:12:00;316;Acidente sem vítima;262;BR-101/ES;Norte;Colisão Traseira;2;0;0;0;0;0;0;0;;;5;0;0;0;0
18/12/2019;21:13:00;318;Acidente com vítima;290;BR-101/ES;Sul;Queda de Moto;0;0;0;1;0;0;0;0;;;0;0;1;0;0
19/12/2019;03:42:00;52;Acidente sem vítima;277,8;BR-101/ES;Norte;Saída de Pista;1;0;0;0;0;0;0;0;;;1;0;0;0;0
19/12/2019;06:39:00;99;Acidente com vítima;119;BR-101/ES;Norte;Queda de Moto;0;0;0;1;0;0;0;0;;;1;1;0;0;0
19/12/2019;08:32:00;140;Acidente sem vítima;254;BR-101/ES;Sul;Engavetamento;3;0;0;0;0;0;0;0;;;5;0;0;0;0
19/12/2019;08:57:00;151;Acidente com vítima;312;BR-101/ES;Norte;Queda de Moto;0;0;0;1;0;0;0;0;;;0;1;0;0;0
19/12/2019;12:02:00;200;Acidente com vítima;273;BR-101/ES;Norte;Queda de Moto;0;0;0;1;0;0;0;0;;;0;2;0;0;0
19/12/2019;12:17:00;212;Acidente sem vítima;144;BR-101/ES;Norte;Colisão Traseira;2;0;0;0;0;0;0;0;;;2;0;0;0;0
19/12/2019;13:44:00;266;Acidente com vítima;308;BR-101/ES;Sul;Colisão Transversal;0;0;0;2;0;0;0;0;;;0;3;0;0;0
19/12/2019;16:11:00;325;Acidente sem vítima;261;BR-101/ES;Sul;Colisão Traseira;2;0;0;0;0;0;0;0;;;1;0;0;0;0
19/12/2019;18:02:00;364;Acidente sem vítima;215;BR-101/ES;Sul;Colisão Traseira;1;0;0;1;0;0;0;0;;;2;0;0;0;0
20/12/2019;06:48:00;110;Acidente sem vítima;294;BR-101/ES;Norte;Engavetamento;3;0;0;0;0;0;0;0;;;3;0;0;0;0
20/12/2019;08:26:00;134;Acidente sem vítima;266;BR-101/ES;Sul;Engavetamento;3;0;0;0;0;0;0;0;;;3;0;0;0;0
20/12/2019;09:08:00;151;Acidente com vítima;296;BR-101/ES;Norte;Colisão Lateral;0;0;0;2;0;0;0;0;;;2;2;0;0;0
20/12/2019;09:57:00;173;Acidente sem vítima;265;BR-101/ES;Norte;Engavetamento;2;0;2;0;0;0;0;0;;;4;0;0;0;0
20/12/2019;11:33:00;221;Acidente com vítima;383,5;BR-101/ES;Norte;Saída de Pista;1;0;0;0;0;0;0;0;;;0;0;2;0;0
20/12/2019;16:25:00;326;Acidente sem vítima;130;BR-101/ES;Norte;Colisão Traseira;2;0;0;0;0;0;0;0;;;3;0;0;0;0
20/12/2019;16:47:00;334;Acidente com vítima;279;BR-101/ES;Sul;Colisão Lateral;0;0;0;1;0;0;0;2;;;1;1;0;0;0
20/12/2019;16:57:00;339;Acidente com vítima;254;BR-101/ES;Sul;Colisão Frontal;2;0;0;0;0;0;0;2;;;5;0;3;1;0
20/12/2019;17:10:00;342;Acidente com vítima;130;BR-101/ES;Norte;Colisão Traseira;1;0;0;1;0;0;0;0;;;2;2;0;0;0
20/12/2019;17:12:00;344;Acidente sem vítima;213;BR-101/ES;Sul;Colisão Traseira;1;0;0;1;0;0;0;0;;;2;0;0;0;0
20/12/2019;18:10:00;359;Acidente com vítima;285;BR-101/ES;Norte;Colisão Transversal;1;0;0;1;0;0;0;0;;;1;0;1;0;0
20/12/2019;22:11:00;414;Acidente sem vítima;290;BR-101/ES;Norte;Colisão Lateral;1;0;1;0;0;0;0;1;;;2;0;0;0;0
20/12/2019;22:35:00;421;Acidente com vítima;144;BR-101/ES;Norte;Colisão Traseira;2;0;0;0;0;0;0;0;;;3;2;0;0;0
21/12/2019;01:43:00;35;Acidente sem vítima;353;BR-101/ES;Sul;Saída de Pista;0;0;1;0;0;0;0;0;;;2;0;0;0;0
21/12/2019;05:42:00;102;Acidente com vítima;266,2;BR-101/ES;Sul;Colisão Transversal;1;0;0;1;0;0;0;0;;;1;1;0;0;0