data;horario;n_da_ocorrencia;tipo_de_ocorrencia;km;trecho;sentido;tipo_de_acidente;automovel;bicicleta;caminhao;moto;onibus;outros;tracao_animal;transporte_de_cargas_especiais;trator_maquinas;utilitarios;ilesos;levemente_feridos;moderadamente_feridos;gravemente_feridos;mortos
01/06/2020;09:18:00;129;Acidente com vítima;264;BR-101/ES;Norte;Colisão Transversal;1;0;0;1;0;0;0;0;;;1;0;1;0;0
01/06/2020;11:12:00;177;Acidente sem vítima;269;BR-101/ES;Norte;Colisão Traseira;1;0;0;0;0;0;0;2;;;3;0;0;0;0
01/06/2020;11:58:00;194;Acidente com vítima;269;BR-101/ES;Norte;Colisão Transversal;1;0;0;1;0;0;0;0;;;2;0;2;0;0
01/06/2020;15:19:00;264;Acidente sem vítima;17,8;BR-101/ES;Norte;Saída de Pista;0;0;0;0;0;0;0;2;;;1;0;0;0;0
01/06/2020;16:31:00;289;Acidente com vítima;296;BR-101/ES;Norte;Queda de Moto;0;0;0;1;0;0;0;0;;;0;1;0;0;0
01/06/2020;22:01:00;356;Acidente com vítima;264;BR-101/ES;Sul;Colisão com ciclista;0;1;0;0;0;0;0;1;;;0;0;1;0;0
02/06/2020;08:28:00;93;Acidente com vítima;260,8;BR-101/ES;Sul;Colisão Transversal;2;0;0;0;0;0;0;0;;;2;0;1;0;0
02/06/2020;10:23:00;136;Acidente com vítima;267;BR-101/ES;Norte;Colisão Lateral;0;0;1;1;1;0;0;0;;;2;0;1;0;0
02/06/2020;11:49:00;169;Acidente sem vítima;213;BR-101/ES;Norte;Engavetamento;0;0;1;0;0;0;0;4;;;3;0;0;0;0
02/06/2020;13:56:00;214;Acidente com vítima;270,2;BR-101/ES;Norte;Colisão Traseira;1;0;0;1;0;0;0;0;;;1;0;1;0;0
02/06/2020;17:41:00;278;Acidente sem vítima;16,5;BR-101/ES;Norte;Colisão Transversal;2;0;0;0;0;0;0;0;;;3;0;0;0;0
02/06/2020;20:58:00;317;Acidente sem vítima;4;BR-101/ES;Norte;Colisão Lateral;2;0;0;0;0;0;0;0;;;2;0;0;0;0
03/06/2020;05:57:00;103;Acidente sem vítima;458;BR-101/ES;Sul;Saída de Pista;1;0;0;0;0;0;0;0;;;2;0;0;0;0
03/06/2020;07:21:00;122;Acidente com vítima;326;BR-101/ES;Norte;Queda de Moto;0;0;0;1;0;0;0;0;;;0;0;2;0;0
03/06/2020;07:37:00;124;Acidente sem vítima;269;BR-101/ES;Norte;Colisão Transversal;2;0;0;0;0;0;0;0;;;2;0;0;0;0
03/06/2020;08:08:00;132;Acidente com morte;25,7;BR-101/ES;Norte;Colisão Frontal;1;0;0;1;0;0;0;0;;;2;0;0;0;1
03/06/2020;09:38:00;161;Acidente sem vítima;66;BR-101/ES;Sul;Colisão Transversal;1;0;0;0;0;0;0;3;;;2;0;0;0;0
03/06/2020;12:07:00;211;Acidente com vítima;269;BR-101/ES;Sul;Queda de Moto;0;0;0;1;0;0;0;0;;;0;0;1;0;0
03/06/2020;12:17:00;219;Acidente sem vítima;255,2;BR-101/ES;Sul;Colisão Traseira;2;0;0;0;0;0;0;0;;;2;0;0;0;0
03/06/2020;14:18:00;257;Acidente sem vítima;335;BR-101/ES;Sul;Colisão Transversal;1;0;0;0;0;0;0;2;;;2;0;0;0;0
03/06/2020;15:59:00;283;Acidente sem vítima;267;BR-101/ES;Sul;Colisão Lateral;1;0;0;0;0;0;0;2;;;2;0;0;0;0
03/06/2020;17:29:00;305;Acidente sem vítima;334;BR-101/ES;Norte;Colisão Traseira;1;0;0;1;0;0;0;0;;;2;0;0;0;0
03/06/2020;18:08:00;315;Acidente sem vítima;263;BR-101/ES;Norte;Queda de ciclista;2;1;0;0;0;0;0;0;;;3;0;0;0;0
04/06/2020;05:31:00;107;Acidente com vítima;65;BR-101/ES;Norte;Colisão Traseira;1;0;0;1;0;0;0;0;;;1;1;0;0;0
04/06/2020;09:07:00;161;Acidente com vítima;342;BR-101/ES;Sul;Saída de Pista;1;0;0;0;0;0;0;0;;;0;1;0;0;0
04/06/2020;10:17:00;184;Acidente com vítima;369;BR-101/ES;Sul;Tombamento;0;0;0;0;0;0;0;2;;;0;0;1;0;0
04/06/2020;11:03:00;197;Acidente com vítima;380;BR-101/ES;Norte;Colisão com ciclista;1;1;0;0;0;0;0;0;;;1;0;1;0;0
04/06/2020;11:08:00;202;Acidente com vítima;293,6;BR-101/ES;Norte;Colisão Transversal;1;0;0;1;0;0;0;0;;;0;1;1;0;0
04/06/2020;16:01:00;305;Acidente sem vítima;146;BR-101/ES;Sul;Veículo em Chamas;1;0;0;0;0;0;0;0;;;1;0;0;0;0
04/06/2020;18:45:00;357;Atropelamento sem morte;94,3;BR-101/ES;Norte;Atropelamento;1;0;0;0;0;0;0;0;;;1;0;0;1;0
04/06/2020;20:07:00;366;Acidente sem vítima;295;BR-101/ES;Norte;Colisão Traseira;2;0;0;0;0;0;0;2;;;6;0;0;0;0
05/06/2020;05:29:00;52;Acidente com vítima;234;BR-101/ES;Norte;Queda de Moto;0;0;0;1;0;0;0;0;;;0;0;1;0;0
05/06/2020;06:06:00;75;Acidente com vítima;444;BR-101/ES;Norte;Colisão Lateral;2;0;0;0;0;0;0;0;;;5;1;0;0;0
05/06/2020;17:16:00;338;Acidente sem vítima;339;BR-101/ES;Sul;Engavetamento;2;0;2;0;0;0;0;0;;;12;0;0;0;0
05/06/2020;21:43:00;398;Acidente sem vítima;329;BR-101/ES;Norte;Atropelamento de Bovino;1;0;0;0;0;0;0;0;;;1;0;0;0;0
06/06/2020;02:37:00;41;Acidente sem vítima;293;BR-101/ES;Sul;Choque com Objeto Fixo;1;0;0;0;0;0;0;0;;;1;0;0;0;0
06/06/2020;04:40:00;53;Acidente sem vítima;165;BR-101/ES;Sul;Colisão Traseira;0;0;1;0;0;0;0;2;;;2;0;0;0;0
06/06/2020;07:29:00;84;Acidente sem vítima;215;BR-101/ES;Sul;Choque com Objeto Fixo;1;0;0;0;0;0;0;0;;;3;0;0;0;0
06/06/2020;12:52:00;201;Atropelamento sem morte;94,2;BR-101/ES;Sul;Atropelamento e Fuga;0;0;0;0;0;0;0;1;;;0;0;1;0;0
06/06/2020;17:01:00;259;Acidente sem vítima;264,5;BR-101/ES;Norte;Capotamento;1;0;0;0;0;0;0;0;;;2;0;0;0;0
06/06/2020;17:14:00;264;Acidente com vítima;159,9;BR-101/ES;Norte;Colisão Frontal;2;0;0;0;0;0;0;0;;;0;2;2;0;0
06/06/2020;19:36:00;287;Atropelamento com morte;172,8;BR-101/ES;Norte;Atropelamento e Fuga;1;0;1;0;0;0;0;0;;;3;0;0;0;1
06/06/2020;20:12:00;297;Acidente com vítima;268;BR-101/ES;Sul;Engavetamento;4;0;0;0;0;0;0;0;;;5;2;0;0;0
07/06/2020;06:22:00;67;Acidente sem vítima;188;BR-101/ES;Norte;Saída de Pista;1;0;0;0;0;0;0;0;;;1;0;0;0;0
07/06/2020;15:20:00;179;Acidente com vítima;257,8;BR-101/ES;Sul;Engavetamento;3;0;0;0;0;0;0;0;;;4;0;0;1;0
07/06/2020;16:38:00;204;Acidente sem vítima;13,8;BR-101/ES;Norte;Colisão Lateral;1;0;0;0;0;0;0;2;;;2;0;0;0;0
07/06/2020;17:20:00;219;Acidente com vítima;186,8;BR-101/ES;Sul;Saída de Pista;1;0;0;0;0;0;0;0;;;0;1;0;0;0
07/06/2020;17:22:00;221;Acidente com vítima;66,5;BR-101/ES;Sul;Colisão Traseira;2;0;0;0;0;0;0;0;;;1;0;1;0;0
07/06/2020;20:10:00;247;Acidente com vítima;252;BR-101/ES;Norte;Colisão Frontal;1;0;0;1;0;0;0;0;;;1;0;1;0;0
08/06/2020;01:07:00;15;Acidente sem vítima;286;BR-101/ES;Norte;Capotamento;1;0;0;0;0;0;0;0;;;1;0;0;0;0
08/06/2020;03:03:00;75;Acidente sem vítima;234;BR-101/ES;Norte;Saída de Pista;1;0;0;0;0;0;0;0;;;2;0;0;0;0
08/06/2020;05:43:00;89;Atropelamento sem morte;125;BR-101/ES;Norte;Atropelamento;0;0;0;1;0;0;0;0;;;1;0;1;0;0
08/06/2020;08:18:00;120;Acidente sem vítima;170;BR-101/ES;Norte;Saída de Pista;0;0;0;0;0;0;0;2;;;1;0;0;0;0
08/06/2020;12:58:00;239;Acidente com vítima;267,8;BR-101/ES;Sul;Colisão com ciclista;0;1;0;1;0;0;0;0;;;0;0;1;1;0
08/06/2020;13:10:00;243;Acidente com vítima;329;BR-101/ES;Norte;Colisão Traseira;1;0;0;1;0;0;0;0;;;1;1;0;0;0
08/06/2020;13:34:00;247;Acidente com vítima;402;BR-101/ES;Norte;Queda de Moto;0;0;0;1;0;0;0;0;;;0;0;1;0;0
08/06/2020;13:37:00;249;Acidente com vítima;264,4;BR-101/ES;Norte;Colisão Lateral;1;0;0;1;0;0;0;0;;;1;0;0;1;0
08/06/2020;14:04:00;256;Acidente sem vítima;213;BR-101/ES;Sul;Colisão Lateral;1;0;1;0;0;0;0;1;;;3;0;0;0;0
08/06/2020;14:47:00;268;Acidente sem vítima;305;BR-101/ES;Norte;Choque com Objeto Fixo;1;0;0;0;0;0;0;0;;;1;0;0;0;0
08/06/2020;15:58:00;288;Acidente com vítima;147;BR-101/ES;Norte;Engavetamento;4;0;0;0;0;0;0;0;;;4;0;1;0;0
08/06/2020;16:13:00;294;Acidente sem vítima;328;BR-101/ES;Sul;Saída de Pista;1;0;0;0;0;0;0;0;;;1;0;0;0;0
08/06/2020;19:29:00;332;Acidente sem vítima;297;BR-101/ES;Sul;Choque com Objeto Fixo;1;0;0;0;0;0;0;0;;;1;0;0;0;0
08/06/2020;19:55:00;338;Acidente com vítima;269;BR-101/ES;Norte;Colisão Traseira;2;0;0;0;0;0;0;0;;;2;0;1;0;0
08/06/2020;20:59:00;351;Acidente sem vítima;85;BR-101/ES;Norte;Atropelamento Animal;1;0;0;0;0;0;0;0;;;1;0;0;0;0
08/06/2020;21:53:00;363;Acidente sem vítima;268;BR-101/ES;Norte;Choque com Objeto Fixo;1;0;0;0;0;0;0;0;;;1;0;0;0;0
09/06/2020;01:00:00;13;Acidente com vítima;460;BR-101/ES;Sul;Saída de Pista;0;0;1;0;0;0;0;0;;;0;1;0;0;0
09/06/2020;04:47:00;43;Acidente sem vítima;204;BR-101/ES;Norte;Saída de Pista;1;0;0;0;0;0;0;0;;;1;0;0;0;0
09/06/2020;11:10:00;178;Acidente sem vítima;266;BR-101/ES;Norte;Colisão Transversal;2;0;0;0;0;0;0;0;;;2;0;0;0;0
09/06/2020;18:08:00;340;Acidente sem vítima;147;BR-101/ES;Norte;Colisão Transversal;1;0;0;1;0;0;0;0;;;3;0;0;0;0
09/06/2020;19:45:00;352;Acidente sem vítima;137;BR-101/ES;Sul;Saída de Pista;1;0;0;0;0;0;0;0;;;4;0;0;0;0
10/06/2020;01:03:00;13;Acidente sem vítima;23;BR-101/ES;Sul;Saída de Pista;1;0;0;0;0;0;0;0;;;1;0;0;0;0
10/06/2020;09:58:00;120;Acidente sem vítima;331,1;BR-101/ES;Norte;Saída de Pista;1;0;0;0;0;0;0;0;;;1;0;0;0;0
10/06/2020;10:55:00;135;Acidente sem vítima;171,2;BR-101/ES;Norte;Colisão Lateral;2;0;0;0;0;0;0;0;;;1;0;0;0;0
10/06/2020;13:35:00;214;Acidente com vítima;128,9;BR-101/ES;Sul;Colisão Transversal;0;0;0;1;0;0;0;2;;;1;0;0;1;0
10/06/2020;14:23:00;230;Acidente com vítima;302,5;BR-101/ES;Sul;Colisão Lateral;1;0;0;0;0;0;0;2;;;1;1;0;0;0
10/06/2020;18:16:00;295;Acidente com vítima;292;BR-101/ES;Sul;Colisão com ciclista;0;1;0;1;0;0;0;0;;;0;0;2;0;0
10/06/2020;18:35:00;301;Acidente com vítima;75,5;BR-101/ES;Sul;Colisão Lateral;1;0;0;1;0;0;0;0;;;1;1;0;0;0
10/06/2020;22:47:00;354;Acidente sem vítima;411;BR-101/ES;Sul;Colisão com ciclista;0;1;0;0;0;0;0;2;;;2;0;0;0;0
11/06/2020;05:54:00;85;Acidente com vítima;287;BR-101/ES;Norte;Capotamento;1;0;0;0;0;0;0;0;;;0;1;0;0;0
11/06/2020;08:15:00;110;Acidente sem vítima;255,7;BR-101/ES;Sul;Colisão Transversal;1;0;0;0;0;0;0;2;;;2;0;0;0;0
11/06/2020;08:40:00;117;Acidente com vítima;234;BR-101/ES;Sul;Queda de Moto;0;0;0;1;0;0;0;0;;;1;0;1;0;0
11/06/2020;08:53:00;122;Acidente com vítima;117,2;BR-101/ES;Sul;Saída de Pista;1;0;0;0;0;0;0;0;;;1;1;0;0;0
11/06/2020;10:40:00;149;Acidente com vítima;283;BR-101/ES;Norte;Colisão Lateral;1;0;0;1;0;0;0;0;;;1;0;1;0;0
11/06/2020;11:03:00;156;Acidente sem vítima;266,2;BR-101/ES;Norte;Colisão Transversal;2;0;0;0;0;0;0;0;;;2;0;0;0;0
11/06/2020;19:00:00;276;Acidente sem vítima;277;BR-101/ES;Norte;Saída de Pista;1;0;0;0;0;0;0;0;;;1;0;0;0;0
11/06/2020;20:58:00;296;Acidente sem vítima;289;BR-101/ES;Sul;Choque;1;0;0;0;0;0;0;0;;;1;0;0;0;0
12/06/2020;13:47:00;224;Acidente sem vítima;321,8;BR-101/ES;Sul;Tombamento;0;0;1;0;0;0;0;0;;;2;0;0;0;0
12/06/2020;13:50:00;226;Acidente com vítima;65;BR-101/ES;Sul;Queda de Moto;0;0;0;1;0;0;0;0;;;0;1;0;0;0
12/06/2020;15:00:00;244;Acidente sem vítima;181;BR-101/ES;Sul;Colisão Traseira;2;0;0;0;0;0;0;0;;;2;0;0;0;0
12/06/2020;17:40:00;289;Acidente sem vítima;125;BR-101/ES;Norte;Colisão Traseira;1;0;0;0;0;0;0;4;;;2;0;0;0;0
12/06/2020;18:31:00;295;Acidente sem vítima;270;BR-101/ES;Sul;Colisão Traseira;2;0;0;0;0;0;0;0;;;2;0;0;0;0
12/06/2020;18:46:00;301;Acidente sem vítima;212;BR-101/ES;Norte;Colisão Lateral;1;0;0;1;0;0;0;0;;;2;0;0;0;0
13/06/2020;07:50:00;82;Acidente com vítima;66,3;BR-101/ES;Norte;Colisão Transversal;0;0;0;1;0;0;0;1;;;0;0;2;0;0
13/06/2020;09:29:00;105;Acidente com vítima;264;BR-101/ES;Sul;Colisão Lateral;1;0;0;1;0;0;0;0;;;1;1;0;0;0
13/06/2020;11:50:00;167;Acidente com vítima;148,7;BR-101/ES;Sul;Colisão com ciclista;0;1;1;0;0;0;0;0;;;1;1;0;0;0
14/06/2020;03:47:00;50;Acidente com vítima;4,5;BR-101/ES;Sul;Colisão Frontal;1;0;0;0;0;0;0;2;;;1;0;1;0;0
14/06/2020;06:20:00;63;Acidente com vítima;264;BR-101/ES;Norte;Capotamento;1;0;0;0;0;0;0;0;;;0;0;1;0;0
14/06/2020;09:50:00;99;Acidente sem vítima;184;BR-101/ES;Norte;Capotamento;1;0;0;0;0;0;0;0;;;1;0;0;0;0
14/06/2020;14:39:00;187;Acidente sem vítima;299;BR-101/ES;Sul;Choque com Objeto Fixo;1;0;0;0;0;0;0;0;;;1;0;0;0;0
14/06/2020;18:52:00;248;Acidente sem vítima;190,5;BR-101/ES;Norte;Colisão Transversal;2;0;0;0;0;0;0;0;;;2;0;0;0;0
14/06/2020;18:54:00;249;Acidente sem vítima;277;BR-101/ES;Sul;Saída de Pista;1;0;0;0;0;0;0;0;;;1;0;0;0;0
14/06/2020;18:58:00;251;Acidente com vítima;127;BR-101/ES;Sul;Queda de Moto;0;0;0;1;0;0;0;0;;;0;2;0;0;0
14/06/2020;19:43:00;260;Acidente com vítima;268;BR-101/ES;Norte;Choque com Objeto Fixo;2;0;0;0;0;0;0;0;;;2;1;0;0;0
14/06/2020;21:03:00;276;Acidente com vítima;387,9;BR-101/ES;Norte;Tombamento;0;0;0;0;0;0;0;2;;;0;1;0;0;0
14/06/2020;21:36:00;284;Acidente com vítima;79,9;BR-101/ES;Norte;Queda de ciclista;0;1;0;0;0;0;0;0;;;0;1;0;0;0
14/06/2020;21:42:00;285;Acidente com vítima;288;BR-101/ES;Norte;Queda de Moto;0;0;0;1;0;0;0;0;;;1;1;0;0;0
15/06/2020;07:25:00;86;Acidente sem vítima;266,3;BR-101/ES;Sul;Colisão Lateral;1;0;0;0;0;0;0;1;;;1;0;0;0;0
15/06/2020;08:14:00;97;Acidente com vítima;149,3;BR-101/ES;Sul;Colisão Transversal;2;0;0;0;0;0;0;0;;;2;1;0;0;0
15/06/2020;11:44:00;170;Acidente sem vítima;332,5;BR-101/ES;Sul;Choque com Objeto Fixo;1;0;0;0;0;0;0;0;;;1;0;0;0;0
15/06/2020;12:35:00;196;Acidente com vítima;351,5;BR-101/ES;Sul;Colisão Lateral;1;0;0;0;0;0;0;2;;;3;0;2;0;0
15/06/2020;12:59:00;202;Acidente sem vítima;425,3;BR-101/ES;Norte;Saída de Pista;1;0;0;0;0;0;0;0;;;1;0;0;0;0
15/06/2020;15:21:00;236;Acidente sem vítima;371;BR-101/ES;Sul;Colisão Transversal;1;0;1;0;0;0;0;0;;;3;0;0;0;0
15/06/2020;17:00:00;253;Acidente sem vítima;16,5;BR-101/ES;Sul;Colisão Lateral;2;0;1;0;0;0;0;0;;;6;0;0;0;0
15/06/2020;18:29:00;276;Acidente com vítima;290;BR-101/ES;Sul;Queda de Moto;0;0;0;1;0;0;0;0;;;0;0;0;1;0
15/06/2020;19:33:00;286;Acidente com vítima;264;BR-101/ES;Norte;Queda de Moto;1;0;0;1;0;0;0;0;;;0;1;0;0;0
15/06/2020;19:59:00;294;Acidente com vítima;12;BR-101/ES;Sul;Colisão Transversal;1;0;0;0;0;0;0;2;;;1;1;0;0;0
15/06/2020;23:19:00;324;Acidente sem vítima;270;BR-101/ES;Sul;Capotamento;1;0;0;0;0;0;0;0;;;1;0;0;0;0
15/06/2020;23:20:00;326;Acidente sem vítima;357;BR-101/ES;Norte;Saída de Pista;1;0;0;0;0;0;0;0;;;2;0;0;0;0
15/06/2020;23:52:00;332;Acidente sem vítima;143;BR-101/ES;Sul;Saída de Pista;1;0;0;0;0;0;0;0;;;1;0;0;0;0
16/06/2020;00:25:00;9;Acidente sem vítima;368,95;BR-101/ES;Sul;Tombamento;0;0;1;0;0;0;0;1;;;1;0;0;0;0
16/06/2020;00:45:00;16;Acidente sem vítima;369;BR-101/ES;Norte;Veículo em Chamas;0;0;1;0;0;0;0;0;;;1;0;0;0;0
16/06/2020;05:48:00;85;Acidente sem vítima;284;BR-101/ES;Norte;Choque com Objeto Fixo;1;0;0;0;0;0;0;0;;;1;0;0;0;0
16/06/2020;07:14:00;104;Acidente sem vítima;283,9;BR-101/ES;Norte;Saída de Pista;0;0;1;0;0;0;0;0;;;1;0;0;0;0
16/06/2020;07:34:00;111;Acidente sem vítima;245,3;BR-101/ES;Sul;Saída de Pista;1;0;0;0;0;0;0;0;;;1;0;0;0;0
16/06/2020;08:57:00;133;Acidente sem vítima;315,3;BR-101/ES;Norte;Saída de Pista;1;0;0;0;0;0;0;0;;;2;0;0;0;0
16/06/2020;17:57:00;314;Acidente sem vítima;137,9;BR-101/ES;Sul;Colisão Traseira;2;0;0;0;0;0;0;0;;;4;0;0;0;0
16/06/2020;18:29:00;319;Atropelamento sem morte;147,5;BR-101/ES;Norte;Atropelamento;1;0;0;0;0;0;0;0;;;1;1;0;0;0
16/06/2020;23:02:00;364;Acidente sem vítima;393;BR-101/ES;Norte;Saída de Pista;1;0;0;0;0;0;0;0;;;1;0;0;0;0
17/06/2020;03:55:00;37;Acidente sem vítima;244;BR-101/ES;Sul;Colisão Lateral;0;0;2;0;0;0;0;0;;;2;0;0;0;0
17/06/2020;07:45:00;88;Acidente sem vítima;385;BR-101/ES;Norte;Colisão Traseira;2;0;0;0;0;0;0;0;;;2;0;0;0;0
17/06/2020;08:03:00;93;Acidente sem vítima;289;BR-101/ES;Norte;Colisão Traseira;0;0;1;0;0;0;0;0;;;1;0;0;0;0
17/06/2020;11:22:00;189;Acidente com vítima;315;BR-101/ES;Norte;Queda de Moto;0;0;0;1;0;0;0;0;;;0;1;0;0;0
17/06/2020;11:58:00;200;Acidente com vítima;270;BR-101/ES;Sul;Colisão com ciclista;0;1;0;1;0;0;0;0;;;1;0;1;0;0
17/06/2020;12:18:00;214;Acidente sem vítima;398;BR-101/ES;Sul;Saída de Pista;1;0;0;0;0;0;0;0;;;1;0;0;0;0
17/06/2020;13:12:00;236;Acidente sem vítima;266;BR-101/ES;Norte;Colisão Traseira;2;0;0;0;0;0;0;0;;;10;0;0;0;0
17/06/2020;17:31:00;305;Acidente sem vítima;265,5;BR-101/ES;Sul;Colisão Lateral;0;0;0;0;1;0;0;2;;;2;0;0;0;0
17/06/2020;17:52:00;308;Acidente com vítima;281,3;BR-101/ES;Sul;Choque com Objeto Fixo;2;0;0;0;0;0;0;0;;;2;1;0;0;0
17/06/2020;18:47:00;315;Acidente com vítima;240,6;BR-101/ES;Sul;Engavetamento;3;0;0;0;0;0;0;0;;;3;1;0;0;0
17/06/2020;22:39:00;352;Acidente com vítima;127;BR-101/ES;Norte;Colisão Traseira;1;0;0;1;0;0;0;0;;;1;1;0;0;0
17/06/2020;23:00:00;354;Acidente sem vítima;146;BR-101/ES;Norte;Choque com Objeto Fixo;1;0;0;0;0;0;0;0;;;2;0;0;0;0
17/06/2020;23:48:00;370;Acidente com vítima;183;BR-101/ES;Sul;Tombamento;0;0;0;0;0;0;0;2;;;0;2;0;0;0
18/06/2020;08:27:00;98;Acidente sem vítima;402,3;BR-101/ES;Sul;Colisão Lateral;0;0;0;2;0;0;0;0;;;2;0;0;0;0
18/06/2020;09:51:00;117;Acidente com vítima;104,7;BR-101/ES;Sul;Queda de Moto;0;0;0;1;0;0;0;0;;;0;0;2;0;0
18/06/2020;15:43:00;237;Acidente com vítima;263,9;BR-101/ES;Sul;Colisão Transversal;3;0;0;0;0;0;0;0;;;2;1;0;0;0
18/06/2020;17:21:00;258;Acidente com vítima;49,7;BR-101/ES;Norte;Choque com Objeto Fixo;0;0;0;1;0;0;0;0;;;0;1;0;0;0
18/06/2020;17:48:00;268;Acidente sem vítima;173;BR-101/ES;Norte;Choque;3;0;1;0;0;0;0;0;;;5;0;0;0;0
18/06/2020;18:19:00;277;Acidente com vítima;335;BR-101/ES;Norte;Colisão Traseira;1;0;0;1;0;0;0;0;;;3;1;0;0;0
19/06/2020;00:31:00;17;Acidente com vítima;295;BR-101/ES;Norte;Colisão Frontal;1;0;0;1;0;0;0;0;;;3;1;0;0;0
19/06/2020;03:36:00;82;Acidente sem vítima;6;BR-101/ES;Norte;Atropelamento de Equino;1;0;0;0;0;0;0;0;;;2;0;0;0;0
19/06/2020;07:26:00;119;Acidente com vítima;297;BR-101/ES;Norte;Colisão Transversal;0;0;0;1;0;1;0;0;;;1;1;0;0;0
19/06/2020;09:33:00;163;Acidente sem vítima;90,8;BR-101/ES;Norte;Colisão Traseira;1;0;1;0;0;0;0;0;;;2;0;0;0;0
19/06/2020;14:58:00;275;Acidente com vítima;293;BR-101/ES;Sul;Queda de Moto;0;0;0;1;0;0;0;0;;;0;1;0;0;0
19/06/2020;15:50:00;290;Acidente com vítima;71,6;BR-101/ES;Norte;Colisão Traseira;1;0;0;1;0;0;0;0;;;3;1;0;0;0
19/06/2020;15:56:00;292;Acidente sem vítima;254,5;BR-101/ES;Sul;Colisão Traseira;1;0;1;0;0;0;0;0;;;1;0;0;0;0
19/06/2020;17:43:00;323;Acidente sem vítima;258,6;BR-101/ES;Norte;Choque com Objeto Fixo;1;0;0;0;0;0;0;0;;;2;0;0;0;0
19/06/2020;18:51:00;331;Acidente sem vítima;256;BR-101/ES;Norte;Colisão Traseira;2;0;0;0;0;0;0;0;;;2;0;0;0;0
19/06/2020;19:54:00;342;Acidente com vítima;118;BR-101/ES;Sul;Queda de Moto;0;0;0;1;0;0;0;0;;;0;1;0;0;0
19/06/2020;20:26:00;352;Acidente sem vítima;296;BR-101/ES;Sul;Choque com Objeto Fixo;1;0;0;0;0;0;0;0;;;1;0;0;0;0
19/06/2020;21:53:00;365;Acidente com vítima;292,5;BR-101/ES;Sul;Queda de Moto;1;0;0;0;0;0;0;0;;;1;1;0;0;0
19/06/2020;22:21:00;370;Acidente com vítima;413;BR-101/ES;Norte;Queda de Moto;0;0;0;1;0;0;0;0;;;0;0;1;0;0
20/06/2020;07:38:00;85;Acidente sem vítima;282;BR-101/ES;Norte;Choque com Objeto Fixo;1;0;0;0;0;0;0;0;;;1;0;0;0;0
20/06/2020;10:57:00;143;Acidente sem vítima;204;BR-101/ES;Norte;Colisão Transversal;2;0;0;0;0;0;0;0;;;6;0;0;0;0
20/06/2020;11:01:00;147;Acidente sem vítima;266;BR-101/ES;Norte;Colisão Traseira;1;0;0;0;0;0;0;3;;;2;0;0;0;0
20/06/2020;12:45:00;192;Acidente sem vítima;100;BR-101/ES;Norte;Colisão Transversal;1;0;0;1;0;0;0;0;;;3;0;0;0;0
20/06/2020;18:21:00;274;Acidente com vítima;147;BR-101/ES;Sul;Queda de Moto;0;0;0;1;0;0;0;0;;;0;1;0;0;0
20/06/2020;19:46:00;284;Acidente com morte;28,3;BR-101/ES;Norte;Colisão Frontal;0;0;1;1;0;0;0;0;;;1;0;0;0;1
20/06/2020;20:22:00;291;Acidente sem vítima;298;BR-101/ES;Sul;Colisão Lateral;2;0;0;0;0;0;0;0;;;2;0;0;0;0
20/06/2020;21:26:00;301;Acidente sem vítima;28,3;BR-101/ES;Norte;Engavetamento;3;0;0;0;0;0;0;0;;;4;0;0;0;0
20/06/2020;21:58:00;304;Acidente sem vítima;361;BR-101/ES;Sul;Capotamento;1;0;0;0;0;0;0;0;;;1;0;0;0;0
21/06/2020;13:11:00;179;Acidente sem vítima;293,5;BR-101/ES;Sul;Choque com Objeto Fixo;1;0;0;0;0;0;0;0;;;2;0;0;0;0
21/06/2020;13:53:00;193;Acidente sem vítima;292,3;BR-101/ES;Norte;Saída de Pista;1;0;0;0;0;0;0;0;;;1;0;0;0;0
21/06/2020;14:39:00;202;Acidente sem vítima;270,6;BR-101/ES;Norte;Colisão Transversal;1;0;0;1;0;0;0;0;;;4;0;0;0;0
21/06/2020;16:13:00;227;Acidente com vítima;264,4;BR-101/ES;Norte;Colisão Transversal;1;0;0;1;0;0;0;0;;;1;1;0;0;0
22/06/2020;03:39:00;35;Acidente com vítima;443,8;BR-101/ES;Sul;Choque com Objeto Fixo;0;0;1;0;0;0;0;0;;;0;1;0;0;0
22/06/2020;07:08:00;87;Acidente com vítima;266,2;BR-101/ES;Norte;Colisão Transversal;0;0;1;1;0;0;0;0;;;1;2;0;0;0
22/06/2020;14:37:00;215;Acidente com vítima;17,9;BR-101/ES;Norte;Colisão Frontal;1;0;0;0;0;1;0;0;;;1;0;1;0;0
22/06/2020;14:40:00;217;Acidente com vítima;223,9;BR-101/ES;Norte;Queda de Moto;0;0;0;1;0;0;0;0;;;0;0;1;0;0
22/06/2020;16:43:00;242;Acidente sem vítima;334,5;BR-101/ES;Sul;Colisão Transversal;0;0;0;1;0;0;0;1;;;1;0;0;0;0
22/06/2020;17:25:00;252;Acidente sem vítima;450;BR-101/ES;Sul;Atropelamento de Bovino;1;0;0;0;0;0;0;1;;;1;0;0;0;0
22/06/2020;18:08:00;259;Acidente com vítima;310;BR-101/ES;Norte;Colisão Frontal;1;0;0;0;0;0;0;2;;;1;1;0;0;0
23/06/2020;08:57:00;124;Acidente sem vítima;349,9;BR-101/ES;Norte;Saída de Pista;1;0;0;0;0;0;0;0;;;2;0;0;0;0