data;horario;n_da_ocorrencia;tipo_de_ocorrencia;km;trecho;sentido;tipo_de_acidente;automovel;bicicleta;caminhao;moto;onibus;outros;tracao_animal;transporte_de_cargas_especiais;trator_maquinas;utilitarios;ilesos;levemente_feridos;moderadamente_feridos;gravemente_feridos;mortos
12/07/2020;18:53:00;282;Acidente com vítima;159;BR-101/ES;Sul;Colisão Frontal;2;0;0;0;0;0;0;0;;;0;1;3;1;0
12/07/2020;19:02:00;283;Acidente sem vítima;436;BR-101/ES;Sul;Saída de Pista;1;0;0;0;0;0;0;0;;;2;0;0;0;0
12/07/2020;22:12:00;322;Acidente sem vítima;148,7;BR-101/ES;Sul;Colisão Transversal;2;0;0;0;0;0;0;0;;;9;0;0;0;0
12/07/2020;22:35:00;330;Acidente sem vítima;243;BR-101/ES;Norte;Colisão Lateral;1;0;0;0;0;0;0;3;;;3;0;0;0;0
13/07/2020;00:37:00;22;Acidente sem vítima;251;BR-101/ES;Sul;Colisão Lateral;1;0;0;0;0;0;0;1;;;4;0;0;0;0
13/07/2020;01:37:00;56;Acidente com vítima;293;BR-101/ES;Norte;Capotamento;1;0;0;0;0;0;0;0;;;0;1;0;0;0
13/07/2020;04:29:00;88;Acidente com vítima;400,7;BR-101/ES;Sul;Saída de Pista;0;0;1;0;0;0;0;0;;;0;0;1;0;0
13/07/2020;05:32:00;99;Acidente com vítima;268;BR-101/ES;Sul;Queda de Moto;0;0;0;1;0;0;0;0;;;0;0;1;0;0
13/07/2020;06:55:00;115;Acidente sem vítima;290,7;BR-101/ES;Norte;Veículo em Chamas;1;0;0;0;0;0;0;0;;;1;0;0;0;0
13/07/2020;07:16:00;124;Acidente com vítima;236;BR-101/ES;Sul;Colisão Lateral;0;0;0;1;0;0;0;0;;;0;1;1;0;0
13/07/2020;10:04:00;182;Acidente sem vítima;255;BR-101/ES;Sul;Colisão Traseira;2;0;0;0;0;0;0;0;;;4;0;0;0;0
13/07/2020;11:03:00;204;Acidente sem vítima;148;BR-101/ES;Sul;Colisão Traseira;2;0;0;0;0;0;0;0;;;2;0;0;0;0
13/07/2020;12:22:00;246;Acidente com vítima;271,3;BR-101/ES;Sul;Colisão com ciclista;1;1;0;0;0;0;0;0;;;1;1;0;0;0
13/07/2020;15:31:00;314;Acidente com vítima;258,4;BR-101/ES;Sul;Engavetamento;6;0;0;0;0;0;0;0;;;11;1;0;0;0
13/07/2020;17:52:00;354;Acidente sem vítima;267;BR-101/ES;Sul;Colisão Traseira;2;0;0;0;0;0;0;0;;;2;0;0;0;0
13/07/2020;18:12:00;358;Acidente sem vítima;269,9;BR-101/ES;Sul;Engavetamento;3;0;0;0;0;0;0;0;;;5;0;0;0;0
14/07/2020;00:10:00;5;Acidente sem vítima;286;BR-101/ES;Sul;Colisão Traseira;2;0;1;0;0;0;0;0;;;3;0;0;0;0
14/07/2020;06:08:00;93;Acidente com vítima;151;BR-101/ES;Norte;Colisão Lateral;1;0;0;1;0;0;0;0;;;1;1;0;0;0
14/07/2020;07:23:00;110;Acidente com vítima;137,1;BR-101/ES;Sul;Colisão Traseira;3;0;0;0;0;0;0;2;;;3;0;1;0;0
14/07/2020;07:59:00;116;Acidente sem vítima;265,3;BR-101/ES;Sul;Colisão Traseira;2;0;0;0;0;0;0;0;;;2;0;0;0;0
14/07/2020;15:52:00;310;Acidente com vítima;255;BR-101/ES;Sul;Colisão Traseira;0;0;1;1;0;0;0;0;;;2;0;1;0;0
14/07/2020;20:15:00;374;Acidente com vítima;117;BR-101/ES;Norte;Colisão Lateral;2;0;0;0;0;0;0;0;;;2;1;0;0;0
15/07/2020;06:16:00;107;Acidente sem vítima;296;BR-101/ES;Norte;Colisão Traseira;1;0;0;0;0;0;0;2;;;2;0;0;0;0
15/07/2020;06:19:00;108;Acidente sem vítima;264;BR-101/ES;Norte;Colisão Transversal;1;0;0;0;1;0;0;0;;;2;0;0;0;0
15/07/2020;07:55:00;130;Acidente sem vítima;166,6;BR-101/ES;Norte;Colisão Traseira;2;0;0;0;0;0;0;0;;;7;0;0;0;0
15/07/2020;09:15:00;161;Acidente sem vítima;182,4;BR-101/ES;Sul;Colisão Traseira;1;0;1;0;0;0;0;2;;;3;0;0;0;0
15/07/2020;10:23:00;181;Acidente sem vítima;255;BR-101/ES;Norte;Engavetamento;1;0;2;0;0;0;0;0;;;5;0;0;0;0
15/07/2020;12:10:00;244;Acidente com vítima;241,4;BR-101/ES;Sul;Colisão Transversal;2;0;0;0;0;0;0;0;;;0;2;1;0;0
15/07/2020;13:22:00;258;Acidente sem vítima;377;BR-101/ES;Norte;Choque com Veículo Estacionado;2;0;0;0;0;0;0;2;;;3;0;0;0;0
15/07/2020;17:55:00;333;Acidente com vítima;264;BR-101/ES;Norte;Colisão Traseira;1;0;0;1;0;0;0;0;;;1;1;0;0;0
15/07/2020;19:10:00;343;Acidente sem vítima;269;BR-101/ES;Sul;Colisão Traseira;2;0;0;0;0;0;0;0;;;2;0;0;0;0
16/07/2020;05:23:00;69;Acidente com vítima;214;BR-101/ES;Sul;Choque com Objeto Fixo;1;0;0;0;0;0;0;0;;;0;0;2;0;0
16/07/2020;06:53:00;94;Acidente com vítima;289,7;BR-101/ES;Sul;Colisão Traseira;1;0;0;1;0;0;0;0;;;3;2;0;0;0
16/07/2020;08:03:00;117;Acidente com vítima;168,8;BR-101/ES;Sul;Queda de Moto;0;0;0;1;0;0;0;0;;;0;1;0;0;0
16/07/2020;08:53:00;129;Acidente sem vítima;266,4;BR-101/ES;Sul;Engavetamento;3;0;0;0;0;0;0;0;;;4;0;0;0;0
16/07/2020;09:40:00;149;Acidente sem vítima;298;BR-101/ES;Sul;Colisão Lateral;1;0;0;0;0;0;0;2;;;2;0;0;0;0
16/07/2020;13:24:00;236;Acidente com vítima;388,5;BR-101/ES;Sul;Capotamento;1;0;0;0;0;0;0;0;;;0;1;0;0;0
16/07/2020;16:13:00;287;Acidente sem vítima;269,9;BR-101/ES;Sul;Colisão Lateral;2;0;0;1;0;0;0;0;;;3;0;0;0;0
16/07/2020;18:18:00;313;Acidente com morte;270,5;BR-101/ES;Norte;Queda de Moto;0;0;0;1;0;0;0;0;;;0;0;0;0;1
16/07/2020;21:56:00;351;Acidente com vítima;3,7;BR-101/ES;Sul;Choque com Objeto Fixo;1;0;0;0;0;0;0;0;;;0;1;0;0;0
17/07/2020;07:22:00;113;Acidente sem vítima;242;BR-101/ES;Sul;Choque com Objeto Fixo;0;0;0;0;0;0;0;1;;;1;0;0;0;0
17/07/2020;12:05:00;251;Acidente com vítima;262,2;BR-101/ES;Sul;Colisão Lateral;1;0;1;1;0;0;0;0;;;1;1;1;0;0
17/07/2020;13:15:00;269;Acidente sem vítima;447,8;BR-101/ES;Norte;Colisão Lateral;1;0;0;0;0;0;0;2;;;2;0;0;0;0
17/07/2020;15:37:00;306;Acidente sem vítima;289;BR-101/ES;Norte;Choque com Objeto Fixo;1;0;0;0;0;0;0;0;;;1;0;0;0;0
17/07/2020;15:55:00;311;Acidente com vítima;297,9;BR-101/ES;Norte;Colisão Traseira;1;0;0;1;0;0;0;0;;;2;1;1;0;0
17/07/2020;18:16:00;351;Acidente sem vítima;25,5;BR-101/ES;Sul;Colisão Transversal;2;0;0;0;0;0;0;0;;;2;0;0;0;0
17/07/2020;18:35:00;355;Acidente com vítima;117,7;BR-101/ES;Norte;Colisão Transversal;1;0;1;0;0;0;0;0;;;2;1;0;0;0
17/07/2020;18:39:00;357;Acidente com vítima;372;BR-101/ES;Sul;Colisão Transversal;1;0;0;1;0;0;0;0;;;1;1;0;0;0
17/07/2020;18:44:00;358;Acidente com morte;26,203;BR-101/ES;Norte;Colisão Transversal;1;0;0;1;0;0;0;0;;;1;0;0;0;1
17/07/2020;20:03:00;373;Acidente com vítima;137,1;BR-101/ES;Sul;Colisão Transversal;1;0;1;0;0;0;0;0;;;1;2;0;0;0
18/07/2020;00:55:00;19;Acidente sem vítima;201,3;BR-101/ES;Norte;Colisão Traseira;1;0;0;0;0;0;0;2;;;3;0;0;0;0
18/07/2020;03:48:00;58;Acidente sem vítima;205,4;BR-101/ES;Norte;Saída de Pista;1;0;0;0;0;0;0;0;;;1;0;0;0;0
18/07/2020;07:03:00;85;Acidente sem vítima;263;BR-101/ES;Norte;Colisão Traseira;2;0;0;0;0;0;0;0;;;2;0;0;0;0
18/07/2020;07:15:00;88;Acidente com vítima;298,2;BR-101/ES;Sul;Queda de ciclista;0;1;0;0;0;0;0;0;;;0;1;0;0;0
18/07/2020;11:16:00;185;Acidente com vítima;266;BR-101/ES;Sul;Colisão Traseira;1;0;0;0;0;0;0;0;;;0;1;0;0;0
18/07/2020;11:57:00;193;Acidente sem vítima;258;BR-101/ES;Norte;Veículo em Chamas;1;0;0;0;0;0;0;0;;;1;0;0;0;0
18/07/2020;13:37:00;235;Acidente com vítima;246,4;BR-101/ES;Norte;Queda de Moto;0;0;0;1;0;0;0;0;;;0;1;0;0;0
18/07/2020;16:00:00;275;Acidente sem vítima;263,8;BR-101/ES;Sul;Colisão Lateral;1;0;0;0;0;0;0;1;;;2;0;0;0;0
18/07/2020;16:22:00;280;Acidente sem vítima;296;BR-101/ES;Norte;Colisão Lateral;2;0;0;0;0;0;0;0;;;2;0;0;0;0
18/07/2020;20:51:00;330;Acidente sem vítima;265;BR-101/ES;Norte;Choque com Objeto Fixo;1;0;0;0;0;0;0;0;;;1;0;0;0;0
18/07/2020;21:15:00;333;Acidente sem vítima;67;BR-101/ES;Sul;Colisão Transversal;2;0;0;0;0;0;0;0;;;2;0;0;0;0
18/07/2020;21:58:00;341;Acidente sem vítima;287;BR-101/ES;Sul;Queda de Moto;0;0;0;1;0;0;0;0;;;2;0;0;0;0
19/07/2020;12:13:00;166;Acidente com vítima;145,9;BR-101/ES;Norte;Capotamento;1;0;0;0;0;0;0;0;;;0;1;0;0;0
19/07/2020;12:47:00;174;Acidente com vítima;263,7;BR-101/ES;Norte;Colisão Traseira;2;0;0;0;0;0;0;0;;;1;0;0;1;0
19/07/2020;14:27:00;195;Acidente com vítima;171,6;BR-101/ES;Sul;Choque com Objeto Fixo;1;0;0;0;0;0;0;0;;;0;1;0;0;0
19/07/2020;15:02:00;201;Acidente sem vítima;255;BR-101/ES;Sul;Engavetamento;3;0;0;0;0;0;0;0;;;3;0;0;0;0
19/07/2020;15:39:00;211;Acidente sem vítima;152;BR-101/ES;Norte;Colisão Traseira;1;0;1;0;0;0;0;1;;;3;0;0;0;0
19/07/2020;15:57:00;216;Acidente com vítima;160;BR-101/ES;Norte;Colisão Traseira;1;0;0;1;0;0;0;0;;;1;0;1;0;0
20/07/2020;01:33:00;30;Acidente com vítima;315;BR-101/ES;Sul;Queda de Moto;0;0;0;1;0;0;0;0;;;0;0;1;0;0
20/07/2020;03:16:00;44;Acidente com vítima;290;BR-101/ES;Norte;Queda de Moto;0;0;0;1;0;0;0;0;;;0;2;0;0;0
20/07/2020;07:57:00;112;Acidente sem vítima;269,5;BR-101/ES;Sul;Engavetamento;3;0;0;0;0;0;0;0;;;3;0;0;0;0
20/07/2020;08:44:00;128;Acidente com vítima;125,9;BR-101/ES;Sul;Colisão Lateral;0;0;1;1;0;0;0;1;;;1;0;0;1;0
20/07/2020;13:26:00;254;Acidente sem vítima;163,1;BR-101/ES;Sul;Saída de Pista;1;0;0;0;0;0;0;0;;;1;0;0;0;0
20/07/2020;17:02:00;315;Acidente com vítima;267,4;BR-101/ES;Sul;Queda de Moto;0;0;0;1;0;0;0;0;;;0;1;0;0;0
20/07/2020;17:31:00;321;Acidente sem vítima;272,5;BR-101/ES;Sul;Choque com Objeto Fixo;1;0;0;0;0;0;0;0;;;1;0;0;0;0
20/07/2020;18:09:00;333;Acidente com vítima;159,1;BR-101/ES;Sul;Colisão Lateral;1;0;0;1;0;0;0;0;;;2;0;1;0;0
20/07/2020;19:38:00;348;Acidente sem vítima;204;BR-101/ES;Norte;Colisão Traseira;1;0;0;0;0;0;0;2;;;4;0;0;0;0
20/07/2020;21:54:00;381;Acidente com vítima;270,3;BR-101/ES;Norte;Queda de Moto;0;0;0;1;0;0;0;0;;;0;0;0;1;0
21/07/2020;05:59:00;95;Acidente sem vítima;356,1;BR-101/ES;Sul;Colisão Frontal;1;0;2;0;0;0;0;0;;;4;0;0;0;0
21/07/2020;07:00:00;100;Acidente sem vítima;356,8;BR-101/ES;Norte;Engavetamento;1;0;1;0;0;0;0;2;;;5;0;0;0;0
21/07/2020;07:49:00;121;Acidente sem vítima;270,2;BR-101/ES;Sul;Colisão Lateral;2;0;0;0;0;0;0;1;;;3;0;0;0;0
21/07/2020;13:57:00;268;Atropelamento sem morte;269,3;BR-101/ES;Norte;Atropelamento;0;0;0;1;0;0;0;0;;;1;1;0;0;0
21/07/2020;15:59:00;298;Acidente sem vítima;394,3;BR-101/ES;Norte;Colisão Frontal;2;0;0;0;0;0;0;0;;;3;0;0;0;0
21/07/2020;17:30:00;327;Acidente com morte;294,7;BR-101/ES;Sul;Colisão Lateral;0;0;0;2;0;0;0;1;;;1;0;1;0;1
21/07/2020;18:45:00;343;Acidente sem vítima;124,9;BR-101/ES;Norte;Colisão Traseira;2;0;0;0;0;0;0;0;;;3;0;0;0;0
21/07/2020;20:19:00;368;Acidente sem vítima;267;BR-101/ES;Sul;Colisão Transversal;1;0;1;0;0;0;0;0;;;2;0;0;0;0
21/07/2020;20:23:00;369;Acidente sem vítima;294,3;BR-101/ES;Sul;Engavetamento;0;0;2;0;0;0;0;3;;;3;0;0;0;0
21/07/2020;22:53:00;401;Acidente sem vítima;0,2;BR-101/ES;Norte;Colisão Transversal;2;0;0;0;0;0;0;0;;;2;0;0;0;0
22/07/2020;09:28:00;156;Acidente com vítima;108,8;BR-101/ES;Norte;Colisão Lateral;2;0;0;0;0;0;0;2;;;3;1;0;0;0
22/07/2020;10:22:00;177;Acidente sem vítima;243,9;BR-101/ES;Sul;Choque com Objeto Fixo;1;0;0;0;0;0;0;0;;;2;0;0;0;0
22/07/2020;10:31:00;182;Acidente sem vítima;301;BR-101/ES;Norte;Colisão Traseira;1;0;0;1;0;0;0;0;;;2;0;0;0;0
22/07/2020;13:19:00;268;Acidente sem vítima;269;BR-101/ES;Sul;Colisão Lateral;1;0;1;0;0;0;0;0;;;3;0;0;0;0
22/07/2020;14:47:00;294;Acidente com vítima;262;BR-101/ES;Sul;Colisão Traseira;1;0;0;1;0;0;0;0;;;1;0;1;0;0
22/07/2020;16:03:00;309;Acidente sem vítima;293;BR-101/ES;Norte;Colisão Lateral;1;0;1;0;0;0;0;0;;;2;0;0;0;0
22/07/2020;18:12:00;352;Acidente sem vítima;212;BR-101/ES;Norte;Colisão Transversal;1;0;0;0;0;0;0;2;;;2;0;0;0;0
22/07/2020;18:21:00;353;Acidente sem vítima;279;BR-101/ES;Norte;Choque com Objeto Fixo;1;0;0;0;0;0;0;0;;;1;0;0;0;0
23/07/2020;01:25:00;20;Acidente com vítima;18,5;BR-101/ES;Sul;Colisão Lateral;0;0;2;0;0;0;0;1;;;2;1;0;0;0
23/07/2020;03:37:00;44;Acidente com vítima;266;BR-101/ES;Sul;Colisão Transversal;1;0;0;0;0;0;0;2;;;1;0;1;0;0
23/07/2020;07:24:00;97;Acidente com vítima;254,7;BR-101/ES;Sul;Colisão Traseira;1;0;0;1;0;0;0;0;;;1;0;1;0;0
23/07/2020;07:31:00;100;Acidente sem vítima;16;BR-101/ES;Sul;Colisão Transversal;1;0;1;0;0;0;0;0;;;2;0;0;0;0
23/07/2020;07:33:00;101;Acidente sem vítima;139;BR-101/ES;Norte;Colisão Traseira;2;0;0;0;0;0;0;0;;;2;0;0;0;0
23/07/2020;09:17:00;147;Acidente sem vítima;257,4;BR-101/ES;Norte;Saída de Pista;1;0;0;0;0;0;0;0;;;1;0;0;0;0
23/07/2020;12:02:00;219;Acidente com vítima;270,8;BR-101/ES;Sul;Queda de Moto;0;0;0;1;0;0;0;0;;;0;1;0;0;0
23/07/2020;12:13:00;227;Acidente sem vítima;285,4;BR-101/ES;Sul;Saída de Pista;1;0;0;0;0;0;0;0;;;1;0;0;0;0
23/07/2020;13:35:00;254;Acidente sem vítima;188;BR-101/ES;Sul;Choque com Objeto Fixo;0;0;1;0;0;0;0;0;;;1;0;0;0;0
23/07/2020;13:42:00;259;Acidente com vítima;17,4;BR-101/ES;Norte;Colisão Frontal;1;0;1;0;0;0;0;0;;;1;0;0;1;0
23/07/2020;14:47:00;269;Acidente com vítima;276,5;BR-101/ES;Sul;Colisão com ciclista;1;1;0;0;0;0;0;0;;;1;0;1;0;0
23/07/2020;15:46:00;285;Acidente com vítima;259;BR-101/ES;Norte;Queda de Moto;0;0;0;1;0;0;0;0;;;0;0;1;0;0
23/07/2020;16:33:00;292;Acidente sem vítima;289,3;BR-101/ES;Norte;Saída de Pista;0;0;1;0;0;0;0;0;;;1;0;0;0;0
23/07/2020;17:07:00;301;Acidente sem vítima;245,5;BR-101/ES;Sul;Queda de Moto;0;0;0;1;0;0;0;0;;;1;0;0;0;0
23/07/2020;18:03:00;318;Acidente sem vítima;203;BR-101/ES;Sul;Colisão Transversal;2;0;0;0;0;0;0;0;;;2;0;0;0;0
23/07/2020;18:25:00;324;Acidente sem vítima;287;BR-101/ES;Norte;Colisão Traseira;2;0;0;0;0;0;0;0;;;2;0;0;0;0
23/07/2020;18:42:00;325;Acidente sem vítima;285;BR-101/ES;Norte;Veículo em Chamas;1;0;0;0;0;0;0;0;;;1;0;0;0;0
23/07/2020;19:10:00;329;Acidente com vítima;205;BR-101/ES;Norte;Colisão Transversal;1;0;0;1;0;0;0;0;;;2;0;1;0;0
23/07/2020;19:26:00;333;Acidente com vítima;376;BR-101/ES;Norte;Queda de ciclista;0;1;0;1;0;0;0;0;;;1;1;0;0;0
24/07/2020;00:20:00;7;Acidente sem vítima;273;BR-101/ES;Norte;Veículo em Chamas;0;0;1;0;0;0;0;0;;;1;0;0;0;0
24/07/2020;07:05:00;101;Acidente com vítima;301;BR-101/ES;Sul;Queda de Moto;0;0;0;1;0;0;0;0;;;0;1;0;0;0
24/07/2020;07:12:00;105;Acidente com vítima;100,3;BR-101/ES;Norte;Colisão Transversal;1;0;1;0;0;0;0;0;;;1;2;1;0;0
24/07/2020;07:45:00;119;Acidente sem vítima;266,3;BR-101/ES;Sul;Colisão Lateral;1;0;1;0;0;0;0;0;;;2;0;0;0;0
24/07/2020;08:27:00;131;Acidente sem vítima;208,6;BR-101/ES;Norte;Saída de Pista;1;0;0;0;0;0;0;0;;;2;0;0;0;0
24/07/2020;10:16:00;173;Acidente com vítima;293,3;BR-101/ES;Sul;Colisão Lateral;1;0;0;1;0;1;0;0;;;1;0;1;0;0
24/07/2020;14:29:00;284;Acidente com vítima;243,3;BR-101/ES;Norte;Colisão Lateral;1;0;0;1;0;0;0;0;;;3;1;0;0;0
24/07/2020;14:53:00;292;Acidente sem vítima;295,5;BR-101/ES;Sul;Colisão Lateral;1;0;1;0;0;0;0;0;;;3;0;0;0;0
24/07/2020;15:52:00;308;Acidente com vítima;268,4;BR-101/ES;Sul;Colisão Traseira;0;0;0;2;0;0;0;0;;;2;0;1;0;0
24/07/2020;16:17:00;317;Acidente com vítima;270,4;BR-101/ES;Sul;Colisão Lateral;1;0;0;1;0;0;0;0;;;1;1;0;0;0
24/07/2020;16:18:00;319;Acidente sem vítima;253,3;BR-101/ES;Sul;Colisão Traseira;1;0;1;0;0;0;0;0;;;2;0;0;0;0
24/07/2020;16:32:00;325;Acidente sem vítima;241;BR-101/ES;Sul;Colisão Lateral;1;0;1;0;0;0;0;0;;;2;0;0;0;0
24/07/2020;17:46:00;343;Acidente com vítima;118,8;BR-101/ES;Sul;Queda de Moto;0;0;0;1;0;0;0;0;;;0;0;2;0;0
24/07/2020;17:59:00;347;Acidente com vítima;377;BR-101/ES;Sul;Colisão Lateral;1;0;0;1;0;0;0;0;;;1;0;1;0;0
24/07/2020;18:37:00;359;Acidente com vítima;296,8;BR-101/ES;Norte;Colisão Traseira;1;0;0;1;0;0;0;0;;;1;1;0;0;0
24/07/2020;21:30:00;393;Acidente sem vítima;73;BR-101/ES;Norte;Atropelamento Animal;0;0;0;1;0;0;0;0;;;1;0;0;0;0
25/07/2020;09:29:00;139;Acidente com vítima;376,5;BR-101/ES;Sul;Colisão Frontal;1;0;0;1;0;0;0;0;;;1;0;1;0;0
25/07/2020;14:24:00;254;Acidente sem vítima;290;BR-101/ES;Sul;Colisão Traseira;2;0;0;0;0;0;0;0;;;2;0;0;0;0
25/07/2020;16:30:00;298;Acidente com vítima;258,2;BR-101/ES;Sul;Atropelamento Animal;0;0;0;1;0;0;0;0;;;0;2;0;0;0
25/07/2020;19:05:00;327;Acidente sem vítima;240;BR-101/ES;Sul;Colisão Traseira;2;0;0;0;0;0;0;0;;;2;0;0;0;0
25/07/2020;19:30:00;329;Acidente com vítima;145;BR-101/ES;Norte;Colisão Traseira;1;0;0;1;0;0;0;0;;;2;0;0;1;0
25/07/2020;21:30:00;346;Acidente sem vítima;386,7;BR-101/ES;Sul;Saída de Pista;1;0;0;0;0;0;0;0;;;2;0;0;0;0
26/07/2020;03:26:00;50;Acidente sem vítima;158;BR-101/ES;Sul;Saída de Pista;1;0;0;0;0;0;0;0;;;1;0;0;0;0
26/07/2020;06:55:00;83;Acidente com vítima;44,7;BR-101/ES;Sul;Colisão Lateral;1;0;0;1;0;0;0;0;;;3;0;0;1;0
26/07/2020;10:39:00;135;Acidente sem vítima;332,7;BR-101/ES;Sul;Tombamento;0;0;0;0;0;0;0;2;;;1;0;0;0;0
26/07/2020;14:58:00;227;Acidente sem vítima;222;BR-101/ES;Norte;Queda de Moto;0;0;0;1;0;0;0;0;;;2;0;0;0;0
26/07/2020;15:12:00;231;Acidente com vítima;323;BR-101/ES;Sul;Queda de Moto;0;0;0;1;0;0;0;0;;;0;2;0;0;0
26/07/2020;18:34:00;296;Acidente com vítima;427,8;BR-101/ES;Norte;Colisão Traseira;1;0;0;1;0;0;0;0;;;3;0;1;0;0
26/07/2020;23:20:00;365;Acidente com vítima;264;BR-101/ES;Norte;Colisão Frontal;1;0;0;1;0;0;0;0;;;2;1;0;0;0
27/07/2020;09:39:00;155;Acidente sem vítima;273;BR-101/ES;Norte;Saída de Pista;1;0;0;0;0;1;0;0;;;1;0;0;0;0
27/07/2020;11:05:00;193;Acidente sem vítima;140;BR-101/ES;Norte;Colisão Traseira;1;0;0;0;0;0;0;2;;;2;0;0;0;0
27/07/2020;13:02:00;250;Acidente com vítima;295;BR-101/ES;Norte;Atropelamento Animal;0;0;0;1;0;0;0;0;;;0;0;1;0;0
27/07/2020;13:04:00;251;Acidente sem vítima;439;BR-101/ES;Sul;Colisão Transversal;2;0;0;0;0;0;0;0;;;2;0;0;0;0
27/07/2020;20:43:00;372;Acidente com vítima;132;BR-101/ES;Sul;Queda de Moto;0;0;0;1;0;0;0;0;;;0;0;2;0;0
28/07/2020;06:42:00;94;Acidente sem vítima;364,4;BR-101/ES;Norte;Colisão Traseira;0;0;2;0;0;0;0;1;;;1;0;0;0;0
28/07/2020;08:00:00;118;Acidente sem vítima;144,8;BR-101/ES;Norte;Colisão Traseira;2;0;0;0;0;0;0;0;;;2;0;0;0;0
28/07/2020;12:47:00;252;Acidente com vítima;66,8;BR-101/ES;Norte;Colisão com ciclista;0;1;0;1;0;0;0;0;;;0;0;1;1;0
28/07/2020;14:43:00;288;Acidente sem vítima;264;BR-101/ES;Sul;Colisão Traseira;1;0;1;0;0;0;0;0;;;2;0;0;0;0
28/07/2020;15:35:00;306;Acidente com vítima;269,1;BR-101/ES;Norte;Engavetamento;1;0;2;0;0;0;0;0;;;2;0;2;0;0
28/07/2020;15:39:00;307;Acidente sem vítima;264,3;BR-101/ES;Sul;Engavetamento;3;0;0;0;0;0;0;0;;;3;0;0;0;0
28/07/2020;16:36:00;320;Acidente com vítima;367,7;BR-101/ES;Sul;Saída de Pista;1;0;0;0;0;0;0;0;;;0;1;0;0;0
29/07/2020;07:47:00;119;Acidente com vítima;184,6;BR-101/ES;Sul;Saída de Pista;0;0;0;0;0;0;0;2;;;0;0;1;0;0
29/07/2020;08:05:00;127;Acidente sem vítima;269,5;BR-101/ES;Sul;Engavetamento;3;0;0;0;0;0;0;0;;;4;0;0;0;0
29/07/2020;09:06:00;149;Acidente com vítima;142,9;BR-101/ES;Norte;Saída de Pista;0;0;0;1;0;0;0;0;;;0;1;0;0;0
29/07/2020;09:10:00;151;Acidente sem vítima;150,5;BR-101/ES;Sul;Colisão Traseira;1;0;0;0;0;0;0;3;;;4;0;0;0;0
29/07/2020;10:11:00;175;Acidente com vítima;267,8;BR-101/ES;Norte;Colisão Lateral;1;0;0;1;0;0;0;0;;;1;1;0;0;0
29/07/2020;12:54:00;248;Acidente sem vítima;264,4;BR-101/ES;Norte;Colisão Transversal;1;0;1;0;0;0;0;0;;;4;0;0;0;0
29/07/2020;13:52:00;274;Acidente sem vítima;260,5;BR-101/ES;Norte;Saída de Pista;1;0;0;0;0;0;0;0;;;5;0;0;0;0
29/07/2020;16:14:00;304;Acidente sem vítima;71;BR-101/ES;Norte;Colisão Traseira;2;0;0;0;0;0;0;0;;;2;0;0;0;0
29/07/2020;16:55:00;323;Acidente sem vítima;266,3;BR-101/ES;Sul;Engavetamento;4;0;0;0;0;0;0;0;;;6;0;0;0;0
29/07/2020;17:58:00;343;Acidente sem vítima;266,6;BR-101/ES;Sul;Colisão com ciclista;0;1;0;1;0;0;0;0;;;2;0;0;0;0
29/07/2020;22:11:00;391;Acidente com vítima;139,9;BR-101/ES;Sul;Colisão com ciclista;1;1;0;0;0;0;0;0;;;1;1;0;0;0
30/07/2020;04:32:00;80;Acidente sem vítima;80;BR-101/ES;Sul;Atropelamento Animal;0;0;1;0;0;0;0;0;;;1;0;0;0;0
30/07/2020;07:49:00;110;Acidente com vítima;265,7;BR-101/ES;Sul;Colisão Traseira;1;0;0;1;0;0;0;0;;;1;1;0;0;0
30/07/2020;08:17:00;121;Acidente sem vítima;266;BR-101/ES;Sul;Colisão Traseira;3;0;0;0;0;0;0;0;;;5;0;0;0;0
30/07/2020;08:28:00;128;Acidente sem vítima;293;BR-101/ES;Sul;Colisão Traseira;0;0;1;0;0;0;0;2;;;2;0;0;0;0
30/07/2020;09:41:00;148;Acidente sem vítima;146,5;BR-101/ES;Sul;Colisão Traseira;2;0;0;0;0;0;0;0;;;5;0;0;0;0
30/07/2020;15:20:00;295;Acidente com vítima;270;BR-101/ES;Sul;Queda de Moto;0;0;0;1;0;0;0;0;;;0;1;0;0;0
30/07/2020;15:59:00;307;Acidente com vítima;213;BR-101/ES;Norte;Colisão Transversal;1;0;0;1;0;0;0;0;;;5;0;1;0;0
30/07/2020;17:18:00;335;Acidente sem vítima;150,5;BR-101/ES;Sul;Colisão Traseira;2;0;0;0;0;0;0;0;;;5;0;0;0;0
30/07/2020;18:32:00;355;Acidente sem vítima;297;BR-101/ES;Norte;Colisão Traseira;1;0;0;0;0;0;0;0;;;1;0;0;0;0
30/07/2020;18:40:00;357;Acidente com vítima;148;BR-101/ES;Norte;Colisão Transversal;1;0;0;1;0;0;0;0;;;2;0;1;0;0
30/07/2020;19:13:00;363;Acidente sem vítima;296;BR-101/ES;Sul;Colisão Lateral;1;0;0;0;0;0;0;2;;;2;0;0;0;0
30/07/2020;19:21:00;365;Acidente sem vítima;230;BR-101/ES;Sul;Colisão Traseira;2;0;0;0;0;0;0;0;;;2;0;0;0;0
30/07/2020;21:35:00;397;Acidente com vítima;312,5;BR-101/ES;Norte;Colisão Frontal;1;0;0;0;0;0;0;2;;;1;0;0;1;0
31/07/2020;03:42:00;52;Acidente sem vítima;260;BR-101/ES;Sul;Colisão Transversal;0;0;1;0;0;0;0;3;;;2;0;0;0;0