data;horario;n_da_ocorrencia;tipo_de_ocorrencia;km;trecho;sentido;tipo_de_acidente;automovel;bicicleta;caminhao;moto;onibus;outros;tracao_animal;transporte_de_cargas_especiais;trator_maquinas;utilitarios;ilesos;levemente_feridos;moderadamente_feridos;gravemente_feridos;mortos
18/01/2020;06:24:00;99;Acidente sem vítima;226;BR-101/ES;Norte;Saída de Pista;1;0;0;0;0;0;0;0;;;1;0;0;0;0
18/01/2020;15:46:00;268;Acidente sem vítima;222;BR-101/ES;Norte;Colisão Traseira;0;0;1;0;1;0;0;0;;;2;0;0;0;0
18/01/2020;16:05:00;274;Acidente com vítima;221;BR-101/ES;Norte;Colisão Traseira;1;0;1;0;0;0;0;0;;;1;0;0;1;0
18/01/2020;17:07:00;297;Acidente sem vítima;271,6;BR-101/ES;Norte;Colisão Lateral;2;0;0;0;0;0;0;0;;;3;0;0;0;0
18/01/2020;20:04:00;342;Acidente com vítima;94;BR-101/ES;Norte;Atropelamento Animal;0;0;0;1;0;0;0;0;;;0;0;1;0;0
18/01/2020;23:28:00;386;Acidente com vítima;117;BR-101/ES;Norte;Capotamento;1;0;0;0;0;0;0;0;;;0;1;0;0;0
19/01/2020;01:45:00;25;Acidente com vítima;147;BR-101/ES;Norte;Colisão Transversal;1;0;0;0;0;0;0;2;;;3;1;0;0;0
19/01/2020;02:21:00;33;Acidente com vítima;430,2;BR-101/ES;Sul;Colisão Frontal;0;0;2;0;0;0;0;0;;;0;0;1;1;0
19/01/2020;10:08:00;121;Acidente com vítima;389;BR-101/ES;Norte;Tombamento;1;0;0;0;0;0;0;0;;;0;1;0;0;0
19/01/2020;11:19:00;148;Acidente sem vítima;294;BR-101/ES;Norte;Colisão Traseira;2;0;0;0;0;0;0;0;;;2;0;0;0;0
19/01/2020;14:32:00;220;Acidente com vítima;292;BR-101/ES;Sul;Queda de Moto;0;0;0;1;0;0;0;0;;;0;0;1;0;0
19/01/2020;16:29:00;253;Acidente com vítima;298;BR-101/ES;Norte;Colisão Traseira;2;0;0;0;0;0;0;0;;;5;1;0;0;0
19/01/2020;19:12:00;299;Acidente sem vítima;0,8;BR-101/ES;Norte;Colisão Lateral;1;0;1;0;0;0;0;0;;;4;0;0;0;0
19/01/2020;21:05:00;317;Acidente com morte;33,3;BR-101/ES;Norte;Colisão Frontal;2;0;0;0;0;0;0;0;;;0;1;2;0;2
20/01/2020;00:15:00;5;Acidente sem vítima;941;BR-101/BA;Norte;Saída de Pista;1;0;0;0;0;0;0;0;;;4;0;0;0;0
20/01/2020;03:13:00;63;Acidente sem vítima;233;BR-101/ES;Sul;Colisão Traseira;1;0;1;0;0;0;0;0;;;2;0;0;0;0
20/01/2020;07:02:00;100;Acidente sem vítima;296,2;BR-101/ES;Norte;Colisão Lateral;2;0;0;0;0;0;0;0;;;3;0;0;0;0
20/01/2020;07:22:00;106;Atropelamento sem morte;293;BR-101/ES;Norte;Atropelamento e Fuga;0;0;1;0;0;0;0;0;;;0;0;1;0;0
20/01/2020;09:34:00;157;Acidente sem vítima;255;BR-101/ES;Sul;Engavetamento;3;0;0;0;0;0;0;0;;;4;0;0;0;0
20/01/2020;09:39:00;158;Acidente sem vítima;255;BR-101/ES;Sul;Colisão Traseira;2;0;0;0;0;0;0;0;;;2;0;0;0;0
20/01/2020;11:53:00;215;Acidente sem vítima;289;BR-101/ES;Sul;Choque com Objeto Fixo;1;0;0;0;0;0;0;0;;;1;0;0;0;0
20/01/2020;13:03:00;255;Acidente sem vítima;269,6;BR-101/ES;Norte;Colisão Traseira;2;0;0;0;0;0;0;0;;;2;0;0;0;0
20/01/2020;14:50:00;288;Acidente sem vítima;263;BR-101/ES;Norte;Colisão Traseira;2;0;0;0;0;0;0;0;;;2;0;0;0;0
20/01/2020;16:32:00;323;Acidente sem vítima;285;BR-101/ES;Norte;Colisão Traseira;2;0;0;0;0;0;0;0;;;6;0;0;0;0
20/01/2020;17:01:00;330;Acidente sem vítima;266;BR-101/ES;Norte;Colisão Lateral;2;0;0;1;0;0;0;0;;;3;0;0;0;0
20/01/2020;18:11:00;356;Acidente sem vítima;390;BR-101/ES;Norte;Saída de Pista;1;0;0;0;0;0;0;0;;;1;0;0;0;0
20/01/2020;18:31:00;364;Acidente sem vítima;188,3;BR-101/ES;Sul;Tombamento;0;0;0;0;0;0;0;2;;;2;0;0;0;0
20/01/2020;18:36:00;366;Acidente com vítima;300;BR-101/ES;Sul;Choque;0;0;0;1;0;0;0;0;;;0;1;0;0;0
20/01/2020;19:44:00;372;Acidente sem vítima;16,8;BR-101/ES;Norte;Colisão Traseira;1;0;0;0;0;0;0;0;;;1;0;0;0;0
20/01/2020;21:50:00;399;Acidente sem vítima;209;BR-101/ES;Sul;Choque;1;0;0;0;0;0;0;2;;;1;0;0;0;0
20/01/2020;22:16:00;402;Acidente sem vítima;349;BR-101/ES;Norte;Saída de Pista;1;0;0;0;0;0;0;0;;;1;0;0;0;0
20/01/2020;22:37:00;410;Acidente sem vítima;291;BR-101/ES;Sul;Capotamento;1;0;0;0;0;0;0;0;;;1;0;0;0;0
21/01/2020;00:56:00;23;Acidente sem vítima;147;BR-101/ES;Sul;Colisão Transversal;1;0;0;0;0;0;0;3;;;2;0;0;0;0
21/01/2020;06:37:00;108;Acidente com vítima;290;BR-101/ES;Sul;Colisão Traseira;1;0;0;1;0;0;0;0;;;1;0;1;1;0
21/01/2020;10:35:00;175;Acidente com vítima;125;BR-101/ES;Sul;Engavetamento;3;0;0;0;0;0;0;0;;;7;1;0;0;0
21/01/2020;10:55:00;182;Acidente com vítima;195;BR-101/ES;Sul;Queda de Moto;0;0;0;1;0;0;0;0;;;0;1;0;0;0
21/01/2020;11:51:00;204;Acidente com morte;260,5;BR-101/ES;Norte;Colisão Frontal;2;0;1;1;1;0;0;0;;;7;0;1;0;1
21/01/2020;13:42:00;243;Acidente sem vítima;147;BR-101/ES;Sul;Colisão Transversal;2;0;0;0;0;0;0;0;;;2;0;0;0;0
21/01/2020;16:08:00;276;Acidente sem vítima;260,8;BR-101/ES;Norte;Engavetamento;3;0;0;0;0;0;0;0;;;8;0;0;0;0
21/01/2020;16:58:00;293;Acidente com vítima;297,8;BR-101/ES;Norte;Queda de Moto;0;0;0;1;0;0;0;0;;;0;0;1;0;0
21/01/2020;17:01:00;294;Acidente com vítima;257;BR-101/ES;Sul;Queda de Moto;0;0;0;1;0;0;0;0;;;0;0;1;0;0
21/01/2020;18:31:00;310;Acidente com vítima;264;BR-101/ES;Norte;Colisão Traseira;2;0;0;0;0;0;0;0;;;3;0;1;0;0
21/01/2020;18:33:00;311;Acidente com vítima;269;BR-101/ES;Norte;Colisão com ciclista;0;1;0;1;0;0;0;0;;;0;1;1;0;0
21/01/2020;18:51:00;313;Acidente sem vítima;269;BR-101/ES;Norte;Colisão Lateral;1;0;0;0;0;0;0;2;;;2;0;0;0;0
21/01/2020;19:11:00;318;Acidente com vítima;51;BR-101/ES;Sul;Colisão Traseira;0;0;1;1;0;0;0;0;;;2;0;1;0;0
21/01/2020;21:38:00;358;Acidente sem vítima;294;BR-101/ES;Norte;Colisão Traseira;2;0;0;0;0;0;0;0;;;2;0;0;0;0
22/01/2020;03:58:00;55;Acidente sem vítima;223,8;BR-101/ES;Sul;Tombamento;0;0;1;0;0;0;0;0;;;1;0;0;0;0
22/01/2020;05:36:00;95;Acidente sem vítima;266,8;BR-101/ES;Sul;Colisão Transversal;2;0;0;0;0;0;0;0;;;1;0;0;0;0
22/01/2020;06:22:00;105;Acidente sem vítima;184;BR-101/ES;Sul;Tombamento;0;0;0;0;0;0;0;2;;;1;0;0;0;0
22/01/2020;14:57:00;306;Acidente com vítima;38,7;BR-101/ES;Norte;Queda de ciclista;0;1;0;0;0;0;0;0;;;0;0;1;0;0
22/01/2020;15:30:00;319;Acidente sem vítima;320,8;BR-101/ES;Norte;Colisão Traseira;0;0;1;0;0;0;0;3;;;2;0;0;0;0
22/01/2020;16:44:00;338;Acidente com vítima;137;BR-101/ES;Norte;Queda de Moto;0;0;0;1;0;0;0;0;;;0;1;0;0;0
22/01/2020;18:35:00;375;Acidente com vítima;257;BR-101/ES;Norte;Choque com Objeto Fixo;1;0;0;0;0;0;0;0;;;0;1;0;0;0
22/01/2020;19:40:00;386;Acidente sem vítima;361;BR-101/ES;Sul;Saída de Pista;0;0;1;0;0;0;0;0;;;1;0;0;0;0
22/01/2020;22:04:00;414;Acidente com vítima;422,9;BR-101/ES;Norte;Saída de Pista;1;0;0;0;0;0;0;0;;;0;1;4;0;0
22/01/2020;23:06:00;431;Acidente sem vítima;114;BR-101/ES;Sul;Saída de Pista;1;0;0;0;0;0;0;0;;;1;0;0;0;0
23/01/2020;01:30:00;30;Acidente sem vítima;276;BR-101/ES;Norte;Choque;1;0;0;0;0;0;0;0;;;1;0;0;0;0
23/01/2020;03:24:00;77;Acidente sem vítima;211;BR-101/ES;Norte;Saída de Pista;0;0;1;0;0;0;0;0;;;1;0;0;0;0
23/01/2020;05:34:00;100;Acidente sem vítima;255;BR-101/ES;Norte;Colisão Transversal;1;0;1;0;0;0;0;0;;;2;0;0;0;0
23/01/2020;07:37:00;123;Acidente sem vítima;264;BR-101/ES;Norte;Colisão Traseira;2;0;0;0;0;0;0;1;;;3;0;0;0;0
23/01/2020;08:43:00;138;Acidente sem vítima;386,8;BR-101/ES;Norte;Tombamento;0;0;0;0;0;0;0;2;;;1;0;0;0;0
23/01/2020;09:44:00;162;Acidente com vítima;102,9;BR-101/ES;Sul;Colisão Frontal;2;0;0;0;0;0;0;0;;;0;1;1;1;0
23/01/2020;15:03:00;277;Acidente sem vítima;152;BR-101/ES;Sul;Engavetamento;2;0;1;0;0;0;0;0;;;4;0;0;0;0
23/01/2020;16:38:00;310;Acidente com vítima;294;BR-101/ES;Sul;Colisão Lateral;0;0;0;1;0;0;0;2;;;1;0;1;0;0
23/01/2020;18:52:00;342;Acidente sem vítima;143;BR-101/ES;Norte;Colisão Transversal;2;0;0;0;0;0;0;0;;;2;0;0;0;0
23/01/2020;23:09:00;395;Acidente sem vítima;137;BR-101/ES;Norte;Colisão Traseira;1;0;0;0;0;0;0;1;;;2;0;0;0;0
24/01/2020;06:49:00;100;Acidente sem vítima;133,5;BR-101/ES;Norte;Colisão Transversal;1;0;0;0;1;0;0;0;;;30;0;0;0;0
24/01/2020;11:23:00;176;Acidente sem vítima;292;BR-101/ES;Norte;Colisão Lateral;1;0;2;0;0;0;0;0;;;3;0;0;0;0
24/01/2020;12:00:00;186;Acidente sem vítima;267,7;BR-101/ES;Norte;Colisão Traseira;1;0;1;0;0;0;0;0;;;2;0;0;0;0
24/01/2020;12:16:00;195;Acidente sem vítima;294;BR-101/ES;Sul;Choque com Objeto Fixo;1;0;0;0;0;0;0;0;;;2;0;0;0;0
24/01/2020;12:26:00;200;Acidente sem vítima;356;BR-101/ES;Norte;Saída de Pista;1;0;0;0;0;0;0;0;;;1;0;0;0;0
24/01/2020;13:17:00;216;Acidente sem vítima;294;BR-101/ES;Sul;Colisão Lateral;1;0;0;0;0;0;0;2;;;3;0;0;0;0
24/01/2020;14:44:00;239;Acidente sem vítima;293;BR-101/ES;Sul;Colisão Traseira;1;0;1;0;0;0;0;0;;;5;0;0;0;0
24/01/2020;15:36:00;258;Acidente sem vítima;225;BR-101/ES;Sul;Saída de Pista;1;0;0;0;0;0;0;0;;;1;0;0;0;0
24/01/2020;15:43:00;260;Acidente sem vítima;258,5;BR-101/ES;Sul;Colisão Lateral;2;0;0;0;0;0;0;0;;;4;0;0;0;0
24/01/2020;16:04:00;266;Acidente sem vítima;228;BR-101/ES;Norte;Saída de Pista;0;0;1;0;0;0;0;0;;;2;0;0;0;0
24/01/2020;17:14:00;283;Acidente com vítima;145;BR-101/ES;Sul;Colisão Lateral;0;0;0;1;0;0;0;0;;;0;0;1;0;0
24/01/2020;19:10:00;311;Acidente sem vítima;321;BR-101/ES;Sul;Engavetamento;1;0;1;0;0;0;0;2;;;5;0;0;0;0
24/01/2020;20:13:00;337;Acidente sem vítima;461;BR-101/ES;Sul;Choque com Veículo Estacionado;0;0;3;0;0;0;0;0;;;3;0;0;0;0
25/01/2020;03:37:00;49;Acidente com vítima;81;BR-101/ES;Norte;Capotamento;1;0;0;0;0;0;0;0;;;2;1;1;0;0
25/01/2020;09:07:00;124;Acidente sem vítima;136;BR-101/ES;Sul;Colisão Traseira;1;0;0;0;0;0;0;2;;;4;0;0;0;0
25/01/2020;12:05:00;203;Acidente com vítima;147;BR-101/ES;Sul;Colisão Transversal;1;0;0;1;0;0;0;0;;;1;1;0;0;0
25/01/2020;12:44:00;217;Acidente sem vítima;267;BR-101/ES;Sul;Engavetamento;3;0;0;0;0;0;0;0;;;10;0;0;0;0
25/01/2020;14:52:00;262;Acidente sem vítima;271;BR-101/ES;Norte;Colisão Traseira;2;0;0;0;0;0;0;0;;;2;0;0;0;0
25/01/2020;16:21:00;286;Acidente sem vítima;67;BR-101/ES;Sul;Colisão Traseira;2;0;0;0;0;0;0;0;;;4;0;0;0;0
25/01/2020;22:02:00;360;Acidente com vítima;284;BR-101/ES;Norte;Choque com Objeto Fixo;1;0;0;0;0;0;0;0;;;0;0;1;0;0
26/01/2020;05:21:00;75;Acidente com vítima;176;BR-101/ES;Norte;Colisão Lateral;2;0;0;0;0;0;0;0;;;1;5;0;0;0
26/01/2020;07:10:00;85;Acidente sem vítima;256,7;BR-101/ES;Norte;Colisão Lateral;2;0;0;0;0;0;0;0;;;2;0;0;0;0
26/01/2020;11:35:00;106;Acidente sem vítima;292,8;BR-101/ES;Sul;Colisão Traseira;2;0;0;0;0;0;0;0;;;5;0;0;0;0
26/01/2020;13:37:00;183;Acidente com vítima;293,6;BR-101/ES;Sul;Colisão Transversal;1;0;0;0;1;0;0;0;;;1;1;1;0;0
26/01/2020;13:55:00;189;Acidente com vítima;297;BR-101/ES;Sul;Colisão Traseira;1;0;0;1;0;0;0;0;;;0;1;1;0;0
26/01/2020;16:12:00;223;Acidente com vítima;328,7;BR-101/ES;Norte;Saída de Pista;1;0;0;0;0;0;0;0;;;0;4;1;0;0
26/01/2020;18:42:00;253;Acidente com vítima;147;BR-101/ES;Sul;Colisão Transversal;2;0;0;0;0;0;0;0;;;2;0;1;0;0
26/01/2020;19:40:00;262;Acidente sem vítima;385;BR-101/ES;Sul;Atropelamento Animal;1;0;0;0;0;0;0;0;;;2;0;0;0;0
27/01/2020;09:32:00;158;Acidente sem vítima;266,4;BR-101/ES;Sul;Colisão Lateral;1;0;1;0;0;0;0;0;;;1;0;0;0;0
27/01/2020;11:40:00;216;Acidente com vítima;168,7;BR-101/ES;Sul;Engavetamento;3;0;0;0;0;0;0;0;;;6;1;0;0;0
27/01/2020;15:42:00;298;Acidente com vítima;43,8;BR-101/ES;Norte;Colisão Frontal;1;0;0;0;0;0;0;3;;;2;0;0;1;0
27/01/2020;19:39:00;352;Acidente com vítima;292,9;BR-101/ES;Norte;Colisão Traseira;1;0;0;1;0;0;0;0;;;2;0;1;0;0
27/01/2020;20:03:00;357;Acidente sem vítima;146;BR-101/ES;Norte;Colisão Traseira;2;0;0;0;0;0;0;0;;;2;0;0;0;0
27/01/2020;21:10:00;369;Acidente com vítima;288;BR-101/ES;Norte;Queda de Moto;0;0;0;1;0;0;0;0;;;1;1;0;0;0
28/01/2020;08:10:00;135;Acidente sem vítima;269;BR-101/ES;Norte;Colisão Lateral;1;0;0;0;0;0;0;2;;;2;0;0;0;0
28/01/2020;10:28:00;195;Acidente com vítima;184;BR-101/ES;Sul;Engavetamento;2;0;0;0;0;0;0;2;;;2;0;2;0;0
28/01/2020;13:53:00;289;Acidente com vítima;279;BR-101/ES;Sul;Queda de Moto;0;0;0;1;0;0;0;0;;;0;0;1;0;0
28/01/2020;15:37:00;323;Acidente sem vítima;266;BR-101/ES;Sul;Colisão Lateral;2;0;0;0;1;0;0;0;;;6;0;0;0;0
28/01/2020;18:54:00;381;Acidente com vítima;297,5;BR-101/ES;Sul;Colisão Lateral;0;0;0;2;0;0;0;0;;;0;2;0;0;0
28/01/2020;21:00:00;404;Acidente com vítima;109;BR-101/ES;Sul;Colisão Frontal;2;0;0;0;0;0;0;0;;;0;2;0;0;0
28/01/2020;21:27:00;406;Acidente sem vítima;220;BR-101/ES;Sul;Saída de Pista;0;0;1;0;0;0;0;0;;;1;0;0;0;0
29/01/2020;04:35:00;78;Acidente com vítima;69;BR-101/ES;Sul;Queda de ciclista;0;1;0;0;0;0;0;0;;;0;1;0;0;0
29/01/2020;06:45:00;104;Acidente sem vítima;270;BR-101/ES;Sul;Engavetamento;4;0;0;0;0;0;0;0;;;3;0;0;0;0
29/01/2020;09:34:00;161;Acidente sem vítima;269;BR-101/ES;Norte;Colisão Traseira;2;0;0;0;0;0;0;0;;;2;0;0;0;0
29/01/2020;11:17:00;210;Acidente sem vítima;269;BR-101/ES;Sul;Colisão Traseira;1;0;1;0;0;0;0;0;;;5;0;0;0;0
29/01/2020;11:34:00;217;Acidente sem vítima;383;BR-101/ES;Sul;Colisão Traseira;1;0;1;0;0;0;0;0;;;1;0;0;0;0
29/01/2020;19:38:00;391;Acidente com vítima;166;BR-101/ES;Sul;Colisão Traseira;1;0;1;0;0;0;0;0;;;1;0;1;0;0
30/01/2020;00:08:00;2;Acidente com vítima;293;BR-101/ES;Norte;Queda de Moto;0;0;0;1;0;0;0;0;;;0;0;1;0;0
30/01/2020;13:37:00;272;Acidente com vítima;415,7;BR-101/ES;Sul;Colisão Lateral;1;0;2;0;0;0;0;0;;;2;0;1;0;0
30/01/2020;17:46:00;340;Acidente sem vítima;221;BR-101/ES;Sul;Queda de Moto;0;0;0;1;0;0;0;0;;;2;0;0;0;0
30/01/2020;21:21:00;388;Acidente com vítima;253;BR-101/ES;Sul;Colisão Traseira;3;0;0;0;0;0;0;0;;;1;3;4;0;0
31/01/2020;00:24:00;4;Acidente sem vítima;265;BR-101/ES;Norte;Colisão Traseira;2;0;0;0;0;0;0;0;;;2;0;0;0;0
31/01/2020;01:36:00;58;Acidente sem vítima;251,2;BR-101/ES;Sul;Atropelamento Animal;1;0;0;0;0;0;0;0;;;1;0;0;0;0
31/01/2020;03:55:00;80;Acidente com vítima;32,4;BR-101/ES;Sul;Colisão Traseira;0;0;1;0;1;0;0;3;;;3;0;1;0;0
31/01/2020;06:07:00;106;Acidente sem vítima;258;BR-101/ES;Sul;Engavetamento;2;0;1;0;0;0;0;0;;;5;0;0;0;0
31/01/2020;11:48:00;219;Acidente sem vítima;255;BR-101/ES;Sul;Engavetamento;4;0;0;0;0;0;0;0;;;6;0;0;0;0
31/01/2020;16:54:00;331;Acidente sem vítima;253;BR-101/ES;Sul;Colisão Traseira;2;0;0;0;0;0;0;0;;;4;0;0;0;0
31/01/2020;17:27:00;342;Acidente com vítima;298;BR-101/ES;Sul;Colisão Traseira;1;0;0;1;0;0;0;0;;;1;0;1;0;0
31/01/2020;17:32:00;343;Acidente sem vítima;10;BR-101/ES;Sul;Engavetamento;3;0;0;0;0;0;0;0;;;4;0;0;0;0
31/01/2020;17:40:00;347;Acidente sem vítima;145;BR-101/ES;Sul;Choque com Objeto Fixo;1;0;0;0;0;0;0;0;;;1;0;0;0;0
31/01/2020;17:48:00;350;Acidente sem vítima;255;BR-101/ES;Sul;Colisão Traseira;2;0;0;0;0;0;0;0;;;2;0;0;0;0
31/01/2020;17:56:00;352;Acidente sem vítima;267;BR-101/ES;Norte;Queda de Moto;0;0;0;1;0;0;0;0;;;1;0;0;0;0
31/01/2020;20:24:00;395;Acidente sem vítima;270;BR-101/ES;Sul;Colisão Traseira;6;0;0;0;0;0;0;0;;;7;0;0;0;0
11/11/2013;16:22:00;105;Acidente com vítima;63;BR-101/ES;Sul;Colisão;1;0;0;0;0;0;;;;;1;3;0;0;0
11/11/2013;00:18:00;3;Acidente com vítima;103;BR-101/ES;Norte;Tombamento;0;0;1;0;0;0;;;;;0;1;0;0;0
11/11/2013;09:58:00;57;Acidente sem Vítima;262;BR-101/ES;Sul;Engavetamento;2;0;0;0;1;0;;;;;0;0;0;0;0
11/11/2013;09:18:00;53;Acidente com Morte;305;BR-101/ES;Sul;Colisão Frontal;0;0;1;1;0;0;;;;;1;0;0;0;1
11/11/2013;18:50:00;132;Acidente sem Vítima;312;BR-101/ES;Norte;Colisão;0;0;1;0;1;0;;;;;0;0;0;0;0
11/11/2013;10:34:00;61;Acidente sem Vítima;357;BR-101/ES;Sul;Capotamento;1;0;0;0;0;0;;;;;1;0;0;0;0
11/11/2013;02:40:00;13;Acidente sem Vítima;368;BR-101/ES;Sul;Choque com Objeto Fixo;0;0;0;0;1;0;;;;;0;0;0;0;0
12/11/2013;04:19:00;191;Acidente sem Vítima;115;BR-101/ES;Norte;Veículo em Chamas;0;0;0;0;0;0;;;;;0;0;0;0;0
12/11/2013;01:17:00;173;Acidente sem Vítima;148;BR-101/ES;Norte;Choque com Objeto Fixo;1;0;0;0;0;0;;;;;0;0;0;0;0
12/11/2013;10:15:00;228;Acidente sem Vítima;200;BR-101/ES;Sul;Colisão;0;0;0;0;0;0;;;;;0;0;0;0;0
12/11/2013;11:11:00;233;Acidente sem Vítima;205;BR-101/ES;Norte;Colisão;1;1;0;0;0;0;;;;;1;0;0;0;0
12/11/2013;06:09:00;209;Acidente sem Vítima;210;BR-101/ES;Sul;Tombamento;0;0;0;0;1;0;;;;;1;0;0;0;0
12/11/2013;18:07:00;292;Acidente com Morte;248;BR-101/ES;Sul;Colisão Traseira;2;0;0;0;1;0;;;;;2;0;0;1;1
12/11/2013;05:54:00;207;Acidente sem Vítima;264;BR-101/ES;Sul;Choque com Objeto Fixo;1;0;0;0;0;0;;;;;0;0;0;0;0
12/11/2013;09:01:00;218;Acidente sem Vítima;298,5;BR-101/ES;Norte;Colisão;1;0;1;0;0;0;;;;;0;0;0;0;0
12/11/2013;16:09:00;279;Acidente com vítima;405;BR-101/ES;Sul;Colisão;1;0;1;0;0;0;;;;;0;1;1;0;0
13/11/2013;00:15:00;344;Acidente com vítima;160;BR-101/ES;Sul;Queda de Moto;0;0;0;1;0;0;;;;;0;1;0;0;0
13/11/2013;12:58:00;460;Acidente sem Vítima;210;BR-101/ES;Norte;Colisão;1;0;0;0;0;0;;;;;0;0;0;0;0
13/11/2013;17:22:00;497;Acidente com vítima;251;BR-101/ES;Sul;Colisão;1;0;0;0;1;0;;;;;0;2;1;0;0
13/11/2013;18:23:00;503;Acidente com vítima;254;BR-101/ES;Norte;Colisão;0;0;0;0;0;0;;;;;0;0;1;0;0
13/11/2013;18:34:00;505;Acidente sem Vítima;264;BR-101/ES;Sul;Colisão;1;0;0;0;0;0;;;;;0;0;0;0;0
13/11/2013;05:41:00;389;Acidente sem Vítima;354;BR-101/ES;Norte;Colisão Lateral;0;0;0;0;1;0;;;;;1;0;0;0;0
13/11/2013;17:54:00;501;Acidente sem Vítima;391;BR-101/ES;Norte;Colisão Traseira;0;1;1;0;0;0;;;;;5;0;0;0;0
13/11/2013;08:50:00;417;Acidente com vítima;431;BR-101/ES;Norte;Colisão;1;0;1;0;0;0;;;;;0;0;1;0;0
13/11/2013;08:26:00;415;Acidente sem Vítima;432;BR-101/ES;Norte;Tombamento;0;0;0;0;1;0;;;;;0;0;0;0;0
14/11/2013;04:09:00;590;Acidente sem Vítima;18;BR-101/ES;Norte;Queda de Moto;0;0;0;0;0;0;;;;;0;0;0;0;0
14/11/2013;00:31:00;556;Acidente sem Vítima;139;BR-101/ES;Norte;Colisão Lateral;1;0;0;0;0;0;;;;;1;0;0;0;0
14/11/2013;12:02:00;650;Acidente sem Vítima;144;BR-101/ES;Norte;Choque com Objeto Fixo;1;0;0;0;0;0;;;;;0;0;0;0;0
14/11/2013;19:17:00;729;Acidente com vítima;160;BR-101/ES;Norte;Colisão;0;0;0;1;0;0;;;;;0;1;0;0;0
14/11/2013;20:54:00;745;Acidente sem Vítima;210;BR-101/ES;Sul;Tombamento;0;0;0;0;0;1;;;;;1;0;0;0;0
14/11/2013;22:10:00;756;Acidente sem Vítima;235;BR-101/ES;Norte;Colisão;0;0;0;0;0;0;;;;;0;0;0;0;0
14/11/2013;22:45:00;759;Acidente sem Vítima;238;BR-101/ES;Norte;Saída de Pista;1;0;0;0;0;0;;;;;0;0;0;0;0
14/11/2013;13:59:00;674;Acidente sem Vítima;261;BR-101/ES;Norte;Colisão;0;0;0;0;0;0;;;;;0;0;0;0;0
14/11/2013;04:56:00;599;Acidente sem Vítima;262;BR-101/ES;Sul;Colisão;2;0;0;0;0;0;;;;;0;0;0;0;0
14/11/2013;15:45:00;687;Acidente com vítima;371;BR-101/ES;Sul;Colisão Traseira;1;0;0;0;1;0;;;;;1;1;0;0;0
14/11/2013;08:20:00;622;Acidente sem Vítima;408;BR-101/ES;Sul;Colisão;1;0;0;0;0;0;;;;;1;0;0;0;0
15/11/2013;17:52:00;938;Acidente com vítima;139;BR-101/ES;Norte;Colisão;0;0;1;1;0;0;;;;;1;0;1;0;0
15/11/2013;18:58:00;952;Acidente sem Vítima;140;BR-101/ES;Norte;Saída de Pista;0;0;0;0;0;0;;;;;0;0;0;0;0
15/11/2013;15:33:00;923;Acidente sem Vítima;189;BR-101/ES;Norte;Choque;0;0;1;0;0;0;;;;;1;0;0;0;0
15/11/2013;01:01:00;773;Acidente sem Vítima;194;BR-101/ES;Norte;Capotamento;1;0;0;0;0;0;;;;;4;0;0;0;0
15/11/2013;13:38:00;899;Acidente sem Vítima;211;BR-101/ES;Norte;Colisão;2;0;0;0;0;0;;;;;0;0;0;0;0
15/11/2013;14:52:00;919;Acidente sem Vítima;218;BR-101/ES;Norte;Capotamento;1;0;0;0;0;0;;;;;1;0;0;0;0
15/11/2013;10:08:00;858;Acidente sem Vítima;242;BR-101/ES;Norte;Colisão Traseira;2;0;0;0;0;0;;;;;0;0;0;0;0
15/11/2013;09:00:00;844;Acidente com vítima;244;BR-101/ES;Norte;Colisão;4;0;0;0;0;0;;;;;0;2;0;0;0
15/11/2013;15:06:00;921;Acidente com vítima;249;BR-101/ES;Sul;Capotamento;1;0;0;0;0;0;;;;;0;1;1;0;0
15/11/2013;09:38:00;850;Acidente sem Vítima;254;BR-101/ES;Norte;Engavetamento;3;0;0;0;0;0;;;;;3;0;0;0;0
15/11/2013;22:14:00;987;Acidente com vítima;258;BR-101/ES;Norte;Colisão;1;0;0;1;0;0;;;;;1;1;1;0;0
15/11/2013;07:20:00;830;Atropelamento sem Morte;262;BR-101/ES;Norte;Atropelamento;1;0;0;0;0;0;;;;;0;1;0;0;0
15/11/2013;10:58:00;863;Acidente com vítima;264;BR-101/ES;Norte;Queda de Moto;1;0;0;1;0;0;;;;;0;0;0;1;0
15/11/2013;12:35:00;886;Acidente sem Vítima;268;BR-101/ES;Sul;Queda de Moto;0;0;0;1;0;0;;;;;1;0;0;0;0
15/11/2013;14:41:00;916;Acidente com vítima;339;BR-101/ES;Sul;Saída de Pista;1;0;0;0;0;0;;;;;0;1;0;0;0
15/11/2013;16:43:00;930;Acidente sem Vítima;381,5;BR-101/ES;Norte;Engavetamento;2;0;1;0;0;0;;;;;0;0;0;0;0
15/11/2013;03:40:00;803;Acidente sem Vítima;418;BR-101/ES;Sul;Choque com Objeto Fixo;1;0;0;0;0;0;;;;;1;0;0;0;0
15/11/2013;04:46:00;813;Acidente sem Vítima;424;BR-101/ES;Sul;Choque com Objeto Fixo;0;0;1;0;0;0;;;;;1;0;0;0;0
15/11/2013;08:02:00;837;Acidente sem Vítima;432;BR-101/ES;Sul;Engavetamento;3;0;0;0;0;0;;;;;1;0;0;0;0
15/11/2013;07:14:00;829;Acidente sem Vítima;441;BR-101/ES;Sul;Colisão;0;0;0;0;0;0;;;;;0;0;0;0;0
15/11/2013;06:22:00;822;Acidente sem Vítima;455;BR-101/ES;Norte;Saída de Pista;2;0;0;0;0;0;;;;;2;0;0;0;0