data;horario;n_da_ocorrencia;tipo_de_ocorrencia;km;trecho;sentido;tipo_de_acidente;automovel;bicicleta;caminhao;moto;onibus;outros;tracao_animal;transporte_de_cargas_especiais;trator_maquinas;utilitarios;ilesos;levemente_feridos;moderadamente_feridos;gravemente_feridos;mortos
29/11/2013;15:10:00;157;Acidente sem Vítima;396,8;BR-101/ES;Sul;Engavetamento;2;0;0;0;0;0;;;;;6;0;0;0;0
29/11/2013;14:41:00;150;Acidente com vítima;397,1;BR-101/ES;Norte;Engavetamento;3;0;0;0;0;0;;;;;7;1;0;0;0
29/11/2013;11:12:00;95;Acidente sem Vítima;414;BR-101/ES;Sul;Choque;0;0;0;0;0;0;;;;;0;0;0;0;0
29/11/2013;12:43:00;124;Acidente sem Vítima;939,4;BR-101/BA;Norte;Colisão Lateral;2;0;0;0;0;0;;;;;0;0;0;0;0
29/11/2013;13:12:00;132;Acidente sem Vítima;939,4;BR-101/BA;Norte;Tombamento;0;0;1;0;0;0;;;;;1;0;0;0;0
30/11/2013;09:33:00;80;Acidente sem Vítima;90,5;BR-101/ES;Norte;Colisão Traseira;1;0;0;0;1;0;;;;;1;0;0;0;0
30/11/2013;07:23:00;58;Acidente com vítima;118;BR-101/ES;Norte;Colisão Traseira;2;0;0;0;0;0;;;;;1;0;0;1;0
30/11/2013;21:08:00;201;Acidente com vítima;124;BR-101/ES;Norte;Colisão;1;0;0;1;0;0;;;;;0;1;0;0;0
30/11/2013;13:29:00;120;Acidente sem Vítima;146;BR-101/ES;Sul;Colisão Lateral;2;0;0;0;0;0;;;;;2;0;0;0;0
30/11/2013;04:12:00;36;Acidente com vítima;147,7;BR-101/ES;Norte;Colisão Traseira;0;0;0;1;1;0;;;;;0;0;1;0;0
30/11/2013;20:19:00;192;Acidente com vítima;163;BR-101/ES;Norte;Queda de ciclista;0;0;0;0;0;0;;;;;0;1;0;0;0
30/11/2013;13:22:00;118;Acidente com vítima;186;BR-101/ES;Sul;Saída de Pista;0;0;0;0;0;0;;;;;0;1;0;0;0
30/11/2013;18:16:00;168;Acidente com vítima;204;BR-101/ES;Sul;Colisão Traseira;2;0;0;0;0;0;;;;;0;4;0;0;0
30/11/2013;16:25:00;148;Acidente com Morte;206;BR-101/ES;Sul;Colisão Frontal;2;0;0;0;0;0;;;;;0;2;0;0;1
30/11/2013;19:28:00;179;Acidente com vítima;216,7;BR-101/ES;Sul;Saída de Pista;1;0;0;0;0;0;;;;;0;1;0;0;0
30/11/2013;18:08:00;166;Acidente sem Vítima;240;BR-101/ES;Norte;Saída de Pista;1;0;0;0;0;0;;;;;0;0;0;0;0
30/11/2013;16:05:00;143;Acidente sem Vítima;244,5;BR-101/ES;Norte;Saída de Pista;1;0;0;0;0;0;;;;;2;0;0;0;0
30/11/2013;12:22:00;110;Acidente sem Vítima;256;BR-101/ES;Sul;Capotamento;1;0;0;0;0;0;;;;;0;0;0;0;0
30/11/2013;11:39:00;102;Acidente com vítima;257;BR-101/ES;Sul;Colisão Traseira;0;0;1;1;0;0;;;;;1;1;0;0;0
30/11/2013;20:35:00;197;Acidente com vítima;260;BR-101/ES;Sul;Colisão;2;0;0;0;0;0;;;;;0;1;0;0;0
30/11/2013;19:11:00;176;Acidente com vítima;264;BR-101/ES;Norte;Colisão;0;0;0;1;0;0;;;;;0;1;0;0;0
30/11/2013;16:57:00;154;Atropelamento sem Morte;268;BR-101/ES;Norte;Atropelamento;0;0;0;0;0;0;;;;;1;0;0;0;0
30/11/2013;17:04:00;158;Acidente sem Vítima;268;BR-101/ES;Sul;Colisão;1;0;0;0;1;0;;;;;0;0;0;0;0
30/11/2013;07:20:00;56;Acidente com vítima;335;BR-101/ES;Norte;Tombamento;0;0;1;0;0;0;;;;;0;2;0;0;0
30/11/2013;21:18:00;203;Acidente com vítima;368;BR-101/ES;Sul;Saída de Pista;1;0;0;0;0;0;;;;;3;1;0;0;0
01/12/2013;20:48:00;190;Acidente sem Vítima;38;BR-101/ES;Sul;Colisão;2;0;0;0;0;0;;;;;0;0;0;0;0
01/12/2013;16:51:00;148;Acidente sem Vítima;66;BR-101/ES;Sul;Colisão;0;0;0;0;0;1;;;;;0;0;0;0;0
01/12/2013;18:07:00;160;Acidente sem Vítima;74;BR-101/ES;Norte;Colisão;0;0;0;0;0;1;;;;;0;0;0;0;0
01/12/2013;16:58:00;150;Acidente com vítima;124,4;BR-101/ES;Norte;Colisão;1;0;0;1;0;0;;;;;1;1;0;0;0
01/12/2013;18:48:00;168;Acidente com vítima;162;BR-101/ES;Sul;Queda de Moto;1;0;0;1;0;0;;;;;0;1;0;0;0
01/12/2013;18:18:00;162;Acidente sem Vítima;175;BR-101/ES;Norte;Colisão;2;0;0;0;0;0;;;;;2;0;0;0;0
01/12/2013;17:36:00;156;Acidente sem Vítima;238;BR-101/ES;Norte;Queda de Moto;0;0;0;0;0;1;;;;;0;0;0;0;0
01/12/2013;09:20:00;69;Acidente sem Vítima;373;BR-101/ES;Norte;Colisão Lateral;2;0;0;0;0;0;;;;;2;0;0;0;0
01/12/2013;22:28:00;207;Acidente com vítima;420,2;BR-101/ES;Sul;Saída de Pista;0;0;1;0;0;0;;;;;0;1;0;0;0
01/12/2013;16:37:00;141;Acidente sem Vítima;432;BR-101/ES;Norte;Saída de Pista;0;0;0;0;0;1;;;;;0;0;0;0;0
02/12/2013;09:37:00;63;Acidente com vítima;94,3;BR-101/ES;Norte;Colisão Lateral;1;0;0;1;0;0;;;;;1;2;0;0;0
02/12/2013;13:30:00;110;Acidente com vítima;143;BR-101/ES;Sul;Colisão Lateral;0;0;1;1;0;0;;;;;1;1;0;0;0
02/12/2013;16:00:00;121;Acidente com vítima;163;BR-101/ES;Sul;Colisão Lateral;1;0;0;1;0;0;;;;;1;1;0;0;0
02/12/2013;08:55:00;44;Acidente com Morte;188;BR-101/ES;Sul;Colisão Frontal;2;0;2;0;0;0;;;;;2;0;0;0;1
02/12/2013;09:24:00;56;Acidente sem Vítima;262;BR-101/ES;Norte;Colisão Traseira;1;0;0;0;0;0;;;;;1;0;0;0;0
02/12/2013;09:34:00;60;Acidente sem Vítima;266;BR-101/ES;Sul;Colisão Traseira;2;0;0;0;0;0;;;;;2;0;0;0;0
02/12/2013;10:15:00;74;Acidente sem Vítima;268;BR-101/ES;Sul;Colisão Traseira;2;0;0;1;0;0;;;;;3;0;0;0;0
02/12/2013;11:26:00;91;Acidente com vítima;362;BR-101/ES;Sul;Saída de Pista;1;0;0;0;0;0;;;;;0;1;0;0;0
02/12/2013;15:38:00;116;Acidente com Morte;363,4;BR-101/ES;Norte;Colisão;0;0;2;1;0;0;;;;;0;1;0;0;1
02/12/2013;09:20:00;54;Acidente com vítima;448;BR-101/ES;Sul;Colisão Lateral;2;0;0;0;0;0;;;;;1;3;0;0;0
02/12/2013;21:17:00;167;Acidente com vítima;448;BR-101/ES;Norte;Saída de Pista;1;0;0;0;0;0;;;;;0;2;0;0;0
02/12/2013;15:42:00;117;Acidente com vítima;458;BR-101/ES;Norte;Colisão;0;0;2;0;0;0;;;;;0;2;0;0;0
03/12/2013;06:41:00;34;Acidente sem Vítima;146;BR-101/ES;Sul;Queda de ciclista;0;0;0;0;0;1;;;;;0;0;0;0;0
03/12/2013;10:20:00;79;Acidente sem Vítima;149;BR-101/ES;Sul;Colisão Lateral;2;0;0;0;0;0;;;;;2;0;0;0;0
03/12/2013;16:49:00;146;Acidente sem Vítima;157;BR-101/ES;Sul;Colisão Lateral;1;0;1;0;0;0;;;;;2;0;0;0;0
03/12/2013;18:07:00;156;Acidente com vítima;241;BR-101/ES;Norte;Queda de Moto;0;0;0;1;0;0;;;;;0;1;0;0;0
03/12/2013;11:44:00;93;Acidente com vítima;249;BR-101/ES;Norte;Colisão Frontal;2;0;0;0;0;0;;;;;1;0;1;0;0
03/12/2013;19:54:00;172;Acidente sem Vítima;262;BR-101/ES;Norte;Colisão Traseira;1;0;1;0;0;0;;;;;0;0;0;0;0
03/12/2013;09:58:00;74;Acidente sem Vítima;265;BR-101/ES;Sul;Colisão Lateral;0;0;0;0;0;1;;;;;0;0;0;0;0
03/12/2013;10:33:00;82;Acidente sem Vítima;265;BR-101/ES;Sul;Colisão;1;0;0;0;0;0;;;;;0;0;0;0;0
03/12/2013;12:27:00;107;Acidente sem Vítima;265;BR-101/ES;Sul;Colisão;0;0;0;0;0;1;;;;;0;0;0;0;0
03/12/2013;08:19:00;53;Acidente sem Vítima;265,2;BR-101/ES;Norte;Colisão Traseira;2;0;0;0;0;0;;;;;2;0;0;0;0
03/12/2013;10:16:00;78;Acidente sem Vítima;267;BR-101/ES;Sul;Engavetamento;4;0;0;0;0;0;;;;;4;0;0;0;0
03/12/2013;14:12:00;128;Acidente com vítima;299;BR-101/ES;Norte;Engavetamento;3;0;0;0;0;0;;;;;2;1;0;0;0
03/12/2013;20:29:00;181;Acidente com vítima;369;BR-101/ES;Norte;Colisão Traseira;1;0;3;0;0;0;;;;;2;1;0;0;0
03/12/2013;21:53:00;197;Acidente sem Vítima;369;BR-101/ES;Norte;Choque;1;0;0;0;0;0;;;;;0;0;0;0;0
03/12/2013;19:03:00;161;Acidente sem Vítima;410;BR-101/ES;Sul;Capotamento;1;0;0;0;0;0;;;;;2;0;0;0;0
03/12/2013;12:29:00;109;Acidente sem Vítima;447;BR-101/ES;Sul;Engavetamento;1;0;2;0;0;0;;;;;0;0;0;0;0
03/12/2013;16:55:00;148;Acidente sem Vítima;450,1;BR-101/ES;Sul;Choque;0;0;1;0;0;0;;;;;1;0;0;0;0
04/12/2013;00:44:00;5;Acidente com vítima;107;BR-101/ES;Norte;Choque;1;0;0;0;0;0;;;;;0;1;0;0;0
04/12/2013;13:02:00;105;Acidente com vítima;136;BR-101/ES;Sul;Queda de Moto;0;0;0;0;0;1;;;;;0;2;0;0;0
04/12/2013;17:32:00;150;Acidente sem Vítima;145;BR-101/ES;Norte;Colisão;0;0;0;0;0;1;;;;;0;0;0;0;0
04/12/2013;20:48:00;193;Atropelamento sem Morte;196;BR-101/ES;Norte;Atropelamento;0;0;0;0;0;1;;;;;1;0;0;0;0
04/12/2013;11:38:00;87;Acidente sem Vítima;227;BR-101/ES;Sul;Colisão Traseira;2;0;0;0;0;0;;;;;2;0;0;0;0
04/12/2013;13:30:00;113;Acidente sem Vítima;255;BR-101/ES;Sul;Colisão;0;0;0;0;0;1;;;;;0;0;0;0;0
04/12/2013;19:06:00;167;Acidente sem Vítima;294;BR-101/ES;Sul;Colisão;0;0;0;0;0;1;;;;;0;0;0;0;0
04/12/2013;19:05:00;165;Acidente com vítima;297;BR-101/ES;Sul;Colisão;1;0;0;1;0;0;;;;;1;1;0;0;0
04/12/2013;03:51:00;25;Acidente com Morte;360;BR-101/ES;Sul;Tombamento;0;0;1;0;0;0;;;;;0;0;0;0;1
04/12/2013;13:34:00;116;Acidente sem Vítima;940;BR-101/BA;Norte;Engavetamento;4;0;0;0;0;0;;;;;0;0;0;0;0
05/12/2013;21:49:00;213;Acidente sem Vítima;132;BR-101/ES;Sul;Colisão Traseira;2;0;0;0;0;0;;;;;2;0;0;0;0
05/12/2013;08:20:00;60;Acidente com vítima;140;BR-101/ES;Sul;Colisão Lateral;1;0;0;1;0;0;;;;;1;1;0;0;0
05/12/2013;08:22:00;62;Acidente sem Vítima;229;BR-101/ES;Norte;Engavetamento;5;0;0;0;0;0;;;;;5;0;0;0;0
05/12/2013;10:22:00;84;Acidente com vítima;323;BR-101/ES;Sul;Queda de Moto;0;0;0;1;0;0;;;;;0;1;0;0;0
05/12/2013;17:36:00;167;Acidente sem Vítima;376;BR-101/ES;Norte;Choque com Objeto Fixo;0;0;0;0;0;1;;;;;0;0;0;0;0
05/12/2013;22:51:00;220;Acidente com vítima;452;BR-101/ES;Sul;Tombamento;0;0;1;0;0;0;;;;;0;1;0;0;0
05/12/2013;18:57:00;180;Acidente sem Vítima;944;BR-101/BA;Norte;Colisão;0;0;0;0;0;1;;;;;0;0;0;0;0
05/12/2013;19:00:00;183;Acidente sem Vítima;944;BR-101/BA;Norte;Colisão;1;0;3;0;0;0;;;;;2;0;0;0;0
06/12/2013;15:50:00;150;Acidente sem Vítima;50;BR-101/ES;Norte;Colisão Traseira;1;0;0;0;0;0;;;;;1;0;0;0;0
06/12/2013;10:23:00;89;Acidente sem Vítima;65;BR-101/ES;Norte;Choque;1;0;0;0;0;0;;;;;1;0;0;0;0
06/12/2013;17:22:00;165;Acidente sem Vítima;68;BR-101/ES;Norte;Engavetamento;3;0;0;0;0;0;;;;;10;0;0;0;0
06/12/2013;20:40:00;201;Acidente sem Vítima;160;BR-101/ES;Norte;Colisão Lateral;2;0;0;0;0;0;;;;;1;0;0;0;0
06/12/2013;12:52:00;128;Acidente com vítima;164;BR-101/ES;Norte;Queda de Moto;0;0;0;1;0;0;;;;;0;1;1;0;0
06/12/2013;10:55:00;99;Acidente sem Vítima;168;BR-101/ES;Sul;Colisão Traseira;2;0;0;0;0;0;;;;;0;0;0;0;0
06/12/2013;15:31:00;145;Acidente com vítima;217;BR-101/ES;Sul;Colisão Lateral;1;0;1;0;0;0;;;;;1;2;0;0;0
06/12/2013;14:22:00;138;Acidente sem Vítima;228;BR-101/ES;Sul;Colisão Lateral;1;0;1;0;0;0;;;;;2;0;0;0;0
06/12/2013;05:57:00;41;Acidente sem Vítima;253;BR-101/ES;Norte;Colisão Lateral;0;0;1;0;1;0;;;;;2;0;0;0;0
06/12/2013;15:57:00;152;Acidente sem Vítima;260;BR-101/ES;Norte;Colisão Lateral;2;0;0;0;0;0;;;;;2;0;0;0;0
06/12/2013;08:22:00;63;Acidente com vítima;262;BR-101/ES;Sul;Engavetamento;3;0;0;0;0;0;;;;;2;1;0;0;0
06/12/2013;21:22:00;209;Acidente com vítima;265;BR-101/ES;Sul;Colisão;1;0;0;1;0;0;;;;;1;0;1;0;0
06/12/2013;20:41:00;202;Acidente sem Vítima;267;BR-101/ES;Sul;Colisão;0;0;0;0;0;1;;;;;0;0;0;0;0
06/12/2013;08:40:00;69;Acidente sem Vítima;295;BR-101/ES;Norte;Colisão Traseira;2;0;0;0;0;0;;;;;2;0;0;0;0
06/12/2013;10:45:00;97;Acidente sem Vítima;360;BR-101/ES;Sul;Saída de Pista;0;0;1;0;0;0;;;;;0;0;0;0;0
06/12/2013;15:00:00;142;Acidente com vítima;379,2;BR-101/ES;Norte;Saída de Pista;1;0;0;0;0;0;;;;;1;1;0;0;0
07/12/2013;17:41:00;167;Acidente sem Vítima;66;BR-101/ES;Sul;Choque;2;0;0;0;0;0;;;;;2;0;0;0;0
07/12/2013;11:03:00;100;Acidente sem Vítima;92;BR-101/ES;Norte;Colisão;0;0;0;0;0;1;;;;;0;0;0;0;0
07/12/2013;08:50:00;78;Acidente com vítima;212;BR-101/ES;Norte;Veículo em Chamas;1;0;0;0;0;0;;;;;2;1;0;0;0
07/12/2013;21:40:00;210;Acidente sem Vítima;258;BR-101/ES;Norte;Colisão;3;0;0;0;0;0;;;;;3;0;0;0;0
07/12/2013;22:52:00;218;Acidente sem Vítima;258;BR-101/ES;Norte;Colisão;2;0;0;0;0;0;;;;;0;0;0;0;0
07/12/2013;06:47:00;66;Atropelamento sem Morte;262;BR-101/ES;Norte;Atropelamento;0;0;0;1;0;0;;;;;0;1;0;0;0
07/12/2013;05:07:00;49;Acidente sem Vítima;295;BR-101/ES;Sul;Queda de Moto;0;0;0;1;0;0;;;;;1;0;0;0;0
08/12/2013;16:01:00;136;Acidente com vítima;30;BR-101/ES;Sul;Colisão Lateral;0;0;0;0;0;2;;;;;1;0;0;1;0
08/12/2013;17:02:00;147;Acidente com vítima;72;BR-101/ES;Norte;Choque;1;0;0;0;0;0;;;;;0;1;0;0;0
08/12/2013;03:59:00;37;Acidente sem Vítima;179;BR-101/ES;Sul;Tombamento;0;0;0;0;1;0;;;;;1;0;0;0;0
08/12/2013;10:33:00;81;Acidente com vítima;200;BR-101/ES;Norte;Engavetamento;3;0;0;0;0;0;;;;;2;3;0;0;0
08/12/2013;22:51:00;195;Atropelamento com Morte;202,5;BR-101/ES;Norte;Atropelamento;0;0;0;0;0;1;;;;;0;0;0;0;1
08/12/2013;17:49:00;152;Acidente com vítima;208;BR-101/ES;Sul;Capotamento;1;0;0;0;0;0;;;;;0;3;0;0;0
08/12/2013;05:21:00;48;Acidente com vítima;212;BR-101/ES;Sul;Colisão;1;0;0;0;0;0;;;;;0;1;0;0;0
08/12/2013;21:54:00;189;Acidente sem Vítima;230;BR-101/ES;Norte;Saída de Pista;1;0;0;0;0;0;;;;;0;0;0;0;0
08/12/2013;17:10:00;148;Acidente sem Vítima;249;BR-101/ES;Sul;Colisão Traseira;2;0;0;0;0;0;;;;;2;0;0;0;0
08/12/2013;04:45:00;45;Acidente com vítima;258;BR-101/ES;Norte;Colisão;1;0;0;0;0;0;;;;;0;1;0;0;0
08/12/2013;22:00:00;192;Acidente com vítima;260;BR-101/ES;Norte;Engavetamento;3;0;0;0;0;0;;;;;2;0;1;0;0
08/12/2013;20:32:00;175;Acidente sem Vítima;262;BR-101/ES;Norte;Colisão Lateral;2;0;0;0;0;0;;;;;2;0;0;0;0
08/12/2013;06:03:00;51;Acidente sem Vítima;265;BR-101/ES;Sul;Choque com Objeto Fixo;1;0;0;0;0;0;;;;;1;0;0;0;0
08/12/2013;21:04:00;179;Atropelamento com Morte;296;BR-101/ES;Norte;Atropelamento;0;0;1;0;0;0;;;;;0;0;0;0;1
08/12/2013;12:02:00;103;Acidente sem Vítima;433;BR-101/ES;Sul;Tombamento;0;0;1;0;0;0;;;;;1;0;0;0;0
08/12/2013;18:03:00;153;Acidente com vítima;457,9;BR-101/ES;Sul;Tombamento;0;0;1;0;0;0;;;;;0;1;0;0;0
09/12/2013;18:11:00;184;Acidente sem Vítima;56,8;BR-101/ES;Sul;Veículo em Chamas;1;0;0;0;0;0;;;;;0;0;0;0;0
09/12/2013;15:08:00;148;Acidente sem Vítima;61;BR-101/ES;Norte;Colisão;2;0;0;0;0;0;;;;;2;0;0;0;0
09/12/2013;13:07:00;131;Acidente com vítima;139;BR-101/ES;Sul;Colisão;0;0;1;1;0;0;;;;;1;1;0;0;0
09/12/2013;09:33:00;78;Acidente com Morte;143;BR-101/ES;Sul;Colisão Frontal;2;0;0;0;0;0;;;;;3;1;0;0;1
09/12/2013;00:34:00;5;Acidente com vítima;148;BR-101/ES;Sul;Colisão;1;0;1;0;0;0;;;;;1;1;0;0;0
09/12/2013;10:41:00;93;Acidente sem Vítima;202;BR-101/ES;Norte;Colisão;0;0;0;0;0;1;;;;;0;0;0;0;0
09/12/2013;10:56:00;96;Acidente sem Vítima;265;BR-101/ES;Sul;Colisão;0;0;0;0;0;1;;;;;0;0;0;0;0
09/12/2013;15:05:00;147;Acidente sem Vítima;268;BR-101/ES;Sul;Queda de Moto;0;0;0;0;0;1;;;;;0;0;0;0;0
09/12/2013;18:50:00;190;Acidente sem Vítima;296;BR-101/ES;Sul;Colisão Lateral;1;0;1;0;0;0;;;;;2;0;0;0;0
09/12/2013;05:58:00;40;Acidente com vítima;324;BR-101/ES;Sul;Capotamento;1;0;0;0;0;0;;;;;0;1;0;0;0
09/12/2013;15:23:00;153;Acidente com vítima;374;BR-101/ES;Sul;Colisão Lateral;1;0;0;1;0;0;;;;;1;0;1;0;0
09/12/2013;21:23:00;222;Acidente sem Vítima;450;BR-101/ES;Sul;Tombamento;1;0;0;0;0;0;;;;;1;0;0;0;0
10/12/2013;13:06:00;141;Acidente sem Vítima;26,5;BR-101/ES;Sul;Saída de Pista;1;0;0;0;0;0;;;;;1;0;0;0;0
10/12/2013;21:59:00;232;Acidente sem Vítima;160;BR-101/ES;Norte;Veículo em Chamas;0;0;1;0;0;0;;;;;1;0;0;0;0
10/12/2013;06:47:00;56;Acidente sem Vítima;205;BR-101/ES;Norte;Colisão Frontal;1;0;0;1;0;0;;;;;2;0;0;0;0
10/12/2013;16:35:00;179;Acidente sem Vítima;263,5;BR-101/ES;Norte;Colisão Traseira;4;0;0;0;0;0;;;;;0;0;0;0;0
10/12/2013;22:50:00;236;Acidente sem Vítima;264;BR-101/ES;Sul;Colisão Traseira;1;0;1;0;0;0;;;;;2;0;0;0;0
10/12/2013;17:43:00;190;Acidente com vítima;267;BR-101/ES;Sul;Colisão Lateral;1;0;0;1;0;0;;;;;1;1;0;0;0
10/12/2013;04:00:00;33;Acidente sem Vítima;268;BR-101/ES;Norte;Colisão Lateral;0;0;2;0;0;0;;;;;2;0;0;0;0
10/12/2013;18:36:00;195;Acidente sem Vítima;295;BR-101/ES;Sul;Colisão Traseira;1;0;1;0;0;0;;;;;2;0;0;0;0
10/12/2013;08:20:00;71;Acidente sem Vítima;299;BR-101/ES;Sul;Colisão Traseira;2;0;0;0;0;0;;;;;1;0;0;0;0
10/12/2013;19:26:00;208;Acidente sem Vítima;447;BR-101/ES;Norte;Saída de Pista;1;0;0;0;0;0;;;;;1;0;0;0;0
11/12/2013;18:14:00;165;Acidente sem Vítima;77,5;BR-101/ES;Norte;Colisão Traseira;2;0;0;0;0;0;;;;;3;0;0;0;0
11/12/2013;11:17:00;90;Acidente sem Vítima;87,3;BR-101/ES;Norte;Colisão Transversal;2;0;0;0;0;0;;;;;2;0;0;0;0
11/12/2013;07:41:00;47;Acidente com vítima;124;BR-101/ES;Norte;Engavetamento;2;0;1;0;0;0;;;;;1;2;0;0;0
11/12/2013;12:03:00;104;Acidente sem Vítima;162;BR-101/ES;Norte;Colisão Lateral;2;0;0;0;0;0;;;;;2;0;0;0;0
11/12/2013;20:33:00;192;Atropelamento com Morte;197,8;BR-101/ES;Sul;Atropelamento;0;0;0;0;0;1;;;;;0;0;0;0;1
11/12/2013;06:03:00;40;Acidente com vítima;208;BR-101/ES;Norte;Colisão Lateral;1;0;0;0;0;0;;;;;0;1;0;0;0
11/12/2013;19:06:00;173;Acidente com vítima;239;BR-101/ES;Sul;Colisão Traseira;1;0;1;0;0;0;;;;;2;1;0;0;0
11/12/2013;12:21:00;109;Acidente sem Vítima;262;BR-101/ES;Sul;Colisão Lateral;0;0;0;1;0;0;;;;;1;0;0;0;0
11/12/2013;07:03:00;44;Acidente sem Vítima;267,9;BR-101/ES;Sul;Colisão;1;1;0;0;0;0;;;;;2;0;0;0;0
11/12/2013;23:20:00;217;Acidente sem Vítima;338;BR-101/ES;Norte;Saída de Pista;1;0;0;0;0;0;;;;;1;0;0;0;0
11/12/2013;20:30:00;191;Acidente com vítima;358;BR-101/ES;Sul;Colisão;2;0;1;0;0;0;;;;;0;1;0;0;0
11/12/2013;22:32:00;212;Acidente com vítima;383;BR-101/ES;Sul;Queda de Moto;0;0;0;1;0;0;;;;;0;2;0;0;0
11/12/2013;07:45:00;48;Acidente sem Vítima;431;BR-101/ES;Sul;Saída de Pista;0;0;1;0;0;0;;;;;1;0;0;0;0
12/12/2013;13:05:00;89;Acidente com Morte;52;BR-101/ES;Sul;Choque;1;0;0;0;0;0;;;;;0;0;1;0;1
12/12/2013;08:08:00;39;Acidente sem Vítima;168;BR-101/ES;Norte;Colisão Lateral;0;0;2;0;0;0;;;;;2;0;0;0;0
12/12/2013;07:59:00;37;Acidente com Morte;230;BR-101/ES;Norte;Colisão Lateral;1;0;1;0;0;0;;;;;0;0;0;0;2
12/12/2013;08:56:00;46;Acidente sem Vítima;255;BR-101/ES;Norte;Colisão Traseira;1;0;1;0;0;0;;;;;1;0;0;0;0
12/12/2013;02:00:00;8;Acidente sem Vítima;257;BR-101/ES;Sul;Saída de Pista;1;0;0;0;0;0;;;;;1;0;0;0;0
12/12/2013;00:43:00;5;Acidente sem Vítima;258;BR-101/ES;Sul;Saída de Pista;1;0;0;0;0;0;;;;;1;0;0;0;0
12/12/2013;03:48:00;27;Acidente sem Vítima;258;BR-101/ES;Sul;Saída de Pista;1;0;0;0;0;0;;;;;1;0;0;0;0
12/12/2013;23:27:00;180;Acidente sem Vítima;260;BR-101/ES;Norte;Colisão Traseira;2;0;0;0;0;0;;;;;2;0;0;0;0
12/12/2013;09:21:00;56;Acidente sem Vítima;262;BR-101/ES;Norte;Capotamento;1;0;0;0;0;0;;;;;1;0;0;0;0
12/12/2013;04:28:00;33;Acidente sem Vítima;264;BR-101/ES;Sul;Saída de Pista;0;0;0;0;0;1;;;;;0;0;0;0;0
12/12/2013;21:32:00;167;Acidente com vítima;323;BR-101/ES;Sul;Saída de Pista;1;0;0;0;0;0;;;;;0;1;0;0;0
12/12/2013;03:12:00;19;Acidente sem Vítima;340;BR-101/ES;Norte;Atropelamento - Bovino;1;0;0;0;0;0;;;;;1;0;0;0;0
12/12/2013;16:17:00;113;Acidente com vítima;354;BR-101/ES;Sul;Capotamento;1;0;0;0;0;0;;;;;0;2;0;0;0
12/12/2013;15:14:00;108;Acidente sem Vítima;372;BR-101/ES;Sul;Engavetamento;0;0;3;0;0;0;;;;;0;0;0;0;0
12/12/2013;22:05:00;170;Acidente sem Vítima;434;BR-101/ES;Norte;Colisão Lateral;1;0;1;0;0;0;;;;;2;0;0;0;0
12/12/2013;08:32:00;44;Acidente sem Vítima;952;BR-101/BA;Norte;Atropelamento - Bovino;0;0;2;0;0;0;;;;;0;0;0;0;0
13/12/2013;05:19:00;43;Acidente sem Vítima;143,5;BR-101/ES;Norte;Colisão Lateral;0;0;2;0;0;0;;;;;2;0;0;0;0
13/12/2013;14:42:00;138;Acidente sem Vítima;148;BR-101/ES;Sul;Colisão;2;0;0;1;0;0;;;;;3;0;0;0;0
13/12/2013;00:34:00;6;Acidente com vítima;247;BR-101/ES;Sul;Capotamento;1;0;0;0;0;0;;;;;4;1;0;0;0
13/12/2013;07:55:00;68;Acidente sem Vítima;259;BR-101/ES;Norte;Colisão Lateral;1;0;1;0;0;0;;;;;2;0;0;0;0
13/12/2013;16:49:00;154;Acidente com vítima;259;BR-101/ES;Norte;Capotamento;1;0;0;0;0;0;;;;;0;0;1;0;0
13/12/2013;20:58:00;208;Acidente sem Vítima;260;BR-101/ES;Sul;Saída de Pista;1;0;0;0;0;0;;;;;1;0;0;0;0
13/12/2013;17:54:00;167;Acidente com vítima;261;BR-101/ES;Sul;Colisão Traseira;0;0;0;1;0;0;;;;;0;1;0;0;0
13/12/2013;00:23:00;4;Acidente sem Vítima;267;BR-101/ES;Sul;Choque com Objeto Fixo;0;0;1;0;0;0;;;;;0;0;0;0;0
13/12/2013;18:32:00;173;Acidente sem Vítima;335;BR-101/ES;Sul;Colisão Traseira;2;0;0;0;0;0;;;;;2;0;0;0;0
13/12/2013;06:49:00;59;Acidente com vítima;425;BR-101/ES;Sul;Tombamento;1;0;0;0;0;0;;;;;0;1;0;0;0
13/12/2013;16:50:00;155;Acidente sem Vítima;448;BR-101/ES;Sul;Tombamento;1;0;0;0;0;0;;;;;1;0;0;0;0
13/12/2013;21:24:00;214;Acidente sem Vítima;956,5;BR-101/BA;Norte;Saída de Pista;1;0;0;0;0;0;;;;;1;0;0;0;0
14/12/2013;06:29:00;55;Acidente com vítima;19;BR-101/ES;Sul;Queda de Moto;0;0;0;1;0;0;;;;;0;1;0;0;0
14/12/2013;03:31:00;30;Acidente sem Vítima;142;BR-101/ES;Sul;Choque;1;0;0;0;0;0;;;;;1;0;0;0;0
14/12/2013;14:21:00;123;Acidente com vítima;165;BR-101/ES;Norte;Capotamento;1;0;0;0;0;0;;;;;1;1;1;0;0
14/12/2013;10:54:00;84;Acidente sem Vítima;211;BR-101/ES;Sul;Engavetamento;3;0;0;0;0;0;;;;;3;0;0;0;0
14/12/2013;05:08:00;44;Acidente sem Vítima;218;BR-101/ES;Sul;Saída de Pista;1;0;0;0;0;0;;;;;2;0;0;0;0
14/12/2013;12:59:00;111;Acidente com vítima;253;BR-101/ES;Sul;Colisão Traseira;0;0;1;1;0;0;;;;;1;0;0;1;0
14/12/2013;13:36:00;116;Acidente sem Vítima;253;BR-101/ES;Sul;Colisão Lateral;1;0;1;0;0;0;;;;;0;0;0;0;0
14/12/2013;21:39:00;185;Acidente com vítima;255;BR-101/ES;Sul;Choque;1;0;0;0;0;0;;;;;1;1;0;0;0