data;horario;n_da_ocorrencia;tipo_de_ocorrencia;km;trecho;sentido;tipo_de_acidente;automovel;bicicleta;caminhao;moto;onibus;outros;tracao_animal;transporte_de_cargas_especiais;trator_maquinas;utilitarios;ilesos;levemente_feridos;moderadamente_feridos;gravemente_feridos;mortos
31/12/2013;19:20:00;217;Acidente com vítima;202;BR-101/ES;Norte;Colisão Frontal;0;0;2;1;0;0;;;;;1;1;0;0;0
31/12/2013;15:16:00;180;Acidente sem Vítima;228,5;BR-101/ES;Sul;Colisão Traseira;2;0;0;0;0;0;;;;;0;0;0;0;0
31/12/2013;14:12:00;173;Acidente sem Vítima;300;BR-101/ES;Norte;Colisão Traseira;0;0;1;0;0;0;;;;;1;0;0;0;0
31/12/2013;05:09:00;60;Acidente sem Vítima;358;BR-101/ES;Norte;Saída de Pista;1;0;0;0;0;0;;;;;1;0;0;0;0
01/01/2014;11:28:00;97;Acidente com vítima;308;BR-101/ES;Sul;Engavetamento;3;0;0;0;0;0;;;;;0;1;0;0;0
01/01/2014;18:31:00;182;Acidente com vítima;354,2;BR-101/ES;Norte;Queda de Moto;0;0;0;1;0;0;;;;;0;1;0;0;0
02/01/2014;11:30:00;122;Acidente sem Vítima;28,3;BR-101/ES;Sul;Colisão Lateral;2;0;0;0;0;0;;;;;4;0;0;0;0
02/01/2014;07:48:00;68;Acidente sem Vítima;134;BR-101/ES;Norte;Saída de Pista;1;0;0;0;0;0;;;;;3;0;0;0;0
02/01/2014;21:30:00;219;Acidente sem Vítima;138;BR-101/ES;Sul;Atropelamento - Animal;1;0;0;0;0;0;;;;;1;0;0;0;0
02/01/2014;20:08:00;202;Acidente sem Vítima;144,5;BR-101/ES;Norte;Colisão Lateral;0;0;0;2;0;0;;;;;1;0;0;0;0
02/01/2014;17:35:00;172;Acidente sem Vítima;147;BR-101/ES;Norte;Colisão Lateral;1;0;1;0;0;0;;;;;2;0;0;0;0
02/01/2014;15:50:00;151;Acidente com vítima;154;BR-101/ES;Norte;Engavetamento;1;0;2;0;0;0;;;;;1;3;0;0;0
02/01/2014;21:46:00;224;Acidente sem Vítima;164;BR-101/ES;Norte;Colisão Traseira;1;0;0;0;0;0;;;;;1;0;0;0;0
02/01/2014;06:47:00;60;Acidente com vítima;187;BR-101/ES;Norte;Colisão Frontal;2;0;0;1;0;0;;;;;2;1;0;0;0
02/01/2014;20:57:00;211;Acidente com vítima;203;BR-101/ES;Sul;Colisão Lateral;0;0;0;1;0;0;;;;;0;0;1;0;0
02/01/2014;13:45:00;142;Acidente sem Vítima;214;BR-101/ES;Norte;Colisão Traseira;2;0;0;0;0;0;;;;;2;0;0;0;0
02/01/2014;12:57:00;131;Acidente com vítima;240;BR-101/ES;Sul;Colisão Lateral;1;0;1;0;0;0;;;;;4;2;0;0;0
02/01/2014;10:30:00;112;Acidente sem Vítima;254;BR-101/ES;Norte;Colisão Traseira;2;0;0;0;0;0;;;;;2;0;0;0;0
02/01/2014;21:32:00;220;Acidente sem Vítima;334;BR-101/ES;Norte;Choque com Objeto Fixo;1;0;0;0;0;0;;;;;1;0;0;0;0
02/01/2014;09:50:00;102;Acidente com vítima;370;BR-101/ES;Sul;Colisão Traseira;1;0;0;0;0;1;;;;;0;2;0;0;0
02/01/2014;07:56:00;72;Acidente sem Vítima;374;BR-101/ES;Sul;Colisão Lateral;2;0;0;0;0;0;;;;;0;0;0;0;0
03/01/2014;02:14:00;33;Acidente com Morte;41,7;BR-101/ES;Norte;Colisão Frontal;1;0;1;0;0;0;;;;;1;1;0;0;4
03/01/2014;03:33:00;43;Acidente com vítima;42;BR-101/ES;Norte;Colisão Traseira;0;0;5;0;0;0;;;;;1;1;0;0;0
03/01/2014;15:19:00;150;Acidente sem Vítima;163;BR-101/ES;Sul;Colisão Lateral;0;0;2;1;0;0;;;;;2;0;0;0;0
03/01/2014;15:54:00;157;Acidente sem Vítima;168;BR-101/ES;Norte;Saída de Pista;1;0;0;0;0;0;;;;;1;0;0;0;0
03/01/2014;11:17:00;116;Acidente sem Vítima;216;BR-101/ES;Norte;Colisão Lateral;1;0;0;0;0;0;;;;;0;0;0;0;0
03/01/2014;09:51:00;104;Acidente com vítima;217;BR-101/ES;Norte;Choque com Objeto Fixo;0;0;2;0;0;0;;;;;0;0;1;0;0
03/01/2014;12:27:00;128;Acidente sem Vítima;221;BR-101/ES;Norte;Colisão Traseira;2;0;1;0;0;0;;;;;3;0;0;0;0
03/01/2014;12:15:00;126;Acidente sem Vítima;330;BR-101/ES;Norte;Tombamento;0;0;2;0;0;0;;;;;0;0;0;0;0
03/01/2014;06:15:00;62;Acidente sem Vítima;949,1;BR-101/BA;Norte;Capotamento;1;0;0;0;0;0;;;;;5;0;0;0;0
04/01/2014;19:04:00;162;Acidente sem Vítima;35;BR-101/ES;Sul;Choque com Objeto Fixo;1;0;0;0;0;0;;;;;1;0;0;0;0
04/01/2014;16:57:00;144;Acidente sem Vítima;49;BR-101/ES;Sul;Colisão;1;0;2;0;0;0;;;;;3;0;0;0;0
04/01/2014;13:12:00;113;Acidente sem Vítima;114;BR-101/ES;Sul;Colisão Traseira;1;0;1;0;0;0;;;;;2;0;0;0;0
04/01/2014;18:42:00;158;Acidente com vítima;145;BR-101/ES;Norte;Colisão Lateral;0;0;0;2;0;0;;;;;1;1;0;0;0
04/01/2014;16:29:00;138;Acidente sem Vítima;170;BR-101/ES;Norte;Saída de Pista;1;0;0;0;0;0;;;;;1;0;0;0;0
04/01/2014;17:28:00;147;Acidente sem Vítima;170;BR-101/ES;Norte;Colisão Traseira;2;0;0;0;0;0;;;;;2;0;0;0;0
04/01/2014;19:45:00;169;Acidente sem Vítima;253;BR-101/ES;Norte;Colisão;0;0;0;0;0;1;;;;;0;0;0;0;0
04/01/2014;07:21:00;38;Acidente sem Vítima;331;BR-101/ES;Sul;Saída de Pista;0;0;0;0;1;0;;;;;1;0;0;0;0
04/01/2014;08:42:00;56;Acidente sem Vítima;385;BR-101/ES;Sul;Colisão;2;0;0;0;0;0;;;;;5;0;0;0;0
05/01/2014;09:28:00;66;Acidente sem Vítima;102,3;BR-101/ES;Sul;Engavetamento;4;0;0;0;0;0;;;;;10;0;0;0;0
05/01/2014;16:52:00;156;Acidente com vítima;122;BR-101/ES;Norte;Colisão Frontal;1;0;4;0;0;0;;;;;3;1;2;0;0
05/01/2014;19:28:00;184;Acidente com vítima;130;BR-101/ES;Sul;Colisão Traseira;1;0;0;1;0;0;;;;;0;1;0;0;0
05/01/2014;17:18:00;160;Acidente sem Vítima;252;BR-101/ES;Sul;Engavetamento;3;0;0;0;0;0;;;;;12;0;0;0;0
05/01/2014;19:02:00;181;Acidente sem Vítima;252;BR-101/ES;Sul;Colisão Traseira;2;0;0;0;0;0;;;;;0;0;0;0;0
05/01/2014;17:45:00;169;Acidente com vítima;317;BR-101/ES;Norte;Colisão Lateral;2;0;0;0;0;0;;;;;0;1;0;0;0
05/01/2014;06:26:00;45;Acidente sem Vítima;320,5;BR-101/ES;Sul;Colisão Lateral;2;0;0;0;0;0;;;;;2;0;0;0;0
05/01/2014;13:44:00;121;Acidente com vítima;321;BR-101/ES;Sul;Colisão Traseira;1;0;0;1;0;0;;;;;1;1;0;0;0
05/01/2014;02:27:00;17;Acidente sem Vítima;366,2;BR-101/ES;Norte;Saída de Pista;1;0;0;0;0;0;;;;;3;0;0;0;0
05/01/2014;08:59:00;58;Acidente sem Vítima;369;BR-101/ES;Sul;Colisão Lateral;2;0;0;0;0;0;;;;;3;0;0;0;0
05/01/2014;12:56:00;112;Acidente sem Vítima;411,7;BR-101/ES;Sul;Colisão Traseira;2;0;0;0;0;0;;;;;2;0;0;0;0
06/01/2014;10:54:00;119;Acidente com vítima;58,5;BR-101/ES;Sul;Colisão Traseira;1;0;1;0;0;0;;;;;1;2;0;0;0
06/01/2014;18:28:00;214;Acidente com vítima;141;BR-101/ES;Norte;Colisão Lateral;1;0;1;0;0;0;;;;;1;1;0;0;0
06/01/2014;18:04:00;208;Acidente sem Vítima;175;BR-101/ES;Sul;Colisão;0;0;0;0;0;1;;;;;0;0;0;0;0
06/01/2014;17:41:00;203;Acidente com vítima;201;BR-101/ES;Norte;Colisão Frontal;1;0;2;0;0;0;;;;;1;1;0;0;0
06/01/2014;08:05:00;78;Acidente sem Vítima;259;BR-101/ES;Sul;Engavetamento;1;0;1;1;0;0;;;;;2;0;0;0;0
06/01/2014;08:44:00;87;Acidente sem Vítima;259;BR-101/ES;Norte;Colisão Traseira;2;0;0;0;0;0;;;;;2;0;0;0;0
06/01/2014;02:56:00;26;Acidente com vítima;369;BR-101/ES;Norte;Saída de Pista;1;0;0;0;0;0;;;;;3;0;1;0;0
06/01/2014;05:27:00;52;Acidente sem Vítima;436;BR-101/ES;Norte;Veículo em Chamas;0;0;2;0;0;0;;;;;2;0;0;0;0
07/01/2014;23:18:00;188;Acidente sem Vítima;8;BR-101/ES;Sul;Tombamento;0;0;1;0;0;0;;;;;1;0;0;0;0
07/01/2014;09:20:00;74;Acidente sem Vítima;61;BR-101/ES;Sul;Colisão Traseira;1;0;0;1;0;0;;;;;0;0;0;0;0
07/01/2014;22:36:00;184;Acidente sem Vítima;66;BR-101/ES;Norte;Colisão;1;0;0;1;0;0;;;;;0;0;0;0;0
07/01/2014;17:44:00;129;Acidente sem Vítima;69;BR-101/ES;Norte;Engavetamento;5;0;0;0;0;0;;;;;11;0;0;0;0
07/01/2014;03:31:00;34;Acidente sem Vítima;90;BR-101/ES;Sul;Atropelamento - Animal;1;0;0;0;0;0;;;;;0;0;0;0;0
07/01/2014;15:49:00;116;Acidente com vítima;132;BR-101/ES;Norte;Engavetamento;3;0;0;0;0;0;;;;;3;1;0;0;0
07/01/2014;14:28:00;90;Acidente com vítima;164;BR-101/ES;Sul;Saída de Pista;1;0;0;0;0;0;;;;;1;1;0;0;0
07/01/2014;17:30:00;127;Acidente com vítima;164;BR-101/ES;Sul;Saída de Pista;1;0;0;0;0;0;;;;;1;1;0;0;0
07/01/2014;14:45:00;104;Acidente com vítima;210;BR-101/ES;Norte;Colisão Frontal;4;0;4;0;0;0;;;;;5;3;0;0;0
07/01/2014;14:23:00;88;Acidente sem Vítima;240;BR-101/ES;Sul;Colisão Traseira;2;0;0;0;0;0;;;;;2;0;0;0;0
07/01/2014;17:05:00;124;Acidente sem Vítima;265;BR-101/ES;Norte;Colisão Traseira;2;0;0;0;0;0;;;;;3;0;0;0;0
07/01/2014;18:16:00;135;Acidente sem Vítima;297;BR-101/ES;Norte;Colisão Lateral;1;0;0;0;0;0;;;;;1;0;0;0;0
07/01/2014;16:22:00;120;Acidente com vítima;369;BR-101/ES;Norte;Capotamento;1;0;0;0;0;0;;;;;0;1;0;0;0
07/01/2014;15:04:00;113;Acidente sem Vítima;390;BR-101/ES;Norte;Colisão Traseira;1;0;1;0;0;0;;;;;2;0;0;0;0
08/01/2014;09:51:00;85;Acidente sem Vítima;8,3;BR-101/ES;Norte;Veículo em Chamas;1;0;1;0;0;0;;;;;0;0;0;0;0
08/01/2014;19:37:00;189;Acidente sem Vítima;129;BR-101/ES;Norte;Saída de Pista;1;0;0;0;0;0;;;;;2;0;0;0;0
08/01/2014;23:25:00;229;Acidente sem Vítima;145;BR-101/ES;Sul;Saída de Pista;1;0;0;0;0;0;;;;;0;0;0;0;0
08/01/2014;23:50:00;232;Acidente com vítima;145;BR-101/ES;Sul;Queda de Moto;0;0;0;1;0;0;;;;;0;0;1;0;0
08/01/2014;17:45:00;171;Acidente sem Vítima;209;BR-101/ES;Norte;Colisão Lateral;1;0;1;0;0;0;;;;;2;0;0;0;0
08/01/2014;13:13:00;122;Acidente sem Vítima;240;BR-101/ES;Sul;Colisão Traseira;2;0;0;0;0;0;;;;;2;0;0;0;0
08/01/2014;11:54:00;97;Acidente sem Vítima;247;BR-101/ES;Norte;Colisão Lateral;0;0;2;0;0;0;;;;;2;0;0;0;0
08/01/2014;07:15:00;57;Acidente sem Vítima;262;BR-101/ES;Norte;Atropelamento - Equino;1;0;0;0;0;0;;;;;1;0;0;0;0
08/01/2014;16:58:00;165;Acidente sem Vítima;263,8;BR-101/ES;Norte;Colisão Lateral;1;0;2;0;0;0;;;;;2;0;0;0;0
08/01/2014;13:01:00;116;Acidente sem Vítima;307;BR-101/ES;Norte;Engavetamento;0;0;2;0;1;0;;;;;2;0;0;0;0
08/01/2014;08:46:00;73;Acidente sem Vítima;374;BR-101/ES;Sul;Engavetamento;2;0;1;0;0;0;;;;;2;0;0;0;0
08/01/2014;18:55:00;183;Acidente sem Vítima;385;BR-101/ES;Sul;Colisão;1;0;2;0;0;0;;;;;1;0;0;0;0
09/01/2014;13:03:00;157;Acidente sem Vítima;148;BR-101/ES;Norte;Colisão Lateral;1;0;1;0;0;0;;;;;1;0;0;0;0
09/01/2014;14:18:00;173;Acidente com vítima;165;BR-101/ES;Sul;Colisão Frontal;1;0;0;1;0;0;;;;;1;0;1;0;0
09/01/2014;22:58:00;263;Acidente sem Vítima;166;BR-101/ES;Norte;Colisão;1;0;2;0;0;0;;;;;3;0;0;0;0
09/01/2014;14:20:00;174;Acidente com vítima;194;BR-101/ES;Norte;Engavetamento;2;0;2;0;0;0;;;;;2;2;0;0;0
09/01/2014;19:56:00;224;Acidente com vítima;203;BR-101/ES;Sul;Colisão Lateral;3;0;0;0;0;0;;;;;2;1;0;0;0
09/01/2014;08:04:00;80;Acidente sem Vítima;211;BR-101/ES;Sul;Saída de Pista;0;0;1;0;0;0;;;;;1;0;0;0;0
09/01/2014;10:56:00;123;Acidente com vítima;211;BR-101/ES;Sul;Colisão Frontal;1;0;1;0;0;0;;;;;1;1;0;0;0
09/01/2014;15:38:00;179;Acidente sem Vítima;217;BR-101/ES;Norte;Colisão Traseira;1;0;0;1;0;0;;;;;2;0;0;0;0
09/01/2014;11:01:00;126;Acidente com vítima;253;BR-101/ES;Sul;Saída de Pista;0;0;0;1;0;0;;;;;0;2;0;0;0
09/01/2014;21:39:00;248;Acidente com vítima;258;BR-101/ES;Norte;Tombamento;0;0;2;0;0;0;;;;;0;1;0;0;0
09/01/2014;09:09:00;97;Acidente sem Vítima;259;BR-101/ES;Norte;Colisão Traseira;0;0;1;0;1;0;;;;;2;0;0;0;0
09/01/2014;08:12:00;86;Acidente sem Vítima;265;BR-101/ES;Sul;Colisão;1;0;1;0;0;0;;;;;0;0;0;0;0
09/01/2014;16:07:00;183;Acidente sem Vítima;333;BR-101/ES;Norte;Colisão;2;0;0;0;0;0;;;;;2;0;0;0;0
09/01/2014;06:47:00;71;Acidente sem Vítima;368;BR-101/ES;Norte;Colisão Lateral;0;0;0;0;1;0;;;;;1;0;0;0;0
09/01/2014;17:27:00;198;Acidente sem Vítima;951,6;BR-101/BA;Sul;Colisão Lateral;2;0;0;0;0;0;;;;;2;0;0;0;0
10/01/2014;14:27:00;175;Acidente com vítima;14;BR-101/ES;Norte;Tombamento;0;0;1;0;0;0;;;;;0;1;0;0;0
10/01/2014;15:26:00;183;Acidente sem Vítima;68,8;BR-101/ES;Norte;Colisão Traseira;2;0;0;0;0;0;;;;;2;0;0;0;0
10/01/2014;21:23:00;260;Acidente sem Vítima;101;BR-101/ES;Norte;Colisão Traseira;2;0;1;0;0;0;;;;;3;0;0;0;0
10/01/2014;06:13:00;85;Acidente sem Vítima;143;BR-101/ES;Sul;Colisão Traseira;2;0;0;0;0;0;;;;;2;0;0;0;0
10/01/2014;18:20:00;216;Acidente com vítima;168;BR-101/ES;Norte;Saída de Pista;0;0;1;0;0;0;;;;;1;2;0;0;0
10/01/2014;19:18:00;227;Acidente com vítima;203;BR-101/ES;Norte;Colisão Lateral;2;0;0;0;0;0;;;;;1;2;0;0;0
10/01/2014;08:51:00;106;Acidente com vítima;210;BR-101/ES;Norte;Saída de Pista;1;0;0;0;0;0;;;;;0;0;2;0;0
10/01/2014;13:46:00;164;Acidente sem Vítima;230;BR-101/ES;Sul;Tombamento;0;0;1;0;0;0;;;;;1;0;0;0;0
10/01/2014;17:17:00;203;Acidente sem Vítima;230;BR-101/ES;Sul;Colisão Traseira;2;0;0;0;0;0;;;;;2;0;0;0;0
10/01/2014;16:23:00;197;Acidente com vítima;246;BR-101/ES;Norte;Colisão Frontal;0;0;3;0;0;0;;;;;2;1;0;0;0
10/01/2014;06:59:00;92;Acidente sem Vítima;263,5;BR-101/ES;Norte;Colisão;2;0;0;0;0;0;;;;;2;0;0;0;0
10/01/2014;04:11:00;64;Acidente sem Vítima;296;BR-101/ES;Sul;Colisão Traseira;1;0;0;0;0;0;;;;;0;0;0;0;0
10/01/2014;14:58:00;179;Acidente sem Vítima;311,9;BR-101/ES;Sul;Engavetamento;1;0;3;0;0;0;;;;;4;0;0;0;0
10/01/2014;17:17:00;202;Acidente sem Vítima;327;BR-101/ES;Norte;Colisão Traseira;2;0;0;0;0;0;;;;;2;0;0;0;0
10/01/2014;15:29:00;184;Acidente sem Vítima;376;BR-101/ES;Sul;Colisão Traseira;0;0;2;0;0;0;;;;;2;0;0;0;0
11/01/2014;10:55:00;148;Acidente sem Vítima;65,9;BR-101/ES;Norte;Colisão Traseira;0;0;2;0;0;0;;;;;2;0;0;0;0
11/01/2014;01:37:00;20;Acidente com vítima;85;BR-101/ES;Sul;Capotamento;1;0;0;0;0;0;;;;;2;2;0;0;0
11/01/2014;06:34:00;94;Acidente sem Vítima;85;BR-101/ES;Norte;Colisão Traseira;2;0;0;0;0;0;;;;;3;0;0;0;0
11/01/2014;09:02:00;122;Atropelamento sem Morte;108,5;BR-101/ES;Norte;Atropelamento;1;0;0;0;0;0;;;;;1;1;0;0;0
11/01/2014;08:33:00;115;Acidente com Morte;174;BR-101/ES;Sul;Colisão Frontal;0;0;1;1;0;0;;;;;1;0;0;0;1
11/01/2014;02:19:00;35;Acidente com vítima;194;BR-101/ES;Sul;Capotamento;1;0;0;0;0;0;;;;;0;1;0;0;0
11/01/2014;03:18:00;45;Acidente sem Vítima;202;BR-101/ES;Norte;Atropelamento - Animal;1;0;0;0;0;0;;;;;0;0;0;0;0
11/01/2014;01:17:00;17;Acidente sem Vítima;238;BR-101/ES;Norte;Colisão Lateral;1;0;1;0;0;0;;;;;5;0;0;0;0
11/01/2014;07:19:00;98;Acidente sem Vítima;267;BR-101/ES;Sul;Colisão Traseira;2;0;0;0;0;0;;;;;3;0;0;0;0
11/01/2014;10:59:00;152;Acidente sem Vítima;368;BR-101/ES;Norte;Colisão;1;0;0;0;0;0;;;;;2;0;0;0;0
11/01/2014;05:54:00;90;Acidente com vítima;405,5;BR-101/ES;Norte;Capotamento;1;0;0;0;0;0;;;;;0;1;0;0;0
11/01/2014;09:16:00;127;Acidente com vítima;455;BR-101/ES;Sul;Colisão Lateral;0;0;3;0;0;0;;;;;2;0;1;0;0
12/01/2014;14:09:00;197;Acidente com vítima;73;BR-101/ES;Norte;Queda de Moto;0;0;0;1;0;0;;;;;0;0;0;2;0
12/01/2014;17:57:00;237;Acidente sem Vítima;135;BR-101/ES;Norte;Queda de Moto;0;0;0;1;0;0;;;;;0;0;0;0;0
12/01/2014;00:17:00;9;Acidente sem Vítima;143;BR-101/ES;Sul;Saída de Pista;1;0;0;0;0;0;;;;;1;0;0;0;0
12/01/2014;00:55:00;18;Acidente sem Vítima;181;BR-101/ES;Sul;Veículo em Chamas;0;0;0;0;1;0;;;;;0;0;0;0;0
12/01/2014;01:39:00;44;Acidente com vítima;193;BR-101/ES;Sul;Colisão Lateral;1;0;0;1;0;0;;;;;1;1;0;0;0
12/01/2014;01:30:00;40;Acidente sem Vítima;253;BR-101/ES;Sul;Colisão Traseira;3;0;0;0;0;0;;;;;0;0;0;0;0
12/01/2014;17:04:00;227;Acidente sem Vítima;256;BR-101/ES;Sul;Choque com Objeto Fixo;1;0;0;0;0;0;;;;;0;0;0;0;0
12/01/2014;07:57:00;124;Acidente sem Vítima;262;BR-101/ES;Norte;Colisão Transversal;1;0;0;1;0;0;;;;;2;0;0;0;0
12/01/2014;21:18:00;285;Acidente com vítima;266;BR-101/ES;Norte;Colisão Lateral;2;0;0;0;0;0;;;;;0;2;0;0;0
12/01/2014;13:17:00;191;Acidente com Morte;299;BR-101/ES;Sul;Choque com Objeto Fixo;0;0;0;1;0;0;;;;;0;0;0;0;1
12/01/2014;17:48:00;236;Acidente sem Vítima;300;BR-101/ES;Norte;Choque com Objeto Fixo;1;0;0;0;0;0;;;;;1;0;0;0;0
12/01/2014;01:40:00;45;Acidente sem Vítima;302;BR-101/ES;Sul;Saída de Pista;1;0;0;0;0;0;;;;;1;0;0;0;0
12/01/2014;00:39:00;13;Acidente sem Vítima;335;BR-101/ES;Norte;Saída de Pista;1;0;0;0;0;0;;;;;5;0;0;0;0
13/01/2014;17:35:00;176;Acidente sem Vítima;54;BR-101/ES;Norte;Saída de Pista;1;0;0;0;0;0;;;;;3;0;0;0;0
13/01/2014;17:19:00;173;Acidente com Morte;128;BR-101/ES;Sul;Colisão Frontal;1;0;3;0;0;0;;;;;1;0;0;0;1
13/01/2014;19:30:00;205;Acidente sem Vítima;144;BR-101/ES;Norte;Colisão Lateral;1;0;1;0;0;0;;;;;1;0;0;0;0
13/01/2014;08:01:00;43;Acidente com vítima;260;BR-101/ES;Sul;Colisão;1;0;0;1;0;0;;;;;1;1;0;0;0
13/01/2014;12:42:00;140;Acidente sem Vítima;260;BR-101/ES;Norte;Colisão Transversal;1;0;1;0;0;0;;;;;2;0;0;0;0
13/01/2014;13:38:00;158;Acidente sem Vítima;262;BR-101/ES;Norte;Abalroamento - Mesmo Sentido;1;0;0;0;1;0;;;;;2;0;0;0;0
13/01/2014;21:21:00;235;Atropelamento sem Morte;264;BR-101/ES;Sul;Atropelamento;0;0;0;0;0;1;;;;;0;1;0;0;0
13/01/2014;10:17:00;89;Acidente com vítima;302;BR-101/ES;Sul;Colisão Lateral;0;0;1;1;0;0;;;;;0;0;1;0;0
13/01/2014;18:01:00;184;Acidente sem Vítima;327;BR-101/ES;Sul;Engavetamento;0;0;3;0;0;0;;;;;3;0;0;0;0
14/01/2014;20:28:00;316;Acidente sem Vítima;251;BR-101/ES;Sul;Colisão Traseira;1;0;2;0;0;0;;;;;5;0;0;0;0
14/01/2014;10:26:00;165;Acidente sem Vítima;261;BR-101/ES;Sul;Colisão Lateral;1;0;1;0;0;0;;;;;2;0;0;0;0
14/01/2014;18:54:00;287;Acidente sem Vítima;263;BR-101/ES;Sul;Colisão Lateral;1;0;1;0;0;0;;;;;0;0;0;0;0
14/01/2014;09:18:00;146;Acidente sem Vítima;264;BR-101/ES;Norte;Colisão Traseira;2;0;0;0;0;0;;;;;2;0;0;0;0
14/01/2014;16:48:00;262;Acidente sem Vítima;267;BR-101/ES;Norte;Colisão;1;0;1;0;0;0;;;;;2;0;0;0;0
14/01/2014;16:49:00;263;Acidente sem Vítima;326;BR-101/ES;Sul;Colisão Traseira;1;0;0;0;0;0;;;;;1;0;0;0;0
14/01/2014;00:31:00;5;Acidente com vítima;383;BR-101/ES;Norte;Saída de Pista;1;0;0;0;0;0;;;;;1;1;0;0;0
14/01/2014;16:44:00;261;Acidente sem Vítima;436;BR-101/ES;Norte;Saída de Pista;0;0;1;0;0;0;;;;;2;0;0;0;0
15/01/2014;20:21:00;284;Acidente com vítima;1;BR-101/ES;Norte;Queda de Moto;0;0;0;1;0;0;;;;;0;1;1;0;0
15/01/2014;17:41:00;232;Acidente sem Vítima;140;BR-101/ES;Sul;Colisão;2;0;0;0;0;0;;;;;1;0;0;0;0
15/01/2014;00:47:00;18;Acidente sem Vítima;150,5;BR-101/ES;Norte;Atropelamento - Bubalino;0;0;3;0;0;0;;;;;2;0;0;0;0
15/01/2014;02:52:00;52;Acidente com vítima;155;BR-101/ES;Norte;Atropelamento - Bubalino;1;0;0;0;0;0;;;;;1;1;0;0;0
15/01/2014;21:28:00;300;Acidente com vítima;262;BR-101/ES;Norte;Colisão Lateral;1;0;0;1;0;0;;;;;0;2;0;0;0
15/01/2014;08:08:00;107;Acidente sem Vítima;264;BR-101/ES;Norte;Colisão Traseira;2;0;0;0;0;0;;;;;2;0;0;0;0
15/01/2014;16:18:00;212;Acidente sem Vítima;266;BR-101/ES;Sul;Colisão Lateral;1;0;0;1;0;0;;;;;3;0;0;0;0
15/01/2014;01:14:00;26;Acidente sem Vítima;268;BR-101/ES;Sul;Saída de Pista;0;0;0;0;0;1;;;;;0;0;0;0;0
15/01/2014;10:18:00;127;Acidente sem Vítima;295;BR-101/ES;Norte;Colisão Lateral;2;0;0;0;0;0;;;;;2;0;0;0;0
15/01/2014;22:00:00;308;Acidente sem Vítima;338;BR-101/ES;Sul;Saída de Pista;0;0;0;0;0;1;;;;;0;0;0;0;0
15/01/2014;14:57:00;192;Acidente sem Vítima;373;BR-101/ES;Sul;Engavetamento;1;0;3;0;0;0;;;;;3;0;0;0;0
15/01/2014;19:59:00;272;Acidente com vítima;436;BR-101/ES;Norte;Colisão;1;0;0;1;0;0;;;;;4;1;0;0;0
16/01/2014;17:19:00;276;Acidente com vítima;10;BR-101/ES;Norte;Queda de Moto;0;0;0;1;0;0;;;;;1;1;0;0;0
16/01/2014;10:24:00;156;Acidente sem Vítima;19;BR-101/ES;Norte;Veículo em Chamas;0;0;1;0;0;0;;;;;1;0;0;0;0
16/01/2014;10:47:00;160;Acidente com vítima;33;BR-101/ES;Sul;Queda de Moto;0;0;0;1;0;0;;;;;0;2;0;0;0
16/01/2014;10:51:00;164;Acidente sem Vítima;80;BR-101/ES;Norte;Saída de Pista;1;0;0;0;0;0;;;;;1;0;0;0;0
16/01/2014;17:57:00;287;Acidente sem Vítima;86;BR-101/ES;Norte;Colisão Traseira;2;0;0;0;0;0;;;;;2;0;0;0;0
16/01/2014;16:43:00;263;Acidente sem Vítima;122;BR-101/ES;Norte;Colisão Traseira;2;0;0;0;0;0;;;;;3;0;0;0;0
16/01/2014;19:01:00;300;Atropelamento sem Morte;138;BR-101/ES;Sul;Atropelamento;0;0;0;1;0;0;;;;;0;0;1;1;0
16/01/2014;19:45:00;318;Acidente com vítima;167;BR-101/ES;Norte;Queda de Moto;0;0;2;1;0;0;;;;;1;1;0;0;0
16/01/2014;07:48:00;116;Acidente sem Vítima;176;BR-101/ES;Sul;Colisão Frontal;2;0;0;0;0;0;;;;;2;0;0;0;0
16/01/2014;06:27:00;105;Acidente sem Vítima;204;BR-101/ES;Norte;Colisão Lateral;1;0;1;0;0;0;;;;;2;0;0;0;0
16/01/2014;23:18:00;368;Acidente com vítima;213;BR-101/ES;Sul;Colisão Lateral;0;0;3;0;0;0;;;;;2;1;0;0;0
16/01/2014;17:30:00;280;Acidente sem Vítima;262;BR-101/ES;Norte;Colisão Lateral;1;0;0;0;1;0;;;;;0;0;0;0;0
16/01/2014;08:06:00;125;Acidente com vítima;264;BR-101/ES;Norte;Colisão Traseira;1;0;0;1;0;0;;;;;1;0;1;0;0
16/01/2014;09:01:00;136;Acidente sem Vítima;264;BR-101/ES;Sul;Engavetamento;4;0;0;0;0;0;;;;;4;0;0;0;0
16/01/2014;14:26:00;237;Acidente sem Vítima;264,5;BR-101/ES;Sul;Colisão Traseira;2;0;0;0;0;0;;;;;0;0;0;0;0
16/01/2014;16:15:00;254;Acidente sem Vítima;267;BR-101/ES;Sul;Engavetamento;3;0;0;0;0;0;;;;;4;0;0;0;0
16/01/2014;17:07:00;272;Acidente sem Vítima;309;BR-101/ES;Sul;Colisão;0;0;0;0;0;1;;;;;0;0;0;0;0
16/01/2014;12:51:00;209;Acidente com vítima;379;BR-101/ES;Norte;Engavetamento;3;0;0;0;0;0;;;;;3;1;0;0;0
16/01/2014;11:23:00;174;Acidente sem Vítima;410;BR-101/ES;Norte;Colisão Lateral;1;0;1;0;0;0;;;;;2;0;0;0;0
17/01/2014;15:27:00;312;Acidente com vítima;14;BR-101/ES;Norte;Tombamento;0;0;2;0;0;0;;;;;0;2;0;1;0
17/01/2014;15:52:00;320;Acidente sem Vítima;141;BR-101/ES;Norte;Colisão Traseira;1;0;1;0;0;0;;;;;3;0;0;0;0