data;horario;n_da_ocorrencia;tipo_de_ocorrencia;km;trecho;sentido;tipo_de_acidente;automovel;bicicleta;caminhao;moto;onibus;outros;tracao_animal;transporte_de_cargas_especiais;trator_maquinas;utilitarios;ilesos;levemente_feridos;moderadamente_feridos;gravemente_feridos;mortos
25/03/2014;07:52:00;125;Acidente com vítima;102;BR-101/ES;Sul;Colisão Traseira;0;0;2;0;0;0;;;;;1;1;0;0;0
25/03/2014;09:49:00;205;Acidente sem Vítima;119;BR-101/ES;Norte;Colisão Traseira;1;0;0;0;0;1;;;;;2;0;0;0;0
25/03/2014;17:09:00;357;Acidente sem Vítima;149;BR-101/ES;Norte;Engavetamento;3;0;0;0;0;0;;;;;3;0;0;0;0
25/03/2014;16:23:00;348;Acidente com vítima;242;BR-101/ES;Norte;Queda de Moto;0;0;0;1;0;0;;;;;0;1;0;0;0
25/03/2014;14:37:00;317;Acidente com vítima;249,5;BR-101/ES;Sul;Colisão Traseira;0;0;3;0;0;0;;;;;1;1;0;0;0
25/03/2014;15:18:00;326;Acidente sem Vítima;250;BR-101/ES;Norte;Colisão Lateral;1;0;1;0;0;0;;;;;2;0;0;0;0
25/03/2014;22:26:00;479;Acidente sem Vítima;259;BR-101/ES;Norte;Queda de Moto;0;0;1;1;0;0;;;;;2;0;0;0;0
25/03/2014;16:19:00;345;Atropelamento sem Morte;265;BR-101/ES;Norte;Atropelamento;1;0;0;1;0;0;;;;;0;0;1;0;0
25/03/2014;18:15:00;380;Atropelamento sem Morte;266;BR-101/ES;Norte;Atropelamento;0;0;0;0;0;1;;;;;0;0;1;0;0
25/03/2014;07:00:00;96;Atropelamento sem Morte;270;BR-101/ES;Sul;Atropelamento;1;0;0;1;0;0;;;;;2;1;0;0;0
25/03/2014;15:14:00;324;Acidente sem Vítima;318;BR-101/ES;Sul;Colisão Traseira;2;0;0;0;0;0;;;;;2;0;0;0;0
25/03/2014;15:43:00;330;Acidente sem Vítima;318;BR-101/ES;Sul;Saída de Pista;1;0;0;0;0;0;;;;;3;0;0;0;0
25/03/2014;18:50:00;400;Acidente com vítima;328;BR-101/ES;Sul;Colisão Frontal;2;0;0;0;0;0;;;;;1;1;0;0;0
25/03/2014;18:10:00;379;Acidente sem Vítima;423;BR-101/ES;Norte;Saída de Pista;0;0;1;0;0;0;;;;;1;0;0;0;0
25/03/2014;18:07:00;378;Acidente com vítima;434;BR-101/ES;Sul;Saída de Pista;0;0;1;0;0;0;;;;;0;0;1;0;0
25/03/2014;00:06:00;2;Acidente com Morte;458;BR-101/ES;Sul;Colisão Frontal;0;0;3;0;0;0;;;;;0;0;1;0;0
26/03/2014;23:26:00;440;Acidente sem Vítima;137;BR-101/ES;Norte;Saída de Pista;1;0;0;0;0;0;;;;;1;0;0;0;0
26/03/2014;17:14:00;327;Acidente com vítima;138;BR-101/ES;Sul;Colisão Lateral;1;0;0;0;0;0;;;;;0;1;0;0;0
26/03/2014;09:42:00;160;Acidente com vítima;146;BR-101/ES;Sul;Engavetamento;3;0;0;0;0;0;;;;;2;1;0;0;0
26/03/2014;13:50:00;263;Acidente sem Vítima;258;BR-101/ES;Norte;Colisão Traseira;1;0;1;0;0;0;;;;;2;0;0;0;0
26/03/2014;04:46:00;61;Acidente com morte;266;BR-101/ES;Sul;Colisão Lateral;1;0;0;0;1;0;;;;;1;1;0;0;1
26/03/2014;19:13:00;353;Acidente sem Vítima;267;BR-101/ES;Sul;Colisão Lateral;1;0;2;0;0;0;;;;;2;0;0;0;0
26/03/2014;09:03:00;133;Acidente com vítima;318;BR-101/ES;Norte;Colisão Lateral;1;0;0;1;0;0;;;;;1;0;1;0;0
26/03/2014;12:17:00;231;Acidente com vítima;351;BR-101/ES;Norte;Colisão Frontal;1;0;1;0;0;0;;;;;2;1;0;0;0
26/03/2014;08:36:00;117;Acidente sem Vítima;372;BR-101/ES;Norte;Capotamento;1;0;0;0;0;0;;;;;3;0;0;0;0
26/03/2014;12:29:00;235;Acidente com vítima;379;BR-101/ES;Sul;Colisão Frontal;1;0;1;0;0;0;;;;;1;0;1;0;0
26/03/2014;16:46:00;317;Acidente com vítima;408;BR-101/ES;Sul;Saída de Pista;0;0;1;0;0;0;;;;;0;0;1;0;0
26/03/2014;15:26:00;293;Acidente com morte;455;BR-101/ES;Sul;Saída de Pista;1;0;0;0;0;0;;;;;1;0;0;0;1
26/03/2014;15:33:00;295;Acidente com morte;457;BR-101/ES;Sul;Colisão Lateral;0;0;3;0;0;0;;;;;2;0;0;0;1
27/03/2014;18:27:00;430;Acidente com vítima;139;BR-101/ES;Sul;Saída de Pista;1;0;0;0;0;0;;;;;0;1;1;0;0
27/03/2014;07:35:00;144;Acidente sem Vítima;148;BR-101/ES;Norte;Colisão Lateral;0;0;0;1;1;0;;;;;2;0;0;0;0
27/03/2014;16:01:00;380;Acidente com vítima;159;BR-101/ES;Norte;Queda de Moto;0;0;0;1;0;0;;;;;0;2;0;0;0
27/03/2014;08:13:00;176;Acidente sem Vítima;266,5;BR-101/ES;Norte;Colisão Traseira;1;0;0;0;0;1;;;;;2;0;0;0;0
27/03/2014;16:08:00;381;Acidente sem Vítima;297;BR-101/ES;Sul;Colisão Lateral;1;0;2;0;0;0;;;;;3;0;0;0;0
27/03/2014;10:19:00;251;Acidente sem Vítima;299;BR-101/ES;Sul;Colisão Traseira;1;0;2;0;0;0;;;;;3;0;0;0;0
27/03/2014;17:14:00;402;Acidente com vítima;309;BR-101/ES;Norte;Queda de Moto;0;0;0;1;0;0;;;;;0;1;0;0;0
27/03/2014;22:17:00;508;Acidente sem Vítima;338;BR-101/ES;Sul;Saída de Pista;0;0;3;0;0;0;;;;;3;0;0;0;0
27/03/2014;06:03:00;119;Acidente com vítima;360;BR-101/ES;Sul;Queda de Moto;0;0;0;1;0;0;;;;;0;1;0;0;0
27/03/2014;06:52:00;128;Acidente sem Vítima;448;BR-101/ES;Sul;Colisão Traseira;0;0;4;0;1;0;;;;;3;0;0;0;0
27/03/2014;09:41:00;233;Acidente com vítima;450;BR-101/ES;Sul;Saída de Pista;2;0;0;0;0;0;;;;;0;4;0;0;0
27/03/2014;20:49:00;482;Acidente sem Vítima;450;BR-101/ES;Sul;Choque;1;0;4;0;0;0;;;;;5;0;0;0;0
28/03/2014;15:12:00;313;Acidente com vítima;27,5;BR-101/ES;Sul;Abalroamento - Mesmo Sentido;1;0;0;1;0;0;;;;;2;1;0;0;0
28/03/2014;08:57:00;155;Atropelamento sem Morte;66;BR-101/ES;Sul;Atropelamento;0;0;1;0;0;0;;;;;1;0;1;0;0
28/03/2014;10:44:00;201;Acidente com vítima;79;BR-101/ES;Norte;Colisão Traseira;1;0;0;1;0;0;;;;;1;0;1;0;0
28/03/2014;21:52:00;431;Acidente com Morte;135,5;BR-101/ES;Sul;Saída de Pista;0;0;1;1;0;0;;;;;1;0;1;0;
28/03/2014;22:24:00;440;Acidente com vítima;136,5;BR-101/ES;Norte;Engavetamento;3;0;0;0;0;0;;;;;3;2;0;0;
28/03/2014;18:44:00;376;Acidente sem Vítima;146;BR-101/ES;Norte;Colisão Lateral;1;0;0;1;0;0;;;;;2;0;0;0;
28/03/2014;21:39:00;429;Acidente sem Vítima;162;BR-101/ES;Norte;Colisão Traseira;2;0;0;0;0;0;;;;;2;0;0;0;
28/03/2014;13:08:00;280;Acidente sem Vítima;170;BR-101/ES;Norte;Abalroamento - Mesmo Sentido;0;0;2;0;0;0;;;;;2;0;0;0;0
28/03/2014;16:45:00;337;Acidente sem Vítima;212;BR-101/ES;Sul;Colisão Traseira;2;0;0;0;0;0;;;;;2;0;0;0;0
28/03/2014;21:09:00;420;Acidente sem Vítima;217;BR-101/ES;Norte;Colisão Traseira;2;0;0;0;0;0;;;;;4;0;0;0;
28/03/2014;17:29:00;353;Acidente sem Vítima;222;BR-101/ES;Sul;Engavetamento;2;0;2;0;0;0;;;;;6;0;0;0;
28/03/2014;18:37:00;373;Acidente sem Vítima;223;BR-101/ES;Norte;Colisão Traseira;2;0;0;0;0;0;;;;;2;0;0;0;
28/03/2014;17:42:00;359;Acidente sem Vítima;227;BR-101/ES;Sul;Engavetamento;2;0;2;0;0;0;;;;;3;0;0;0;
28/03/2014;17:06:00;345;Acidente sem Vítima;228;BR-101/ES;Sul;Engavetamento;2;0;1;0;1;0;;;;;4;0;0;0;
28/03/2014;19:02:00;380;Acidente sem Vítima;260;BR-101/ES;Sul;Saída de Pista;1;0;0;0;0;0;;;;;1;0;0;0;
28/03/2014;23:11:00;450;Acidente sem Vítima;264,5;BR-101/ES;Sul;Colisão Traseira;0;0;0;0;0;1;;;;;0;0;0;0;
28/03/2014;23:19:00;451;Acidente sem Vítima;265;BR-101/ES;Norte;Saída de Pista;1;0;0;0;0;0;;;;;3;0;0;0;
28/03/2014;12:42:00;269;Acidente sem Vítima;266;BR-101/ES;Norte;Colisão Lateral;1;0;1;0;0;0;;;;;2;0;0;0;0
28/03/2014;14:32:00;308;Acidente sem Vítima;269;BR-101/ES;Sul;Colisão Traseira;2;0;0;0;0;0;;;;;2;0;0;0;0
28/03/2014;16:51:00;339;Acidente sem Vítima;269;BR-101/ES;Sul;Colisão Traseira;1;0;0;0;1;0;;;;;2;0;0;0;0
28/03/2014;17:25:00;352;Acidente com vítima;297;BR-101/ES;Norte;Colisão Traseira;2;0;0;0;0;0;;;;;1;1;0;0;
28/03/2014;07:15:00;112;Acidente sem Vítima;337;BR-101/ES;Norte;Colisão Lateral;1;0;1;0;0;0;;;;;2;0;0;0;0
28/03/2014;16:13:00;325;Acidente sem Vítima;389;BR-101/ES;Norte;Saída de Pista;1;0;0;0;0;0;;;;;2;0;0;0;0
28/03/2014;19:35:00;391;Acidente com vítima;436;BR-101/ES;Sul;Saída de Pista;0;0;2;0;0;0;;;;;0;1;0;0;
28/03/2014;14:42:00;309;Acidente sem Vítima;438;BR-101/ES;Sul;Colisão Lateral;2;0;1;0;0;0;;;;;3;0;0;0;0
28/03/2014;19:16:00;383;Acidente sem Vítima;440;BR-101/ES;Norte;Saída de Pista;1;0;0;0;0;0;;;;;4;0;0;0;
29/03/2014;13:58:00;308;Acidente com vítima;38;BR-101/ES;Sul;Tombamento;1;0;2;0;0;0;;;;;2;1;0;0;
29/03/2014;12:19:00;265;Acidente sem Vítima;99;BR-101/ES;Sul;Colisão Traseira;1;0;0;0;0;0;;;;;4;0;0;0;
29/03/2014;20:59:00;456;Acidente sem Vítima;119,5;BR-101/ES;Norte;Choque;0;0;2;0;1;0;;;;;32;0;0;0;
29/03/2014;15:10:00;321;Acidente sem Vítima;135,5;BR-101/ES;Sul;Saída de Pista;1;0;0;0;0;0;;;;;1;0;0;0;
29/03/2014;04:43:00;87;Acidente com vítima;145;BR-101/ES;Norte;Queda de Moto;1;0;0;1;0;0;;;;;1;2;0;0;
29/03/2014;18:19:00;396;Acidente com vítima;152;BR-101/ES;Norte;Colisão Traseira;1;0;0;1;0;0;;;;;1;0;1;0;
29/03/2014;10:32:00;209;Acidente sem Vítima;205;BR-101/ES;Norte;Colisão Traseira;1;0;0;1;0;0;;;;;2;0;0;0;
29/03/2014;01:10:00;18;Acidente com vítima;208;BR-101/ES;Sul;Capotamento;1;0;0;0;0;0;;;;;0;1;0;0;
29/03/2014;04:50:00;88;Acidente sem Vítima;218;BR-101/ES;Norte;Saída de Pista;1;0;0;0;0;0;;;;;3;0;0;0;
29/03/2014;23:32:00;496;Acidente sem Vítima;222;BR-101/ES;Sul;Saída de Pista;1;0;0;0;0;0;;;;;1;0;0;0;
29/03/2014;21:38:00;472;Acidente com vítima;225;BR-101/ES;Norte;Queda de Moto;0;0;0;1;0;0;;;;;0;1;0;0;
29/03/2014;09:00:00;167;Acidente com vítima;250;BR-101/ES;Sul;Queda de Moto;0;0;0;1;0;0;;;;;0;1;0;0;
29/03/2014;15:32:00;331;Acidente com vítima;260;BR-101/ES;Norte;Queda de Moto;0;0;0;1;0;0;;;;;0;1;0;0;
29/03/2014;00:33:00;10;Acidente sem Vítima;267;BR-101/ES;Norte;Saída de Pista;1;0;0;0;0;0;;;;;0;0;0;0;
29/03/2014;09:08:00;171;Acidente sem Vítima;270;BR-101/ES;Norte;Colisão Lateral;1;0;1;0;0;0;;;;;2;0;0;0;
29/03/2014;12:44:00;278;Acidente sem Vítima;270,5;BR-101/ES;Norte;Choque com Objeto Fixo;1;0;0;0;0;0;;;;;3;0;0;0;
29/03/2014;02:23:00;46;Acidente sem Vítima;354,8;BR-101/ES;Norte;Choque com Objeto Fixo;0;0;1;0;0;0;;;;;2;0;0;0;
29/03/2014;18:52:00;406;Acidente sem Vítima;359;BR-101/ES;Norte;Saída de Pista;1;0;0;0;0;0;;;;;1;0;0;0;
29/03/2014;04:29:00;83;Acidente sem Vítima;400;BR-101/ES;Sul;Colisão Frontal;2;0;0;0;0;0;;;;;2;0;0;0;
29/03/2014;08:36:00;153;Acidente com vítima;435,5;BR-101/ES;Sul;Saída de Pista;0;0;2;0;0;0;;;;;0;1;0;0;
29/03/2014;06:44:00;113;Acidente sem Vítima;440;BR-101/ES;Norte;Saída de Pista;1;0;0;0;0;0;;;;;0;0;0;0;
30/03/2014;03:17:00;102;Acidente sem Vítima;15;BR-101/ES;Sul;Saída de Pista;1;0;0;0;0;0;;;;;1;0;0;0;
30/03/2014;19:50:00;490;Acidente com vítima;134,5;BR-101/ES;Sul;Colisão Lateral;1;0;0;1;0;0;;;;;2;1;0;0;
30/03/2014;22:27:00;544;Acidente com vítima;238;BR-101/ES;Norte;Abalroamento - Mesmo Sentido;1;0;0;1;0;0;;;;;1;2;0;0;
30/03/2014;18:15:00;446;Acidente sem Vítima;250;BR-101/ES;Norte;Colisão Traseira;1;0;0;0;0;0;;;;;5;0;0;0;
30/03/2014;18:12:00;444;Acidente com vítima;252;BR-101/ES;Norte;Colisão Traseira;0;0;0;1;0;0;;;;;0;1;0;0;
30/03/2014;02:02:00;70;Acidente sem Vítima;269;BR-101/ES;Norte;Colisão Lateral;2;0;0;0;0;0;;;;;2;0;0;0;
30/03/2014;05:56:00;142;Acidente com vítima;407;BR-101/ES;Sul;Queda de Moto;0;0;0;1;0;0;;;;;0;0;1;0;
31/03/2014;23:34:00;536;Acidente com vítima;67;BR-101/ES;Sul;Queda de Moto;0;0;0;1;0;0;;;;;0;0;1;0;
31/03/2014;00:13:00;5;Acidente com vítima;102;BR-101/ES;Norte;Queda de Moto;0;0;0;1;0;0;;;;;0;0;1;0;
31/03/2014;10:01:00;257;Acidente sem Vítima;136;BR-101/ES;Sul;Colisão Traseira;2;0;0;0;0;0;;;;;5;0;0;0;
31/03/2014;10:29:00;267;Acidente com vítima;143;BR-101/ES;Norte;Saída de Pista;1;0;0;0;0;0;;;;;0;1;1;0;
31/03/2014;17:14:00;429;Acidente sem Vítima;205;BR-101/ES;Sul;Colisão Traseira;0;0;1;0;0;0;;;;;1;0;0;0;
31/03/2014;18:00:00;443;Acidente sem Vítima;241;BR-101/ES;Norte;Colisão Frontal;0;0;2;0;0;0;;;;;2;0;0;0;
31/03/2014;08:05:00;170;Acidente sem Vítima;245;BR-101/ES;Norte;Saída de Pista;1;0;1;0;0;0;;;;;1;0;0;0;
31/03/2014;10:42:00;274;Acidente com vítima;253,5;BR-101/ES;Sul;Colisão Lateral;1;0;1;0;0;0;;;;;1;2;0;0;
31/03/2014;17:16:00;430;Acidente sem Vítima;262;BR-101/ES;Norte;Saída de Pista;1;0;0;0;0;0;;;;;1;0;0;0;
31/03/2014;14:03:00;369;Acidente com vítima;382;BR-101/ES;Sul;Colisão Traseira;1;0;0;1;0;0;;;;;1;1;0;0;
01/04/2014;09:21:00;235;Acidente sem Vítima;32,5;BR-101/ES;Sul;Colisão Lateral;2;0;0;0;0;0;;;;;2;0;0;0;0
01/04/2014;20:50:00;530;Acidente com vítima;86;BR-101/ES;Sul;Queda de Moto;0;0;0;1;0;0;;;;;0;0;1;1;0
01/04/2014;01:40:00;40;Acidente sem Vítima;137;BR-101/ES;Sul;Saída de Pista;0;0;1;0;0;0;;;;;1;0;0;0;0
01/04/2014;16:26:00;409;Acidente sem Vítima;205;BR-101/ES;Norte;Veículo em Chamas;1;0;0;0;0;0;;;;;0;0;0;0;0
01/04/2014;07:45:00;177;Acidente sem Vítima;229,9;BR-101/ES;Sul;Engavetamento;2;0;1;0;0;0;;;;;3;0;0;0;0
01/04/2014;13:33:00;369;Acidente com vítima;236;BR-101/ES;Norte;Saída de Pista;1;0;2;0;0;0;;;;;2;0;0;1;0
01/04/2014;11:49:00;327;Acidente sem Vítima;262;BR-101/ES;Norte;Colisão Traseira;1;0;1;0;0;0;;;;;2;0;0;0;0
01/04/2014;08:23:00;199;Acidente com vítima;265;BR-101/ES;Sul;Queda de Moto;0;0;0;1;0;0;;;;;0;0;1;0;0
01/04/2014;19:00:00;481;Acidente com vítima;266;BR-101/ES;Sul;Colisão Lateral;0;1;0;1;0;0;;;;;0;2;0;0;0
01/04/2014;14:15:00;384;Acidente sem Vítima;269;BR-101/ES;Sul;Colisão Traseira;2;0;0;0;0;0;;;;;3;0;0;0;0
01/04/2014;07:58:00;182;Acidente com vítima;270;BR-101/ES;Sul;Colisão Lateral;1;0;0;1;0;0;;;;;1;1;0;0;0
01/04/2014;13:27:00;366;Acidente sem Vítima;316;BR-101/ES;Norte;Saída de Pista;0;0;2;0;0;0;;;;;1;0;0;0;0
01/04/2014;14:39:00;388;Acidente sem Vítima;374;BR-101/ES;Sul;Colisão Traseira;0;0;4;0;0;0;;;;;2;0;0;0;0
01/04/2014;10:06:00;273;Acidente sem Vítima;382;BR-101/ES;Norte;Saída de Pista;0;0;1;0;0;0;;;;;1;0;0;0;0
01/04/2014;01:50:00;49;Acidente sem Vítima;413,5;BR-101/ES;Sul;Atropelamento - Bovino;0;0;0;0;0;1;;;;;0;0;0;0;0
01/04/2014;09:42:00;247;Acidente sem Vítima;413,5;BR-101/ES;Sul;Atropelamento - Bovino;0;0;1;0;0;0;;;;;0;0;0;0;0
01/04/2014;17:39:00;447;Acidente sem Vítima;457;BR-101/ES;Norte;Saída de Pista;0;0;1;0;0;0;;;;;1;0;0;0;0
02/04/2014;10:46:00;257;Acidente sem Vítima;80,8;BR-101/ES;Sul;Atropelamento - Animal;1;0;0;0;0;0;;;;;0;0;0;0;0
02/04/2014;23:04:00;509;Acidente sem Vítima;109;BR-101/ES;Norte;Saída de Pista;1;0;0;0;0;0;;;;;3;0;0;0;0
02/04/2014;13:03:00;324;Acidente sem Vítima;142;BR-101/ES;Norte;Colisão Traseira;1;0;0;0;1;0;;;;;2;0;0;0;0
02/04/2014;13:54:00;347;Acidente com vítima;236;BR-101/ES;Sul;Saída de Pista;0;0;2;0;0;0;;;;;0;1;0;0;0
02/04/2014;19:18:00;444;Acidente com vítima;255;BR-101/ES;Sul;Colisão Lateral;1;0;0;1;0;0;;;;;1;1;0;0;0
02/04/2014;21:17:00;490;Acidente sem Vítima;258;BR-101/ES;Norte;Choque com Objeto Fixo;1;0;0;0;0;0;;;;;1;0;0;0;0
02/04/2014;02:09:00;25;Acidente sem Vítima;265;BR-101/ES;Norte;Colisão Lateral;2;0;0;0;0;0;;;;;1;0;0;0;0
02/04/2014;07:05:00;105;Acidente sem Vítima;265;BR-101/ES;Sul;Colisão Lateral;1;0;0;0;1;0;;;;;2;0;0;0;0
02/04/2014;19:17:00;443;Acidente sem Vítima;267;BR-101/ES;Sul;Engavetamento;2;0;1;0;0;0;;;;;3;0;0;0;0
02/04/2014;07:53:00;137;Acidente com vítima;268;BR-101/ES;Sul;Queda de Moto;0;0;0;1;0;0;;;;;0;1;0;0;0
02/04/2014;15:06:00;368;Acidente com vítima;269;BR-101/ES;Sul;Colisão Traseira;2;0;0;1;0;0;;;;;2;0;1;0;0
02/04/2014;18:59:00;436;Acidente sem Vítima;297;BR-101/ES;Sul;Colisão Traseira;1;0;0;0;0;0;;;;;6;0;0;0;0
02/04/2014;17:31:00;416;Acidente sem Vítima;370;BR-101/ES;Sul;Saída de Pista;0;0;2;0;0;0;;;;;1;0;0;0;0
02/04/2014;14:06:00;349;Acidente com vítima;376;BR-101/ES;Sul;Colisão Traseira;1;0;0;1;0;0;;;;;1;2;0;0;0
03/04/2014;12:58:00;272;Acidente sem Vítima;11;BR-101/ES;Sul;Colisão Lateral;2;0;0;0;0;0;;;;;4;0;0;0;0
03/04/2014;18:11:00;372;Acidente sem Vítima;12;BR-101/ES;Sul;Colisão Lateral;2;0;0;0;0;0;;;;;2;0;0;0;0
03/04/2014;14:59:00;319;Acidente sem Vítima;102;BR-101/ES;Sul;Colisão Traseira;1;0;1;0;0;0;;;;;5;0;0;0;0
03/04/2014;15:14:00;323;Acidente com Morte;221;BR-101/ES;Sul;Colisão Frontal;0;0;2;1;0;0;;;;;0;0;0;1;1
03/04/2014;08:21:00;148;Acidente com vítima;261;BR-101/ES;Sul;Colisão Transversal;2;0;0;0;0;0;;;;;1;1;0;0;0
03/04/2014;10:42:00;208;Acidente sem Vítima;262;BR-101/ES;Norte;Engavetamento;3;0;0;0;0;0;;;;;3;0;0;0;0
03/04/2014;11:20:00;228;Acidente sem Vítima;262;BR-101/ES;Norte;Colisão Lateral;1;0;1;0;0;0;;;;;2;0;0;0;0
03/04/2014;11:10:00;218;Acidente sem Vítima;263;BR-101/ES;Norte;Engavetamento;3;0;0;0;0;0;;;;;3;0;0;0;0
03/04/2014;23:12:00;462;Acidente sem Vítima;264;BR-101/ES;Sul;Colisão Lateral;2;0;0;0;0;0;;;;;2;0;0;0;0
03/04/2014;07:11:00;106;Acidente sem Vítima;265;BR-101/ES;Norte;Colisão Lateral;1;0;1;0;0;0;;;;;2;0;0;0;0
03/04/2014;11:55:00;248;Acidente sem Vítima;266;BR-101/ES;Norte;Colisão Traseira;2;0;0;0;0;0;;;;;2;0;0;0;0
03/04/2014;18:07:00;371;Acidente com vítima;268;BR-101/ES;Sul;Colisão Traseira;0;0;1;1;0;0;;;;;1;0;1;0;0
03/04/2014;17:49:00;366;Acidente com vítima;269;BR-101/ES;Sul;Colisão Lateral;1;0;0;1;0;0;;;;;1;1;0;0;0
03/04/2014;08:33:00;155;Acidente com vítima;270,5;BR-101/ES;Sul;Queda de Moto;0;0;0;1;0;0;;;;;0;1;0;0;0
03/04/2014;06:42:00;97;Acidente sem Vítima;325;BR-101/ES;Norte;Colisão Traseira;2;0;0;0;0;0;;;;;2;0;0;0;0
03/04/2014;17:22:00;359;Acidente com vítima;369;BR-101/ES;Norte;Saída de Pista;0;0;1;1;0;0;;;;;1;0;0;2;0
03/04/2014;18:48:00;382;Acidente sem Vítima;371;BR-101/ES;Norte;Colisão Traseira;0;0;1;0;0;0;;;;;0;0;0;0;0
03/04/2014;19:24:00;392;Acidente sem Vítima;371;BR-101/ES;Norte;Colisão Traseira;2;0;0;0;0;0;;;;;4;0;0;0;0
03/04/2014;07:51:00;123;Acidente sem Vítima;373;BR-101/ES;Sul;Veículo em Chamas;0;0;2;0;0;0;;;;;1;0;0;0;0
03/04/2014;13:25:00;278;Acidente sem Vítima;396;BR-101/ES;Sul;Queda de Moto;0;0;1;1;0;0;;;;;3;0;0;0;0
03/04/2014;13:42:00;281;Acidente sem Vítima;421;BR-101/ES;Norte;Tombamento;1;0;0;0;0;0;;;;;1;0;0;0;0
03/04/2014;18:40:00;380;Acidente sem Vítima;448,5;BR-101/ES;Sul;Saída de Pista;1;0;0;0;0;0;;;;;2;0;0;0;0
03/04/2014;03:01:00;56;Acidente sem Vítima;949;BR-101/BA;Sul;Veículo em Chamas;0;0;1;0;0;0;;;;;0;0;0;0;0
03/04/2014;18:21:00;374;Acidente sem Vítima;950;BR-101/BA;Sul;Colisão Traseira;1;0;1;0;0;0;;;;;4;0;0;0;0
04/04/2014;07:40:00;144;Acidente com vítima;57;BR-101/ES;Norte;Colisão Traseira;2;0;0;0;0;0;;;;;7;0;1;0;0
04/04/2014;08:27:00;173;Acidente sem Vítima;144;BR-101/ES;Norte;Colisão Lateral;0;0;1;0;0;0;;;;;1;0;0;0;0
04/04/2014;18:39:00;461;Acidente com vítima;146;BR-101/ES;Norte;Colisão Frontal;1;0;0;1;0;0;;;;;1;0;0;1;0
04/04/2014;03:14:00;60;Acidente sem Vítima;202;BR-101/ES;Norte;Choque;1;0;0;0;0;0;;;;;2;0;0;0;0
04/04/2014;14:47:00;381;Acidente sem Vítima;228,5;BR-101/ES;Sul;Colisão Traseira;1;0;0;0;0;0;;;;;2;0;0;0;0
04/04/2014;19:36:00;484;Acidente sem Vítima;237;BR-101/ES;Sul;Saída de Pista;0;0;1;0;0;0;;;;;2;0;0;0;0
04/04/2014;20:41:00;514;Acidente com vítima;250;BR-101/ES;Norte;Abalroamento - Mesmo Sentido;0;0;0;0;0;1;;;;;0;1;0;0;0
04/04/2014;12:57:00;354;Acidente sem Vítima;265;BR-101/ES;Norte;Saída de Pista;1;0;0;0;0;0;;;;;1;0;0;0;0
04/04/2014;00:26:00;8;Acidente com vítima;269;BR-101/ES;Sul;Queda de Moto;0;0;0;1;0;0;;;;;0;1;0;0;0
04/04/2014;13:23:00;360;Acidente sem Vítima;270;BR-101/ES;Sul;Colisão Lateral;1;0;0;0;1;0;;;;;0;0;0;0;0
04/04/2014;16:47:00;414;Atropelamento sem Morte;270;BR-101/ES;Norte;Atropelamento;0;0;0;0;0;1;;;;;0;0;1;0;0
04/04/2014;19:31:00;481;Acidente sem Vítima;270;BR-101/ES;Sul;Colisão Traseira;1;0;2;0;0;0;;;;;2;0;0;0;0
04/04/2014;07:02:00;121;Acidente com Morte;301;BR-101/ES;Norte;Colisão Lateral;0;0;0;1;0;0;;;;;0;0;0;0;1
04/04/2014;19:18:00;478;Acidente com vítima;316;BR-101/ES;Norte;Colisão Frontal;1;0;1;0;0;0;;;;;3;1;0;0;0
04/04/2014;11:43:00;318;Acidente sem Vítima;316,4;BR-101/ES;Sul;Saída de Pista;0;0;1;0;0;0;;;;;1;0;0;0;0
04/04/2014;09:54:00;249;Acidente com vítima;400;BR-101/ES;Sul;Colisão Transversal;0;0;1;0;0;0;;;;;0;1;0;0;0
04/04/2014;11:46:00;319;Acidente sem Vítima;400;BR-101/ES;Sul;Saída de Pista;0;0;1;0;0;0;;;;;0;0;0;0;0
04/04/2014;10:25:00;281;Acidente com vítima;408;BR-101/ES;Norte;Tombamento;0;0;1;0;0;0;;;;;1;1;0;1;0
04/04/2014;14:58:00;382;Acidente com vítima;435;BR-101/ES;Norte;Saída de Pista;1;0;0;0;0;0;;;;;0;4;0;0;0
05/04/2014;16:57:00;316;Acidente sem Vítima;42;BR-101/ES;Norte;Saída de Pista;1;0;0;0;0;0;;;;;1;0;0;0;0
05/04/2014;13:41:00;265;Acidente sem Vítima;93;BR-101/ES;Sul;Colisão Traseira;0;0;2;0;0;0;;;;;2;0;0;0;0
05/04/2014;17:27:00;323;Acidente com vítima;135;BR-101/ES;Sul;Saída de Pista;1;0;0;0;0;0;;;;;1;0;1;0;0
05/04/2014;19:20:00;357;Acidente com vítima;143;BR-101/ES;Norte;Queda de Moto;0;0;0;1;0;0;;;;;0;2;0;0;0
05/04/2014;12:52:00;252;Acidente com vítima;189;BR-101/ES;Sul;Capotamento;1;0;0;0;0;0;;;;;0;0;1;0;0
05/04/2014;15:58:00;289;Acidente sem Vítima;189;BR-101/ES;Norte;Colisão Traseira;2;0;0;0;0;0;;;;;5;0;0;0;0
05/04/2014;11:01:00;197;Acidente sem Vítima;230;BR-101/ES;Norte;Colisão Traseira;1;0;1;0;0;0;;;;;2;0;0;0;0
05/04/2014;21:19:00;421;Acidente com vítima;256;BR-101/ES;Norte;Queda de Moto;1;0;0;1;0;0;;;;;1;1;0;0;0
05/04/2014;08:08:00;141;Acidente sem Vítima;261;BR-101/ES;Sul;Queda de Moto;1;0;0;1;0;0;;;;;2;0;0;0;0