data;horario;n_da_ocorrencia;tipo_de_ocorrencia;km;trecho;sentido;tipo_de_acidente;automovel;bicicleta;caminhao;moto;onibus;outros;tracao_animal;transporte_de_cargas_especiais;trator_maquinas;utilitarios;ilesos;levemente_feridos;moderadamente_feridos;gravemente_feridos;mortos
20/04/2014;18:25:00;339;Acidente sem Vítima;458;BR-101/ES;Norte;Saída de Pista;1;0;0;0;0;0;;;;;4;0;0;0;0
21/04/2014;12:50:00;245;Acidente com vítima;16;BR-101/ES;Norte;Colisão Traseira;1;0;0;1;0;0;;;;;0;0;1;0;0
21/04/2014;19:27:00;374;Acidente sem Vítima;32;BR-101/ES;Sul;Colisão Traseira;2;0;0;0;0;0;;;;;2;0;0;0;0
21/04/2014;21:37:00;443;Acidente sem Vítima;40;BR-101/ES;Sul;Abalroamento - Mesmo Sentido;1;0;1;0;0;0;;;;;2;0;0;0;0
21/04/2014;15:46:00;301;Acidente sem Vítima;60;BR-101/ES;Sul;Colisão Traseira;1;0;0;0;0;0;;;;;4;0;0;0;0
21/04/2014;16:05:00;307;Acidente sem Vítima;84;BR-101/ES;Sul;Queda de Moto;0;0;0;1;0;0;;;;;1;0;0;0;0
21/04/2014;15:20:00;290;Atropelamento sem Morte;125;BR-101/ES;Norte;Atropelamento;0;0;0;1;0;0;;;;;0;1;1;0;0
21/04/2014;02:34:00;50;Acidente sem Vítima;131;BR-101/ES;Norte;Saída de Pista;1;0;0;0;0;0;;;;;1;0;0;0;0
21/04/2014;11:41:00;215;Acidente sem Vítima;149;BR-101/ES;Sul;Colisão Traseira;2;0;0;0;0;0;;;;;6;0;0;0;0
21/04/2014;16:56:00;324;Acidente sem Vítima;205;BR-101/ES;Sul;Colisão Traseira;2;0;0;0;0;0;;;;;8;0;0;0;0
21/04/2014;17:22:00;330;Acidente sem Vítima;207;BR-101/ES;Sul;Colisão Traseira;2;0;0;0;0;0;;;;;8;0;0;0;0
21/04/2014;11:26:00;205;Acidente sem Vítima;211;BR-101/ES;Norte;Engavetamento;5;0;1;0;0;0;;;;;14;0;0;0;0
21/04/2014;13:26:00;254;Acidente sem Vítima;212;BR-101/ES;Norte;Colisão Lateral;2;0;0;0;0;0;;;;;2;0;0;0;0
21/04/2014;21:38:00;444;Acidente sem Vítima;223;BR-101/ES;Sul;Colisão Traseira;2;0;0;0;0;0;;;;;5;0;0;0;0
21/04/2014;06:55:00;100;Acidente sem Vítima;230;BR-101/ES;Norte;Engavetamento;3;0;0;0;0;0;;;;;3;0;0;0;0
21/04/2014;15:35:00;298;Acidente sem Vítima;240;BR-101/ES;Sul;Saída de Pista;1;0;2;0;0;0;;;;;2;0;0;0;0
21/04/2014;12:42:00;241;Acidente com vítima;263;BR-101/ES;Sul;Colisão Traseira;1;0;0;1;0;0;;;;;1;0;1;0;0
21/04/2014;23:01:00;467;Atropelamento sem Morte;266;BR-101/ES;Sul;Atropelamento;0;0;0;1;0;0;;;;;0;0;1;1;0
21/04/2014;18:32:00;349;Acidente sem Vítima;269;BR-101/ES;Sul;Abalroamento - Mesmo Sentido;1;0;2;0;0;0;;;;;2;0;0;0;0
21/04/2014;16:41:00;316;Acidente sem Vítima;270;BR-101/ES;Norte;Colisão Lateral;1;0;2;0;0;0;;;;;4;0;0;0;0
21/04/2014;20:28:00;412;Acidente com vítima;298;BR-101/ES;Norte;Abalroamento - Mesmo Sentido;1;0;2;0;0;0;;;;;2;1;0;0;0
21/04/2014;08:57:00;147;Acidente sem Vítima;322;BR-101/ES;Norte;Colisão Traseira;2;0;0;0;0;0;;;;;2;0;0;0;0
21/04/2014;11:49:00;217;Acidente com vítima;325;BR-101/ES;Sul;Colisão Lateral;2;0;0;0;0;0;;;;;0;2;2;0;0
21/04/2014;16:21:00;313;Acidente sem Vítima;328,9;BR-101/ES;Sul;Engavetamento;3;0;0;0;0;0;;;;;8;0;0;0;0
21/04/2014;10:16:00;173;Acidente sem Vítima;335;BR-101/ES;Norte;Colisão Traseira;1;0;0;0;0;0;;;;;1;0;0;0;0
21/04/2014;10:34:00;178;Acidente com vítima;374;BR-101/ES;Sul;Engavetamento;4;0;0;0;0;0;;;;;4;3;0;0;0
21/04/2014;09:29:00;155;Acidente sem Vítima;387;BR-101/ES;Norte;Engavetamento;3;0;0;0;0;0;;;;;6;0;0;0;0
21/04/2014;11:51:00;219;Acidente sem Vítima;422;BR-101/ES;Norte;Saída de Pista;1;0;0;0;0;0;;;;;2;0;0;0;0
21/04/2014;15:17:00;287;Acidente com vítima;439;BR-101/ES;Norte;Colisão Lateral;2;0;0;1;0;0;;;;;7;1;0;0;0
21/04/2014;10:22:00;175;Acidente sem Vítima;955;BR-101/BA;Norte;Engavetamento;2;0;0;0;0;0;;;;;9;0;0;0;0
22/04/2014;13:39:00;317;Acidente com vítima;15;BR-101/ES;Norte;Colisão Lateral;0;0;0;1;0;0;;;;;0;1;0;0;0
22/04/2014;14:08:00;336;Acidente sem Vítima;37;BR-101/ES;Sul;Capotamento;1;0;0;0;0;0;;;;;2;0;0;0;0
22/04/2014;18:13:00;459;Acidente com vítima;63;BR-101/ES;Norte;Abalroamento - Mesmo Sentido;1;0;0;0;1;0;;;;;2;2;0;0;0
22/04/2014;13:27:00;315;Acidente sem Vítima;128;BR-101/ES;Norte;Saída de Pista;1;0;0;0;0;0;;;;;1;0;0;0;0
22/04/2014;06:34:00;110;Acidente com vítima;158;BR-101/ES;Norte;Colisão Traseira;1;0;0;1;0;0;;;;;1;0;1;0;0
22/04/2014;16:59:00;423;Acidente sem Vítima;172;BR-101/ES;Sul;Colisão Traseira;1;0;0;0;0;0;;;;;2;0;0;0;0
22/04/2014;15:49:00;390;Acidente sem Vítima;253;BR-101/ES;Sul;Colisão Traseira;0;0;3;0;0;0;;;;;3;0;0;0;0
22/04/2014;21:24:00;538;Acidente sem Vítima;253;BR-101/ES;Sul;Saída de Pista;1;0;0;0;0;0;;;;;1;0;0;0;0
22/04/2014;07:31:00;121;Acidente com vítima;261;BR-101/ES;Sul;Queda de Moto;0;0;0;1;0;0;;;;;0;1;0;0;0
22/04/2014;16:07:00;396;Acidente sem Vítima;264;BR-101/ES;Sul;Colisão Traseira;1;0;0;0;0;0;;;;;1;0;0;0;0
22/04/2014;18:22:00;461;Acidente com vítima;265;BR-101/ES;Norte;Colisão Lateral;0;0;0;2;0;0;;;;;0;1;1;0;0
22/04/2014;12:04:00;280;Acidente sem Vítima;266;BR-101/ES;Norte;Colisão Lateral;1;0;1;0;0;0;;;;;2;0;0;0;0
22/04/2014;14:43:00;355;Acidente com vítima;308;BR-101/ES;Sul;Saída de Pista;1;0;0;0;0;0;;;;;0;1;0;0;0
22/04/2014;06:29:00;109;Acidente sem Vítima;319;BR-101/ES;Norte;Capotamento;1;0;0;0;0;0;;;;;1;0;0;0;0
22/04/2014;01:59:00;49;Acidente sem Vítima;335;BR-101/ES;Sul;Queda de Moto;0;0;0;1;0;0;;;;;1;0;0;0;0
22/04/2014;19:44:00;485;Acidente com vítima;393;BR-101/ES;Sul;Colisão Lateral;1;0;0;0;1;0;;;;;1;1;0;0;0
22/04/2014;12:55:00;304;Acidente sem Vítima;401;BR-101/ES;Sul;Colisão Traseira;0;0;2;0;0;0;;;;;2;0;0;0;0
22/04/2014;14:59:00;359;Acidente sem Vítima;429;BR-101/ES;Sul;Colisão Traseira;1;0;0;0;0;0;;;;;2;0;0;0;0
23/04/2014;11:33:00;257;Acidente com vítima;136;BR-101/ES;Norte;Colisão Frontal;2;0;0;0;0;0;;;;;0;3;1;0;0
23/04/2014;18:11:00;409;Acidente com vítima;145;BR-101/ES;Norte;Colisão Traseira;2;0;0;1;0;0;;;;;2;1;0;0;0
23/04/2014;09:56:00;215;Acidente sem Vítima;166;BR-101/ES;Norte;Capotamento;1;0;0;0;0;0;;;;;3;0;0;0;0
23/04/2014;08:45:00;174;Acidente sem Vítima;190;BR-101/ES;Norte;Colisão Lateral;2;0;0;0;0;0;;;;;2;0;0;0;0
23/04/2014;11:43:00;264;Acidente sem Vítima;265;BR-101/ES;Norte;Saída de Pista;0;0;;0;0;0;;;;;1;0;0;0;0
23/04/2014;18:04:00;407;Acidente sem Vítima;265;BR-101/ES;Norte;Engavetamento;3;0;0;0;0;0;;;;;3;0;0;0;0
23/04/2014;07:21:00;131;Acidente com vítima;269;BR-101/ES;Sul;Colisão Lateral;1;0;0;1;0;0;;;;;1;1;0;0;0
23/04/2014;17:42:00;400;Acidente sem Vítima;269,5;BR-101/ES;Sul;Queda de Moto;0;0;0;1;0;0;;;;;1;0;0;0;0
23/04/2014;09:10:00;197;Acidente sem Vítima;270;BR-101/ES;Sul;Colisão Traseira;3;0;0;0;0;0;;;;;3;0;0;0;0
23/04/2014;13:59:00;325;Acidente sem Vítima;270;BR-101/ES;Norte;Colisão Lateral;1;0;1;0;0;0;;;;;2;0;0;0;0
23/04/2014;18:06:00;408;Acidente sem Vítima;270;BR-101/ES;Norte;Colisão Lateral;2;0;0;0;0;0;;;;;2;0;0;0;0
23/04/2014;04:10:00;91;Acidente sem Vítima;302;BR-101/ES;Sul;Tombamento;0;0;2;0;0;0;;;;;1;0;0;0;0
23/04/2014;05:37:00;108;Acidente sem Vítima;302;BR-101/ES;Sul;Colisão Lateral;2;0;0;0;0;0;;;;;2;0;0;0;0
23/04/2014;09:43:00;206;Acidente sem Vítima;322;BR-101/ES;Norte;Colisão Traseira;1;0;0;0;1;0;;;;;2;0;0;0;0
23/04/2014;16:24:00;364;Acidente sem Vítima;354;BR-101/ES;Sul;Colisão Traseira;0;0;2;0;0;0;;;;;2;0;0;0;0
23/04/2014;08:23:00;163;Acidente sem Vítima;450;BR-101/ES;Sul;Capotamento;1;0;0;0;0;0;;;;;3;0;0;0;0
24/04/2014;22:03:00;505;Acidente sem Vítima;66,5;BR-101/ES;Norte;Veículo em Chamas;0;0;0;0;1;0;;;;;0;0;0;0;0
24/04/2014;17:26:00;419;Acidente com vítima;68;BR-101/ES;Norte;Engavetamento;4;0;0;0;0;0;;;;;4;2;0;0;0
24/04/2014;14:41:00;376;Acidente sem Vítima;109;BR-101/ES;Norte;Saída de Pista;1;0;0;0;0;0;;;;;2;0;0;0;0
24/04/2014;19:43:00;467;Acidente sem Vítima;193,5;BR-101/ES;Norte;Saída de Pista;1;0;0;0;0;0;;;;;1;0;0;0;0
24/04/2014;18:16:00;428;Acidente sem Vítima;219;BR-101/ES;Norte;Colisão Traseira;0;0;3;0;0;0;;;;;3;0;0;0;0
24/04/2014;07:59:00;166;Atropelamento com Morte;247;BR-101/ES;Sul;Atropelamento;1;0;0;0;0;0;;;;;1;0;0;0;1
24/04/2014;17:52:00;424;Acidente com vítima;261;BR-101/ES;Norte;Engavetamento;2;0;0;1;0;0;;;;;2;1;0;0;0
24/04/2014;07:34:00;153;Acidente sem Vítima;262;BR-101/ES;Sul;Engavetamento;3;0;0;0;0;0;;;;;3;0;0;0;0
24/04/2014;19:00:00;448;Acidente sem Vítima;315;BR-101/ES;Sul;Colisão Traseira;1;0;1;0;0;0;;;;;4;0;0;0;0
24/04/2014;10:58:00;265;Acidente com vítima;455;BR-101/ES;Norte;Colisão Frontal;2;0;0;0;0;0;;;;;1;1;1;0;0
25/04/2014;22:42:00;501;Acidente sem Vítima;7;BR-101/ES;Sul;Tombamento;1;0;0;0;0;0;;;;;3;0;0;0;0
25/04/2014;10:15:00;205;Acidente sem Vítima;69,1;BR-101/ES;Norte;Colisão Traseira;1;0;0;0;0;0;;;;;2;0;0;0;0
25/04/2014;17:22:00;388;Acidente sem Vítima;71;BR-101/ES;Norte;Veículo em Chamas;1;0;0;0;0;0;;;;;0;0;0;0;0
25/04/2014;18:39:00;419;Acidente sem Vítima;115;BR-101/ES;Norte;Saída de Pista;1;0;0;0;0;0;;;;;1;0;0;0;0
25/04/2014;09:19:00;184;Acidente com vítima;126;BR-101/ES;Norte;Colisão Traseira;2;0;0;0;0;0;;;;;3;1;0;0;0
25/04/2014;21:35:00;485;Acidente com vítima;126;BR-101/ES;Sul;Colisão Traseira;2;0;0;0;0;0;;;;;1;0;1;0;0
25/04/2014;11:38:00;250;Acidente com vítima;140;BR-101/ES;Norte;Colisão Traseira;1;0;0;1;0;0;;;;;1;1;1;0;0
25/04/2014;08:41:00;166;Acidente sem Vítima;148;BR-101/ES;Sul;Engavetamento;3;0;0;0;0;0;;;;;3;0;0;0;0
25/04/2014;14:58:00;330;Acidente sem Vítima;168;BR-101/ES;Sul;Colisão Lateral;2;0;0;0;0;0;;;;;4;0;0;0;0
25/04/2014;17:06:00;382;Acidente sem Vítima;260;BR-101/ES;Norte;Abalroamento - Mesmo Sentido;2;0;0;0;0;0;;;;;0;0;0;0;0
25/04/2014;07:25:00;115;Acidente sem Vítima;263,5;BR-101/ES;Sul;Colisão Traseira;2;0;0;0;0;0;;;;;2;0;0;0;0
25/04/2014;19:11:00;426;Acidente sem Vítima;268;BR-101/ES;Norte;Colisão Traseira;2;0;0;0;0;0;;;;;2;0;0;0;0
25/04/2014;15:40:00;347;Acidente sem Vítima;269;BR-101/ES;Norte;Abalroamento - Mesmo Sentido;1;0;1;0;0;0;;;;;2;0;0;0;0
25/04/2014;04:14:00;66;Acidente sem Vítima;270;BR-101/ES;Norte;Colisão Lateral;1;0;2;0;0;0;;;;;2;0;0;0;0
25/04/2014;06:54:00;102;Acidente sem Vítima;270;BR-101/ES;Norte;Abalroamento - Mesmo Sentido;2;0;0;0;0;0;;;;;2;0;0;0;0
25/04/2014;07:13:00;110;Acidente sem Vítima;321;BR-101/ES;Norte;Colisão Traseira;0;0;2;0;0;0;;;;;2;0;0;0;0
25/04/2014;20:46:00;464;Atropelamento sem Morte;377;BR-101/ES;Norte;Atropelamento;1;0;0;0;0;0;;;;;1;1;0;0;0
25/04/2014;18:12:00;408;Acidente com vítima;955;BR-101/BA;Norte;Abalroamento - Sentido Oposto;2;0;0;0;0;0;;;;;4;1;0;0;0
26/04/2014;06:52:00;86;Acidente com vítima;134;BR-101/ES;Sul;Colisão Traseira;1;0;0;1;0;0;;;;;1;1;0;0;0
26/04/2014;18:19:00;391;Acidente sem Vítima;142;BR-101/ES;Sul;Colisão Transversal;2;0;0;0;0;0;;;;;4;0;0;0;0
26/04/2014;05:37:00;79;Acidente com vítima;147;BR-101/ES;Norte;Queda de Moto;0;0;0;1;0;0;;;;;0;0;1;0;0
26/04/2014;03:56:00;67;Atropelamento sem Morte;149;BR-101/ES;Norte;Atropelamento;0;0;0;0;0;1;;;;;0;0;0;1;0
26/04/2014;06:41:00;85;Acidente sem Vítima;149;BR-101/ES;Sul;Colisão Lateral;2;0;0;0;0;0;;;;;3;0;0;0;0
26/04/2014;17:59:00;381;Acidente sem Vítima;250;BR-101/ES;Sul;Colisão Traseira;2;0;0;0;0;0;;;;;4;0;0;0;0
26/04/2014;16:45:00;348;Acidente com vítima;256;BR-101/ES;Norte;Queda de ciclista;0;0;0;0;0;1;;;;;0;0;1;0;0
26/04/2014;13:30:00;256;Acidente sem Vítima;261;BR-101/ES;Sul;Colisão Traseira;1;0;0;0;1;0;;;;;2;0;0;0;0
26/04/2014;11:35:00;213;Acidente sem Vítima;265;BR-101/ES;Norte;Colisão Traseira;2;0;0;0;0;0;;;;;0;0;0;0;0
26/04/2014;23:42:00;485;Acidente sem Vítima;298;BR-101/ES;Norte;Colisão Traseira;0;0;0;1;0;0;;;;;2;0;0;0;0
26/04/2014;16:47:00;351;Acidente com vítima;335;BR-101/ES;Norte;Choque com Objeto Fixo;1;0;0;0;0;0;;;;;3;1;0;0;0
26/04/2014;10:10:00;178;Acidente sem Vítima;376;BR-101/ES;Sul;Colisão Lateral;1;0;1;0;0;0;;;;;2;0;0;0;0
26/04/2014;22:58:00;478;Acidente com vítima;435;BR-101/ES;Sul;Queda de Moto;0;0;0;0;0;1;;;;;0;0;1;0;0
27/04/2014;18:06:00;373;Acidente sem Vítima;31;BR-101/ES;Sul;Colisão Traseira;2;0;0;0;0;0;;;;;3;0;0;0;0
27/04/2014;21:51:00;455;Acidente sem Vítima;43;BR-101/ES;Norte;Veículo em Chamas;0;0;2;0;0;0;;;;;1;0;0;0;0
27/04/2014;01:21:00;9;Acidente com vítima;95;BR-101/ES;Norte;Queda de Moto;0;0;0;1;0;0;;;;;0;2;0;0;0
27/04/2014;11:09:00;220;Acidente com Morte;109;BR-101/ES;Sul;Choque com Objeto Fixo;0;0;0;1;0;0;;;;;0;0;0;0;1
27/04/2014;13:17:00;271;Acidente com vítima;116;BR-101/ES;Norte;Colisão Traseira;2;0;0;0;0;0;;;;;1;5;0;0;0
27/04/2014;19:21:00;402;Acidente sem Vítima;142,8;BR-101/ES;Sul;Saída de Pista;1;0;0;0;0;0;;;;;1;0;0;0;0
27/04/2014;18:23:00;381;Acidente com vítima;146;BR-101/ES;Sul;Colisão Traseira;1;0;1;0;0;0;;;;;1;2;0;0;0
27/04/2014;17:03:00;351;Acidente com vítima;253;BR-101/ES;Sul;Colisão Frontal;2;0;0;0;0;0;;;;;0;0;3;0;0
27/04/2014;06:41:00;66;Acidente sem Vítima;254;BR-101/ES;Norte;Colisão Lateral;1;0;0;0;0;0;;;;;1;0;0;0;0
27/04/2014;18:30:00;383;Acidente sem Vítima;254;BR-101/ES;Sul;Colisão Traseira;1;0;0;0;0;0;;;;;3;0;0;0;0
27/04/2014;16:21:00;338;Acidente com vítima;256;BR-101/ES;Norte;Colisão Traseira;2;0;0;0;0;0;;;;;3;1;0;0;0
27/04/2014;09:50:00;186;Acidente sem Vítima;271;BR-101/ES;Norte;Choque com Objeto Fixo;1;0;0;0;0;0;;;;;1;0;0;0;0
27/04/2014;05:55:00;60;Acidente sem Vítima;317,8;BR-101/ES;Norte;Queda de Moto;0;0;0;1;0;0;;;;;1;0;0;0;0
27/04/2014;03:53:00;42;Acidente com vítima;366;BR-101/ES;Norte;Queda de Moto;0;0;0;1;0;0;;;;;0;2;0;0;0
27/04/2014;16:12:00;333;Acidente com vítima;408;BR-101/ES;Norte;Capotamento;1;0;0;0;0;0;;;;;0;1;0;0;0
27/04/2014;13:02:00;265;Acidente com vítima;427;BR-101/ES;Norte;Saída de Pista;0;0;1;0;0;0;;;;;0;1;0;0;0
27/04/2014;13:21:00;272;Acidente com vítima;946;BR-101/BA;Norte;Colisão Lateral;0;0;3;0;0;0;;;;;1;2;0;0;0
28/04/2014;21:46:00;505;Acidente sem Vítima;66;BR-101/ES;Sul;Colisão Lateral;0;0;2;0;0;0;;;;;2;0;0;0;0
28/04/2014;06:13:00;125;Acidente com vítima;68;BR-101/ES;Norte;Colisão Lateral;1;0;0;0;1;0;;;;;4;1;0;0;0
28/04/2014;13:29:00;325;Acidente com vítima;128;BR-101/ES;Norte;Colisão Lateral;1;0;1;0;0;0;;;;;2;1;0;0;0
28/04/2014;15:07:00;355;Acidente sem Vítima;221;BR-101/ES;Norte;Colisão Traseira;1;0;3;0;0;0;;;;;7;0;0;0;0
28/04/2014;18:23:00;427;Acidente com vítima;264;BR-101/ES;Norte;Colisão Lateral;0;0;0;1;0;0;;;;;0;2;0;0;0
28/04/2014;10:00:00;222;Acidente sem Vítima;270;BR-101/ES;Norte;Colisão Lateral;1;0;1;0;0;0;;;;;2;0;0;0;0
28/04/2014;01:23:00;42;Acidente sem Vítima;297,8;BR-101/ES;Norte;Colisão Traseira;2;0;0;1;0;0;;;;;1;0;0;0;0
28/04/2014;02:11:00;64;Acidente com vítima;358;BR-101/ES;Norte;Saída de Pista;1;0;0;0;0;0;;;;;0;1;0;0;0
28/04/2014;02:33:00;74;Acidente sem Vítima;396;BR-101/ES;Norte;Atropelamento - Equino;0;0;1;0;0;0;;;;;1;0;0;0;0
29/04/2014;18:05:00;349;Acidente sem Vítima;71;BR-101/ES;Sul;Atropelamento - Equino;1;0;0;0;0;0;;;;;1;0;0;0;0
29/04/2014;10:46:00;202;Acidente sem Vítima;93;BR-101/ES;Norte;Colisão Traseira;2;0;0;0;0;0;;;;;2;0;0;0;0
29/04/2014;10:22:00;196;Acidente sem Vítima;144;BR-101/ES;Sul;Colisão Traseira;1;0;1;0;0;0;;;;;2;0;0;0;0
29/04/2014;16:04:00;307;Acidente sem Vítima;146;BR-101/ES;Sul;Colisão Lateral;2;0;0;0;0;0;;;;;2;0;0;0;0
29/04/2014;12:59:00;260;Acidente sem Vítima;153;BR-101/ES;Norte;Saída de Pista;1;0;0;0;0;0;;;;;2;0;0;0;0
29/04/2014;23:23:00;460;Acidente sem Vítima;211,2;BR-101/ES;Norte;Saída de Pista;0;0;1;0;0;0;;;;;1;0;0;0;0
29/04/2014;16:14:00;311;Acidente com vítima;215;BR-101/ES;Sul;Colisão Lateral;2;0;0;0;0;0;;;;;2;3;0;0;0
29/04/2014;11:24:00;227;Acidente sem Vítima;221;BR-101/ES;Norte;Colisão Lateral;2;0;0;0;0;0;;;;;2;0;0;0;0
29/04/2014;09:34:00;174;Acidente sem Vítima;253;BR-101/ES;Sul;Colisão Traseira;2;0;0;0;0;0;;;;;5;0;0;0;0
29/04/2014;17:11:00;330;Acidente sem Vítima;258;BR-101/ES;Norte;Engavetamento;4;0;0;0;0;0;;;;;8;0;0;0;0
29/04/2014;12:47:00;256;Acidente sem Vítima;261;BR-101/ES;Norte;Colisão Lateral;1;0;0;1;0;0;;;;;2;0;0;0;0
29/04/2014;14:42:00;287;Atropelamento sem Morte;267;BR-101/ES;Norte;Atropelamento;0;0;2;0;0;0;;;;;0;0;0;1;0
29/04/2014;14:33:00;286;Acidente sem Vítima;270;BR-101/ES;Norte;Colisão Lateral;2;0;0;0;0;0;;;;;2;0;0;0;0
30/04/2014;18:17:00;343;Acidente sem Vítima;68;BR-101/ES;Norte;Engavetamento;3;0;0;0;0;0;;;;;4;0;0;0;0
30/04/2014;21:50:00;443;Acidente com vítima;228;BR-101/ES;Norte;Abalroamento - Mesmo Sentido;2;0;0;0;0;0;;;;;0;5;0;0;0
30/04/2014;19:53:00;389;Acidente sem Vítima;262;BR-101/ES;Sul;Saída de Pista;1;0;0;0;0;0;;;;;1;0;0;0;0
30/04/2014;08:26:00;119;Acidente sem Vítima;264;BR-101/ES;Sul;Colisão Traseira;2;0;0;0;0;0;;;;;2;0;0;0;0
30/04/2014;23:38:00;457;Acidente sem Vítima;328;BR-101/ES;Sul;Queda de ciclista;0;0;0;0;0;1;;;;;0;0;0;0;0
30/04/2014;21:38:00;436;Acidente sem Vítima;377;BR-101/ES;Sul;Choque com Veículo Estacionado;1;0;3;2;0;0;;;;;4;0;0;0;0
01/05/2014;23:07:00;473;Acidente sem Vítima;30;BR-101/ES;Sul;Colisão Traseira;2;0;0;0;0;0;;;;;6;0;0;0;0
01/05/2014;07:08:00;154;Acidente com vítima;62;BR-101/ES;Norte;Saída de Pista;1;0;0;0;0;0;;;;;1;1;0;0;0
01/05/2014;03:47:00;108;Acidente com vítima;67;BR-101/ES;Norte;Queda de Moto;0;0;0;1;0;0;;;;;0;0;0;1;0
01/05/2014;19:02:00;420;Acidente sem Vítima;111;BR-101/ES;Norte;Colisão Traseira;1;0;1;0;0;0;;;;;2;0;0;0;0
01/05/2014;02:31:00;75;Acidente sem Vítima;144;BR-101/ES;Norte;Choque com Objeto Fixo;0;0;0;0;0;1;;;;;0;0;0;0;0
01/05/2014;21:15:00;461;Acidente sem Vítima;147;BR-101/ES;Norte;Colisão Lateral;1;0;0;1;0;0;;;;;2;0;0;0;0
01/05/2014;21:11:00;460;Acidente com vítima;219;BR-101/ES;Norte;Queda de Moto;0;0;0;1;0;0;;;;;0;1;0;0;0
01/05/2014;16:26:00;380;Acidente sem Vítima;235;BR-101/ES;Sul;Veículo em Chamas;0;0;1;0;0;0;;;;;0;0;0;0;0
01/05/2014;11:22:00;279;Acidente sem Vítima;260;BR-101/ES;Sul;Colisão Traseira;1;0;0;0;0;0;;;;;2;0;0;0;0
01/05/2014;21:18:00;463;Acidente com vítima;265;BR-101/ES;Sul;Choque com Objeto Fixo;1;0;0;0;0;0;;;;;0;1;0;0;0
01/05/2014;09:57:00;239;Acidente com vítima;266;BR-101/ES;Sul;Queda de Moto;0;0;0;1;0;0;;;;;0;1;0;0;0
01/05/2014;06:15:00;147;Acidente sem Vítima;305;BR-101/ES;Norte;Saída de Pista;1;0;0;0;0;0;;;;;1;0;0;0;0
01/05/2014;20:22:00;449;Acidente com vítima;329;BR-101/ES;Sul;Colisão;0;0;0;0;0;1;;;;;0;0;1;0;0
01/05/2014;09:47:00;236;Acidente sem Vítima;393;BR-101/ES;Sul;Veículo em Chamas;0;0;1;0;0;0;;;;;1;0;0;0;0
01/05/2014;09:17:00;218;Acidente sem Vítima;458;BR-101/ES;Sul;Colisão Lateral;2;0;0;0;0;0;;;;;2;0;0;0;0
02/05/2014;15:45:00;337;Acidente sem Vítima;15;BR-101/ES;Sul;Colisão Lateral;2;0;0;0;0;0;;;;;3;0;0;0;0
02/05/2014;17:39:00;359;Acidente sem Vítima;17;BR-101/ES;Norte;Tombamento;0;0;1;0;0;0;;;;;1;0;0;0;0
02/05/2014;21:18:00;422;Acidente sem Vítima;119;BR-101/ES;Norte;Saída de Pista;1;0;1;0;0;0;;;;;2;0;0;0;0
02/05/2014;16:58:00;355;Acidente sem Vítima;120;BR-101/ES;Norte;Colisão Lateral;2;0;0;0;0;0;;;;;3;0;0;0;0
02/05/2014;12:24:00;268;Acidente sem Vítima;233;BR-101/ES;Norte;Colisão Lateral;1;0;1;0;0;0;;;;;3;0;0;0;0
02/05/2014;16:35:00;348;Acidente sem Vítima;244;BR-101/ES;Sul;Colisão Traseira;0;0;3;0;0;0;;;;;2;0;0;0;0
02/05/2014;15:39:00;334;Acidente sem Vítima;262;BR-101/ES;Norte;Colisão Traseira;1;0;0;0;0;0;;;;;1;0;0;0;0
02/05/2014;04:24:00;73;Acidente sem Vítima;264;BR-101/ES;Norte;Colisão Traseira;1;0;1;0;0;0;;;;;1;0;0;0;0
02/05/2014;14:45:00;323;Acidente sem Vítima;265,9;BR-101/ES;Sul;Colisão Traseira;1;0;1;0;0;0;;;;;2;0;0;0;0
02/05/2014;11:18:00;237;Acidente sem Vítima;268;BR-101/ES;Sul;Colisão Traseira;2;0;0;0;0;0;;;;;2;0;0;0;0
02/05/2014;12:27:00;270;Acidente sem Vítima;269;BR-101/ES;Norte;Abalroamento - Mesmo Sentido;1;0;1;0;0;0;;;;;2;0;0;0;0
02/05/2014;06:53:00;103;Acidente com vítima;336;BR-101/ES;Sul;Queda de ciclista;0;0;0;0;0;1;;;;;0;1;0;0;0
02/05/2014;20:07:00;403;Acidente com vítima;408;BR-101/ES;Norte;Tombamento;0;0;2;0;0;0;;;;;0;1;0;0;0
02/05/2014;19:27:00;391;Acidente com Morte;448;BR-101/ES;Sul;Queda de Moto;0;0;0;1;0;0;;;;;0;0;0;0;1
03/05/2014;18:08:00;369;Acidente sem Vítima;91;BR-101/ES;Sul;Colisão Traseira;2;0;0;0;0;0;;;;;2;0;0;0;0
03/05/2014;10:42:00;209;Acidente com vítima;127;BR-101/ES;Sul;Queda de ciclista;0;1;0;0;0;0;;;;;0;0;1;0;0
03/05/2014;18:04:00;367;Acidente com vítima;138;BR-101/ES;Norte;Colisão;0;0;0;1;0;0;;;;;0;1;0;0;0
03/05/2014;12:11:00;248;Acidente com vítima;144;BR-101/ES;Norte;Queda de Moto;0;0;0;1;0;0;;;;;0;2;0;0;0
03/05/2014;12:40:00;258;Acidente com vítima;147;BR-101/ES;Norte;Colisão Traseira;0;0;0;0;0;1;;;;;0;1;0;0;0
03/05/2014;09:40:00;179;Acidente sem Vítima;164;BR-101/ES;Norte;Abalroamento - Mesmo Sentido;1;0;0;1;0;0;;;;;2;0;0;0;0
03/05/2014;22:53:00;468;Acidente com vítima;182;BR-101/ES;Norte;Queda de Moto;0;0;0;1;0;0;;;;;0;0;1;0;0