data;horario;n_da_ocorrencia;tipo_de_ocorrencia;km;trecho;sentido;tipo_de_acidente;automovel;bicicleta;caminhao;moto;onibus;outros;tracao_animal;transporte_de_cargas_especiais;trator_maquinas;utilitarios;ilesos;levemente_feridos;moderadamente_feridos;gravemente_feridos;mortos
14/05/2014;11:04:00;212;Acidente sem Vítima;302;BR-101/ES;Norte;Colisão Traseira;0;0;2;0;0;0;;;;;2;0;0;0;0
14/05/2014;14:08:00;308;Acidente com vítima;313;BR-101/ES;Sul;Colisão Traseira;1;0;1;0;0;0;;;;;0;2;0;0;0
14/05/2014;18:29:00;397;Acidente com vítima;399;BR-101/ES;Norte;Queda de Moto;0;0;0;1;0;0;;;;;0;1;0;0;0
15/05/2014;20:52:00;386;Atropelamento sem Morte;46;BR-101/ES;Norte;Atropelamento;0;0;0;0;0;1;;;;;0;1;0;0;0
15/05/2014;23:09:00;420;Acidente sem Vítima;64;BR-101/ES;Norte;Colisão Frontal;1;0;2;0;0;0;;;;;2;0;0;0;0
15/05/2014;17:49:00;324;Acidente com vítima;139;BR-101/ES;Sul;Colisão Lateral;0;0;1;1;0;0;;;;;1;0;1;0;0
15/05/2014;20:33:00;378;Acidente com vítima;145,9;BR-101/ES;Norte;Colisão Lateral;2;0;0;0;0;0;;;;;6;1;0;0;0
15/05/2014;17:56:00;326;Acidente com vítima;146;BR-101/ES;Sul;Engavetamento;3;0;0;0;0;0;;;;;2;1;0;0;0
15/05/2014;20:30:00;377;Acidente sem Vítima;156;BR-101/ES;Sul;Atropelamento - Animal;1;0;0;0;0;0;;;;;0;0;0;0;0
15/05/2014;19:41:00;357;Acidente com Morte;188;BR-101/ES;Norte;Colisão Lateral;1;0;1;0;0;0;;;;;2;0;1;0;1
15/05/2014;06:48:00;78;Acidente com vítima;255;BR-101/ES;Norte;Colisão Traseira;0;0;0;1;0;0;;;;;0;1;0;0;0
15/05/2014;10:28:00;162;Acidente com vítima;257;BR-101/ES;Norte;Abalroamento - Mesmo Sentido;1;0;0;1;0;0;;;;;0;3;0;0;0
15/05/2014;17:42:00;319;Acidente sem Vítima;264;BR-101/ES;Norte;Colisão Lateral;1;0;1;0;0;0;;;;;2;0;0;0;0
15/05/2014;16:31:00;290;Acidente sem Vítima;269;BR-101/ES;Sul;Engavetamento;3;0;0;0;0;0;;;;;3;0;0;0;0
15/05/2014;20:07:00;368;Acidente sem Vítima;292;BR-101/ES;Sul;Colisão Lateral;1;0;1;0;0;0;;;;;2;0;0;0;0
15/05/2014;08:15:00;104;Acidente com vítima;313,5;BR-101/ES;Norte;Queda de Moto;0;0;0;1;0;0;;;;;0;1;0;0;0
15/05/2014;11:09:00;179;Acidente com vítima;321;BR-101/ES;Norte;Colisão Lateral;2;0;0;0;0;0;;;;;1;1;0;0;0
15/05/2014;12:06:00;207;Atropelamento sem Morte;378;BR-101/ES;Sul;Atropelamento;0;0;1;0;0;0;;;;;1;1;0;0;0
16/05/2014;08:55:00;141;Acidente sem Vítima;129;BR-101/ES;Norte;Colisão Lateral;1;0;2;0;0;0;;;;;2;0;0;0;0
16/05/2014;17:18:00;353;Acidente sem Vítima;233;BR-101/ES;Norte;Colisão Lateral;1;0;3;0;0;0;;;;;6;0;0;0;0
16/05/2014;08:53:00;140;Acidente com vítima;240;BR-101/ES;Norte;Queda de Moto;0;0;0;1;0;0;;;;;1;1;0;0;0
16/05/2014;11:25:00;206;Atropelamento sem Morte;242;BR-101/ES;Norte;Atropelamento;0;0;0;0;0;1;;;;;0;0;1;0;0
16/05/2014;14:11:00;269;Acidente sem Vítima;246;BR-101/ES;Norte;Choque com Objeto Fixo;1;0;0;0;0;0;;;;;1;0;0;0;0
16/05/2014;16:00:00;315;Acidente sem Vítima;247;BR-101/ES;Sul;Abalroamento - Sentido Oposto;0;0;2;0;0;0;;;;;3;0;0;0;0
16/05/2014;12:15:00;240;Acidente com vítima;248;BR-101/ES;Sul;Abalroamento - Mesmo Sentido;0;0;1;1;0;0;;;;;1;0;1;0;0
16/05/2014;07:43:00;118;Acidente sem Vítima;264;BR-101/ES;Norte;Queda de Moto;1;0;0;0;0;0;;;;;1;0;0;0;0
16/05/2014;19:47:00;394;Acidente sem Vítima;267;BR-101/ES;Norte;Engavetamento;3;0;0;0;0;0;;;;;4;0;0;0;0
16/05/2014;06:37:00;107;Acidente sem Vítima;290;BR-101/ES;Norte;Colisão Traseira;2;0;0;0;0;0;;;;;2;0;0;0;0
16/05/2014;18:37:00;374;Atropelamento com Morte;295;BR-101/ES;Norte;Atropelamento;0;0;0;0;0;1;;;;;0;0;0;0;1
16/05/2014;22:10:00;445;Acidente sem Vítima;326;BR-101/ES;Sul;Saída de Pista;1;0;0;0;0;0;;;;;1;0;0;0;0
16/05/2014;16:07:00;321;Acidente com vítima;334;BR-101/ES;Norte;Queda de Moto;0;0;0;1;0;0;;;;;0;1;0;0;0
16/05/2014;21:28:00;435;Acidente sem Vítima;399;BR-101/ES;Sul;Colisão Lateral;1;0;1;0;0;0;;;;;7;0;0;0;0
16/05/2014;23:08:00;453;Acidente sem Vítima;451;BR-101/ES;Norte;Abalroamento - Sentido Oposto;0;0;4;0;0;0;;;;;2;0;0;0;0
17/05/2014;07:11:00;95;Acidente sem Vítima;70;BR-101/ES;Sul;Saída de Pista;1;0;0;0;0;0;;;;;1;0;0;0;0
17/05/2014;12:19:00;231;Acidente com vítima;107;BR-101/ES;Norte;Colisão Traseira;1;0;0;1;0;0;;;;;1;0;1;1;0
17/05/2014;18:17:00;343;Acidente com vítima;119;BR-101/ES;Norte;Queda de Moto;0;0;0;1;0;0;;;;;0;0;0;1;0
17/05/2014;23:52:00;461;Acidente com vítima;146;BR-101/ES;Sul;Colisão Traseira;1;0;0;1;0;0;;;;;1;0;1;1;0
17/05/2014;00:06:00;3;Acidente sem Vítima;217;BR-101/ES;Norte;Colisão Lateral;1;0;1;0;0;0;;;;;4;0;0;0;0
17/05/2014;18:52:00;365;Acidente sem Vítima;262;BR-101/ES;Norte;Colisão Traseira;1;0;0;0;1;0;;;;;2;0;0;0;0
17/05/2014;10:51:00;192;Acidente sem Vítima;266;BR-101/ES;Norte;Colisão Traseira;2;0;0;0;0;0;;;;;2;0;0;0;0
17/05/2014;09:38:00;169;Acidente com vítima;268;BR-101/ES;Sul;Saída de Pista;1;0;0;0;0;0;;;;;0;1;0;0;0
17/05/2014;18:54:00;366;Acidente sem Vítima;290;BR-101/ES;Norte;Colisão Lateral;0;0;0;0;0;1;;;;;0;0;0;0;0
17/05/2014;13:07:00;252;Acidente sem Vítima;330;BR-101/ES;Sul;Colisão Lateral;2;0;0;0;0;0;;;;;2;0;0;0;0
17/05/2014;14:19:00;269;Acidente sem Vítima;343;BR-101/ES;Norte;Colisão Frontal;2;0;0;0;0;0;;;;;2;0;0;0;0
17/05/2014;12:00:00;220;Acidente com vítima;442;BR-101/ES;Norte;Colisão Transversal;0;0;1;1;0;0;;;;;0;0;2;0;0
17/05/2014;15:49:00;295;Acidente com vítima;458;BR-101/ES;Sul;Colisão Lateral;2;0;0;0;0;0;;;;;0;2;2;0;0
18/05/2014;12:15:00;242;Acidente sem Vítima;1,2;BR-101/ES;Norte;Colisão Traseira;1;0;1;0;0;0;;;;;2;0;0;0;0
18/05/2014;13:26:00;276;Acidente com vítima;66,5;BR-101/ES;Norte;Colisão Lateral;2;0;0;0;0;0;;;;;1;1;0;0;0
18/05/2014;04:07:00;56;Acidente sem Vítima;67;BR-101/ES;Sul;Choque com Objeto Fixo;1;0;0;0;0;0;;;;;2;0;0;0;0
18/05/2014;22:00:00;421;Atropelamento com Morte;151;BR-101/ES;Norte;Atropelamento;0;0;0;0;0;1;;;;;0;0;0;0;1
18/05/2014;17:58:00;346;Acidente com Morte;165;BR-101/ES;Norte;Colisão Frontal;0;0;1;2;0;0;;;;;2;0;2;0;2
18/05/2014;00:27:00;5;Acidente sem Vítima;177;BR-101/ES;Norte;Choque com Objeto Fixo;1;0;0;0;0;0;;;;;3;0;0;0;0
18/05/2014;20:52:00;401;Acidente com vítima;237;BR-101/ES;Norte;Queda de Moto;0;0;0;1;0;0;;;;;0;2;0;0;0
18/05/2014;00:59:00;8;Acidente sem Vítima;264;BR-101/ES;Norte;Colisão Traseira;2;0;0;0;0;0;;;;;3;0;0;0;0
18/05/2014;17:04:00;331;Acidente sem Vítima;266;BR-101/ES;Norte;Colisão Lateral;2;0;0;0;0;0;;;;;2;0;0;0;0
18/05/2014;11:42:00;225;Acidente com vítima;287;BR-101/ES;Norte;Saída de Pista;1;0;0;0;0;0;;;;;0;1;0;0;0
18/05/2014;21:16:00;406;Acidente com Morte;292;BR-101/ES;Sul;Queda de Moto;1;0;0;1;0;0;;;;;0;1;0;1;1
18/05/2014;16:04:00;316;Acidente sem Vítima;385;BR-101/ES;Sul;Saída de Pista;0;0;0;1;0;0;;;;;1;0;0;0;0
18/05/2014;16:12:00;319;Acidente sem Vítima;440;BR-101/ES;Norte;Tombamento;0;0;2;0;0;0;;;;;1;0;0;0;0
19/05/2014;04:52:00;74;Acidente com vítima;78;BR-101/ES;Norte;Atropelamento - Equino;1;0;0;0;0;0;;;;;0;1;0;0;0
19/05/2014;01:10:00;27;Acidente com vítima;135;BR-101/ES;Sul;Colisão Traseira;1;0;4;0;0;0;;;;;1;0;3;1;0
19/05/2014;17:39:00;358;Acidente sem Vítima;143;BR-101/ES;Sul;Colisão Traseira;2;0;0;0;0;0;;;;;3;0;0;0;0
19/05/2014;19:19:00;385;Acidente sem Vítima;149;BR-101/ES;Norte;Colisão Lateral;2;0;0;0;0;0;;;;;3;0;0;0;0
19/05/2014;09:11:00;158;Acidente sem Vítima;173;BR-101/ES;Norte;Engavetamento;1;0;1;0;0;0;;;;;2;0;0;0;0
19/05/2014;13:32:00;268;Acidente com vítima;190;BR-101/ES;Sul;Colisão Lateral;2;0;0;0;0;0;;;;;3;1;0;0;0
19/05/2014;07:46:00;112;Acidente sem Vítima;244;BR-101/ES;Sul;Colisão Traseira;2;0;0;0;0;0;;;;;3;0;0;0;0
19/05/2014;12:04:00;232;Acidente com vítima;255,3;BR-101/ES;Sul;Queda de Moto;1;0;0;1;0;0;;;;;1;1;0;0;0
19/05/2014;07:02:00;96;Acidente sem Vítima;264;BR-101/ES;Norte;Colisão Lateral;0;0;0;2;0;0;;;;;2;0;0;0;0
19/05/2014;15:13:00;294;Acidente sem Vítima;270;BR-101/ES;Sul;Colisão Traseira;0;0;3;0;0;0;;;;;2;0;0;0;0
19/05/2014;17:42:00;361;Acidente com vítima;289;BR-101/ES;Norte;Queda de Moto;0;0;0;1;0;0;;;;;0;1;0;0;0
20/05/2014;20:29:00;432;Acidente sem Vítima;66;BR-101/ES;Sul;Queda de Moto;0;0;0;1;0;0;;;;;0;0;0;0;0
20/05/2014;19:23:00;397;Acidente com vítima;147;BR-101/ES;Norte;Colisão Lateral;3;0;0;0;0;0;;;;;2;1;0;0;0
20/05/2014;15:38:00;329;Acidente com vítima;154;BR-101/ES;Norte;Queda de Moto;1;0;0;0;0;0;;;;;0;2;0;0;0
20/05/2014;14:31:00;313;Acidente sem Vítima;162;BR-101/ES;Norte;Colisão Traseira;2;0;0;0;0;0;;;;;4;0;0;0;0
20/05/2014;14:49:00;315;Acidente sem Vítima;171;BR-101/ES;Sul;Colisão Traseira;0;0;0;0;0;1;;;;;5;0;0;0;0
20/05/2014;07:10:00;94;Acidente com vítima;218;BR-101/ES;Norte;Colisão Traseira;2;0;1;0;0;0;;;;;2;2;0;0;0
20/05/2014;07:08:00;93;Acidente sem Vítima;237;BR-101/ES;Norte;Veículo em Chamas;0;0;2;0;0;0;;;;;0;0;0;0;0
20/05/2014;15:28:00;326;Acidente sem Vítima;245;BR-101/ES;Norte;Saída de Pista;1;0;0;0;0;0;;;;;1;0;0;0;0
20/05/2014;21:32:00;454;Acidente sem Vítima;264;BR-101/ES;Sul;Colisão Traseira;2;0;0;0;0;0;;;;;2;0;0;0;0
20/05/2014;18:12:00;380;Acidente com vítima;268;BR-101/ES;Norte;Queda de Moto;0;0;0;1;0;0;;;;;0;0;1;0;0
20/05/2014;10:32:00;203;Acidente com vítima;271;BR-101/ES;Norte;Choque com Objeto Fixo;1;0;0;0;0;0;;;;;1;0;1;0;0
20/05/2014;07:07:00;91;Acidente sem Vítima;281;BR-101/ES;Norte;Saída de Pista;1;0;0;0;0;0;;;;;1;0;0;0;0
20/05/2014;18:00:00;376;Acidente sem Vítima;298;BR-101/ES;Sul;Colisão Traseira;2;0;0;0;0;0;;;;;2;0;0;0;0
20/05/2014;11:11:00;223;Acidente sem Vítima;388;BR-101/ES;Norte;Tombamento;0;0;1;0;0;0;;;;;1;0;0;0;0
20/05/2014;19:19:00;395;Acidente sem Vítima;388;BR-101/ES;Norte;Tombamento;0;0;1;0;0;0;;;;;1;0;0;0;0
20/05/2014;16:20:00;346;Acidente com vítima;411;BR-101/ES;Sul;Saída de Pista;1;0;0;0;0;0;;;;;0;1;1;1;0
21/05/2014;16:39:00;432;Acidente com vítima;94;BR-101/ES;Sul;Colisão Lateral;0;0;3;1;0;0;;;;;2;1;0;0;0
21/05/2014;04:58:00;97;Acidente sem Vítima;108;BR-101/ES;Norte;Colisão Traseira;2;0;0;0;0;0;;;;;3;0;0;0;0
21/05/2014;14:58:00;396;Acidente sem Vítima;126;BR-101/ES;Sul;Colisão Traseira;2;0;0;0;0;0;;;;;5;0;0;0;0
21/05/2014;22:56:00;569;Acidente sem Vítima;140;BR-101/ES;Sul;Colisão Lateral;1;0;0;1;0;0;;;;;2;0;0;0;0
21/05/2014;13:56:00;376;Acidente sem Vítima;193,5;BR-101/ES;Norte;Veículo em Chamas;0;0;1;0;0;0;;;;;0;0;0;0;0
21/05/2014;03:41:00;81;Acidente sem Vítima;197;BR-101/ES;Norte;Atropelamento - Animal;1;0;0;0;0;0;;;;;1;0;0;0;0
21/05/2014;14:54:00;395;Acidente com vítima;256;BR-101/ES;Sul;Colisão Lateral;0;0;0;1;0;0;;;;;0;1;0;0;0
21/05/2014;18:15:00;458;Acidente sem Vítima;290;BR-101/ES;Norte;Colisão Lateral;1;0;1;0;0;0;;;;;5;0;0;0;0
21/05/2014;09:45:00;231;Acidente sem Vítima;298;BR-101/ES;Sul;Engavetamento;3;0;0;0;0;0;;;;;3;0;0;0;0
21/05/2014;16:47:00;435;Acidente com vítima;335;BR-101/ES;Sul;Queda de Moto;1;0;0;0;0;0;;;;;0;1;0;0;0
21/05/2014;22:12:00;561;Acidente sem Vítima;439;BR-101/ES;Sul;Saída de Pista;1;0;0;0;0;0;;;;;1;0;0;0;0
22/05/2014;14:10:00;327;Acidente sem Vítima;146;BR-101/ES;Sul;Colisão Traseira;2;0;0;0;0;0;;;;;2;0;0;0;0
22/05/2014;06:53:00;97;Acidente com vítima;206;BR-101/ES;Norte;Queda de ciclista;0;0;0;0;0;1;;;;;0;1;0;0;0
22/05/2014;06:44:00;93;Acidente com Morte;239;BR-101/ES;Norte;Colisão Frontal;1;0;0;1;0;0;;;;;1;0;0;0;1
22/05/2014;15:12:00;342;Acidente sem Vítima;255;BR-101/ES;Sul;Colisão Traseira;2;0;0;0;0;0;;;;;2;0;0;0;0
22/05/2014;14:26:00;330;Acidente sem Vítima;255,5;BR-101/ES;Norte;Colisão Lateral;1;0;0;1;0;0;;;;;2;0;0;0;0
22/05/2014;19:45:00;443;Acidente sem Vítima;262;BR-101/ES;Norte;Saída de Pista;1;0;0;0;0;0;;;;;1;0;0;0;0
22/05/2014;10:11:00;203;Acidente com vítima;265;BR-101/ES;Sul;Colisão Lateral;1;0;1;0;0;0;;;;;0;1;0;0;0
22/05/2014;09:55:00;197;Acidente com vítima;266;BR-101/ES;Sul;Colisão Traseira;2;0;0;0;0;0;;;;;1;0;1;0;0
22/05/2014;18:12:00;408;Acidente sem Vítima;268;BR-101/ES;Sul;Colisão Lateral;1;0;0;0;1;0;;;;;3;0;0;0;0
22/05/2014;13:41:00;316;Acidente sem Vítima;269;BR-101/ES;Sul;Engavetamento;5;0;0;0;0;0;;;;;8;0;0;0;0
22/05/2014;14:38:00;335;Acidente com vítima;269;BR-101/ES;Sul;Colisão Lateral;1;0;1;1;0;0;;;;;2;0;1;0;0
22/05/2014;23:33:00;519;Acidente sem Vítima;269;BR-101/ES;Sul;Abalroamento - Mesmo Sentido;1;0;1;0;0;0;;;;;3;0;0;0;0
22/05/2014;18:20:00;414;Acidente sem Vítima;277;BR-101/ES;Sul;Colisão Lateral;1;0;1;0;0;0;;;;;2;0;0;0;0
22/05/2014;18:41:00;424;Acidente sem Vítima;277,6;BR-101/ES;Sul;Colisão Traseira;0;0;1;0;1;0;;;;;4;0;0;0;0
22/05/2014;15:44:00;354;Acidente sem Vítima;279;BR-101/ES;Sul;Colisão Transversal;0;0;4;0;0;0;;;;;2;0;0;0;0
22/05/2014;08:10:00;141;Acidente sem Vítima;287;BR-101/ES;Sul;Engavetamento;3;0;0;0;0;0;;;;;3;0;0;0;0
22/05/2014;18:21:00;415;Acidente com vítima;297;BR-101/ES;Sul;Colisão Traseira;1;0;0;1;0;0;;;;;1;1;0;0;0
22/05/2014;06:54:00;98;Acidente sem Vítima;302;BR-101/ES;Norte;Choque com Objeto Fixo;0;0;1;0;0;0;;;;;1;0;0;0;0
22/05/2014;09:25:00;182;Acidente sem Vítima;341,2;BR-101/ES;Norte;Saída de Pista;0;0;2;0;0;0;;;;;1;0;0;0;0
22/05/2014;18:16:00;412;Acidente com vítima;358;BR-101/ES;Sul;Abalroamento - Mesmo Sentido;1;0;0;0;1;0;;;;;2;1;0;0;0
23/05/2014;22:17:00;443;Acidente com vítima;65;BR-101/ES;Sul;Colisão Traseira;2;0;1;0;0;0;;;;;3;3;0;0;0
23/05/2014;08:55:00;147;Acidente com vítima;66;BR-101/ES;Norte;Colisão Lateral;1;0;1;0;0;0;;;;;3;0;0;1;0
23/05/2014;19:18:00;378;Acidente sem Vítima;104;BR-101/ES;Norte;Veículo em Chamas;1;0;0;0;0;0;;;;;0;0;0;0;0
23/05/2014;17:32:00;340;Acidente com vítima;137;BR-101/ES;Sul;Queda de Moto;0;0;0;1;0;0;;;;;0;0;1;0;0
23/05/2014;07:33:00;122;Acidente sem Vítima;148;BR-101/ES;Norte;Colisão Traseira;2;0;0;0;0;0;;;;;6;0;0;0;0
23/05/2014;19:46:00;388;Acidente com vítima;150;BR-101/ES;Sul;Colisão Traseira;1;0;1;0;0;0;;;;;0;1;0;0;0
23/05/2014;16:20:00;304;Acidente com Morte;155;BR-101/ES;Sul;Saída de Pista;1;0;0;0;0;0;;;;;0;0;0;0;1
23/05/2014;18:40:00;368;Acidente sem Vítima;203;BR-101/ES;Norte;Tombamento;0;0;1;0;0;0;;;;;1;0;0;0;0
23/05/2014;22:31:00;445;Acidente sem Vítima;203,3;BR-101/ES;Norte;Queda de Moto;0;0;0;1;0;0;;;;;1;0;0;0;0
23/05/2014;18:26:00;363;Acidente sem Vítima;261,5;BR-101/ES;Norte;Colisão Traseira;2;0;0;0;0;0;;;;;2;0;0;0;0
23/05/2014;09:24:00;155;Acidente sem Vítima;293;BR-101/ES;Norte;Engavetamento;3;0;0;0;0;0;;;;;3;0;0;0;0
23/05/2014;06:28:00;110;Acidente sem Vítima;376;BR-101/ES;Sul;Saída de Pista;0;0;1;0;0;0;;;;;1;0;0;0;0
23/05/2014;06:21:00;109;Acidente sem Vítima;388;BR-101/ES;Sul;Tombamento;0;0;1;0;0;0;;;;;3;0;0;0;0
23/05/2014;11:09:00;192;Acidente com vítima;440;BR-101/ES;Norte;Colisão Lateral;2;0;0;0;0;0;;;;;0;1;1;0;0
23/05/2014;15:11:00;276;Acidente sem Vítima;445;BR-101/ES;Norte;Choque;1;0;2;0;0;0;;;;;2;0;0;0;0
24/05/2014;16:01:00;279;Acidente com vítima;3;BR-101/ES;Sul;Abalroamento - Mesmo Sentido;0;0;3;1;0;0;;;;;1;0;1;0;0
24/05/2014;23:48:00;437;Acidente sem Vítima;61;BR-101/ES;Sul;Queda de Moto;0;0;0;1;0;0;;;;;1;0;0;0;0
24/05/2014;11:41:00;192;Acidente com vítima;62;BR-101/ES;Norte;Abalroamento - Mesmo Sentido;0;0;0;2;0;0;;;;;0;0;2;0;0
24/05/2014;07:38:00;95;Acidente sem Vítima;67;BR-101/ES;Sul;Colisão Lateral;2;0;0;0;0;0;;;;;2;0;0;0;0
24/05/2014;18:19:00;322;Acidente sem Vítima;67;BR-101/ES;Sul;Colisão Traseira;1;0;0;0;1;0;;;;;1;0;0;0;0
24/05/2014;04:35:00;58;Acidente com vítima;110;BR-101/ES;Sul;Engavetamento;0;0;6;0;0;0;;;;;2;1;0;1;0
24/05/2014;16:08:00;283;Acidente com vítima;145;BR-101/ES;Norte;Colisão Lateral;1;0;3;0;0;0;;;;;2;1;0;0;0
24/05/2014;20:40:00;380;Acidente com vítima;156;BR-101/ES;Sul;Abalroamento - Sentido Oposto;1;0;0;1;0;0;;;;;1;0;0;2;0
24/05/2014;10:48:00;159;Acidente sem Vítima;211;BR-101/ES;Sul;Colisão Frontal;1;0;2;0;0;0;;;;;2;0;0;0;0
24/05/2014;10:22:00;148;Acidente sem Vítima;214;BR-101/ES;Norte;Colisão Traseira;2;0;0;0;0;0;;;;;2;0;0;0;0
24/05/2014;17:38:00;312;Acidente sem Vítima;262;BR-101/ES;Norte;Saída de Pista;1;0;0;0;0;0;;;;;1;0;0;0;0
24/05/2014;12:53:00;218;Acidente sem Vítima;267;BR-101/ES;Sul;Colisão Lateral;1;0;1;0;0;0;;;;;2;0;0;0;0
24/05/2014;11:47:00;196;Acidente sem Vítima;270;BR-101/ES;Sul;Abalroamento - Mesmo Sentido;1;0;1;0;0;0;;;;;2;0;0;0;0
24/05/2014;12:31:00;210;Acidente sem Vítima;270;BR-101/ES;Norte;Queda de Moto;0;0;0;2;0;0;;;;;2;0;0;0;0
24/05/2014;01:26:00;17;Acidente com vítima;292;BR-101/ES;Norte;Colisão Traseira;0;0;2;0;0;0;;;;;1;0;1;0;0
24/05/2014;19:15:00;342;Acidente com Morte;366;BR-101/ES;Norte;Colisão Frontal;1;0;1;0;0;0;;;;;2;0;0;0;1
24/05/2014;05:58:00;78;Acidente sem Vítima;394;BR-101/ES;Sul;Saída de Pista;1;0;0;0;0;0;;;;;1;0;0;0;0
24/05/2014;15:54:00;278;Acidente com vítima;398;BR-101/ES;Norte;Capotamento;1;0;0;0;0;0;;;;;0;1;0;0;0
24/05/2014;17:04:00;300;Acidente sem Vítima;401;BR-101/ES;Norte;Saída de Pista;0;0;2;0;0;0;;;;;1;0;0;0;0
24/05/2014;10:14:00;145;Acidente sem Vítima;421;BR-101/ES;Norte;Saída de Pista;0;0;1;0;0;0;;;;;2;0;0;0;0
24/05/2014;06:37:00;84;Acidente com vítima;427;BR-101/ES;Norte;Tombamento;0;0;1;0;0;0;;;;;1;0;1;0;0
24/05/2014;13:31:00;236;Acidente sem Vítima;457,5;BR-101/ES;Norte;Capotamento;1;0;0;0;0;0;;;;;2;0;0;0;0
25/05/2014;03:10:00;54;Acidente com vítima;45;BR-101/ES;Sul;Colisão Traseira;2;0;0;0;0;0;;;;;4;1;1;1;0
25/05/2014;20:07:00;400;Acidente com vítima;57;BR-101/ES;Norte;Queda de Moto;0;0;0;1;0;0;;;;;1;1;0;0;0
25/05/2014;18:05:00;351;Acidente com vítima;131;BR-101/ES;Sul;Colisão Lateral;1;0;0;1;0;0;;;;;1;1;0;1;0
25/05/2014;11:23:00;217;Acidente com vítima;138;BR-101/ES;Norte;Queda de Moto;1;0;0;0;0;0;;;;;1;1;0;0;0
25/05/2014;02:10:00;32;Acidente sem Vítima;140;BR-101/ES;Sul;Choque com Objeto Fixo;1;0;0;0;0;0;;;;;1;0;0;0;0
25/05/2014;03:47:00;71;Acidente com vítima;143;BR-101/ES;Norte;Saída de Pista;1;0;0;0;0;0;;;;;0;1;0;0;0
25/05/2014;16:07:00;313;Acidente com vítima;268;BR-101/ES;Sul;Abalroamento - Mesmo Sentido;1;0;0;1;0;0;;;;;1;1;0;0;0
26/05/2014;11:08:00;242;Acidente com Morte;29;BR-101/ES;Norte;Saída de Pista;1;0;0;0;0;0;;;;;0;0;0;0;1
26/05/2014;09:36:00;190;Acidente com vítima;126;BR-101/ES;Norte;Queda de Moto;0;0;0;1;0;0;;;;;0;1;0;0;0
26/05/2014;13:07:00;294;Acidente com vítima;126;BR-101/ES;Norte;Queda de ciclista;0;0;0;0;0;1;;;;;0;0;1;0;0
26/05/2014;08:31:00;153;Acidente sem Vítima;144;BR-101/ES;Norte;Colisão Traseira;2;0;0;0;0;0;;;;;4;0;0;0;0
26/05/2014;14:46:00;320;Acidente sem Vítima;145;BR-101/ES;Norte;Colisão Lateral;2;0;0;0;0;0;;;;;4;0;0;0;0
26/05/2014;06:04:00;93;Acidente sem Vítima;220;BR-101/ES;Norte;Capotamento;2;0;0;0;0;0;;;;;2;0;0;0;0
26/05/2014;12:13:00;281;Acidente sem Vítima;253,8;BR-101/ES;Norte;Colisão Lateral;2;0;0;0;0;0;;;;;4;0;0;0;0
26/05/2014;13:40:00;306;Acidente com vítima;256,5;BR-101/ES;Norte;Queda de Moto;0;0;0;1;0;0;;;;;0;2;0;0;0
26/05/2014;17:26:00;364;Acidente com vítima;261;BR-101/ES;Norte;Colisão Lateral;1;0;0;1;0;0;;;;;1;0;1;0;0
26/05/2014;07:52:00;131;Acidente sem Vítima;263;BR-101/ES;Norte;Colisão Traseira;1;0;1;0;0;0;;;;;2;0;0;0;0
26/05/2014;08:07:00;137;Acidente sem Vítima;268;BR-101/ES;Norte;Saída de Pista;1;0;0;0;0;0;;;;;1;0;0;0;0
26/05/2014;17:31:00;365;Acidente com vítima;292;BR-101/ES;Norte;Colisão Lateral;1;0;0;1;0;0;;;;;0;1;0;0;0
26/05/2014;17:57:00;371;Acidente sem Vítima;293;BR-101/ES;Norte;Colisão;0;0;0;0;0;1;;;;;0;0;0;0;0
26/05/2014;02:31:00;34;Acidente sem Vítima;304;BR-101/ES;Sul;Tombamento;0;0;2;0;0;0;;;;;1;0;0;0;0
26/05/2014;07:40:00;122;Acidente sem Vítima;323;BR-101/ES;Norte;Colisão Traseira;0;0;2;0;0;0;;;;;0;0;0;0;0
26/05/2014;08:04:00;136;Acidente sem Vítima;325;BR-101/ES;Norte;Colisão Traseira;0;0;4;0;0;0;;;;;2;0;0;0;0
26/05/2014;15:36:00;333;Acidente sem Vítima;373;BR-101/ES;Sul;Colisão Traseira;0;0;2;0;0;0;;;;;2;0;0;0;0
27/05/2014;15:10:00;332;Acidente sem Vítima;66,6;BR-101/ES;Sul;Saída de Pista;1;0;0;0;0;0;;;;;1;0;0;0;0
27/05/2014;16:46:00;367;Acidente com vítima;138,6;BR-101/ES;Norte;Abalroamento - Mesmo Sentido;0;0;2;1;0;0;;;;;1;1;0;0;0
27/05/2014;18:08:00;390;Acidente sem Vítima;180;BR-101/ES;Sul;Saída de Pista;1;0;0;0;0;0;;;;;1;0;0;0;0
27/05/2014;09:18:00;196;Acidente sem Vítima;241;BR-101/ES;Sul;Colisão Traseira;0;0;2;0;0;0;;;;;3;0;0;0;0
27/05/2014;13:11:00;295;Acidente sem Vítima;242;BR-101/ES;Sul;Colisão Lateral;0;0;2;0;0;0;;;;;5;0;0;0;0
27/05/2014;19:31:00;425;Acidente com vítima;260;BR-101/ES;Norte;Engavetamento;5;0;0;0;0;0;;;;;5;2;1;0;0
27/05/2014;07:21:00;128;Acidente sem Vítima;270;BR-101/ES;Sul;Colisão Traseira;0;0;2;0;0;0;;;;;2;0;0;0;0
27/05/2014;07:41:00;140;Atropelamento sem Morte;270;BR-101/ES;Sul;Atropelamento;0;0;0;0;0;1;;;;;0;1;0;0;0