data;horario;n_da_ocorrencia;tipo_de_ocorrencia;km;trecho;sentido;tipo_de_acidente;automovel;bicicleta;caminhao;moto;onibus;outros;tracao_animal;transporte_de_cargas_especiais;trator_maquinas;utilitarios;ilesos;levemente_feridos;moderadamente_feridos;gravemente_feridos;mortos
27/05/2014;08:13:00;154;Acidente com vítima;270;BR-101/ES;Sul;Colisão Lateral;1;0;0;1;0;0;;;;;1;0;1;0;0
27/05/2014;15:27:00;336;Acidente com vítima;270;BR-101/ES;Norte;Colisão Lateral;0;0;0;1;1;0;;;;;1;1;0;0;0
27/05/2014;18:53:00;409;Acidente sem Vítima;288;BR-101/ES;Norte;Colisão Lateral;2;0;0;0;0;0;;;;;5;0;0;0;0
27/05/2014;13:38:00;307;Acidente sem Vítima;297;BR-101/ES;Norte;Tombamento;0;0;1;0;0;0;;;;;1;0;0;0;0
27/05/2014;20:25:00;443;Acidente sem Vítima;329;BR-101/ES;Norte;Saída de Pista;1;0;0;0;0;0;;;;;1;0;0;0;0
27/05/2014;05:57:00;107;Acidente com vítima;333;BR-101/ES;Norte;Queda de Moto;0;0;0;1;0;0;;;;;0;0;1;0;0
27/05/2014;06:00:00;108;Acidente sem Vítima;396,9;BR-101/ES;Norte;Veículo em Chamas;0;0;0;0;0;1;;;;;0;0;0;0;0
27/05/2014;15:24:00;335;Acidente sem Vítima;399;BR-101/ES;Norte;Colisão Traseira;2;0;0;0;0;0;;;;;3;0;0;0;0
27/05/2014;17:13:00;376;Acidente sem Vítima;420;BR-101/ES;Norte;Capotamento;1;0;0;0;0;0;;;;;2;0;0;0;0
27/05/2014;07:13:00;121;Acidente sem Vítima;438;BR-101/ES;Sul;Saída de Pista;0;0;1;0;0;0;;;;;3;0;0;0;0
27/05/2014;12:21:00;273;Acidente sem Vítima;953,6;BR-101/BA;Norte;Colisão Traseira;0;0;2;0;0;0;;;;;1;0;0;0;0
28/05/2014;08:43:00;140;Acidente sem Vítima;5;BR-101/ES;Norte;Saída de Pista;1;0;0;0;0;0;;;;;1;0;0;0;0
28/05/2014;07:50:00;119;Acidente com vítima;66;BR-101/ES;Norte;Colisão Traseira;1;0;0;1;0;0;;;;;1;1;0;0;0
28/05/2014;16:40:00;374;Acidente sem Vítima;66;BR-101/ES;Sul;Colisão Traseira;1;0;0;0;1;0;;;;;2;0;0;0;0
28/05/2014;10:50:00;205;Acidente sem Vítima;175;BR-101/ES;Sul;Engavetamento;1;0;1;0;1;0;;;;;3;0;0;0;0
28/05/2014;04:52:00;70;Acidente sem Vítima;255;BR-101/ES;Norte;Colisão Lateral;1;0;0;0;1;0;;;;;1;0;0;0;0
28/05/2014;22:22:00;513;Acidente sem Vítima;258;BR-101/ES;Norte;Saída de Pista;1;0;0;0;0;0;;;;;1;0;0;0;0
28/05/2014;19:12:00;428;Acidente sem Vítima;259;BR-101/ES;Sul;Atropelamento - Animal;1;0;0;0;0;0;;;;;1;0;0;0;0
28/05/2014;19:02:00;425;Acidente sem Vítima;260;BR-101/ES;Sul;Colisão Traseira;1;0;1;0;0;0;;;;;2;0;0;0;0
28/05/2014;12:18:00;267;Acidente sem Vítima;266;BR-101/ES;Sul;Colisão Lateral;1;0;2;0;0;0;;;;;2;0;0;0;0
28/05/2014;16:05:00;363;Acidente com vítima;267;BR-101/ES;Norte;Choque com Veículo Estacionado;1;0;1;1;0;0;;;;;1;0;1;0;0
28/05/2014;16:09:00;365;Acidente sem Vítima;269;BR-101/ES;Sul;Colisão Traseira;4;0;0;0;0;0;;;;;5;0;0;0;0
28/05/2014;07:37:00;106;Acidente sem Vítima;291;BR-101/ES;Norte;Colisão Traseira;0;0;2;0;0;0;;;;;2;0;0;0;0
28/05/2014;14:25:00;327;Acidente sem Vítima;328;BR-101/ES;Sul;Saída de Pista;1;0;0;0;0;0;;;;;1;0;0;0;0
28/05/2014;20:12:00;461;Acidente com vítima;355;BR-101/ES;Sul;Tombamento;0;0;1;0;0;0;;;;;0;1;0;0;0
28/05/2014;16:54:00;382;Acidente sem Vítima;358;BR-101/ES;Norte;Queda de Moto;1;0;0;0;0;0;;;;;1;0;0;0;0
28/05/2014;19:22:00;433;Acidente com vítima;399;BR-101/ES;Norte;Colisão Lateral;1;0;2;0;0;0;;;;;2;1;0;0;0
29/05/2014;09:04:00;174;Acidente sem Vítima;61;BR-101/ES;Sul;Colisão Traseira;1;0;1;0;0;0;;;;;2;0;0;0;0
29/05/2014;13:44:00;333;Acidente sem Vítima;74,2;BR-101/ES;Norte;Queda de Moto;0;0;0;1;0;0;;;;;2;0;0;0;0
29/05/2014;18:06:00;423;Acidente com vítima;144;BR-101/ES;Norte;Colisão;1;1;0;0;0;0;;;;;1;0;0;1;0
29/05/2014;05:23:00;83;Acidente sem Vítima;146;BR-101/ES;Sul;Colisão Lateral;0;0;3;0;1;0;;;;;2;0;0;0;0
29/05/2014;17:14:00;399;Acidente sem Vítima;165;BR-101/ES;Norte;Saída de Pista;1;0;0;0;0;0;;;;;2;0;0;0;0
29/05/2014;16:19:00;380;Acidente sem Vítima;247;BR-101/ES;Norte;Colisão Lateral;0;0;5;0;0;0;;;;;2;0;0;0;0
29/05/2014;08:52:00;164;Acidente sem Vítima;264;BR-101/ES;Norte;Colisão Lateral;1;0;1;0;0;0;;;;;2;0;0;0;0
29/05/2014;17:22:00;401;Acidente sem Vítima;265;BR-101/ES;Norte;Engavetamento;4;0;0;0;0;0;;;;;4;0;0;0;0
29/05/2014;17:34:00;411;Acidente com vítima;285;BR-101/ES;Sul;Colisão Traseira;1;0;1;0;0;0;;;;;1;1;0;0;0
29/05/2014;15:24:00;358;Acidente sem Vítima;295;BR-101/ES;Sul;Abalroamento - Mesmo Sentido;1;0;0;1;0;0;;;;;2;0;0;0;0
29/05/2014;07:16:00;108;Acidente com vítima;315;BR-101/ES;Norte;Colisão Traseira;1;0;0;1;0;0;;;;;1;1;0;0;0
29/05/2014;22:35:00;517;Acidente com vítima;443;BR-101/ES;Norte;Saída de Pista;0;0;2;0;0;0;;;;;0;1;0;0;0
30/05/2014;17:35:00;388;Acidente com vítima;25,5;BR-101/ES;Norte;Colisão Transversal;1;0;0;1;0;0;;;;;2;0;1;0;0
30/05/2014;09:51:00;208;Acidente com vítima;71;BR-101/ES;Norte;Queda de ciclista;0;1;0;0;0;0;;;;;0;1;0;0;0
30/05/2014;09:38:00;202;Acidente com vítima;83;BR-101/ES;Sul;Queda de Moto;0;0;0;1;0;0;;;;;0;1;0;0;0
30/05/2014;05:59:00;104;Acidente sem Vítima;125;BR-101/ES;Sul;Colisão Traseira;0;0;2;0;0;0;;;;;3;0;0;0;0
30/05/2014;00:15:00;5;Acidente sem Vítima;265;BR-101/ES;Norte;Colisão Traseira;1;0;1;0;0;0;;;;;3;0;0;0;0
30/05/2014;06:58:00;119;Acidente sem Vítima;266;BR-101/ES;Norte;Colisão Lateral;1;0;0;0;0;0;;;;;1;0;0;0;0
30/05/2014;18:21:00;405;Acidente com vítima;266;BR-101/ES;Norte;Colisão Traseira;1;0;0;1;0;0;;;;;3;0;1;0;0
30/05/2014;07:02:00;122;Acidente sem Vítima;269;BR-101/ES;Sul;Colisão Lateral;1;0;1;1;0;0;;;;;3;0;0;0;0
30/05/2014;11:21:00;241;Acidente sem Vítima;269;BR-101/ES;Norte;Colisão Traseira;2;0;0;0;0;0;;;;;2;0;0;0;0
30/05/2014;11:21:00;242;Acidente sem Vítima;269;BR-101/ES;Sul;Engavetamento;3;0;0;0;0;0;;;;;3;0;0;0;0
30/05/2014;14:28:00;333;Acidente sem Vítima;297;BR-101/ES;Sul;Colisão Traseira;2;0;0;0;0;0;;;;;2;0;0;0;0
30/05/2014;21:32:00;490;Atropelamento sem Morte;329;BR-101/ES;Norte;Atropelamento;0;0;0;1;0;0;;;;;0;0;2;0;0
30/05/2014;23:38:00;535;Acidente com vítima;388;BR-101/ES;Norte;Tombamento;0;0;2;0;0;0;;;;;0;2;0;0;0
31/05/2014;08:57:00;138;Acidente sem Vítima;13,6;BR-101/ES;Norte;Saída de Pista;1;0;0;0;0;0;;;;;3;0;0;0;0
31/05/2014;17:20:00;351;Acidente sem Vítima;25;BR-101/ES;Norte;Abalroamento - Sentido Oposto;1;0;2;0;0;0;;;;;5;0;0;0;0
31/05/2014;16:52:00;344;Acidente sem Vítima;61;BR-101/ES;Norte;Colisão Traseira;1;0;0;1;0;0;;;;;3;0;0;0;0
31/05/2014;18:05:00;367;Acidente sem Vítima;95;BR-101/ES;Norte;Queda de Moto;0;0;0;1;0;0;;;;;1;0;0;0;0
31/05/2014;12:39:00;243;Acidente sem Vítima;101;BR-101/ES;Norte;Colisão Traseira;2;0;0;0;0;0;;;;;3;0;0;0;0
31/05/2014;18:49:00;375;Acidente com vítima;134,5;BR-101/ES;Sul;Queda de Moto;0;0;0;1;0;0;;;;;0;1;1;0;0
31/05/2014;21:27:00;424;Acidente com vítima;140;BR-101/ES;Sul;Queda de Moto;0;0;0;1;0;0;;;;;0;0;0;1;0
31/05/2014;04:40:00;74;Acidente sem Vítima;142;BR-101/ES;Norte;Saída de Pista;0;0;1;0;0;0;;;;;1;0;0;0;0
31/05/2014;19:58:00;393;Acidente sem Vítima;145,7;BR-101/ES;Norte;Colisão Traseira;2;0;0;0;0;0;;;;;2;0;0;0;0
31/05/2014;16:29:00;337;Acidente sem Vítima;214;BR-101/ES;Sul;Abalroamento - Mesmo Sentido;2;0;1;0;0;0;;;;;4;0;0;0;0
31/05/2014;11:26:00;194;Acidente com vítima;255;BR-101/ES;Norte;Colisão Lateral;1;0;1;1;0;0;;;;;2;1;0;0;0
31/05/2014;16:33:00;338;Acidente com vítima;260;BR-101/ES;Norte;Colisão Frontal;2;0;0;0;0;0;;;;;0;0;3;4;0
31/05/2014;18:25:00;371;Acidente sem Vítima;261;BR-101/ES;Sul;Engavetamento;3;0;0;0;0;0;;;;;7;0;0;0;0
31/05/2014;17:40:00;363;Acidente sem Vítima;262,3;BR-101/ES;Norte;Engavetamento;4;0;0;0;0;0;;;;;5;0;0;0;0
31/05/2014;10:23:00;159;Acidente com vítima;270;BR-101/ES;Sul;Colisão Traseira;1;0;0;0;1;0;;;;;2;1;0;0;0
31/05/2014;11:36:00;200;Acidente sem Vítima;270;BR-101/ES;Sul;Colisão Traseira;2;0;0;0;0;0;;;;;3;0;0;0;0
31/05/2014;22:10:00;433;Acidente sem Vítima;270;BR-101/ES;Norte;Colisão Traseira;2;0;0;0;0;0;;;;;2;0;0;0;0
31/05/2014;05:26:00;82;Acidente sem Vítima;279;BR-101/ES;Sul;Colisão Traseira;2;0;0;0;0;0;;;;;2;0;0;0;0
31/05/2014;02:42:00;36;Acidente sem Vítima;286;BR-101/ES;Sul;Choque com Objeto Fixo;1;0;0;0;0;0;;;;;3;0;0;0;0
31/05/2014;19:11:00;381;Acidente com vítima;295;BR-101/ES;Norte;Queda de Moto;0;0;0;1;0;0;;;;;0;1;0;1;0
31/05/2014;21:01:00;414;Acidente com Morte;312;BR-101/ES;Norte;Colisão Frontal;1;0;0;1;0;0;;;;;2;1;0;0;2
31/05/2014;01:31:00;20;Acidente com vítima;408;BR-101/ES;Sul;Tombamento;0;0;1;0;0;0;;;;;0;1;0;0;0
01/06/2014;12:09:00;216;Acidente sem Vítima;1;BR-101/ES;Norte;Choque com Objeto Fixo;1;0;0;0;0;1;;;;;1;0;0;0;0
01/06/2014;21:30:00;407;Acidente com vítima;60;BR-101/ES;Norte;Colisão Traseira;0;0;0;2;0;0;;;;;1;1;0;0;0
01/06/2014;15:01:00;269;Acidente sem Vítima;125;BR-101/ES;Norte;Colisão Traseira;2;0;0;0;0;2;;;;;3;0;0;0;0
01/06/2014;17:55:00;332;Acidente com Morte;140;BR-101/ES;Norte;Colisão;1;0;0;0;0;1;;;;;2;2;0;0;1
01/06/2014;19:43:00;373;Acidente com vítima;140;BR-101/ES;Sul;Queda de Moto;0;0;0;1;0;0;;;;;0;2;0;0;0
01/06/2014;12:43:00;223;Acidente sem Vítima;141;BR-101/ES;Norte;Queda de ciclista;0;0;0;0;0;1;;;;;0;0;0;0;0
01/06/2014;07:58:00;116;Acidente sem Vítima;143;BR-101/ES;Sul;Colisão Traseira;2;0;0;0;0;2;;;;;2;0;0;0;0
01/06/2014;13:42:00;247;Acidente com vítima;159,8;BR-101/ES;Sul;Colisão Lateral;2;0;0;0;0;2;;;;;2;3;1;0;0
01/06/2014;14:37:00;261;Acidente com vítima;225;BR-101/ES;Sul;Colisão Lateral;3;0;0;0;0;3;;;;;1;3;0;0;0
01/06/2014;15:27:00;272;Acidente com vítima;255;BR-101/ES;Sul;Colisão Traseira;1;0;0;1;0;1;;;;;1;1;0;0;0
01/06/2014;15:37:00;275;Acidente sem Vítima;255;BR-101/ES;Sul;Colisão Traseira;2;0;0;0;0;2;;;;;2;0;0;0;0
01/06/2014;19:33:00;371;Acidente sem Vítima;260;BR-101/ES;Sul;Colisão Traseira;2;0;0;0;0;2;;;;;7;0;0;0;0
01/06/2014;19:04:00;358;Acidente com vítima;261,4;BR-101/ES;Sul;Queda de Moto;0;0;0;1;0;0;;;;;0;0;0;1;0
01/06/2014;20:03:00;376;Acidente sem Vítima;264;BR-101/ES;Norte;Colisão Traseira;3;0;0;0;0;3;;;;;3;0;0;0;0
01/06/2014;09:58:00;155;Acidente sem Vítima;297,5;BR-101/ES;Norte;Choque com Objeto Fixo;1;0;0;0;0;1;;;;;3;0;0;0;0
01/06/2014;00:42:00;9;Acidente sem Vítima;302;BR-101/ES;Sul;Saída de Pista;1;0;0;0;0;1;;;;;1;0;0;0;0
01/06/2014;19:10:00;362;Acidente com Morte;357;BR-101/ES;Sul;Queda de Moto;0;0;0;1;1;0;;;;;1;0;0;0;1
01/06/2014;17:30:00;326;Acidente com Morte;939,4;BR-101/BA;Norte;Colisão Lateral;0;0;2;1;0;0;;;;;1;0;0;0;1
02/06/2014;07:42:00;99;Acidente com vítima;37;BR-101/ES;Norte;Queda de Moto;0;0;0;1;0;0;;;;;0;1;0;0;0
02/06/2014;15:00:00;300;Acidente sem Vítima;60;BR-101/ES;Sul;Veículo em Chamas;1;0;0;0;0;1;;;;;1;0;0;0;0
02/06/2014;10:49:00;177;Acidente sem Vítima;142;BR-101/ES;Sul;Colisão Traseira;2;0;0;0;0;2;;;;;2;0;0;0;0
02/06/2014;06:48:00;90;Acidente sem Vítima;229;BR-101/ES;Norte;Colisão Lateral;1;0;1;0;0;1;;;;;7;0;0;0;0
02/06/2014;18:18:00;357;Acidente sem Vítima;265;BR-101/ES;Norte;Abalroamento - Mesmo Sentido;2;0;2;0;0;2;;;;;3;0;0;0;0
02/06/2014;12:59:00;249;Acidente sem Vítima;271;BR-101/ES;Sul;Choque com Objeto Fixo;0;0;1;0;0;0;;;;;0;0;0;0;0
02/06/2014;14:50:00;296;Acidente com vítima;274;BR-101/ES;Sul;Colisão Lateral;1;0;1;0;0;1;;;;;2;0;0;1;0
02/06/2014;21:34:00;424;Acidente com vítima;442;BR-101/ES;Norte;Colisão Frontal;0;0;1;1;0;0;;;;;0;1;0;0;0
03/06/2014;16:37:00;375;Acidente sem Vítima;66;BR-101/ES;Norte;Colisão Lateral;1;0;0;0;0;0;;;;;2;0;0;0;0
03/06/2014;19:33:00;443;Acidente sem Vítima;126;BR-101/ES;Sul;Colisão;0;0;0;0;0;1;;;;;0;0;0;0;0
03/06/2014;18:45:00;414;Acidente com vítima;131;BR-101/ES;Norte;Colisão Traseira;1;0;0;0;0;1;;;;;0;2;0;0;0
03/06/2014;10:32:00;213;Acidente com vítima;132;BR-101/ES;Sul;Colisão Traseira;1;0;1;1;0;1;;;;;1;2;0;0;0
03/06/2014;08:30:00;132;Acidente sem Vítima;160;BR-101/ES;Norte;Colisão Traseira;2;0;0;0;0;2;;;;;5;0;0;0;0
03/06/2014;11:27:00;245;Acidente sem Vítima;172;BR-101/ES;Norte;Colisão Traseira;1;0;2;0;0;1;;;;;2;0;0;0;0
03/06/2014;19:32:00;440;Acidente sem Vítima;213;BR-101/ES;Sul;Engavetamento;3;0;0;0;0;3;;;;;3;0;0;0;0
03/06/2014;14:05:00;322;Acidente sem Vítima;214;BR-101/ES;Norte;Engavetamento;2;0;1;0;0;1;;;;;3;0;0;0;0
03/06/2014;07:49:00;113;Acidente sem Vítima;240;BR-101/ES;Norte;Saída de Pista;0;0;1;0;0;0;;;;;3;0;0;0;0
03/06/2014;20:13:00;451;Acidente com Morte;261;BR-101/ES;Sul;Saída de Pista;1;0;0;1;0;1;;;;;1;0;0;0;1
03/06/2014;17:39:00;395;Acidente sem Vítima;265;BR-101/ES;Norte;Colisão Traseira;3;0;0;0;0;3;;;;;6;0;0;0;0
03/06/2014;14:31:00;334;Acidente sem Vítima;270;BR-101/ES;Sul;Colisão Traseira;1;0;0;0;0;1;;;;;2;0;0;0;0
03/06/2014;17:38:00;394;Acidente sem Vítima;354;BR-101/ES;Norte;Colisão Lateral;1;0;3;0;0;1;;;;;4;0;0;0;0
03/06/2014;12:30:00;279;Acidente sem Vítima;440;BR-101/ES;Sul;Saída de Pista;1;0;0;0;0;1;;;;;1;0;0;0;0
03/06/2014;04:08:00;67;Acidente sem Vítima;441;BR-101/ES;Norte;Abalroamento - Mesmo Sentido;0;0;0;0;1;0;;;;;1;0;0;0;0
04/06/2014;09:26:00;189;Acidente sem Vítima;91,2;BR-101/ES;Norte;Colisão Transversal;1;0;1;0;0;1;;;;;2;0;0;0;0
04/06/2014;08:16:00;141;Acidente sem Vítima;115;BR-101/ES;Norte;Colisão Lateral;1;0;1;0;0;0;;;;;2;0;0;0;0
04/06/2014;10:01:00;207;Acidente sem Vítima;149;BR-101/ES;Norte;Colisão Lateral;2;0;0;0;0;2;;;;;2;0;0;0;0
04/06/2014;14:03:00;320;Acidente sem Vítima;171,7;BR-101/ES;Norte;Choque com Objeto Fixo;0;0;2;0;0;0;;;;;1;0;0;0;0
04/06/2014;13:38:00;308;Acidente sem Vítima;245;BR-101/ES;Sul;Saída de Pista;1;0;0;0;0;1;;;;;1;0;0;0;0
04/06/2014;16:14:00;373;Acidente com vítima;253;BR-101/ES;Norte;Colisão Lateral;1;0;2;0;0;1;;;;;2;1;0;0;0
04/06/2014;16:47:00;384;Acidente com vítima;267;BR-101/ES;Norte;Colisão Lateral;1;0;0;1;0;1;;;;;1;1;0;0;0
04/06/2014;08:06:00;138;Acidente sem Vítima;268;BR-101/ES;Sul;Colisão Lateral;1;0;0;1;0;1;;;;;2;0;0;0;0
04/06/2014;07:55:00;132;Acidente sem Vítima;269;BR-101/ES;Norte;Colisão Lateral;1;0;2;0;0;1;;;;;2;0;0;0;0
04/06/2014;09:56:00;205;Atropelamento sem Morte;270;BR-101/ES;Norte;Atropelamento;1;0;0;0;0;1;;;;;1;1;0;0;0
04/06/2014;16:01:00;364;Acidente com vítima;297;BR-101/ES;Sul;Queda de Moto;0;0;0;1;0;0;;;;;0;1;0;0;0
04/06/2014;06:54:00;99;Acidente sem Vítima;358;BR-101/ES;Sul;Colisão Traseira;0;0;2;0;0;0;;;;;3;0;0;0;0
04/06/2014;23:18:00;527;Acidente sem Vítima;384;BR-101/ES;Sul;Veículo em Chamas;0;0;2;0;0;0;;;;;0;0;0;0;0
05/06/2014;17:44:00;377;Acidente com vítima;156;BR-101/ES;Norte;Queda de Moto;0;0;0;1;0;0;;;;;0;1;0;0;0
05/06/2014;16:22:00;356;Acidente sem Vítima;206;BR-101/ES;Sul;Capotamento;1;0;0;0;0;1;;;;;2;0;0;0;0
05/06/2014;16:17:00;355;Acidente com vítima;238;BR-101/ES;Norte;Colisão Lateral;1;0;1;0;0;1;;;;;1;2;0;0;0
05/06/2014;19:28:00;412;Acidente sem Vítima;262;BR-101/ES;Norte;Colisão Frontal;2;0;0;0;0;2;;;;;4;0;0;0;0
05/06/2014;07:30:00;99;Acidente com vítima;264;BR-101/ES;Norte;Abalroamento - Transversal;1;0;0;1;0;1;;;;;1;1;0;0;0
05/06/2014;23:02:00;488;Acidente sem Vítima;264;BR-101/ES;Norte;Colisão Traseira;2;0;0;0;0;2;;;;;3;0;0;0;0
05/06/2014;12:45:00;272;Acidente sem Vítima;269;BR-101/ES;Norte;Engavetamento;3;0;0;0;0;3;;;;;3;0;0;0;0
05/06/2014;13:25:00;287;Acidente sem Vítima;269;BR-101/ES;Sul;Colisão Traseira;2;0;0;0;0;2;;;;;2;0;0;0;0
05/06/2014;06:50:00;84;Acidente sem Vítima;276;BR-101/ES;Sul;Queda de Moto;0;0;0;1;0;0;;;;;1;0;0;0;0
05/06/2014;21:05:00;449;Acidente com vítima;292;BR-101/ES;Norte;Colisão Lateral;2;0;0;0;0;1;;;;;0;2;0;0;0
05/06/2014;12:34:00;258;Acidente sem Vítima;372;BR-101/ES;Norte;Veículo em Chamas;1;0;0;0;0;1;;;;;0;0;0;0;0
05/06/2014;20:23:00;437;Acidente sem Vítima;377;BR-101/ES;Norte;Engavetamento;2;0;1;0;0;2;;;;;4;0;0;0;0
05/06/2014;08:19:00;125;Acidente sem Vítima;946;BR-101/BA;Norte;Tombamento;0;0;2;0;0;0;;;;;1;0;0;0;0
06/06/2014;13:44:00;325;Acidente sem Vítima;8;BR-101/ES;Norte;Saída de Pista;1;0;0;0;0;1;;;;;4;0;0;0;0
06/06/2014;07:07:00;103;Acidente com vítima;15;BR-101/ES;Norte;Tombamento;0;0;1;0;0;0;;;;;0;1;0;0;0
06/06/2014;05:40:00;84;Acidente com vítima;56,5;BR-101/ES;Norte;Colisão Traseira;2;0;0;0;0;2;;;;;1;2;0;0;0
06/06/2014;16:30:00;393;Acidente sem Vítima;86;BR-101/ES;Norte;Colisão Traseira;1;0;1;0;0;1;;;;;2;0;0;0;0
06/06/2014;07:43:00;120;Acidente sem Vítima;125;BR-101/ES;Norte;Colisão Traseira;1;0;0;0;1;1;;;;;2;0;0;0;0
06/06/2014;22:30:00;530;Acidente sem Vítima;137;BR-101/ES;Sul;Colisão Lateral;1;0;0;0;0;1;;;;;2;0;0;0;0
06/06/2014;18:24:00;423;Acidente com vítima;142;BR-101/ES;Norte;Colisão Lateral;1;0;0;1;0;1;;;;;0;1;1;0;0
06/06/2014;12:25:00;282;Acidente com vítima;204,5;BR-101/ES;Sul;Colisão Lateral;1;0;0;1;0;1;;;;;0;1;1;0;0
06/06/2014;12:46:00;295;Acidente sem Vítima;214;BR-101/ES;Norte;Colisão Traseira;1;0;1;0;0;1;;;;;2;0;0;0;0
06/06/2014;15:23:00;372;Acidente sem Vítima;228;BR-101/ES;Sul;Engavetamento;3;0;0;0;0;3;;;;;3;0;0;0;0
06/06/2014;14:30:00;341;Acidente sem Vítima;229;BR-101/ES;Norte;Engavetamento;2;0;1;0;0;2;;;;;5;0;0;0;0
06/06/2014;21:41:00;500;Acidente sem Vítima;250;BR-101/ES;Norte;Colisão Traseira;2;0;0;0;0;2;;;;;3;0;0;0;0
06/06/2014;15:22:00;371;Acidente sem Vítima;255;BR-101/ES;Sul;Colisão Lateral;1;0;0;0;0;1;;;;;1;0;0;0;0
06/06/2014;19:53:00;457;Acidente sem Vítima;258;BR-101/ES;Norte;Colisão Traseira;1;0;0;1;0;1;;;;;2;0;0;0;0
06/06/2014;20:15:00;465;Acidente sem Vítima;258;BR-101/ES;Sul;Colisão Lateral;1;0;3;0;0;1;;;;;1;0;0;0;0
06/06/2014;13:21:00;312;Acidente sem Vítima;267;BR-101/ES;Norte;Colisão Traseira;2;0;0;0;0;2;;;;;2;0;0;0;0
06/06/2014;17:46:00;412;Acidente sem Vítima;267;BR-101/ES;Norte;Colisão Traseira;1;0;0;0;1;1;;;;;2;0;0;0;0
06/06/2014;07:12:00;106;Acidente sem Vítima;268;BR-101/ES;Sul;Colisão Traseira;2;0;0;0;0;2;;;;;2;0;0;0;0
06/06/2014;08:05:00;130;Atropelamento sem Morte;269;BR-101/ES;Sul;Atropelamento;0;0;0;0;0;1;;;;;0;1;0;0;0
06/06/2014;12:35:00;292;Acidente sem Vítima;270;BR-101/ES;Sul;Engavetamento;3;0;0;0;0;3;;;;;3;0;0;0;0
06/06/2014;21:50:00;506;Acidente com vítima;270;BR-101/ES;Sul;Colisão Traseira;1;0;2;1;0;1;;;;;2;0;1;0;0
06/06/2014;18:32:00;428;Acidente sem Vítima;276;BR-101/ES;Sul;Saída de Pista;1;0;0;0;0;1;;;;;2;0;0;0;0
06/06/2014;13:15:00;309;Acidente sem Vítima;379,5;BR-101/ES;Norte;Saída de Pista;0;0;0;1;0;0;;;;;1;0;0;0;0
06/06/2014;00:36:00;9;Acidente sem Vítima;398;BR-101/ES;Norte;Colisão;0;0;2;0;0;0;;;;;2;0;0;0;0
07/06/2014;20:45:00;468;Acidente sem Vítima;26;BR-101/ES;Sul;Saída de Pista;1;0;0;0;0;1;;;;;2;0;0;0;0
07/06/2014;17:26:00;387;Acidente sem Vítima;84;BR-101/ES;Norte;Colisão Traseira;1;0;0;0;0;1;;;;;2;0;0;0;0
07/06/2014;04:28:00;82;Acidente com Morte;133;BR-101/ES;Sul;Colisão Frontal;1;0;2;0;0;1;;;;;0;0;1;0;2
07/06/2014;09:35:00;193;Acidente sem Vítima;134;BR-101/ES;Sul;Engavetamento;3;0;0;0;0;3;;;;;8;0;0;0;0
07/06/2014;01:05:00;26;Acidente com vítima;135;BR-101/ES;Norte;Colisão Lateral;2;0;3;0;0;2;;;;;1;1;1;0;0
07/06/2014;06:13:00;105;Acidente sem Vítima;138;BR-101/ES;Sul;Queda de Moto;0;0;0;1;0;0;;;;;1;0;0;0;0
07/06/2014;11:56:00;263;Acidente sem Vítima;145;BR-101/ES;Sul;Colisão Traseira;0;0;1;0;1;0;;;;;2;0;0;0;0
07/06/2014;12:25:00;282;Acidente com vítima;146;BR-101/ES;Norte;Colisão Traseira;1;0;0;1;0;1;;;;;1;1;0;0;0
07/06/2014;13:29:00;317;Acidente sem Vítima;146;BR-101/ES;Norte;Colisão Traseira;0;0;0;1;1;0;;;;;2;0;0;0;0
07/06/2014;18:36:00;412;Acidente com vítima;146;BR-101/ES;Sul;Colisão Traseira;1;0;0;0;1;1;;;;;2;1;0;0;0
07/06/2014;11:21:00;246;Acidente sem Vítima;175;BR-101/ES;Sul;Colisão Lateral;1;0;0;0;0;1;;;;;4;0;0;0;0
07/06/2014;10:40:00;228;Acidente sem Vítima;229,5;BR-101/ES;Norte;Colisão Traseira;1;0;1;0;0;1;;;;;1;0;0;0;0
07/06/2014;13:50:00;321;Acidente com Morte;238;BR-101/ES;Norte;Colisão Lateral;0;0;1;1;0;0;;;;;1;0;0;0;2
07/06/2014;16:22:00;366;Acidente sem Vítima;258;BR-101/ES;Sul;Choque com Objeto Fixo;1;0;0;0;0;1;;;;;1;0;0;0;0
07/06/2014;21:44:00;487;Acidente sem Vítima;291;BR-101/ES;Norte;Capotamento;1;0;0;0;0;1;;;;;1;0;0;0;0
07/06/2014;20:27:00;463;Acidente com vítima;297;BR-101/ES;Sul;Colisão Traseira;0;0;0;1;0;0;;;;;0;1;0;0;0
07/06/2014;04:24:00;81;Acidente sem Vítima;372,3;BR-101/ES;Norte;Choque com Veículo Estacionado;1;0;1;0;0;1;;;;;2;0;0;0;0
07/06/2014;16:37:00;370;Acidente sem Vítima;385;BR-101/ES;Sul;Choque com Objeto Fixo;1;0;0;0;0;1;;;;;1;0;0;0;0
07/06/2014;17:32:00;390;Acidente sem Vítima;457;BR-101/ES;Norte;Saída de Pista;1;0;0;0;0;1;;;;;3;0;0;0;0
08/06/2014;13:51:00;273;Acidente com vítima;46;BR-101/ES;Sul;Colisão Transversal;1;0;0;1;0;1;;;;;5;1;0;0;0
08/06/2014;16:58:00;331;Acidente com vítima;65;BR-101/ES;Norte;Colisão;0;1;0;1;0;0;;;;;0;1;0;0;0
08/06/2014;16:44:00;325;Acidente sem Vítima;67;BR-101/ES;Sul;Colisão Traseira;1;0;0;0;0;1;;;;;5;0;0;0;0