data;horario;n_da_ocorrencia;tipo_de_ocorrencia;km;trecho;sentido;tipo_de_acidente;automovel;bicicleta;caminhao;moto;onibus;outros;tracao_animal;transporte_de_cargas_especiais;trator_maquinas;utilitarios;ilesos;levemente_feridos;moderadamente_feridos;gravemente_feridos;mortos
05/07/2014;16:29:00;298;Acidente sem Vítima;222;BR-101/ES;Norte;Capotamento;1;0;0;0;0;0;;;;;2;0;0;0;0
05/07/2014;10:40:00;170;Acidente com vítima;247;BR-101/ES;Sul;Queda de ciclista;0;1;0;0;0;0;;;;;0;1;0;0;0
05/07/2014;16:21:00;295;Acidente sem Vítima;265;BR-101/ES;Sul;Colisão Traseira;3;0;0;0;0;0;;;;;2;0;0;0;0
05/07/2014;07:56:00;106;Acidente sem Vítima;269;BR-101/ES;Sul;Colisão Traseira;2;0;0;0;0;0;;;;;2;0;0;0;0
05/07/2014;15:51:00;272;Acidente com vítima;292;BR-101/ES;Norte;Queda de ciclista;0;1;0;0;0;0;;;;;0;0;1;0;0
05/07/2014;17:45:00;320;Acidente com Morte;298;BR-101/ES;Norte;Colisão Traseira;1;0;0;0;1;0;;;;;1;0;0;0;1
05/07/2014;09:24:00;146;Acidente sem Vítima;358;BR-101/ES;Sul;Colisão Lateral;1;0;2;0;0;0;;;;;2;0;0;0;0
05/07/2014;18:19:00;333;Acidente com vítima;375;BR-101/ES;Norte;Colisão Frontal;1;0;0;1;0;0;;;;;1;1;0;0;0
05/07/2014;00:28:00;9;Acidente com vítima;388;BR-101/ES;Norte;Queda de Moto;0;0;0;1;0;0;;;;;0;1;0;0;0
05/07/2014;10:14:00;160;Acidente sem Vítima;398;BR-101/ES;Sul;Colisão Traseira;1;0;1;0;0;0;;;;;2;0;0;0;0
05/07/2014;05:47:00;83;Acidente com vítima;949;BR-101/BA;Norte;Colisão Frontal;1;0;0;1;0;0;;;;;4;0;2;0;0
06/07/2014;00:56:00;14;Acidente sem Vítima;61;BR-101/ES;Sul;Colisão Traseira;1;0;3;0;0;0;;;;;2;0;0;0;0
06/07/2014;21:30:00;401;Acidente com vítima;93;BR-101/ES;Sul;Choque;1;0;6;0;0;0;;;;;7;1;0;0;0
06/07/2014;13:36:00;225;Acidente com vítima;155;BR-101/ES;Norte;Queda de Moto;0;0;0;1;0;0;;;;;0;2;0;0;0
06/07/2014;06:11:00;73;Acidente sem Vítima;170;BR-101/ES;Sul;Choque com Objeto Fixo;1;0;0;0;0;0;;;;;2;0;0;0;0
06/07/2014;21:22:00;398;Acidente com vítima;177;BR-101/ES;Sul;Queda de Moto;0;0;0;1;0;0;;;;;1;1;0;0;0
06/07/2014;06:10:00;72;Acidente com vítima;197;BR-101/ES;Norte;Saída de Pista;1;0;0;0;0;0;;;;;0;1;0;0;0
06/07/2014;10:21:00;150;Acidente com vítima;210;BR-101/ES;Norte;Queda de Moto;0;0;0;1;0;0;;;;;0;1;0;0;0
06/07/2014;14:27:00;247;Acidente com vítima;222;BR-101/ES;Sul;Colisão Lateral;3;0;1;0;0;0;;;;;7;1;0;0;0
06/07/2014;17:09:00;293;Acidente sem Vítima;224;BR-101/ES;Sul;Colisão Traseira;1;0;0;1;0;0;;;;;2;0;0;0;0
06/07/2014;08:21:00;107;Acidente sem Vítima;257;BR-101/ES;Sul;Saída de Pista;1;0;0;0;0;0;;;;;4;0;0;0;0
06/07/2014;17:56:00;309;Acidente com vítima;270;BR-101/ES;Norte;Colisão Lateral;1;0;1;0;0;0;;;;;0;3;0;0;0
06/07/2014;20:52:00;389;Acidente sem Vítima;270,3;BR-101/ES;Sul;Colisão Lateral;1;0;2;0;0;0;;;;;2;0;0;0;0
06/07/2014;09:41:00;138;Acidente com vítima;273;BR-101/ES;Sul;Saída de Pista;1;0;0;0;0;0;;;;;1;2;1;0;0
06/07/2014;21:38:00;402;Acidente com vítima;284;BR-101/ES;Norte;Queda de Moto;1;0;0;0;0;0;;;;;0;1;0;0;0
06/07/2014;23:24:00;427;Acidente sem Vítima;291;BR-101/ES;Sul;Capotamento;1;0;0;0;0;0;;;;;1;0;0;0;0
06/07/2014;19:46:00;361;Acidente sem Vítima;298;BR-101/ES;Norte;Colisão Traseira;1;0;0;0;0;0;;;;;1;0;0;0;0
06/07/2014;19:59:00;368;Acidente sem Vítima;298;BR-101/ES;Norte;Colisão Traseira;2;0;0;0;0;0;;;;;5;0;0;0;0
06/07/2014;19:16:00;344;Acidente sem Vítima;301;BR-101/ES;Sul;Engavetamento;3;0;0;0;0;0;;;;;3;0;0;0;0
06/07/2014;09:59:00;148;Acidente sem Vítima;329;BR-101/ES;Norte;Saída de Pista;1;0;0;0;0;0;;;;;2;0;0;0;0
06/07/2014;14:54:00;252;Acidente com vítima;330;BR-101/ES;Sul;Queda de Moto;0;0;0;1;0;0;;;;;0;2;0;0;0
06/07/2014;23:23:00;426;Acidente com vítima;331,9;BR-101/ES;Sul;Choque com Objeto Fixo;0;0;0;1;0;0;;;;;0;1;0;0;0
06/07/2014;18:57:00;338;Acidente com vítima;332;BR-101/ES;Sul;Queda de Moto;0;0;0;1;0;0;;;;;0;1;0;0;0
06/07/2014;15:23:00;263;Acidente sem Vítima;405,3;BR-101/ES;Sul;Saída de Pista;1;0;0;0;0;0;;;;;3;0;0;0;0
07/07/2014;08:56:00;127;Acidente sem Vítima;143;BR-101/ES;Norte;Colisão Traseira;1;0;1;0;0;0;;;;;5;0;0;0;0
07/07/2014;20:41:00;405;Acidente com Morte;158;BR-101/ES;Norte;Saída de Pista;1;0;0;0;0;0;;;;;0;1;0;0;1
07/07/2014;19:05:00;355;Acidente sem Vítima;210;BR-101/ES;Norte;Colisão Lateral;1;0;2;0;0;0;;;;;4;0;0;0;0
07/07/2014;18:38:00;342;Acidente sem Vítima;224;BR-101/ES;Norte;Saída de Pista;1;0;0;0;0;0;;;;;1;0;0;0;0
07/07/2014;17:38:00;323;Acidente com vítima;251;BR-101/ES;Sul;Colisão Traseira;1;0;0;0;0;0;;;;;1;1;0;0;0
07/07/2014;10:28:00;164;Acidente sem Vítima;260;BR-101/ES;Sul;Colisão Traseira;2;0;0;0;0;0;;;;;2;0;0;0;0
07/07/2014;10:19:00;162;Acidente sem Vítima;268;BR-101/ES;Sul;Colisão Traseira;2;0;0;0;0;0;;;;;2;0;0;0;0
07/07/2014;16:41:00;302;Acidente sem Vítima;269;BR-101/ES;Sul;Engavetamento;3;0;0;0;0;0;;;;;3;0;0;0;0
07/07/2014;10:57:00;175;Acidente sem Vítima;291;BR-101/ES;Norte;Colisão Traseira;2;0;0;0;0;0;;;;;1;0;0;0;0
07/07/2014;15:42:00;279;Acidente sem Vítima;324;BR-101/ES;Norte;Saída de Pista;0;0;1;0;0;0;;;;;1;0;0;0;0
08/07/2014;22:46:00;451;Acidente sem Vítima;42;BR-101/ES;Sul;Colisão Traseira;1;0;0;0;0;0;;;;;2;0;0;0;0
08/07/2014;12:56:00;246;Acidente com vítima;157;BR-101/ES;Norte;Queda de Moto;1;0;1;0;0;0;;;;;1;1;0;0;0
08/07/2014;09:18:00;134;Acidente com vítima;167;BR-101/ES;Sul;Saída de Pista;1;0;0;0;0;0;;;;;1;1;0;0;0
08/07/2014;11:36:00;205;Acidente sem Vítima;208;BR-101/ES;Norte;Colisão Traseira;2;0;0;0;0;0;;;;;5;0;0;0;0
08/07/2014;20:19:00;410;Acidente sem Vítima;210;BR-101/ES;Sul;Colisão Lateral;2;0;0;0;0;0;;;;;4;0;0;0;0
08/07/2014;13:16:00;253;Acidente sem Vítima;255;BR-101/ES;Norte;Colisão Traseira;3;0;0;0;0;0;;;;;2;0;0;0;0
08/07/2014;15:39:00;305;Acidente com vítima;262;BR-101/ES;Sul;Colisão Traseira;2;0;0;0;0;0;;;;;2;3;0;0;0
08/07/2014;23:16:00;457;Acidente com vítima;265;BR-101/ES;Norte;Choque com Objeto Fixo;2;0;0;0;0;0;;;;;2;1;0;0;0
08/07/2014;23:32:00;458;Acidente sem Vítima;265;BR-101/ES;Norte;Colisão Traseira;1;0;0;0;0;0;;;;;1;0;0;0;0
08/07/2014;08:12:00;106;Acidente com vítima;266;BR-101/ES;Norte;Colisão Traseira;1;0;1;1;0;0;;;;;2;1;0;0;0
08/07/2014;23:06:00;455;Acidente sem Vítima;266;BR-101/ES;Norte;Colisão Transversal;2;0;0;0;0;0;;;;;2;0;0;0;0
08/07/2014;07:09:00;74;Acidente com vítima;298;BR-101/ES;Norte;Colisão Lateral;1;0;0;0;1;0;;;;;1;1;0;0;0
08/07/2014;16:38:00;328;Acidente sem Vítima;371;BR-101/ES;Norte;Colisão Transversal;2;0;0;0;0;0;;;;;2;0;0;0;0
09/07/2014;15:07:00;295;Atropelamento com Morte;65;BR-101/ES;Norte;Atropelamento;0;0;1;0;0;0;;;;;1;0;0;0;1
09/07/2014;11:29:00;219;Acidente com vítima;155;BR-101/ES;Norte;Queda de Moto;0;0;0;1;0;0;;;;;0;1;0;0;0
09/07/2014;12:38:00;251;Acidente sem Vítima;203;BR-101/ES;Norte;Colisão Lateral;1;0;1;0;0;0;;;;;3;0;0;0;0
09/07/2014;09:48:00;173;Acidente com Morte;209;BR-101/ES;Sul;Colisão Frontal;0;0;2;1;0;0;;;;;1;0;0;0;1
09/07/2014;11:31:00;221;Acidente sem Vítima;230;BR-101/ES;Norte;Engavetamento;3;0;0;0;0;0;;;;;6;0;0;0;0
09/07/2014;10:32:00;193;Acidente com vítima;258;BR-101/ES;Sul;Colisão Lateral;2;0;0;0;0;0;;;;;3;1;0;0;0
09/07/2014;16:03:00;315;Acidente sem Vítima;258;BR-101/ES;Norte;Queda de Moto;0;0;0;1;0;0;;;;;1;0;0;0;0
09/07/2014;12:58:00;259;Acidente com vítima;259;BR-101/ES;Norte;Colisão Frontal;3;0;1;0;0;0;;;;;2;1;1;0;0
09/07/2014;22:31:00;465;Acidente sem Vítima;263;BR-101/ES;Sul;Saída de Pista;1;0;0;0;0;0;;;;;2;0;0;0;0
09/07/2014;21:28:00;444;Acidente com vítima;265;BR-101/ES;Norte;Queda de Moto;0;0;0;1;0;0;;;;;0;1;0;0;0
09/07/2014;20:48:00;433;Acidente com vítima;270;BR-101/ES;Norte;Choque;1;0;0;0;0;0;;;;;0;1;0;0;0
09/07/2014;05:49:00;82;Acidente sem Vítima;290;BR-101/ES;Norte;Atropelamento - Equino;1;0;0;0;0;0;;;;;1;0;0;0;0
09/07/2014;20:19:00;421;Atropelamento sem Morte;298;BR-101/ES;Sul;Atropelamento;1;0;0;0;0;0;;;;;1;0;0;0;0
09/07/2014;14:38:00;289;Acidente sem Vítima;299;BR-101/ES;Sul;Colisão Traseira;2;0;2;0;0;0;;;;;4;0;0;0;0
09/07/2014;18:43:00;374;Acidente sem Vítima;453;BR-101/ES;Sul;Saída de Pista;0;0;1;0;0;0;;;;;2;0;0;0;0
10/07/2014;09:10:00;145;Acidente sem Vítima;65;BR-101/ES;Norte;Colisão Lateral;1;0;1;0;0;0;;;;;2;0;0;0;0
10/07/2014;13:36:00;253;Acidente com vítima;67;BR-101/ES;Norte;Colisão Lateral;1;0;0;1;0;0;;;;;1;1;0;0;0
10/07/2014;21:22:00;469;Acidente com vítima;142;BR-101/ES;Norte;Colisão Transversal;1;0;0;1;0;0;;;;;2;1;0;0;0
10/07/2014;08:41:00;133;Acidente sem Vítima;186;BR-101/ES;Norte;Saída de Pista;1;0;0;0;0;0;;;;;1;0;0;0;0
10/07/2014;10:40:00;172;Acidente sem Vítima;264;BR-101/ES;Sul;Engavetamento;4;0;0;0;0;0;;;;;4;0;0;0;0
10/07/2014;18:10:00;370;Acidente com vítima;266;BR-101/ES;Norte;Queda de Moto;0;0;0;1;0;0;;;;;0;1;0;0;0
10/07/2014;14:19:00;268;Acidente com vítima;283;BR-101/ES;Sul;Queda de Moto;0;0;0;1;0;0;;;;;0;1;0;0;0
10/07/2014;14:28:00;272;Acidente com vítima;450;BR-101/ES;Norte;Colisão Lateral;1;0;1;0;0;0;;;;;1;1;0;0;0
11/07/2014;15:07:00;312;Acidente sem Vítima;1,2;BR-101/ES;Norte;Colisão Lateral;1;0;3;0;0;0;;;;;2;0;0;0;0
11/07/2014;13:53:00;285;Acidente sem Vítima;126;BR-101/ES;Sul;Colisão Transversal;2;0;0;0;0;0;;;;;2;0;0;0;0
11/07/2014;07:15:00;100;Acidente com vítima;141;BR-101/ES;Norte;Colisão Lateral;0;0;0;2;0;0;;;;;0;2;0;0;0
11/07/2014;17:46:00;389;Acidente sem Vítima;144;BR-101/ES;Norte;Colisão Traseira;1;0;0;0;0;0;;;;;1;0;0;0;0
11/07/2014;21:06:00;472;Acidente com vítima;219;BR-101/ES;Norte;Queda de Moto;0;0;0;1;0;0;;;;;0;1;0;0;0
11/07/2014;14:00:00;289;Acidente sem Vítima;233;BR-101/ES;Sul;Tombamento;0;0;1;0;0;0;;;;;3;0;0;0;0
11/07/2014;09:00:00;136;Acidente sem Vítima;264;BR-101/ES;Sul;Choque com Objeto Fixo;1;0;0;0;0;0;;;;;3;0;0;0;0
11/07/2014;14:26:00;296;Acidente sem Vítima;264;BR-101/ES;Norte;Abalroamento - Mesmo Sentido;1;0;1;0;0;0;;;;;2;0;0;0;0
11/07/2014;06:04:00;86;Acidente com vítima;285;BR-101/ES;Norte;Queda de Moto;0;0;0;1;0;0;;;;;0;2;0;0;0
11/07/2014;18:00:00;398;Acidente com vítima;402;BR-101/ES;Sul;Queda de Moto;0;0;0;1;0;0;;;;;0;1;0;0;0
11/07/2014;10:53:00;189;Acidente sem Vítima;407;BR-101/ES;Sul;Saída de Pista;1;0;0;0;0;0;;;;;2;0;0;0;0
11/07/2014;02:00:00;24;Acidente sem Vítima;414;BR-101/ES;Norte;Colisão Lateral;0;0;0;0;1;0;;;;;1;0;0;0;0
11/07/2014;09:46:00;162;Acidente sem Vítima;423;BR-101/ES;Sul;Choque com Objeto Fixo;1;0;0;0;0;0;;;;;3;0;0;0;0
11/07/2014;04:18:00;61;Acidente com vítima;439,5;BR-101/ES;Sul;Tombamento;1;0;0;0;0;0;;;;;3;2;0;0;0
11/07/2014;08:37:00;125;Acidente sem Vítima;450;BR-101/ES;Norte;Saída de Pista;1;0;0;0;0;0;;;;;4;0;0;0;0
12/07/2014;17:47:00;385;Acidente com vítima;96;BR-101/ES;Norte;Colisão Lateral;2;0;0;0;0;0;;;;;3;0;1;0;0
12/07/2014;15:41:00;335;Acidente com vítima;146;BR-101/ES;Norte;Colisão Lateral;1;0;0;2;0;0;;;;;1;2;0;0;0
12/07/2014;18:30:00;398;Acidente com vítima;149;BR-101/ES;Norte;Colisão Lateral;1;0;0;2;0;0;;;;;2;1;0;0;0
12/07/2014;12:24:00;262;Acidente sem Vítima;441;BR-101/ES;Norte;Saída de Pista;0;0;1;0;0;0;;;;;1;0;0;0;0
13/07/2014;02:19:00;24;Acidente com vítima;17;BR-101/ES;Norte;Saída de Pista;1;0;0;0;0;0;;;;;0;1;0;0;0
13/07/2014;16:15:00;311;Acidente com vítima;32;BR-101/ES;Sul;Colisão Traseira;2;0;0;0;0;0;;;;;3;3;0;0;0
13/07/2014;14:42:00;283;Acidente sem Vítima;33;BR-101/ES;Sul;Tombamento;0;0;3;0;0;0;;;;;1;0;0;0;0
13/07/2014;16:08:00;309;Acidente com vítima;125;BR-101/ES;Sul;Colisão Lateral;1;0;0;1;0;0;;;;;1;0;1;0;0
13/07/2014;01:26:00;14;Acidente com vítima;160,4;BR-101/ES;Sul;Saída de Pista;1;0;0;0;0;0;;;;;0;1;0;0;0
13/07/2014;03:15:00;40;Acidente com Morte;176;BR-101/ES;Norte;Atropelamento e Fuga;1;0;0;0;0;0;;;;;0;0;0;0;1
13/07/2014;17:47:00;343;Acidente sem Vítima;206;BR-101/ES;Norte;Saída de Pista;1;0;0;0;0;0;;;;;1;0;0;0;0
13/07/2014;17:58:00;347;Acidente sem Vítima;225;BR-101/ES;Sul;Colisão Traseira;2;0;0;0;0;0;;;;;6;0;0;0;0
13/07/2014;12:05:00;235;Acidente com vítima;265;BR-101/ES;Norte;Atropelamento - Animal;0;0;0;1;0;0;;;;;0;1;0;0;0
13/07/2014;16:46:00;326;Acidente sem Vítima;286;BR-101/ES;Sul;Saída de Pista;1;0;0;0;0;0;;;;;2;0;0;0;0
13/07/2014;01:30:00;16;Acidente sem Vítima;304;BR-101/ES;Sul;Tombamento;0;0;2;0;0;0;;;;;2;0;0;0;0
13/07/2014;05:52:00;77;Acidente sem Vítima;352,5;BR-101/ES;Norte;Saída de Pista;1;0;0;0;0;0;;;;;4;0;0;0;0
13/07/2014;21:17:00;412;Acidente sem Vítima;386;BR-101/ES;Norte;Saída de Pista;1;0;0;0;0;0;;;;;1;0;0;0;0
14/07/2014;17:37:00;349;Acidente com vítima;122;BR-101/ES;Sul;Colisão Traseira;1;0;1;0;0;0;;;;;2;2;0;0;0
14/07/2014;06:06:00;89;Acidente com vítima;143;BR-101/ES;Norte;Colisão;1;1;0;0;0;0;;;;;1;1;0;0;0
14/07/2014;12:44:00;259;Acidente com vítima;160;BR-101/ES;Norte;Colisão Lateral;1;0;0;1;0;0;;;;;1;1;0;0;0
14/07/2014;12:37:00;255;Acidente com vítima;240;BR-101/ES;Norte;Choque com Objeto Fixo;0;0;0;1;0;0;;;;;0;1;0;0;0
14/07/2014;10:15:00;181;Acidente sem Vítima;241;BR-101/ES;Sul;Queda de Moto;0;0;0;1;0;0;;;;;1;0;0;0;0
14/07/2014;06:47:00;93;Acidente com vítima;247;BR-101/ES;Norte;Saída de Pista;1;0;0;0;0;0;;;;;0;1;0;0;0
14/07/2014;19:46:00;409;Acidente sem Vítima;247;BR-101/ES;Norte;Colisão Traseira;1;0;1;0;0;0;;;;;2;0;0;0;0
14/07/2014;01:07:00;16;Acidente sem Vítima;250;BR-101/ES;Sul;Atropelamento - Animal;1;0;0;0;0;0;;;;;1;0;0;0;0
14/07/2014;10:20:00;185;Acidente com vítima;255;BR-101/ES;Norte;Colisão Traseira;2;0;0;0;0;0;;;;;0;2;0;0;0
14/07/2014;17:50:00;353;Acidente sem Vítima;262;BR-101/ES;Norte;Engavetamento;3;0;0;0;0;0;;;;;3;0;0;0;0
14/07/2014;06:52:00;95;Acidente sem Vítima;266;BR-101/ES;Norte;Colisão Traseira;1;0;0;0;1;0;;;;;2;0;0;0;0
14/07/2014;09:21:00;169;Acidente com vítima;271;BR-101/ES;Sul;Colisão Traseira;2;0;0;0;0;0;;;;;1;1;0;0;0
14/07/2014;08:08:00;128;Acidente com vítima;282;BR-101/ES;Sul;Atropelamento - Animal;0;0;0;1;0;0;;;;;0;2;0;0;0
14/07/2014;08:44:00;150;Acidente com vítima;285;BR-101/ES;Norte;Colisão Lateral;1;0;0;1;0;0;;;;;1;0;0;1;0
14/07/2014;02:54:00;49;Acidente sem Vítima;309;BR-101/ES;Norte;Saída de Pista;1;0;0;0;0;0;;;;;2;0;0;0;0
14/07/2014;18:30:00;369;Acidente sem Vítima;321;BR-101/ES;Sul;Colisão Traseira;0;0;3;0;0;0;;;;;2;0;0;0;0
14/07/2014;22:00:00;458;Acidente sem Vítima;321;BR-101/ES;Sul;Colisão Traseira;2;0;0;0;0;0;;;;;2;0;0;0;0
14/07/2014;15:02:00;300;Acidente com vítima;374;BR-101/ES;Sul;Colisão Traseira;2;0;2;0;0;0;;;;;2;3;0;0;0
14/07/2014;16:14:00;323;Acidente sem Vítima;457;BR-101/ES;Norte;Saída de Pista;1;0;0;0;0;0;;;;;1;0;0;0;0
15/07/2014;21:52:00;439;Acidente sem Vítima;180;BR-101/ES;Norte;Saída de Pista;1;0;0;0;0;0;;;;;2;0;0;0;0
15/07/2014;20:54:00;420;Acidente sem Vítima;262;BR-101/ES;Sul;Colisão Traseira;2;0;0;0;0;0;;;;;2;0;0;0;0
15/07/2014;09:16:00;151;Acidente sem Vítima;264;BR-101/ES;Sul;Colisão Traseira;2;0;0;0;0;0;;;;;2;0;0;0;0
15/07/2014;16:38:00;330;Atropelamento sem Morte;267;BR-101/ES;Norte;Atropelamento;0;0;0;1;0;0;;;;;2;1;0;0;0
15/07/2014;00:22:00;8;Acidente sem Vítima;268;BR-101/ES;Sul;Colisão Lateral;2;0;0;0;0;0;;;;;3;0;0;0;0
15/07/2014;08:56:00;138;Acidente com vítima;268;BR-101/ES;Norte;Engavetamento;2;0;1;0;0;0;;;;;2;1;0;0;0
15/07/2014;22:00:00;442;Acidente sem Vítima;268;BR-101/ES;Sul;Colisão Traseira;1;0;0;0;1;0;;;;;2;0;0;0;0
15/07/2014;15:15:00;292;Acidente sem Vítima;270;BR-101/ES;Norte;Colisão Lateral;1;0;1;0;0;0;;;;;2;0;0;0;0
15/07/2014;17:01:00;340;Acidente com vítima;306;BR-101/ES;Sul;Colisão Traseira;0;0;3;0;0;0;;;;;2;1;0;0;0
15/07/2014;18:26:00;366;Acidente sem Vítima;435,5;BR-101/ES;Norte;Saída de Pista;1;0;0;0;0;0;;;;;2;0;0;0;0
16/07/2014;11:48:00;206;Acidente com Morte;76,4;BR-101/ES;Norte;Colisão Frontal;3;0;1;0;0;0;;;;;3;0;0;0;1
16/07/2014;17:17:00;294;Acidente sem Vítima;89,8;BR-101/ES;Sul;Colisão Traseira;2;0;0;0;0;0;;;;;5;0;0;0;0
16/07/2014;18:08:00;308;Acidente sem Vítima;125;BR-101/ES;Norte;Colisão Traseira;1;0;1;0;0;0;;;;;3;0;0;0;0
16/07/2014;22:57:00;398;Acidente sem Vítima;231;BR-101/ES;Sul;Capotamento;1;0;0;0;0;0;;;;;1;0;0;0;0
16/07/2014;10:19:00;169;Acidente com vítima;240,5;BR-101/ES;Norte;Saída de Pista;1;0;0;0;0;0;;;;;0;1;0;0;0
16/07/2014;11:33:00;200;Acidente com Morte;260;BR-101/ES;Norte;Colisão Frontal;2;0;0;1;0;0;;;;;1;0;1;0;1
16/07/2014;13:53:00;239;Acidente sem Vítima;261;BR-101/ES;Norte;Engavetamento;4;0;0;0;0;0;;;;;4;0;0;0;0
16/07/2014;12:12:00;213;Acidente sem Vítima;262;BR-101/ES;Norte;Colisão Traseira;1;0;2;0;0;0;;;;;2;0;0;0;0
16/07/2014;13:37:00;235;Acidente com vítima;264;BR-101/ES;Norte;Queda de Moto;0;0;0;1;0;0;;;;;0;1;0;0;0
16/07/2014;19:53:00;333;Acidente sem Vítima;264;BR-101/ES;Sul;Colisão Traseira;2;0;0;0;0;0;;;;;2;0;0;0;0
16/07/2014;14:20:00;250;Acidente sem Vítima;267;BR-101/ES;Norte;Colisão Lateral;1;0;1;0;0;0;;;;;2;0;0;0;0
16/07/2014;15:17:00;258;Acidente sem Vítima;268;BR-101/ES;Sul;Colisão Traseira;2;0;0;0;0;0;;;;;2;0;0;0;0
16/07/2014;06:53:00;70;Acidente com vítima;269;BR-101/ES;Sul;Engavetamento;4;0;0;0;0;0;;;;;3;1;0;0;0
16/07/2014;17:17:00;293;Acidente com vítima;302,7;BR-101/ES;Norte;Queda de ciclista;0;1;0;0;0;0;;;;;0;1;0;0;0
16/07/2014;07:53:00;98;Acidente com vítima;457,8;BR-101/ES;Norte;Saída de Pista;1;0;0;0;0;0;;;;;0;2;0;0;0
17/07/2014;22:50:00;418;Acidente com vítima;30;BR-101/ES;Sul;Colisão Traseira;0;0;4;0;0;0;;;;;1;0;1;0;0
17/07/2014;15:32:00;271;Acidente sem Vítima;145;BR-101/ES;Norte;Colisão Lateral;2;0;0;0;0;0;;;;;4;0;0;0;0
17/07/2014;08:07:00;113;Acidente sem Vítima;160;BR-101/ES;Sul;Saída de Pista;1;0;0;0;0;0;;;;;1;0;0;0;0
17/07/2014;23:20:00;424;Acidente com vítima;205;BR-101/ES;Norte;Colisão Transversal;0;0;5;0;0;0;;;;;1;2;0;0;0
17/07/2014;00:11:00;3;Acidente sem Vítima;236;BR-101/ES;Sul;Saída de Pista;1;0;0;0;0;0;;;;;2;0;0;0;0
17/07/2014;08:53:00;138;Acidente com vítima;264;BR-101/ES;Norte;Queda de Moto;0;0;0;1;0;0;;;;;0;1;0;0;0
17/07/2014;09:28:00;147;Acidente sem Vítima;266;BR-101/ES;Norte;Colisão Lateral;1;0;1;0;0;0;;;;;2;0;0;0;0
17/07/2014;12:28:00;226;Acidente sem Vítima;268;BR-101/ES;Norte;Colisão Lateral;2;0;0;0;0;0;;;;;2;0;0;0;0
17/07/2014;17:05:00;300;Acidente sem Vítima;271;BR-101/ES;Sul;Colisão Traseira;2;0;0;0;0;0;;;;;2;0;0;0;0
17/07/2014;12:29:00;227;Acidente sem Vítima;284;BR-101/ES;Norte;Saída de Pista;0;0;1;0;0;0;;;;;1;0;0;0;0
17/07/2014;11:33:00;192;Acidente sem Vítima;291;BR-101/ES;Sul;Engavetamento;2;0;1;0;0;0;;;;;3;0;0;0;0
17/07/2014;10:14:00;162;Acidente sem Vítima;293;BR-101/ES;Norte;Engavetamento;1;0;2;0;0;0;;;;;3;0;0;0;0
17/07/2014;21:43:00;407;Acidente sem Vítima;293;BR-101/ES;Sul;Choque com Objeto Fixo;1;0;0;0;0;0;;;;;1;0;0;0;0
17/07/2014;11:55:00;206;Acidente sem Vítima;301;BR-101/ES;Sul;Engavetamento;2;0;1;0;0;1;;;;;4;0;0;0;0
17/07/2014;14:07:00;253;Acidente com vítima;358;BR-101/ES;Sul;Colisão Traseira;0;0;2;0;0;0;;;;;1;3;0;0;0
17/07/2014;02:34:00;35;Acidente com vítima;408;BR-101/ES;Sul;Tombamento;0;0;1;0;0;0;;;;;0;0;1;0;0
17/07/2014;11:09:00;183;Acidente sem Vítima;418,9;BR-101/ES;Norte;Veículo em Chamas;0;0;1;0;0;0;;;;;1;0;0;0;0
18/07/2014;04:48:00;69;Acidente sem Vítima;61,8;BR-101/ES;Norte;Queda de Moto;0;0;0;1;0;0;;;;;1;0;0;0;0
18/07/2014;16:32:00;324;Acidente sem Vítima;146,5;BR-101/ES;Sul;Colisão Lateral;1;0;1;0;0;0;;;;;2;0;0;0;0
18/07/2014;13:17:00;254;Acidente sem Vítima;174;BR-101/ES;Sul;Colisão Lateral;2;0;0;0;0;0;;;;;4;0;0;0;0
18/07/2014;19:53:00;392;Acidente com vítima;176;BR-101/ES;Sul;Colisão Traseira;0;1;1;0;0;0;;;;;1;0;1;0;0
18/07/2014;18:02:00;355;Atropelamento sem Morte;215,8;BR-101/ES;Sul;Atropelamento;1;0;0;0;0;0;;;;;1;0;1;0;0
18/07/2014;20:05:00;401;Acidente com vítima;252;BR-101/ES;Sul;Colisão Lateral;1;0;2;0;0;0;;;;;4;1;1;0;0
18/07/2014;07:46:00;106;Acidente sem Vítima;254;BR-101/ES;Norte;Colisão Traseira;2;0;0;0;0;0;;;;;2;0;0;0;0
18/07/2014;10:29:00;163;Acidente sem Vítima;263;BR-101/ES;Sul;Choque com Objeto Fixo;1;0;0;0;0;0;;;;;1;0;0;0;0
18/07/2014;13:51:00;263;Acidente sem Vítima;265;BR-101/ES;Sul;Colisão Lateral;2;0;1;0;0;0;;;;;3;0;0;0;0
18/07/2014;18:28:00;365;Acidente com vítima;266;BR-101/ES;Norte;Colisão Lateral;3;0;0;0;0;0;;;;;2;1;0;0;0
18/07/2014;17:43:00;345;Atropelamento sem Morte;269;BR-101/ES;Norte;Atropelamento;1;0;0;1;0;0;;;;;1;2;1;0;0
18/07/2014;16:13:00;311;Acidente sem Vítima;274;BR-101/ES;Norte;Colisão Lateral;1;0;1;0;0;0;;;;;2;0;0;0;0
18/07/2014;23:44:00;493;Acidente sem Vítima;297;BR-101/ES;Norte;Capotamento;1;0;0;0;0;0;;;;;1;0;0;0;0
18/07/2014;22:47:00;480;Acidente sem Vítima;358;BR-101/ES;Sul;Saída de Pista;1;0;0;0;0;0;;;;;1;0;0;0;0