data;horario;n_da_ocorrencia;tipo_de_ocorrencia;km;trecho;sentido;tipo_de_acidente;automovel;bicicleta;caminhao;moto;onibus;outros;tracao_animal;transporte_de_cargas_especiais;trator_maquinas;utilitarios;ilesos;levemente_feridos;moderadamente_feridos;gravemente_feridos;mortos
18/07/2014;22:52:00;482;Acidente sem Vítima;370;BR-101/ES;Sul;Choque com Objeto Fixo;1;0;0;0;0;0;;;;;2;0;0;0;0
18/07/2014;16:18:00;313;Acidente com vítima;398;BR-101/ES;Norte;Colisão Traseira;1;0;1;0;0;0;;;;;3;1;0;0;0
19/07/2014;14:49:00;268;Acidente sem Vítima;126;BR-101/ES;Sul;Colisão Traseira;2;0;0;0;0;0;;;;;2;0;0;0;0
19/07/2014;21:56:00;442;Acidente sem Vítima;143;BR-101/ES;Norte;Colisão Lateral;2;0;0;0;0;0;;;;;4;0;0;0;0
19/07/2014;18:25:00;362;Acidente com vítima;258;BR-101/ES;Norte;Colisão Transversal;1;0;0;1;0;0;;;;;1;0;1;1;0
19/07/2014;07:59:00;122;Acidente com vítima;261;BR-101/ES;Sul;Colisão Traseira;1;0;1;0;0;0;;;;;2;2;0;0;0
19/07/2014;00:07:00;2;Acidente sem Vítima;268;BR-101/ES;Sul;Saída de Pista;1;0;0;0;0;0;;;;;1;0;0;0;0
19/07/2014;10:07:00;158;Acidente sem Vítima;290,8;BR-101/ES;Sul;Abalroamento - Mesmo Sentido;1;0;1;0;0;0;;;;;4;0;0;0;0
19/07/2014;20:55:00;419;Acidente com vítima;304;BR-101/ES;Sul;Colisão Traseira;1;0;0;1;0;0;;;;;1;0;1;0;0
19/07/2014;20:03:00;395;Acidente com vítima;306;BR-101/ES;Norte;Colisão Lateral;1;0;2;0;0;0;;;;;1;0;1;0;0
19/07/2014;09:59:00;155;Acidente sem Vítima;394;BR-101/ES;Sul;Colisão Traseira;1;0;3;0;0;0;;;;;4;0;0;0;0
19/07/2014;08:43:00;138;Acidente sem Vítima;426,5;BR-101/ES;Sul;Colisão Traseira;2;0;0;0;0;0;;;;;7;0;0;0;0
19/07/2014;18:01:00;353;Acidente sem Vítima;459;BR-101/ES;Sul;Saída de Pista;1;0;0;0;0;0;;;;;1;0;0;0;0
20/07/2014;14:24:00;268;Acidente com vítima;136;BR-101/ES;Norte;Queda de Moto;0;0;0;1;0;0;;;;;0;1;0;0;0
20/07/2014;19:46:00;362;Acidente com vítima;137;BR-101/ES;Norte;Queda de Moto;0;0;0;2;0;0;;;;;0;2;0;0;0
20/07/2014;20:04:00;368;Acidente sem Vítima;239;BR-101/ES;Sul;Colisão Traseira;2;0;0;0;0;0;;;;;2;0;0;0;0
20/07/2014;17:43:00;320;Acidente com vítima;247;BR-101/ES;Sul;Engavetamento;5;0;0;0;0;0;;;;;5;1;0;0;0
20/07/2014;17:22:00;318;Acidente sem Vítima;250;BR-101/ES;Norte;Colisão Traseira;2;0;0;0;0;0;;;;;2;0;0;0;0
20/07/2014;13:17:00;246;Acidente com vítima;255;BR-101/ES;Sul;Colisão Lateral;1;0;0;1;0;0;;;;;1;1;0;0;0
20/07/2014;17:06:00;311;Acidente com vítima;261;BR-101/ES;Sul;Colisão Lateral;3;0;0;0;0;0;;;;;0;2;0;1;0
20/07/2014;07:28:00;98;Acidente sem Vítima;280;BR-101/ES;Norte;Colisão Lateral;2;0;0;0;0;0;;;;;2;0;0;0;0
20/07/2014;21:20:00;388;Acidente sem Vítima;369;BR-101/ES;Sul;Choque com Objeto Fixo;1;0;0;0;0;0;;;;;2;0;0;0;0
20/07/2014;17:12:00;313;Acidente sem Vítima;398;BR-101/ES;Norte;Colisão Traseira;2;0;0;0;0;0;;;;;3;0;0;0;0
20/07/2014;21:51:00;396;Acidente com vítima;415;BR-101/ES;Sul;Saída de Pista;1;0;0;0;0;0;;;;;0;4;0;0;0
21/07/2014;21:58:00;387;Acidente sem Vítima;144;BR-101/ES;Sul;Veículo em Chamas;0;0;0;1;0;0;;;;;1;0;0;0;0
21/07/2014;09:10:00;129;Acidente sem Vítima;255;BR-101/ES;Norte;Colisão Traseira;2;0;0;0;0;0;;;;;2;0;0;0;0
21/07/2014;18:34:00;314;Acidente sem Vítima;261;BR-101/ES;Norte;Colisão Traseira;2;0;0;0;0;0;;;;;2;0;0;0;0
21/07/2014;17:32:00;300;Atropelamento sem Morte;266;BR-101/ES;Norte;Atropelamento;0;0;0;1;0;0;;;;;0;2;0;0;0
21/07/2014;07:45:00;101;Acidente com vítima;267;BR-101/ES;Sul;Colisão Lateral;1;0;0;1;0;0;;;;;1;1;0;0;0
21/07/2014;11:00:00;175;Acidente sem Vítima;269;BR-101/ES;Norte;Colisão Lateral;2;0;0;0;0;0;;;;;2;0;0;0;0
21/07/2014;18:10:00;311;Acidente com vítima;269;BR-101/ES;Sul;Colisão Lateral;1;0;0;1;0;0;;;;;2;1;0;0;0
21/07/2014;13:57:00;254;Acidente sem Vítima;270;BR-101/ES;Norte;Colisão Traseira;3;0;0;0;0;0;;;;;3;0;0;0;0
21/07/2014;06:45:00;77;Acidente com vítima;291;BR-101/ES;Sul;Colisão Lateral;2;0;0;0;0;0;;;;;1;1;0;0;0
21/07/2014;22:27:00;393;Acidente com vítima;291;BR-101/ES;Sul;Colisão Traseira;0;0;1;1;0;0;;;;;1;1;0;0;0
21/07/2014;03:12:00;38;Acidente sem Vítima;324;BR-101/ES;Norte;Atropelamento - Bovino;0;0;1;0;0;0;;;;;3;0;0;0;0
21/07/2014;06:51:00;81;Acidente com vítima;374;BR-101/ES;Norte;Queda de Moto;0;0;0;1;0;0;;;;;0;1;0;0;0
22/07/2014;07:20:00;98;Acidente sem Vítima;107;BR-101/ES;Norte;Capotamento;1;0;0;0;0;0;;;;;1;0;0;0;0
22/07/2014;08:01:00;117;Acidente sem Vítima;145;BR-101/ES;Norte;Colisão Lateral;1;0;1;0;0;0;;;;;2;0;0;0;0
22/07/2014;08:51:00;139;Acidente sem Vítima;145;BR-101/ES;Sul;Colisão Lateral;0;0;1;0;1;0;;;;;3;0;0;0;0
22/07/2014;06:54:00;89;Acidente com vítima;202;BR-101/ES;Norte;Colisão Lateral;1;0;0;1;0;0;;;;;1;0;1;0;0
22/07/2014;15:36:00;308;Acidente com vítima;206,3;BR-101/ES;Sul;Queda de Moto;0;0;0;1;0;0;;;;;0;1;0;0;0
22/07/2014;22:55:00;476;Acidente sem Vítima;233;BR-101/ES;Sul;Atropelamento - Bovino;1;0;0;0;0;0;;;;;1;0;0;0;0
22/07/2014;14:59:00;296;Acidente com vítima;267;BR-101/ES;Sul;Colisão Traseira;0;0;0;2;0;0;;;;;1;1;0;0;0
22/07/2014;10:25:00;174;Acidente sem Vítima;297;BR-101/ES;Norte;Colisão Traseira;1;0;1;0;0;1;;;;;2;0;0;0;0
22/07/2014;06:24:00;85;Acidente sem Vítima;298;BR-101/ES;Norte;Colisão Traseira;1;0;2;0;0;0;;;;;2;0;0;0;0
22/07/2014;15:41:00;312;Acidente sem Vítima;304;BR-101/ES;Norte;Colisão Lateral;1;0;1;0;0;0;;;;;2;0;0;0;0
22/07/2014;03:06:00;41;Acidente sem Vítima;388;BR-101/ES;Norte;Tombamento;0;0;2;0;0;0;;;;;1;0;0;0;0
22/07/2014;06:17:00;84;Acidente sem Vítima;455;BR-101/ES;Sul;Tombamento;0;0;1;0;0;0;;;;;1;0;0;0;0
23/07/2014;10:28:00;172;Acidente sem Vítima;147;BR-101/ES;Sul;Engavetamento;4;0;0;0;0;0;;;;;6;0;0;0;0
23/07/2014;16:31:00;326;Acidente sem Vítima;148;BR-101/ES;Norte;Colisão Traseira;2;0;0;0;0;0;;;;;6;0;0;0;0
23/07/2014;17:28:00;346;Acidente sem Vítima;172;BR-101/ES;Norte;Choque com Objeto Fixo;1;0;0;0;0;0;;;;;1;0;0;0;0
23/07/2014;14:47:00;286;Acidente sem Vítima;248;BR-101/ES;Norte;Saída de Pista;1;0;0;0;0;0;;;;;2;0;0;0;0
23/07/2014;12:04:00;228;Acidente sem Vítima;271;BR-101/ES;Sul;Colisão Traseira;0;0;2;0;0;0;;;;;2;0;0;0;0
23/07/2014;08:18:00;122;Acidente sem Vítima;291;BR-101/ES;Sul;Colisão Lateral;1;0;1;0;0;0;;;;;3;0;0;0;0
23/07/2014;10:47:00;182;Acidente com vítima;297;BR-101/ES;Sul;Engavetamento;5;0;2;0;0;0;;;;;7;0;1;0;0
24/07/2014;12:08:00;219;Acidente com vítima;148;BR-101/ES;Norte;Colisão Traseira;0;0;0;1;0;0;;;;;0;1;0;0;0
24/07/2014;16:41:00;348;Acidente sem Vítima;194;BR-101/ES;Sul;Colisão Lateral;1;0;0;0;0;0;;;;;2;0;0;0;0
24/07/2014;11:12:00;192;Acidente sem Vítima;255;BR-101/ES;Sul;Colisão Traseira;0;0;1;0;1;0;;;;;12;0;0;0;0
24/07/2014;14:25:00;291;Acidente sem Vítima;258;BR-101/ES;Norte;Colisão Traseira;0;0;2;0;0;0;;;;;2;0;0;0;0
24/07/2014;15:07:00;303;Acidente sem Vítima;258;BR-101/ES;Norte;Saída de Pista;1;0;0;0;0;0;;;;;1;0;0;0;0
24/07/2014;17:44:00;380;Acidente com vítima;260;BR-101/ES;Sul;Engavetamento;3;0;0;0;0;0;;;;;3;1;0;0;0
24/07/2014;11:20:00;197;Acidente sem Vítima;264;BR-101/ES;Norte;Colisão Lateral;1;0;1;0;0;0;;;;;3;0;0;0;0
24/07/2014;11:36:00;205;Acidente sem Vítima;266;BR-101/ES;Norte;Colisão Lateral;1;0;1;0;0;0;;;;;2;0;0;0;0
24/07/2014;14:42:00;297;Acidente sem Vítima;267;BR-101/ES;Sul;Veículo em Chamas;1;0;0;0;0;0;;;;;1;0;0;0;0
24/07/2014;11:39:00;207;Acidente sem Vítima;268;BR-101/ES;Norte;Colisão Lateral;1;0;1;0;0;0;;;;;2;0;0;0;0
24/07/2014;10:04:00;162;Acidente com vítima;271;BR-101/ES;Sul;Colisão Lateral;1;0;2;0;0;0;;;;;2;1;0;0;0
24/07/2014;18:02:00;388;Acidente sem Vítima;305;BR-101/ES;Norte;Abalroamento - Mesmo Sentido;1;0;1;0;0;0;;;;;2;0;0;0;0
24/07/2014;11:00:00;186;Acidente sem Vítima;322;BR-101/ES;Norte;Colisão Traseira;0;0;2;0;0;0;;;;;2;0;0;0;0
24/07/2014;19:28:00;428;Acidente sem Vítima;368;BR-101/ES;Norte;Abalroamento - Sentido Oposto;1;0;1;0;0;0;;;;;3;0;0;0;0
25/07/2014;09:34:00;180;Acidente com vítima;24;BR-101/ES;Sul;Saída de Pista;1;0;0;0;0;0;;;;;3;2;0;0;0
25/07/2014;23:46:00;526;Acidente sem Vítima;69;BR-101/ES;Sul;Colisão Lateral;1;0;0;0;0;0;;;;;1;0;0;0;0
25/07/2014;17:43:00;400;Acidente sem Vítima;139;BR-101/ES;Norte;Abalroamento - Mesmo Sentido;2;0;0;0;0;0;;;;;2;0;0;0;0
25/07/2014;07:29:00;124;Acidente com vítima;140;BR-101/ES;Sul;Colisão;0;1;1;0;0;0;;;;;0;1;0;0;0
25/07/2014;18:10:00;412;Acidente com vítima;142;BR-101/ES;Norte;Colisão Lateral;0;1;0;1;0;0;;;;;0;0;1;1;0
25/07/2014;12:08:00;268;Acidente sem Vítima;211,7;BR-101/ES;Norte;Colisão Lateral;1;0;2;0;0;0;;;;;3;0;0;0;0
25/07/2014;10:28:00;206;Acidente com vítima;230;BR-101/ES;Norte;Colisão Frontal;2;0;1;0;0;0;;;;;2;1;0;0;0
25/07/2014;00:46:00;20;Acidente sem Vítima;256;BR-101/ES;Sul;Atropelamento - Bovino;1;0;0;0;0;0;;;;;1;0;0;0;0
25/07/2014;05:43:00;103;Atropelamento com Morte;257;BR-101/ES;Sul;Atropelamento;1;0;0;0;0;0;;;;;0;0;0;0;1
25/07/2014;07:20:00;122;Acidente sem Vítima;264,3;BR-101/ES;Sul;Colisão Traseira;2;0;0;0;0;0;;;;;3;0;0;0;0
25/07/2014;14:57:00;330;Acidente sem Vítima;264,9;BR-101/ES;Sul;Colisão Traseira;1;0;2;0;0;0;;;;;2;0;0;0;0
25/07/2014;12:13:00;272;Acidente sem Vítima;266;BR-101/ES;Sul;Colisão Lateral;2;0;0;0;0;0;;;;;2;0;0;0;0
25/07/2014;20:04:00;462;Acidente sem Vítima;291;BR-101/ES;Sul;Colisão Traseira;1;0;1;0;0;0;;;;;3;0;0;0;0
25/07/2014;15:36:00;343;Acidente sem Vítima;390;BR-101/ES;Norte;Colisão Traseira;0;0;2;0;0;0;;;;;2;0;0;0;0
26/07/2014;11:02:00;198;Acidente com vítima;65;BR-101/ES;Norte;Colisão Traseira;1;0;0;1;0;0;;;;;2;1;0;0;0
26/07/2014;00:03:00;2;Acidente sem Vítima;146;BR-101/ES;Sul;Colisão Lateral;2;0;0;0;0;0;;;;;6;0;0;0;0
26/07/2014;00:15:00;6;Acidente com vítima;148;BR-101/ES;Sul;Colisão Lateral;1;0;0;1;0;0;;;;;2;1;0;0;0
26/07/2014;06:19:00;101;Acidente com vítima;161;BR-101/ES;Sul;Saída de Pista;0;0;0;1;0;0;;;;;0;1;0;0;0
26/07/2014;15:07:00;283;Acidente com vítima;222;BR-101/ES;Sul;Tombamento;1;0;2;0;0;0;;;;;3;0;1;0;0
26/07/2014;05:11:00;82;Acidente com vítima;231;BR-101/ES;Norte;Choque com Objeto Fixo;1;0;0;0;0;0;;;;;1;0;1;0;0
26/07/2014;20:00:00;380;Acidente sem Vítima;260;BR-101/ES;Norte;Colisão Lateral;0;1;0;0;1;0;;;;;3;0;0;0;0
26/07/2014;05:29:00;89;Acidente sem Vítima;265,5;BR-101/ES;Norte;Colisão Lateral;1;0;1;0;0;0;;;;;2;0;0;0;0
26/07/2014;12:16:00;237;Acidente sem Vítima;267;BR-101/ES;Sul;Colisão Traseira;1;0;0;1;0;0;;;;;2;0;0;0;0
26/07/2014;19:24:00;369;Acidente com vítima;267;BR-101/ES;Norte;Queda de ciclista;0;1;0;0;0;0;;;;;0;0;1;0;0
26/07/2014;13:17:00;260;Acidente sem Vítima;269;BR-101/ES;Sul;Colisão Traseira;2;0;0;0;0;0;;;;;2;0;0;0;0
26/07/2014;22:19:00;435;Acidente com vítima;269;BR-101/ES;Norte;Colisão Lateral;2;0;0;0;0;0;;;;;3;1;0;0;0
26/07/2014;22:36:00;437;Acidente sem Vítima;269;BR-101/ES;Norte;Colisão Traseira;1;0;0;0;0;0;;;;;1;0;0;0;0
26/07/2014;13:10:00;258;Acidente com vítima;270;BR-101/ES;Sul;Colisão Lateral;1;0;0;1;0;0;;;;;1;1;0;0;0
26/07/2014;15:38:00;295;Acidente com vítima;291;BR-101/ES;Sul;Colisão Traseira;1;0;2;0;0;0;;;;;1;4;0;0;0
26/07/2014;19:40:00;373;Acidente com vítima;391;BR-101/ES;Norte;Saída de Pista;0;0;2;0;0;0;;;;;0;0;1;0;0
27/07/2014;21:30:00;321;Acidente sem Vítima;40;BR-101/ES;Sul;Saída de Pista;1;0;0;0;0;0;;;;;5;0;0;0;0
27/07/2014;15:03:00;197;Acidente sem Vítima;63;BR-101/ES;Norte;Saída de Pista;1;0;0;0;0;0;;;;;1;0;0;0;0
27/07/2014;13:26:00;133;Acidente sem Vítima;108;BR-101/ES;Norte;Tombamento;0;0;1;0;0;0;;;;;1;0;0;0;0
27/07/2014;20:56:00;304;Acidente com vítima;112,5;BR-101/ES;Sul;Colisão Frontal;2;0;0;0;0;0;;;;;0;3;0;2;0
27/07/2014;13:36:00;140;Acidente sem Vítima;120;BR-101/ES;Sul;Capotamento;1;0;0;0;0;0;;;;;1;0;0;0;0
27/07/2014;13:53:00;163;Acidente com vítima;145;BR-101/ES;Sul;Abalroamento - Mesmo Sentido;1;0;0;1;0;0;;;;;2;1;0;0;0
27/07/2014;15:41:00;207;Acidente com vítima;157;BR-101/ES;Sul;Capotamento;1;0;0;0;0;0;;;;;0;0;3;0;0
27/07/2014;17:53:00;246;Acidente com vítima;190;BR-101/ES;Norte;Colisão Transversal;2;0;0;0;0;0;;;;;2;0;1;0;0
27/07/2014;18:40:00;259;Acidente com vítima;192;BR-101/ES;Norte;Abalroamento - Mesmo Sentido;4;0;0;0;0;0;;;;;8;0;3;0;0
27/07/2014;13:45:00;148;Acidente com vítima;211;BR-101/ES;Sul;Queda de Moto;0;0;0;1;0;0;;;;;0;2;0;0;0
27/07/2014;18:16:00;251;Acidente sem Vítima;224,5;BR-101/ES;Sul;Engavetamento;3;0;0;0;0;0;;;;;3;0;0;0;0
27/07/2014;17:06:00;232;Acidente sem Vítima;246;BR-101/ES;Sul;Saída de Pista;1;0;0;0;0;0;;;;;5;0;0;0;0
27/07/2014;19:02:00;268;Acidente sem Vítima;256;BR-101/ES;Norte;Colisão Transversal;2;0;0;0;0;0;;;;;2;0;0;0;0
27/07/2014;21:04:00;311;Acidente sem Vítima;263;BR-101/ES;Sul;Colisão Traseira;2;0;0;0;0;0;;;;;4;0;0;0;0
27/07/2014;05:02:00;70;Acidente com vítima;270;BR-101/ES;Sul;Queda de Moto;0;0;0;1;0;0;;;;;0;1;0;0;0
27/07/2014;22:18:00;333;Acidente sem Vítima;277;BR-101/ES;Sul;Colisão Traseira;2;0;0;0;0;0;;;;;4;0;0;0;0
27/07/2014;18:59:00;265;Atropelamento sem Morte;285;BR-101/ES;Norte;Atropelamento;1;0;0;0;0;0;;;;;1;0;1;0;0
27/07/2014;13:24:00;132;Acidente sem Vítima;302,5;BR-101/ES;Norte;Colisão Traseira;2;0;0;0;0;0;;;;;5;0;0;0;0
27/07/2014;06:45:00;96;Acidente sem Vítima;344;BR-101/ES;Sul;Capotamento;1;0;0;0;0;0;;;;;1;0;0;0;0
27/07/2014;15:37:00;206;Acidente sem Vítima;397;BR-101/ES;Sul;Colisão Traseira;2;0;0;0;0;0;;;;;3;0;0;0;0
27/07/2014;13:27:00;134;Acidente sem Vítima;407;BR-101/ES;Sul;Saída de Pista;1;0;0;0;0;0;;;;;3;0;0;0;0
28/07/2014;17:14:00;329;Acidente com vítima;66;BR-101/ES;Norte;Queda de Moto;0;0;0;1;0;0;;;;;0;1;0;0;0
28/07/2014;11:47:00;232;Acidente com vítima;140;BR-101/ES;Norte;Colisão Traseira;1;0;0;1;0;0;;;;;1;1;0;0;0
28/07/2014;14:53:00;299;Acidente com vítima;253;BR-101/ES;Norte;Colisão Traseira;1;0;1;0;0;0;;;;;1;2;0;0;0
28/07/2014;06:58:00;89;Acidente sem Vítima;265;BR-101/ES;Sul;Colisão Lateral;0;0;2;0;1;0;;;;;2;0;0;0;0
28/07/2014;05:22:00;70;Acidente sem Vítima;321;BR-101/ES;Sul;Atropelamento - Bovino;1;0;0;0;0;0;;;;;1;0;0;0;0
28/07/2014;13:45:00;282;Acidente sem Vítima;402;BR-101/ES;Norte;Saída de Pista;0;0;1;0;0;0;;;;;1;0;0;0;0
28/07/2014;12:51:00;265;Acidente sem Vítima;405,5;BR-101/ES;Sul;Saída de Pista;1;0;1;0;0;0;;;;;3;0;0;0;0
28/07/2014;00:48:00;13;Acidente sem Vítima;406;BR-101/ES;Sul;Saída de Pista;1;0;0;0;0;0;;;;;1;0;0;0;0
28/07/2014;07:20:00;92;Acidente com vítima;406;BR-101/ES;Norte;Saída de Pista;1;0;0;0;0;0;;;;;1;1;0;0;0
28/07/2014;09:06:00;144;Acidente com vítima;417;BR-101/ES;Norte;Queda de Moto;0;0;0;1;0;0;;;;;0;1;0;0;0
29/07/2014;17:32:00;318;Acidente sem Vítima;67;BR-101/ES;Sul;Colisão Traseira;1;0;0;1;0;0;;;;;2;0;0;0;0
29/07/2014;12:42:00;240;Acidente com vítima;70;BR-101/ES;Norte;Colisão Transversal;1;0;0;1;0;0;;;;;1;1;0;0;0
29/07/2014;23:24:00;435;Acidente com vítima;138;BR-101/ES;Sul;Colisão Lateral;2;0;0;0;0;0;;;;;0;3;2;0;0
29/07/2014;05:22:00;79;Acidente sem Vítima;222;BR-101/ES;Sul;Colisão Lateral;1;0;3;0;0;0;;;;;4;0;0;0;0
29/07/2014;20:25:00;379;Acidente com vítima;257;BR-101/ES;Norte;Queda de ciclista;0;1;0;0;0;0;;;;;0;0;1;0;0
29/07/2014;11:54:00;220;Acidente sem Vítima;258;BR-101/ES;Sul;Saída de Pista;1;0;0;0;0;0;;;;;1;0;0;0;0
29/07/2014;09:28:00;154;Acidente sem Vítima;269;BR-101/ES;Sul;Colisão Lateral;1;0;1;0;0;0;;;;;2;0;0;0;0
29/07/2014;10:15:00;171;Acidente sem Vítima;269;BR-101/ES;Norte;Colisão Lateral;1;0;1;0;0;0;;;;;2;0;0;0;0
29/07/2014;13:24:00;251;Acidente com vítima;457;BR-101/ES;Norte;Capotamento;1;0;0;0;0;0;;;;;1;1;0;0;0
30/07/2014;14:45:00;305;Acidente sem Vítima;137;BR-101/ES;Norte;Saída de Pista;1;0;4;0;0;0;;;;;3;0;0;0;0
30/07/2014;21:18:00;420;Atropelamento sem Morte;147;BR-101/ES;Norte;Atropelamento;0;0;0;1;0;0;;;;;0;2;0;0;0
30/07/2014;08:52:00;161;Acidente sem Vítima;291;BR-101/ES;Norte;Abalroamento - Mesmo Sentido;0;0;3;0;0;0;;;;;2;0;0;0;0
30/07/2014;10:35:00;205;Acidente com vítima;297;BR-101/ES;Sul;Colisão Traseira;0;0;1;1;0;0;;;;;1;1;0;0;0
30/07/2014;23:06:00;457;Acidente com vítima;375;BR-101/ES;Norte;Colisão Lateral;0;0;0;2;0;0;;;;;1;1;0;0;0
30/07/2014;21:19:00;421;Acidente com vítima;401;BR-101/ES;Sul;Colisão Lateral;2;0;0;0;0;0;;;;;3;0;1;0;0
30/07/2014;06:28:00;101;Acidente com vítima;439;BR-101/ES;Norte;Colisão Traseira;1;0;1;0;0;0;;;;;1;1;2;0;0
31/07/2014;06:40:00;81;Acidente com vítima;70,2;BR-101/ES;Norte;Queda de Moto;0;0;0;1;0;0;;;;;0;1;0;0;0
31/07/2014;10:07:00;177;Acidente com vítima;72,8;BR-101/ES;Norte;Colisão Lateral;2;0;0;0;0;0;;;;;1;1;0;0;0
31/07/2014;21:04:00;440;Acidente sem Vítima;94;BR-101/ES;Norte;Colisão Transversal;1;0;1;0;0;0;;;;;2;0;0;0;0
31/07/2014;12:30:00;242;Acidente com vítima;125,5;BR-101/ES;Norte;Colisão;1;1;0;0;0;0;;;;;1;1;0;0;0
31/07/2014;14:16:00;282;Acidente sem Vítima;145;BR-101/ES;Sul;Veículo em Chamas;1;0;0;0;0;0;;;;;2;0;0;0;0
31/07/2014;17:22:00;351;Acidente com vítima;264;BR-101/ES;Norte;Queda de Moto;0;0;0;1;0;0;;;;;0;1;0;0;0
31/07/2014;01:27:00;9;Acidente sem Vítima;266;BR-101/ES;Sul;Colisão Lateral;1;0;1;0;0;0;;;;;2;0;0;0;0
31/07/2014;07:46:00;101;Acidente com vítima;284;BR-101/ES;Norte;Colisão Lateral;0;0;1;1;0;0;;;;;1;1;0;0;0
31/07/2014;17:46:00;359;Acidente com vítima;323,5;BR-101/ES;Sul;Colisão;1;1;0;0;0;0;;;;;2;1;0;0;0
31/07/2014;07:44:00;100;Acidente com vítima;408;BR-101/ES;Norte;Queda de Moto;0;0;0;1;0;0;;;;;0;1;0;0;0
01/08/2014;16:54:00;353;Acidente com vítima;125;BR-101/ES;Norte;Colisão Transversal;2;0;0;0;0;0;;;;;1;1;0;0;0
01/08/2014;19:21:00;416;Acidente com vítima;145;BR-101/ES;Sul;Colisão Lateral;0;0;0;1;0;0;;;;;1;1;0;0;0
01/08/2014;17:29:00;370;Acidente sem Vítima;145,2;BR-101/ES;Sul;Engavetamento;2;0;0;1;0;0;;;;;3;0;0;0;0
01/08/2014;14:09:00;281;Acidente com vítima;147;BR-101/ES;Norte;Colisão Transversal;0;0;0;1;1;0;;;;;1;1;0;0;0
01/08/2014;09:11:00;139;Acidente sem Vítima;151;BR-101/ES;Norte;Colisão Traseira;2;0;0;0;0;0;;;;;2;0;0;0;0
01/08/2014;13:40:00;271;Acidente com vítima;152;BR-101/ES;Norte;Colisão Traseira;2;0;0;0;0;0;;;;;1;1;0;0;0
01/08/2014;12:30:00;239;Acidente sem Vítima;262;BR-101/ES;Norte;Engavetamento;2;0;1;0;1;0;;;;;4;0;0;0;0
01/08/2014;10:59:00;196;Acidente com vítima;264;BR-101/ES;Norte;Queda de Moto;0;0;0;1;0;0;;;;;0;1;0;0;0
01/08/2014;18:10:00;382;Acidente sem Vítima;266;BR-101/ES;Sul;Colisão Traseira;2;0;0;0;0;0;;;;;2;0;0;0;0
01/08/2014;14:25:00;287;Acidente sem Vítima;268;BR-101/ES;Norte;Abalroamento - Mesmo Sentido;0;0;2;1;0;0;;;;;2;0;0;0;0
01/08/2014;08:55:00;134;Acidente sem Vítima;269;BR-101/ES;Sul;Colisão Traseira;1;0;0;1;0;0;;;;;2;0;0;0;0
01/08/2014;11:02:00;199;Acidente sem Vítima;270;BR-101/ES;Sul;Engavetamento;2;0;1;0;0;0;;;;;3;0;0;0;0
01/08/2014;19:38:00;426;Acidente sem Vítima;270;BR-101/ES;Norte;Abalroamento - Mesmo Sentido;1;0;2;0;0;0;;;;;2;0;0;0;0
01/08/2014;07:41:00;107;Acidente sem Vítima;271;BR-101/ES;Norte;Colisão Traseira;0;0;2;0;0;0;;;;;2;0;0;0;0
01/08/2014;07:04:00;92;Acidente com vítima;297;BR-101/ES;Sul;Engavetamento;3;0;0;1;0;0;;;;;3;1;0;0;0
01/08/2014;10:19:00;176;Acidente com vítima;321;BR-101/ES;Sul;Colisão Traseira;2;0;0;0;0;0;;;;;2;0;3;0;0
01/08/2014;21:38:00;478;Acidente com vítima;391;BR-101/ES;Norte;Colisão Lateral;0;0;1;1;0;0;;;;;1;0;1;0;0
01/08/2014;23:08:00;500;Acidente sem Vítima;451;BR-101/ES;Norte;Colisão Traseira;2;0;0;0;0;0;;;;;6;0;0;0;0
02/08/2014;10:45:00;197;Acidente sem Vítima;31;BR-101/ES;Norte;Capotamento;1;0;0;0;0;0;;;;;2;0;0;0;0
02/08/2014;06:38:00;105;Acidente sem Vítima;110;BR-101/ES;Norte;Colisão Traseira;1;0;1;0;0;0;;;;;3;0;0;0;0
02/08/2014;14:01:00;285;Atropelamento sem Morte;129;BR-101/ES;Sul;Atropelamento;1;0;0;0;0;0;;;;;1;1;0;0;0
02/08/2014;19:01:00;390;Acidente sem Vítima;132;BR-101/ES;Norte;Colisão Traseira;1;0;0;0;0;0;;;;;2;0;0;0;0
02/08/2014;22:03:00;473;Acidente com vítima;138;BR-101/ES;Sul;Queda de Moto;0;0;0;1;0;0;;;;;0;1;0;0;0
02/08/2014;01:08:00;16;Acidente sem Vítima;177;BR-101/ES;Norte;Colisão Frontal;2;0;0;0;0;0;;;;;1;0;0;0;0
02/08/2014;01:12:00;17;Acidente sem Vítima;180;BR-101/ES;Sul;Tombamento;1;0;1;0;0;0;;;;;3;0;0;0;0
02/08/2014;15:39:00;313;Acidente sem Vítima;231;BR-101/ES;Norte;Colisão Lateral;2;0;0;0;0;0;;;;;2;0;0;0;0
02/08/2014;22:56:00;484;Acidente com vítima;244;BR-101/ES;Norte;Colisão Traseira;2;0;0;0;0;0;;;;;1;1;0;0;0
02/08/2014;18:37:00;383;Atropelamento sem Morte;251;BR-101/ES;Norte;Atropelamento;0;0;0;0;0;1;;;;;0;1;0;0;0
02/08/2014;17:41:00;364;Acidente com vítima;290;BR-101/ES;Sul;Colisão Lateral;1;0;0;1;0;0;;;;;1;1;0;0;0
02/08/2014;04:20:00;74;Acidente sem Vítima;291;BR-101/ES;Norte;Colisão Traseira;1;0;0;0;0;0;;;;;1;0;0;0;0