data;horario;n_da_ocorrencia;tipo_de_ocorrencia;km;trecho;sentido;tipo_de_acidente;automovel;bicicleta;caminhao;moto;onibus;outros;tracao_animal;transporte_de_cargas_especiais;trator_maquinas;utilitarios;ilesos;levemente_feridos;moderadamente_feridos;gravemente_feridos;mortos
16/08/2014;21:18:00;423;Acidente sem Vítima;118;BR-101/ES;Norte;Saída de Pista;1;0;0;0;0;0;;;;;2;0;0;0;0
16/08/2014;20:37:00;411;Acidente com vítima;136;BR-101/ES;Sul;Queda de Moto;0;0;0;1;0;0;;;;;0;0;1;0;0
16/08/2014;18:49:00;371;Acidente sem Vítima;138;BR-101/ES;Norte;Choque com Objeto Fixo;1;0;0;0;0;0;;;;;1;0;0;0;0
16/08/2014;09:31:00;163;Acidente com vítima;175;BR-101/ES;Norte;Saída de Pista;1;0;0;0;0;0;;;;;1;2;0;0;0
16/08/2014;12:41:00;260;Acidente sem Vítima;185,7;BR-101/ES;Sul;Colisão Lateral;2;0;0;0;0;0;;;;;5;0;0;0;0
16/08/2014;16:26:00;330;Acidente com vítima;191;BR-101/ES;Norte;Saída de Pista;1;0;0;0;0;0;;;;;1;1;0;0;0
16/08/2014;21:03:00;418;Acidente sem Vítima;204;BR-101/ES;Norte;Choque com Objeto Fixo;1;0;0;0;0;0;;;;;1;0;0;0;0
16/08/2014;01:17:00;14;Acidente sem Vítima;205,5;BR-101/ES;Sul;Saída de Pista;1;0;0;0;0;0;;;;;1;0;0;0;0
16/08/2014;01:23:00;17;Acidente sem Vítima;212;BR-101/ES;Norte;Colisão Lateral;0;0;3;0;0;0;;;;;2;0;0;0;0
16/08/2014;21:10:00;420;Acidente com vítima;214;BR-101/ES;Norte;Choque com Objeto Fixo;1;0;0;0;0;0;;;;;0;1;0;0;0
16/08/2014;08:48:00;140;Acidente sem Vítima;218;BR-101/ES;Norte;Colisão Traseira;1;0;0;1;0;0;;;;;2;0;0;0;0
16/08/2014;13:58:00;288;Acidente com vítima;241;BR-101/ES;Norte;Colisão Transversal;1;0;0;1;0;0;;;;;1;1;0;0;0
16/08/2014;17:53:00;356;Acidente sem Vítima;255;BR-101/ES;Norte;Colisão Traseira;1;0;2;0;0;0;;;;;2;0;0;0;0
16/08/2014;22:32:00;438;Acidente com Morte;255;BR-101/ES;Norte;Colisão Frontal;2;0;0;0;0;0;;;;;0;2;3;0;1
16/08/2014;05:16:00;76;Acidente sem Vítima;262;BR-101/ES;Sul;Choque com Objeto Fixo;1;0;0;0;0;0;;;;;3;0;0;0;0
16/08/2014;19:24:00;385;Acidente sem Vítima;262;BR-101/ES;Sul;Colisão Traseira;2;0;2;0;0;0;;;;;3;0;0;0;0
16/08/2014;19:48:00;395;Atropelamento sem Morte;262;BR-101/ES;Norte;Atropelamento;1;0;0;0;0;0;;;;;1;1;0;1;0
16/08/2014;11:45:00;232;Acidente com vítima;264;BR-101/ES;Norte;Colisão Transversal;2;0;0;0;0;0;;;;;0;0;1;1;0
16/08/2014;14:24:00;298;Acidente com vítima;265,5;BR-101/ES;Norte;Choque com Objeto Fixo;1;0;0;0;0;0;;;;;1;2;1;0;0
16/08/2014;13:09:00;269;Acidente com vítima;270;BR-101/ES;Sul;Colisão Traseira;1;0;0;1;0;0;;;;;1;1;0;0;0
16/08/2014;08:28:00;134;Acidente sem Vítima;271;BR-101/ES;Sul;Capotamento;1;0;0;0;0;0;;;;;1;0;0;0;0
16/08/2014;11:53:00;237;Acidente sem Vítima;272;BR-101/ES;Norte;Capotamento;2;0;0;0;0;0;;;;;2;0;0;0;0
16/08/2014;13:36:00;279;Acidente sem Vítima;281;BR-101/ES;Norte;Capotamento;1;0;0;0;0;0;;;;;2;0;0;0;0
16/08/2014;18:06:00;360;Acidente sem Vítima;287;BR-101/ES;Sul;Colisão Lateral;1;0;2;0;0;0;;;;;4;0;0;0;0
16/08/2014;19:49:00;397;Acidente sem Vítima;298;BR-101/ES;Norte;Colisão Transversal;2;0;0;0;0;0;;;;;2;0;0;0;0
16/08/2014;14:27:00;303;Acidente sem Vítima;321;BR-101/ES;Sul;Saída de Pista;0;0;1;0;0;0;;;;;3;0;0;0;0
16/08/2014;18:33:00;367;Acidente sem Vítima;321;BR-101/ES;Norte;Colisão Traseira;0;0;2;0;0;0;;;;;2;0;0;0;0
16/08/2014;04:34:00;68;Acidente com vítima;394;BR-101/ES;Sul;Tombamento;0;0;1;0;0;0;;;;;1;1;0;0;0
16/08/2014;20:39:00;412;Acidente sem Vítima;401;BR-101/ES;Norte;Capotamento;1;0;0;0;0;0;;;;;1;0;0;0;0
16/08/2014;09:16:00;157;Acidente sem Vítima;420;BR-101/ES;Sul;Capotamento;1;0;0;0;0;0;;;;;3;0;0;0;0
16/08/2014;21:13:00;421;Acidente sem Vítima;433;BR-101/ES;Sul;Capotamento;1;0;0;0;0;0;;;;;2;0;0;0;0
16/08/2014;17:27:00;348;Acidente sem Vítima;438;BR-101/ES;Sul;Tombamento;0;0;1;0;0;0;;;;;1;0;0;0;0
16/08/2014;06:59:00;90;Acidente sem Vítima;444;BR-101/ES;Sul;Saída de Pista;1;0;0;0;0;0;;;;;2;0;0;0;0
16/08/2014;12:48:00;262;Acidente sem Vítima;950;BR-101/BA;Sul;Saída de Pista;1;0;0;0;0;0;;;;;2;0;0;0;0
17/08/2014;05:58:00;68;Acidente sem Vítima;67;BR-101/ES;Sul;Colisão Transversal;1;0;1;0;0;0;;;;;2;0;0;0;0
17/08/2014;16:44:00;289;Acidente com vítima;68;BR-101/ES;Norte;Queda de ciclista;0;1;0;0;0;0;;;;;0;1;0;0;0
17/08/2014;00:18:00;8;Atropelamento sem Morte;144;BR-101/ES;Norte;Atropelamento;1;0;0;0;0;0;;;;;2;3;1;0;0
17/08/2014;05:46:00;66;Acidente com vítima;155;BR-101/ES;Sul;Capotamento;1;0;0;0;0;0;;;;;0;0;1;0;0
17/08/2014;16:50:00;295;Acidente com vítima;163;BR-101/ES;Norte;Saída de Pista;1;0;0;0;0;0;;;;;1;4;0;0;0
17/08/2014;00:41:00;13;Acidente sem Vítima;171;BR-101/ES;Norte;Choque com Objeto Fixo;1;0;0;0;0;0;;;;;1;0;0;0;0
17/08/2014;18:26:00;330;Acidente com vítima;193;BR-101/ES;Sul;Colisão Frontal;2;0;0;0;0;0;;;;;1;3;0;0;0
17/08/2014;15:51:00;268;Acidente com vítima;261;BR-101/ES;Sul;Saída de Pista;1;0;0;0;0;0;;;;;1;1;0;0;0
17/08/2014;18:57:00;339;Acidente sem Vítima;262;BR-101/ES;Norte;Choque com Objeto Fixo;1;0;0;0;0;0;;;;;2;0;0;0;0
17/08/2014;14:54:00;245;Acidente sem Vítima;270;BR-101/ES;Sul;Engavetamento;2;0;0;0;0;0;;;;;2;0;0;0;0
17/08/2014;18:24:00;328;Acidente sem Vítima;270;BR-101/ES;Sul;Colisão Traseira;2;0;0;0;0;0;;;;;2;0;0;0;0
17/08/2014;16:13:00;275;Acidente com vítima;277;BR-101/ES;Norte;Saída de Pista;1;0;0;0;0;0;;;;;0;3;0;0;0
17/08/2014;12:58:00;213;Acidente com vítima;283,6;BR-101/ES;Norte;Saída de Pista;1;0;0;0;0;0;;;;;0;0;4;0;0
17/08/2014;12:13:00;197;Acidente sem Vítima;284;BR-101/ES;Sul;Saída de Pista;0;0;2;0;0;0;;;;;1;0;0;0;0
17/08/2014;11:10:00;165;Acidente sem Vítima;291;BR-101/ES;Norte;Colisão Traseira;0;0;1;1;0;0;;;;;2;0;0;0;0
17/08/2014;04:14:00;51;Acidente sem Vítima;297;BR-101/ES;Norte;Colisão Traseira;2;0;0;0;0;0;;;;;2;0;0;0;0
17/08/2014;09:41:00;132;Acidente sem Vítima;301;BR-101/ES;Sul;Saída de Pista;0;0;2;0;0;0;;;;;1;0;0;0;0
17/08/2014;22:28:00;412;Acidente sem Vítima;318;BR-101/ES;Sul;Abalroamento - Mesmo Sentido;1;0;0;0;0;0;;;;;2;0;0;0;0
17/08/2014;16:04:00;274;Acidente com vítima;359;BR-101/ES;Norte;Capotamento;1;0;0;0;0;0;;;;;0;4;0;0;0
17/08/2014;19:44:00;357;Acidente com vítima;370;BR-101/ES;Norte;Colisão Frontal;1;0;2;0;0;0;;;;;1;2;1;1;0
17/08/2014;20:33:00;374;Acidente sem Vítima;429;BR-101/ES;Norte;Saída de Pista;1;0;0;0;0;0;;;;;4;0;0;0;0
18/08/2014;08:10:00;134;Atropelamento sem Morte;65;BR-101/ES;Norte;Atropelamento;0;0;0;1;0;0;;;;;1;1;0;0;0
18/08/2014;13:28:00;268;Acidente com vítima;66,4;BR-101/ES;Sul;Colisão Lateral;1;0;0;1;0;0;;;;;2;1;0;0;0
18/08/2014;14:30:00;285;Acidente com vítima;130;BR-101/ES;Norte;Saída de Pista;2;0;0;0;0;0;;;;;1;1;0;0;0
18/08/2014;06:36:00;104;Acidente sem Vítima;135;BR-101/ES;Sul;Colisão Traseira;1;0;1;0;0;0;;;;;2;0;0;0;0
18/08/2014;05:22:00;84;Acidente sem Vítima;214;BR-101/ES;Sul;Colisão Traseira;1;0;1;0;0;0;;;;;2;0;0;0;0
18/08/2014;13:13:00;264;Atropelamento sem Morte;255;BR-101/ES;Sul;Atropelamento;1;0;0;0;0;0;;;;;1;1;0;0;0
18/08/2014;16:52:00;339;Acidente sem Vítima;269;BR-101/ES;Sul;Colisão Traseira;1;0;1;0;0;0;;;;;2;0;0;0;0
18/08/2014;15:06:00;292;Acidente sem Vítima;270;BR-101/ES;Sul;Choque;1;0;2;0;0;0;;;;;2;0;0;0;0
18/08/2014;15:49:00;306;Acidente sem Vítima;270;BR-101/ES;Sul;Colisão Traseira;2;0;0;0;0;0;;;;;2;0;0;0;0
18/08/2014;08:50:00;148;Acidente com vítima;315;BR-101/ES;Sul;Queda de Moto;0;0;0;1;0;0;;;;;0;1;0;0;0
18/08/2014;05:57:00;95;Acidente com vítima;361;BR-101/ES;Sul;Capotamento;1;0;0;0;0;0;;;;;0;1;0;0;0
18/08/2014;15:34:00;301;Acidente sem Vítima;368;BR-101/ES;Norte;Choque com Objeto Fixo;1;0;0;0;0;0;;;;;2;0;0;0;0
19/08/2014;15:47:00;334;Acidente com vítima;20;BR-101/ES;Norte;Queda de ciclista;0;1;0;0;0;0;;;;;0;1;0;0;0
19/08/2014;21:26:00;477;Acidente com Morte;41;BR-101/ES;Norte;Colisão Lateral;0;0;3;0;0;0;;;;;1;2;0;0;1
19/08/2014;13:11:00;279;Acidente sem Vítima;107;BR-101/ES;Norte;Saída de Pista;2;0;0;0;0;0;;;;;2;0;0;0;0
19/08/2014;13:08:00;277;Acidente com vítima;125;BR-101/ES;Norte;Colisão;0;1;1;0;0;0;;;;;1;0;1;0;0
19/08/2014;08:05:00;123;Acidente sem Vítima;125,5;BR-101/ES;Norte;Colisão Traseira;1;0;1;0;0;0;;;;;2;0;0;0;0
19/08/2014;09:18:00;160;Acidente com vítima;239;BR-101/ES;Sul;Colisão Lateral;1;0;0;1;0;0;;;;;1;1;0;0;0
19/08/2014;08:19:00;134;Acidente com vítima;262;BR-101/ES;Norte;Colisão Transversal;1;0;0;1;0;0;;;;;2;1;0;0;0
19/08/2014;15:18:00;324;Acidente sem Vítima;266;BR-101/ES;Sul;Colisão Traseira;2;0;0;0;0;0;;;;;2;0;0;0;0
19/08/2014;20:27:00;453;Acidente com vítima;269,5;BR-101/ES;Sul;Colisão;1;1;0;0;0;0;;;;;1;0;0;1;0
19/08/2014;18:58:00;414;Acidente sem Vítima;272;BR-101/ES;Sul;Choque com Objeto Fixo;1;0;0;0;0;0;;;;;1;0;0;0;0
19/08/2014;09:30:00;164;Acidente sem Vítima;275;BR-101/ES;Norte;Colisão Traseira;2;0;0;0;0;0;;;;;2;0;0;0;0
19/08/2014;21:36:00;482;Acidente com vítima;282;BR-101/ES;Norte;Choque com Objeto Fixo;0;0;1;0;0;0;;;;;0;0;1;0;0
19/08/2014;10:53:00;203;Acidente com vítima;287;BR-101/ES;Sul;Saída de Pista;1;0;0;1;0;0;;;;;2;1;0;0;0
19/08/2014;22:40:00;498;Acidente com vítima;292;BR-101/ES;Sul;Queda de Moto;0;0;0;1;0;0;;;;;1;1;0;0;0
19/08/2014;12:45:00;266;Acidente sem Vítima;292,5;BR-101/ES;Norte;Colisão Traseira;1;0;1;0;0;0;;;;;2;0;0;0;0
19/08/2014;12:56:00;272;Acidente sem Vítima;293;BR-101/ES;Sul;Engavetamento;0;0;3;0;0;0;;;;;3;0;0;0;0
20/08/2014;18:23:00;345;Acidente com vítima;70;BR-101/ES;Norte;Colisão Transversal;2;0;0;0;0;0;;;;;0;3;0;0;0
20/08/2014;08:03:00;109;Acidente sem Vítima;123;BR-101/ES;Norte;Veículo em Chamas;0;0;1;0;0;0;;;;;1;0;0;0;0
20/08/2014;19:17:00;361;Acidente sem Vítima;145;BR-101/ES;Sul;Colisão Lateral;1;0;1;0;0;0;;;;;2;0;0;0;0
20/08/2014;18:31:00;348;Acidente sem Vítima;146;BR-101/ES;Norte;Engavetamento;3;0;0;0;0;0;;;;;3;0;0;0;0
20/08/2014;18:06:00;342;Acidente com vítima;147;BR-101/ES;Norte;Colisão Traseira;1;0;0;1;0;0;;;;;1;2;0;0;0
20/08/2014;10:46:00;174;Acidente sem Vítima;149;BR-101/ES;Sul;Colisão Lateral;1;0;1;0;0;0;;;;;2;0;0;0;0
20/08/2014;22:14:00;433;Acidente sem Vítima;259;BR-101/ES;Sul;Colisão Traseira;2;0;1;0;0;0;;;;;5;0;0;0;0
20/08/2014;20:59:00;406;Acidente sem Vítima;261;BR-101/ES;Norte;Colisão Traseira;2;0;0;0;0;0;;;;;2;0;0;0;0
20/08/2014;18:44:00;351;Acidente sem Vítima;269;BR-101/ES;Norte;Colisão Traseira;1;0;2;0;0;0;;;;;3;0;0;0;0
20/08/2014;09:47:00;153;Atropelamento sem Morte;270;BR-101/ES;Norte;Atropelamento;0;0;0;1;0;0;;;;;1;1;0;0;0
20/08/2014;17:29:00;326;Acidente sem Vítima;288;BR-101/ES;Sul;Colisão Traseira;1;0;2;0;0;0;;;;;4;0;0;0;0
20/08/2014;08:37:00;125;Acidente com vítima;289;BR-101/ES;Sul;Queda de Moto;0;0;0;1;0;0;;;;;0;2;0;0;0
20/08/2014;09:37:00;152;Acidente sem Vítima;294;BR-101/ES;Norte;Colisão Lateral;1;0;0;1;0;0;;;;;2;0;0;0;0
20/08/2014;23:53:00;452;Acidente sem Vítima;332,5;BR-101/ES;Sul;Saída de Pista;1;0;0;0;0;0;;;;;1;0;0;0;0
20/08/2014;20:10:00;383;Acidente sem Vítima;355;BR-101/ES;Sul;Choque com Objeto Fixo;0;0;1;0;0;0;;;;;2;0;0;0;0
20/08/2014;13:12:00;243;Acidente com vítima;427;BR-101/ES;Norte;Colisão Transversal;0;0;3;0;0;0;;;;;1;1;0;0;0
20/08/2014;23:31:00;448;Acidente com vítima;439;BR-101/ES;Sul;Queda de ciclista;0;1;0;0;0;0;;;;;0;1;0;0;0
20/08/2014;18:30:00;347;Acidente sem Vítima;954;BR-101/BA;Sul;Atropelamento - Bovino;1;0;0;0;0;0;;;;;1;0;0;0;0
21/08/2014;19:02:00;366;Acidente sem Vítima;16;BR-101/ES;Norte;Colisão Lateral;2;0;0;0;0;0;;;;;2;0;0;0;0
21/08/2014;12:07:00;224;Acidente com vítima;67,8;BR-101/ES;Sul;Colisão Frontal;1;0;0;1;0;0;;;;;5;2;0;0;0
21/08/2014;14:03:00;281;Acidente com vítima;80;BR-101/ES;Sul;Queda de Moto;0;0;0;1;0;0;;;;;0;2;0;0;0
21/08/2014;09:24:00;140;Acidente com vítima;84,2;BR-101/ES;Sul;Colisão Lateral;2;0;0;0;0;0;;;;;1;1;0;0;0
21/08/2014;16:29:00;316;Acidente sem Vítima;150;BR-101/ES;Sul;Choque com Objeto Fixo;1;0;0;0;0;0;;;;;1;0;0;0;0
21/08/2014;03:49:00;52;Acidente com vítima;173;BR-101/ES;Norte;Queda de Moto;0;0;0;1;0;0;;;;;0;1;0;0;0
21/08/2014;21:21:00;419;Acidente com vítima;210,5;BR-101/ES;Norte;Choque com Objeto Fixo;1;0;0;0;0;0;;;;;0;1;0;0;0
21/08/2014;13:51:00;276;Acidente com Morte;241;BR-101/ES;Norte;Colisão Frontal;1;0;2;0;0;0;;;;;1;1;1;0;1
21/08/2014;05:53:00;85;Acidente com vítima;263;BR-101/ES;Sul;Saída de Pista;1;0;0;0;0;0;;;;;0;0;1;0;0
21/08/2014;13:47:00;275;Acidente sem Vítima;271;BR-101/ES;Sul;Choque com Objeto Fixo;1;0;0;0;0;0;;;;;1;0;0;0;0
22/08/2014;12:42:00;243;Acidente sem Vítima;67,5;BR-101/ES;Norte;Colisão Transversal;2;0;0;0;0;0;;;;;2;0;0;0;0
22/08/2014;19:15:00;380;Acidente sem Vítima;146,5;BR-101/ES;Norte;Colisão Frontal;1;0;0;1;0;0;;;;;2;0;0;0;0
22/08/2014;08:47:00;122;Acidente com vítima;149;BR-101/ES;Sul;Colisão Traseira;2;0;0;0;0;0;;;;;5;1;0;0;0
22/08/2014;23:58:00;472;Acidente sem Vítima;150;BR-101/ES;Norte;Colisão Traseira;2;0;0;0;0;0;;;;;5;0;0;0;0
22/08/2014;17:07:00;340;Acidente com vítima;203;BR-101/ES;Sul;Queda de Moto;0;0;0;1;0;0;;;;;0;1;0;0;0
22/08/2014;23:47:00;470;Acidente sem Vítima;206;BR-101/ES;Sul;Colisão Traseira;1;0;3;0;0;0;;;;;2;0;0;0;0
22/08/2014;09:16:00;139;Acidente com vítima;213;BR-101/ES;Norte;Colisão Traseira;1;0;1;1;0;0;;;;;3;1;0;0;0
22/08/2014;16:54:00;335;Acidente sem Vítima;221;BR-101/ES;Norte;Colisão Lateral;0;0;3;0;0;0;;;;;2;0;0;0;0
22/08/2014;13:48:00;264;Acidente sem Vítima;262;BR-101/ES;Norte;Colisão Lateral;1;0;1;0;0;0;;;;;2;0;0;0;0
22/08/2014;18:38:00;366;Acidente sem Vítima;262;BR-101/ES;Norte;Colisão Traseira;2;0;0;0;0;0;;;;;2;0;0;0;0
22/08/2014;15:33:00;301;Acidente com vítima;264;BR-101/ES;Norte;Engavetamento;5;0;0;0;0;0;;;;;5;3;0;0;0
22/08/2014;08:02:00;104;Acidente com vítima;267;BR-101/ES;Sul;Colisão Lateral;0;0;1;1;0;0;;;;;1;1;0;0;0
22/08/2014;08:40:00;120;Acidente sem Vítima;267;BR-101/ES;Sul;Colisão Lateral;1;0;0;0;1;0;;;;;2;0;0;0;0
22/08/2014;18:09:00;357;Acidente sem Vítima;267;BR-101/ES;Sul;Colisão Traseira;1;0;0;0;1;0;;;;;2;0;0;0;0
22/08/2014;09:04:00;132;Atropelamento sem Morte;269;BR-101/ES;Norte;Atropelamento;0;0;0;1;0;0;;;;;1;1;0;0;0
22/08/2014;14:03:00;276;Acidente com vítima;270;BR-101/ES;Norte;Colisão Lateral;0;0;0;2;0;0;;;;;1;0;1;0;0
22/08/2014;23:14:00;465;Acidente sem Vítima;271;BR-101/ES;Sul;Colisão Transversal;2;0;0;0;0;0;;;;;2;0;0;0;0
22/08/2014;05:55:00;71;Acidente sem Vítima;272;BR-101/ES;Sul;Capotamento;1;0;3;0;0;0;;;;;2;0;0;0;0
22/08/2014;08:11:00;108;Acidente com vítima;279,5;BR-101/ES;Norte;Queda de Moto;1;0;0;1;0;0;;;;;1;1;0;0;0
22/08/2014;12:30:00;241;Acidente sem Vítima;290;BR-101/ES;Norte;Capotamento;1;0;0;0;0;0;;;;;1;0;0;0;0
22/08/2014;10:44:00;189;Acidente sem Vítima;301;BR-101/ES;Norte;Colisão Lateral;2;0;0;0;0;0;;;;;4;0;0;0;0
22/08/2014;18:47:00;371;Acidente com vítima;413;BR-101/ES;Norte;Capotamento;0;0;1;0;0;0;;;;;0;1;0;0;0
22/08/2014;15:36:00;304;Acidente sem Vítima;438;BR-101/ES;Sul;Colisão Lateral;2;0;0;0;0;0;;;;;4;0;0;0;0
22/08/2014;21:19:00;435;Acidente sem Vítima;456;BR-101/ES;Sul;Colisão Lateral;2;0;0;0;0;0;;;;;7;0;0;0;0
23/08/2014;15:35:00;333;Acidente sem Vítima;1,2;BR-101/ES;Sul;Choque com Objeto Fixo;0;0;2;0;0;0;;;;;2;0;0;0;0
23/08/2014;19:18:00;420;Acidente com Morte;35;BR-101/ES;Norte;Colisão Lateral;0;0;0;2;0;0;;;;;0;1;0;0;1
23/08/2014;18:46:00;413;Acidente sem Vítima;70;BR-101/ES;Sul;Queda de Moto;1;0;0;0;0;0;;;;;1;0;0;0;0
23/08/2014;18:32:00;408;Acidente sem Vítima;86;BR-101/ES;Sul;Engavetamento;1;0;2;0;0;0;;;;;3;0;0;0;0
23/08/2014;21:09:00;457;Acidente com Morte;90,5;BR-101/ES;Sul;Colisão;0;1;1;0;0;0;;;;;1;0;0;0;1
23/08/2014;00:42:00;6;Acidente sem Vítima;146;BR-101/ES;Sul;Colisão Lateral;1;0;0;1;0;0;;;;;3;0;0;0;0
23/08/2014;04:19:00;68;Acidente sem Vítima;146;BR-101/ES;Norte;Colisão Traseira;2;0;0;0;0;0;;;;;3;0;0;0;0
23/08/2014;02:28:00;29;Acidente sem Vítima;214;BR-101/ES;Sul;Tombamento;0;0;3;0;0;0;;;;;1;0;0;0;0
23/08/2014;15:57:00;343;Acidente sem Vítima;252;BR-101/ES;Sul;Colisão Traseira;1;0;1;0;0;0;;;;;2;0;0;0;0
23/08/2014;22:50:00;475;Acidente com vítima;258;BR-101/ES;Sul;Queda de Moto;0;0;0;1;0;0;;;;;0;0;0;1;0
23/08/2014;17:57:00;394;Acidente sem Vítima;261;BR-101/ES;Sul;Colisão Traseira;2;0;0;0;0;0;;;;;2;0;0;0;0
23/08/2014;12:03:00;242;Acidente sem Vítima;262;BR-101/ES;Norte;Engavetamento;5;0;0;0;0;0;;;;;5;0;0;0;0
23/08/2014;07:43:00;120;Acidente sem Vítima;267;BR-101/ES;Sul;Queda de Moto;0;0;0;1;0;0;;;;;1;0;0;0;0
23/08/2014;17:38:00;387;Acidente com vítima;291;BR-101/ES;Norte;Abalroamento - Mesmo Sentido;1;0;0;2;0;0;;;;;3;2;0;0;0
23/08/2014;11:36:00;230;Acidente sem Vítima;448;BR-101/ES;Norte;Colisão Lateral;1;0;0;0;1;0;;;;;6;0;0;0;0
23/08/2014;18:49:00;414;Acidente com vítima;448;BR-101/ES;Sul;Queda de Moto;0;0;0;1;0;0;;;;;0;1;0;0;0
23/08/2014;09:42:00;170;Acidente sem Vítima;455;BR-101/ES;Sul;Abalroamento - Transversal;1;0;1;0;0;0;;;;;5;0;0;0;0
23/08/2014;04:18:00;67;Acidente com vítima;944;BR-101/BA;Sul;Colisão Lateral;1;0;2;0;0;0;;;;;1;0;1;0;0
23/08/2014;01:29:00;16;Acidente sem Vítima;948;BR-101/BA;Sul;Choque com Objeto Fixo;1;0;0;0;0;0;;;;;1;0;0;0;0
24/08/2014;20:46:00;413;Acidente com Morte;29;BR-101/ES;Sul;Colisão Traseira;0;0;2;1;0;0;;;;;1;0;0;0;1
24/08/2014;12:22:00;217;Acidente sem Vítima;114;BR-101/ES;Norte;Colisão Traseira;2;0;0;0;0;0;;;;;9;0;0;0;0
24/08/2014;04:35:00;59;Acidente sem Vítima;170,2;BR-101/ES;Norte;Colisão Traseira;0;0;8;0;0;0;;;;;2;0;0;0;0
24/08/2014;23:17:00;444;Acidente com vítima;199;BR-101/ES;Sul;Colisão Frontal;1;0;0;1;0;0;;;;;1;0;0;1;0
24/08/2014;18:51:00;363;Acidente com vítima;210;BR-101/ES;Sul;Colisão;0;1;0;1;0;0;;;;;1;1;0;0;0
24/08/2014;16:10:00;300;Acidente sem Vítima;230,7;BR-101/ES;Sul;Engavetamento;3;0;0;0;0;0;;;;;3;0;0;0;0
24/08/2014;11:03:00;178;Acidente sem Vítima;256;BR-101/ES;Norte;Engavetamento;3;0;0;0;0;0;;;;;3;0;0;0;0
24/08/2014;18:57:00;367;Acidente sem Vítima;259;BR-101/ES;Sul;Saída de Pista;1;0;0;0;0;0;;;;;1;0;0;0;0
24/08/2014;18:30:00;356;Acidente sem Vítima;265,5;BR-101/ES;Norte;Engavetamento;5;0;0;0;0;0;;;;;6;0;0;0;0
24/08/2014;20:53:00;415;Acidente sem Vítima;267;BR-101/ES;Norte;Saída de Pista;1;0;0;0;0;0;;;;;1;0;0;0;0
24/08/2014;11:26:00;192;Acidente sem Vítima;270;BR-101/ES;Norte;Colisão Lateral;1;0;1;0;0;0;;;;;2;0;0;0;0
24/08/2014;11:43:00;197;Acidente sem Vítima;270;BR-101/ES;Norte;Colisão Lateral;1;0;2;0;0;0;;;;;2;0;0;0;0
25/08/2014;00:40:00;6;Acidente com vítima;136;BR-101/ES;Sul;Saída de Pista;1;0;0;0;0;0;;;;;0;1;0;0;0
25/08/2014;15:32:00;320;Acidente com vítima;167;BR-101/ES;Sul;Colisão Frontal;3;0;0;0;0;0;;;;;6;0;2;0;0
25/08/2014;07:37:00;107;Acidente com vítima;258;BR-101/ES;Sul;Colisão Lateral;2;0;0;0;0;0;;;;;1;1;0;0;0
25/08/2014;05:58:00;85;Acidente com vítima;260;BR-101/ES;Sul;Colisão Lateral;1;0;0;1;0;0;;;;;1;0;1;0;0
25/08/2014;06:44:00;92;Acidente com vítima;262;BR-101/ES;Sul;Colisão Traseira;2;0;0;1;0;0;;;;;2;0;1;0;0
25/08/2014;12:54:00;263;Acidente sem Vítima;264;BR-101/ES;Norte;Colisão Lateral;1;0;1;0;0;0;;;;;2;0;0;0;0
25/08/2014;22:54:00;477;Acidente sem Vítima;264;BR-101/ES;Norte;Veículo em Chamas;0;0;2;0;0;0;;;;;1;0;0;0;0
25/08/2014;08:52:00;144;Acidente sem Vítima;290,5;BR-101/ES;Sul;Engavetamento;2;0;2;0;0;0;;;;;4;0;0;0;0
25/08/2014;17:56:00;385;Acidente com vítima;291;BR-101/ES;Norte;Colisão Lateral;1;0;0;1;0;0;;;;;2;1;0;0;0
25/08/2014;12:30:00;252;Acidente com vítima;300;BR-101/ES;Norte;Queda de Moto;0;0;0;1;0;0;;;;;0;0;1;0;0
25/08/2014;15:24:00;316;Acidente sem Vítima;305;BR-101/ES;Sul;Colisão Transversal;1;0;3;0;0;0;;;;;4;0;0;0;0
25/08/2014;20:25:00;436;Acidente sem Vítima;448;BR-101/ES;Norte;Veículo em Chamas;1;0;0;0;0;0;;;;;1;0;0;0;0
26/08/2014;10:01:00;194;Acidente sem Vítima;38,5;BR-101/ES;Norte;Colisão Transversal;1;0;1;0;0;0;;;;;3;0;0;0;0
26/08/2014;16:47:00;362;Acidente sem Vítima;145;BR-101/ES;Norte;Colisão Lateral;1;0;2;0;0;0;;;;;2;0;0;0;0
26/08/2014;12:05:00;248;Acidente sem Vítima;176;BR-101/ES;Norte;Colisão Traseira;2;0;0;0;0;0;;;;;4;0;0;0;0
26/08/2014;22:34:00;481;Acidente com vítima;243;BR-101/ES;Sul;Choque com Objeto Fixo;3;0;2;0;0;0;;;;;6;1;0;0;0
26/08/2014;11:08:00;219;Acidente sem Vítima;255;BR-101/ES;Sul;Engavetamento;2;0;1;0;0;0;;;;;3;0;0;0;0
26/08/2014;18:19:00;394;Acidente sem Vítima;256;BR-101/ES;Norte;Choque;2;0;0;0;0;0;;;;;2;0;0;0;0
26/08/2014;12:27:00;260;Acidente sem Vítima;261;BR-101/ES;Norte;Colisão Traseira;3;0;0;0;0;0;;;;;6;0;0;0;0
26/08/2014;14:43:00;309;Acidente com vítima;263;BR-101/ES;Norte;Colisão Lateral;0;0;1;1;0;0;;;;;1;1;0;0;0
26/08/2014;17:11:00;372;Acidente com vítima;266;BR-101/ES;Sul;Colisão Transversal;1;0;0;1;0;0;;;;;1;1;0;0;0