data;horario;n_da_ocorrencia;tipo_de_ocorrencia;km;trecho;sentido;tipo_de_acidente;automovel;bicicleta;caminhao;moto;onibus;outros;tracao_animal;transporte_de_cargas_especiais;trator_maquinas;utilitarios;ilesos;levemente_feridos;moderadamente_feridos;gravemente_feridos;mortos
07/09/2014;21:29:00;395;Acidente sem Vítima;264;BR-101/ES;Norte;Queda de ciclista;0;1;0;0;0;0;;;;;1;0;0;0;0
07/09/2014;13:34:00;253;Acidente sem Vítima;265;BR-101/ES;Norte;Engavetamento;3;0;0;0;0;0;;;;;7;0;0;0;0
07/09/2014;19:47:00;359;Acidente sem Vítima;266;BR-101/ES;Sul;Colisão Traseira;2;0;0;0;0;0;;;;;2;0;0;0;0
07/09/2014;07:03:00;90;Acidente sem Vítima;297;BR-101/ES;Norte;Choque com Objeto Fixo;1;0;0;0;0;0;;;;;1;0;0;0;0
07/09/2014;00:36:00;10;Acidente com vítima;321;BR-101/ES;Norte;Queda de Moto;0;0;0;1;0;0;;;;;0;1;0;0;0
07/09/2014;08:16:00;113;Acidente sem Vítima;321;BR-101/ES;Norte;Colisão Traseira;2;0;0;0;0;0;;;;;9;0;0;0;0
07/09/2014;18:21:00;340;Acidente sem Vítima;376,1;BR-101/ES;Norte;Colisão Lateral;1;0;0;1;0;0;;;;;2;0;0;0;0
07/09/2014;16:52:00;314;Acidente sem Vítima;459;BR-101/ES;Norte;Tombamento;0;0;1;0;0;0;;;;;1;0;0;0;0
08/09/2014;23:32:00;468;Acidente com Morte;22;BR-101/ES;Norte;Colisão Transversal;1;0;1;0;0;0;;;;;1;0;1;0;2
08/09/2014;18:59:00;370;Acidente sem Vítima;49;BR-101/ES;Sul;Colisão Lateral;1;0;4;0;0;0;;;;;2;0;0;0;0
08/09/2014;14:58:00;289;Acidente com vítima;67;BR-101/ES;Norte;Colisão Transversal;1;0;0;1;0;0;;;;;3;2;0;0;0
08/09/2014;01:57:00;25;Acidente sem Vítima;140;BR-101/ES;Sul;Colisão Traseira;1;0;2;0;0;0;;;;;2;0;0;0;0
08/09/2014;13:23:00;266;Acidente com vítima;147;BR-101/ES;Norte;Colisão Transversal;1;0;0;1;0;0;;;;;1;1;0;0;0
08/09/2014;19:16:00;376;Acidente sem Vítima;147;BR-101/ES;Sul;Saída de Pista;1;0;0;0;0;0;;;;;2;0;0;0;0
08/09/2014;14:28:00;282;Acidente sem Vítima;156,8;BR-101/ES;Norte;Saída de Pista;1;0;0;0;0;0;;;;;1;0;0;0;0
08/09/2014;13:12:00;261;Acidente com vítima;157;BR-101/ES;Norte;Colisão Traseira;0;0;1;1;0;0;;;;;1;1;0;0;0
08/09/2014;07:33:00;104;Acidente sem Vítima;169;BR-101/ES;Sul;Colisão Traseira;2;0;0;0;0;0;;;;;3;0;0;0;0
08/09/2014;16:03:00;313;Acidente sem Vítima;231;BR-101/ES;Norte;Colisão Traseira;2;0;0;0;0;0;;;;;2;0;0;0;0
08/09/2014;17:39:00;347;Acidente com vítima;237;BR-101/ES;Sul;Colisão Lateral;0;0;1;1;0;0;;;;;0;1;0;0;0
08/09/2014;18:22:00;362;Atropelamento sem Morte;237,5;BR-101/ES;Norte;Atropelamento;0;0;1;0;0;0;;;;;1;0;0;1;0
08/09/2014;20:17:00;405;Acidente sem Vítima;241;BR-101/ES;Sul;Colisão Traseira;1;0;1;0;0;0;;;;;3;0;0;0;0
08/09/2014;12:15:00;232;Acidente sem Vítima;264;BR-101/ES;Norte;Colisão Transversal;1;0;0;1;0;0;;;;;2;0;0;0;0
08/09/2014;04:45:00;63;Acidente sem Vítima;265;BR-101/ES;Norte;Queda de Moto;0;0;0;1;0;0;;;;;1;0;0;0;0
08/09/2014;19:24:00;381;Acidente sem Vítima;296;BR-101/ES;Sul;Colisão Traseira;1;0;0;0;1;0;;;;;2;0;0;0;0
08/09/2014;18:43:00;367;Acidente sem Vítima;335;BR-101/ES;Sul;Engavetamento;3;0;0;0;0;0;;;;;4;0;0;0;0
08/09/2014;18:26:00;364;Acidente sem Vítima;955;BR-101/BA;Sul;Colisão Traseira;2;0;0;0;0;0;;;;;2;0;0;0;0
09/09/2014;18:20:00;327;Acidente sem Vítima;42;BR-101/ES;Sul;Abalroamento - Mesmo Sentido;2;0;0;0;0;0;;;;;1;0;0;0;0
09/09/2014;16:04:00;286;Acidente sem Vítima;123;BR-101/ES;Sul;Saída de Pista;3;0;0;0;0;0;;;;;1;0;0;0;0
09/09/2014;10:23:00;149;Acidente sem Vítima;149,2;BR-101/ES;Sul;Colisão Traseira;2;0;0;0;0;0;;;;;4;0;0;0;0
09/09/2014;07:15:00;79;Acidente sem Vítima;220;BR-101/ES;Sul;Colisão Traseira;1;0;2;0;0;0;;;;;3;0;0;0;0
09/09/2014;06:17:00;68;Acidente com vítima;221;BR-101/ES;Norte;Colisão Transversal;1;0;1;0;0;0;;;;;1;0;0;1;0
09/09/2014;16:18:00;291;Acidente sem Vítima;232;BR-101/ES;Norte;Saída de Pista;2;0;0;0;0;0;;;;;2;0;0;0;0
09/09/2014;19:33:00;354;Acidente sem Vítima;242,5;BR-101/ES;Norte;Colisão Frontal;2;0;0;0;0;0;;;;;5;0;0;0;0
09/09/2014;08:11:00;94;Acidente sem Vítima;248;BR-101/ES;Norte;Choque com Objeto Fixo;1;0;0;0;0;0;;;;;1;0;0;0;0
09/09/2014;06:40:00;74;Acidente com vítima;255;BR-101/ES;Sul;Colisão Traseira;3;0;0;0;0;0;;;;;3;0;2;0;0
09/09/2014;13:00:00;223;Acidente sem Vítima;255;BR-101/ES;Sul;Engavetamento;3;0;0;0;0;0;;;;;5;0;0;0;0
09/09/2014;17:27:00;313;Atropelamento sem Morte;267;BR-101/ES;Norte;Atropelamento;0;0;0;1;0;0;;;;;1;0;1;0;0
09/09/2014;06:31:00;73;Acidente sem Vítima;270;BR-101/ES;Norte;Colisão Traseira;1;0;0;0;1;0;;;;;2;0;0;0;0
09/09/2014;05:44:00;64;Acidente com vítima;285;BR-101/ES;Norte;Saída de Pista;1;0;0;0;0;0;;;;;0;0;1;0;0
09/09/2014;19:23:00;351;Acidente sem Vítima;288;BR-101/ES;Sul;Colisão Lateral;1;0;1;0;0;0;;;;;4;0;0;0;0
09/09/2014;17:35:00;319;Acidente sem Vítima;298;BR-101/ES;Sul;Colisão Traseira;1;0;3;0;0;0;;;;;4;0;0;0;0
09/09/2014;20:21:00;378;Acidente sem Vítima;318;BR-101/ES;Sul;Queda de Moto;1;0;0;0;0;0;;;;;1;0;0;0;0
09/09/2014;10:20:00;147;Acidente com vítima;385;BR-101/ES;Norte;Queda de Moto;0;0;0;1;0;0;;;;;0;1;0;0;0
10/09/2014;13:13:00;230;Acidente com vítima;148;BR-101/ES;Norte;Colisão Lateral;1;0;0;1;0;0;;;;;1;1;0;0;0
10/09/2014;12:44:00;213;Acidente sem Vítima;263;BR-101/ES;Norte;Colisão Transversal;1;0;0;1;0;0;;;;;3;0;0;0;0
10/09/2014;18:56:00;340;Acidente sem Vítima;263;BR-101/ES;Sul;Queda de ciclista;0;0;0;0;0;1;;;;;1;0;0;0;0
10/09/2014;16:10:00;282;Acidente sem Vítima;269;BR-101/ES;Sul;Colisão Traseira;2;0;0;0;0;0;;;;;2;0;0;0;0
10/09/2014;07:28:00;72;Acidente sem Vítima;270;BR-101/ES;Norte;Colisão Lateral;1;0;1;0;0;0;;;;;2;0;0;0;0
10/09/2014;19:19:00;347;Acidente sem Vítima;270;BR-101/ES;Norte;Colisão Lateral;1;0;2;0;0;0;;;;;2;0;0;0;0
10/09/2014;16:25:00;287;Acidente sem Vítima;271;BR-101/ES;Sul;Veículo em Chamas;1;0;0;0;0;0;;;;;1;0;0;0;0
10/09/2014;18:33:00;330;Acidente com vítima;338;BR-101/ES;Sul;Atropelamento - Bovino;0;0;0;1;0;0;;;;;0;1;0;0;0
10/09/2014;03:49:00;35;Acidente com vítima;385;BR-101/ES;Norte;Queda de Moto;0;0;0;1;0;0;;;;;0;1;0;0;0
11/09/2014;20:35:00;429;Acidente com vítima;14;BR-101/ES;Norte;Tombamento;0;0;1;0;0;0;;;;;0;0;2;0;0
11/09/2014;07:23:00;75;Acidente sem Vítima;65;BR-101/ES;Sul;Colisão Transversal;2;0;0;0;0;0;;;;;5;0;0;0;0
11/09/2014;15:29:00;289;Acidente sem Vítima;110;BR-101/ES;Norte;Colisão Traseira;2;0;0;0;0;0;;;;;3;0;0;0;0
11/09/2014;18:40:00;372;Acidente com vítima;163;BR-101/ES;Sul;Capotamento;1;0;0;0;0;0;;;;;0;1;0;0;0
11/09/2014;18:58:00;381;Acidente sem Vítima;163;BR-101/ES;Sul;Abalroamento - Mesmo Sentido;1;0;2;0;0;0;;;;;2;0;0;0;0
11/09/2014;00:19:00;6;Acidente sem Vítima;262;BR-101/ES;Sul;Colisão Lateral;1;0;0;1;0;0;;;;;2;0;0;0;0
11/09/2014;13:40:00;262;Acidente sem Vítima;266;BR-101/ES;Norte;Colisão Lateral;2;0;0;1;0;0;;;;;4;0;0;0;0
11/09/2014;19:45:00;408;Acidente com vítima;267;BR-101/ES;Sul;Colisão Lateral;1;0;1;0;0;0;;;;;3;1;0;0;0
11/09/2014;21:12:00;449;Acidente sem Vítima;269;BR-101/ES;Sul;Colisão Traseira;0;0;2;0;0;0;;;;;2;0;0;0;0
11/09/2014;09:15:00;119;Acidente sem Vítima;270;BR-101/ES;Norte;Engavetamento;3;0;0;0;0;0;;;;;3;0;0;0;0
11/09/2014;10:36:00;160;Acidente sem Vítima;270;BR-101/ES;Norte;Colisão Lateral;1;0;1;0;0;0;;;;;2;0;0;0;0
11/09/2014;14:46:00;276;Acidente sem Vítima;270;BR-101/ES;Sul;Colisão Traseira;2;0;0;0;0;0;;;;;3;0;0;0;0
11/09/2014;17:31:00;338;Acidente sem Vítima;270;BR-101/ES;Norte;Colisão Lateral;1;0;2;0;0;0;;;;;3;0;0;0;0
11/09/2014;07:45:00;90;Acidente com vítima;284;BR-101/ES;Norte;Colisão Lateral;0;0;1;1;0;0;;;;;1;0;1;0;0
11/09/2014;23:51:00;480;Acidente sem Vítima;290;BR-101/ES;Sul;Colisão Traseira;1;0;0;1;0;0;;;;;2;0;0;0;0
11/09/2014;10:20:00;153;Acidente sem Vítima;298;BR-101/ES;Norte;Choque com Objeto Fixo;0;0;4;0;0;0;;;;;2;0;0;0;0
11/09/2014;21:52:00;460;Acidente sem Vítima;316;BR-101/ES;Norte;Tombamento;0;0;2;0;0;0;;;;;1;0;0;0;0
11/09/2014;23:57:00;481;Acidente sem Vítima;318;BR-101/ES;Norte;Engavetamento;1;0;2;0;0;0;;;;;3;0;0;0;0
11/09/2014;16:07:00;304;Acidente com vítima;329,5;BR-101/ES;Norte;Colisão Traseira;2;0;0;0;0;0;;;;;1;1;0;0;0
11/09/2014;06:11:00;63;Acidente sem Vítima;372;BR-101/ES;Norte;Colisão Lateral;1;0;2;0;0;0;;;;;2;0;0;0;0
11/09/2014;17:12:00;331;Acidente sem Vítima;399;BR-101/ES;Sul;Colisão Lateral;1;0;2;0;0;0;;;;;2;0;0;0;0
12/09/2014;20:45:00;399;Acidente com vítima;46;BR-101/ES;Norte;Queda de Moto;0;0;0;1;0;0;;;;;0;1;0;0;0
12/09/2014;20:02:00;383;Acidente com vítima;65;BR-101/ES;Norte;Colisão Frontal;1;0;0;1;0;0;;;;;1;1;0;0;0
12/09/2014;21:21:00;408;Acidente sem Vítima;70;BR-101/ES;Sul;Colisão Transversal;1;0;1;0;0;0;;;;;3;0;0;0;0
12/09/2014;20:44:00;398;Acidente sem Vítima;140;BR-101/ES;Sul;Capotamento;1;0;0;0;0;0;;;;;1;0;0;0;0
12/09/2014;06:40:00;76;Acidente com vítima;143;BR-101/ES;Norte;Queda de Moto;0;0;0;1;0;0;;;;;0;1;0;0;0
12/09/2014;17:39:00;326;Acidente com vítima;143;BR-101/ES;Norte;Colisão Transversal;1;0;0;1;0;0;;;;;1;1;0;0;0
12/09/2014;06:54:00;79;Acidente sem Vítima;147;BR-101/ES;Norte;Colisão Traseira;2;0;1;0;0;0;;;;;7;0;0;0;0
12/09/2014;18:32:00;338;Acidente sem Vítima;147;BR-101/ES;Sul;Colisão Traseira;2;0;0;0;0;0;;;;;2;0;0;0;0
12/09/2014;08:21:00;106;Acidente com vítima;207;BR-101/ES;Sul;Colisão Lateral;1;0;2;0;0;0;;;;;3;1;0;0;0
12/09/2014;09:01:00;118;Acidente com vítima;207,5;BR-101/ES;Sul;Colisão Traseira;2;0;0;0;0;0;;;;;3;1;0;0;0
12/09/2014;15:09:00;256;Acidente sem Vítima;247;BR-101/ES;Sul;Colisão Lateral;1;0;3;0;0;0;;;;;2;0;0;0;0
12/09/2014;06:56:00;80;Acidente com vítima;261;BR-101/ES;Sul;Queda de Moto;0;0;0;1;0;0;;;;;0;0;1;0;0
12/09/2014;22:11:00;424;Acidente sem Vítima;266;BR-101/ES;Sul;Colisão Lateral;1;0;0;1;0;0;;;;;3;0;0;0;0
12/09/2014;08:45:00;112;Acidente sem Vítima;267;BR-101/ES;Sul;Colisão Lateral;1;0;0;1;0;0;;;;;2;0;0;0;0
12/09/2014;18:46:00;343;Acidente sem Vítima;285;BR-101/ES;Norte;Colisão Traseira;3;0;0;0;0;0;;;;;3;0;0;0;0
12/09/2014;07:48:00;92;Acidente com vítima;286;BR-101/ES;Norte;Engavetamento;2;0;1;0;0;0;;;;;2;1;0;0;0
12/09/2014;19:42:00;372;Atropelamento sem Morte;292;BR-101/ES;Sul;Atropelamento;1;0;0;0;0;0;;;;;4;1;0;0;0
12/09/2014;17:32:00;322;Acidente sem Vítima;299,8;BR-101/ES;Sul;Choque com Objeto Fixo;0;0;1;0;0;0;;;;;2;0;0;0;0
12/09/2014;11:47:00;183;Acidente sem Vítima;311;BR-101/ES;Norte;Colisão Traseira;1;0;2;0;0;0;;;;;3;0;0;0;0
12/09/2014;17:24:00;317;Acidente sem Vítima;324;BR-101/ES;Sul;Colisão Lateral;2;0;0;0;1;0;;;;;27;0;0;0;0
12/09/2014;12:41:00;207;Acidente sem Vítima;371;BR-101/ES;Norte;Colisão Lateral;0;0;2;0;0;0;;;;;2;0;0;0;0
12/09/2014;17:30:00;321;Acidente sem Vítima;380;BR-101/ES;Norte;Colisão Traseira;1;0;1;0;0;0;;;;;3;0;0;0;0
12/09/2014;16:49:00;300;Acidente sem Vítima;440;BR-101/ES;Sul;Colisão Traseira;0;0;4;0;0;0;;;;;3;0;0;0;0
13/09/2014;06:41:00;124;Acidente com vítima;40;BR-101/ES;Norte;Choque;1;0;1;0;0;0;;;;;1;0;0;1;0
13/09/2014;07:01:00;125;Acidente sem Vítima;141;BR-101/ES;Sul;Saída de Pista;1;0;0;1;0;0;;;;;3;0;0;0;0
13/09/2014;01:32:00;33;Acidente com Morte;144;BR-101/ES;Norte;Saída de Pista;1;0;0;0;0;0;;;;;0;0;0;1;1
13/09/2014;11:17:00;205;Acidente sem Vítima;145;BR-101/ES;Norte;Colisão Traseira;0;0;4;0;0;0;;;;;2;0;0;0;0
13/09/2014;09:58:00;181;Acidente sem Vítima;145,9;BR-101/ES;Sul;Veículo em Chamas;0;0;1;0;0;0;;;;;2;0;0;0;0
13/09/2014;20:32:00;402;Acidente com vítima;160;BR-101/ES;Sul;Colisão Traseira;0;0;0;1;1;0;;;;;1;1;0;0;0
13/09/2014;19:18:00;367;Acidente com vítima;172;BR-101/ES;Norte;Queda de Moto;0;0;0;1;0;0;;;;;0;0;0;1;0
13/09/2014;07:44:00;134;Acidente sem Vítima;204;BR-101/ES;Sul;Colisão Frontal;2;0;0;0;0;0;;;;;2;0;0;0;0
13/09/2014;14:01:00;257;Acidente sem Vítima;260;BR-101/ES;Norte;Colisão Lateral;1;0;1;0;0;0;;;;;2;0;0;0;0
13/09/2014;23:41:00;451;Acidente com vítima;264;BR-101/ES;Norte;Colisão Lateral;1;0;0;1;0;0;;;;;1;0;1;0;0
13/09/2014;14:59:00;276;Acidente sem Vítima;265,8;BR-101/ES;Sul;Saída de Pista;1;0;0;0;0;0;;;;;1;0;0;0;0
13/09/2014;11:05:00;199;Acidente sem Vítima;269;BR-101/ES;Norte;Colisão Lateral;1;0;2;0;0;0;;;;;3;0;0;0;0
13/09/2014;20:06:00;387;Acidente sem Vítima;275;BR-101/ES;Sul;Choque com Objeto Fixo;1;0;0;0;0;0;;;;;1;0;0;0;0
13/09/2014;11:48:00;220;Acidente com vítima;381;BR-101/ES;Sul;Saída de Pista;1;0;0;0;0;0;;;;;0;2;0;0;0
13/09/2014;12:31:00;235;Acidente sem Vítima;437;BR-101/ES;Sul;Colisão Traseira;1;0;1;0;0;0;;;;;5;0;0;0;0
14/09/2014;20:16:00;374;Acidente sem Vítima;36;BR-101/ES;Norte;Colisão Traseira;1;0;0;0;0;0;;;;;1;0;0;0;0
14/09/2014;18:59:00;356;Acidente sem Vítima;41;BR-101/ES;Norte;Colisão Traseira;2;0;0;0;0;0;;;;;5;0;0;0;0
14/09/2014;17:06:00;319;Acidente com vítima;119;BR-101/ES;Norte;Queda de Moto;0;0;0;1;0;0;;;;;0;1;1;0;0
14/09/2014;13:41:00;257;Acidente com vítima;129;BR-101/ES;Norte;Colisão Transversal;1;0;0;1;0;0;;;;;1;0;1;0;0
14/09/2014;17:58:00;338;Acidente com vítima;145;BR-101/ES;Sul;Colisão Lateral;0;0;1;1;0;0;;;;;1;1;0;0;0
14/09/2014;18:46:00;350;Acidente sem Vítima;145,5;BR-101/ES;Sul;Colisão Traseira;2;0;0;0;0;0;;;;;5;0;0;0;0
14/09/2014;13:51:00;263;Acidente com vítima;168;BR-101/ES;Norte;Queda de Moto;1;0;0;1;0;0;;;;;1;0;1;0;0
14/09/2014;16:45:00;317;Acidente sem Vítima;170;BR-101/ES;Sul;Colisão Traseira;1;0;1;0;0;0;;;;;6;0;0;0;0
14/09/2014;16:34:00;313;Acidente sem Vítima;204;BR-101/ES;Sul;Colisão Traseira;2;0;1;0;0;0;;;;;6;0;0;0;0
14/09/2014;18:17:00;341;Acidente com vítima;256;BR-101/ES;Sul;Queda de Moto;1;0;0;1;0;0;;;;;0;2;0;0;0
14/09/2014;20:50:00;386;Acidente sem Vítima;265,5;BR-101/ES;Norte;Choque com Objeto Fixo;1;0;0;0;0;0;;;;;2;0;0;0;0
14/09/2014;09:04:00;126;Acidente com vítima;310,5;BR-101/ES;Sul;Colisão Transversal;2;0;0;0;0;0;;;;;2;0;1;0;0
14/09/2014;16:34:00;314;Acidente sem Vítima;335;BR-101/ES;Norte;Tombamento;0;0;2;0;0;0;;;;;1;0;0;0;0
15/09/2014;11:26:00;220;Acidente com vítima;52;BR-101/ES;Sul;Colisão Frontal;2;0;0;0;0;0;;;;;5;0;3;1;0
15/09/2014;06:58:00;82;Acidente sem Vítima;100;BR-101/ES;Norte;Colisão Transversal;2;0;0;0;0;0;;;;;2;0;0;0;0
15/09/2014;11:15:00;206;Acidente com vítima;146;BR-101/ES;Norte;Colisão Traseira;0;0;0;1;1;0;;;;;2;1;0;0;0
15/09/2014;12:09:00;244;Acidente sem Vítima;237;BR-101/ES;Sul;Colisão Transversal;2;0;0;0;0;0;;;;;5;0;0;0;0
15/09/2014;14:12:00;303;Acidente sem Vítima;258;BR-101/ES;Norte;Colisão Lateral;2;0;1;0;0;0;;;;;6;0;0;0;0
15/09/2014;09:56:00;164;Acidente sem Vítima;264;BR-101/ES;Sul;Choque com Objeto Fixo;2;0;0;0;0;0;;;;;2;0;0;0;0
15/09/2014;07:42:00;95;Acidente sem Vítima;266;BR-101/ES;Norte;Engavetamento;3;0;0;0;0;0;;;;;3;0;0;0;0
15/09/2014;09:23:00;148;Acidente sem Vítima;266;BR-101/ES;Norte;Colisão Traseira;0;0;2;0;0;0;;;;;2;0;0;0;0
15/09/2014;22:47:00;451;Acidente sem Vítima;266;BR-101/ES;Sul;Colisão Lateral;2;0;0;0;0;0;;;;;2;0;0;0;0
15/09/2014;09:11:00;141;Acidente sem Vítima;270;BR-101/ES;Sul;Colisão Lateral;1;0;1;0;0;0;;;;;2;0;0;0;0
15/09/2014;14:57:00;317;Acidente sem Vítima;270;BR-101/ES;Sul;Tombamento;0;0;1;0;0;0;;;;;2;0;0;0;0
15/09/2014;18:45:00;378;Acidente sem Vítima;270;BR-101/ES;Norte;Colisão Traseira;1;0;2;0;0;0;;;;;2;0;0;0;0
15/09/2014;17:43:00;365;Acidente sem Vítima;271;BR-101/ES;Sul;Choque com Objeto Fixo;1;0;0;0;0;0;;;;;1;0;0;0;0
15/09/2014;12:49:00;264;Acidente com vítima;275;BR-101/ES;Norte;Queda de Moto;0;0;0;1;0;0;;;;;0;1;1;0;0
15/09/2014;13:52:00;293;Acidente com vítima;301;BR-101/ES;Sul;Colisão Traseira;0;0;0;2;0;0;;;;;0;0;2;0;0
15/09/2014;16:38:00;343;Acidente sem Vítima;368;BR-101/ES;Norte;Abalroamento - Sentido Oposto;0;0;3;0;0;0;;;;;2;0;0;0;0
16/09/2014;07:46:00;119;Acidente sem Vítima;149;BR-101/ES;Norte;Colisão Transversal;1;0;1;0;0;0;;;;;5;0;0;0;0
16/09/2014;15:48:00;327;Acidente com Morte;185;BR-101/ES;Norte;Colisão Traseira;2;0;1;0;0;0;;;;;5;0;1;0;1
16/09/2014;10:20:00;185;Acidente com vítima;213,4;BR-101/ES;Norte;Engavetamento;2;0;2;0;0;0;;;;;5;1;0;0;0
16/09/2014;13:10:00;264;Acidente sem Vítima;223;BR-101/ES;Sul;Colisão Traseira;0;0;2;0;0;0;;;;;2;0;0;0;0
16/09/2014;13:26:00;274;Acidente com vítima;261;BR-101/ES;Sul;Queda de Moto;0;0;0;1;0;0;;;;;1;1;0;0;0
16/09/2014;06:40:00;94;Acidente com vítima;263;BR-101/ES;Norte;Colisão Transversal;1;0;0;1;0;0;;;;;1;1;0;0;0
16/09/2014;15:29:00;323;Acidente sem Vítima;270;BR-101/ES;Norte;Colisão Traseira;2;0;1;0;0;0;;;;;3;0;0;0;0
16/09/2014;19:34:00;399;Atropelamento sem Morte;270;BR-101/ES;Norte;Atropelamento;0;0;0;1;0;0;;;;;1;1;0;0;0
16/09/2014;17:27:00;362;Acidente sem Vítima;281;BR-101/ES;Norte;Saída de Pista;0;0;2;0;0;0;;;;;1;0;0;0;0
16/09/2014;18:38:00;385;Acidente sem Vítima;289;BR-101/ES;Norte;Colisão Traseira;1;0;2;0;0;0;;;;;2;0;0;0;0
16/09/2014;07:47:00;120;Acidente com vítima;292;BR-101/ES;Norte;Colisão Lateral;2;0;1;0;0;0;;;;;4;0;1;0;0
16/09/2014;05:42:00;79;Acidente sem Vítima;293;BR-101/ES;Norte;Colisão Traseira;1;0;2;0;0;0;;;;;2;0;0;0;0
16/09/2014;09:32:00;163;Acidente com vítima;302;BR-101/ES;Norte;Colisão Traseira;2;0;0;0;0;0;;;;;1;0;1;0;0
16/09/2014;00:34:00;5;Acidente com vítima;307;BR-101/ES;Norte;Queda de Moto;0;0;0;1;0;0;;;;;0;1;1;0;0
16/09/2014;07:16:00;103;Acidente sem Vítima;342;BR-101/ES;Sul;Colisão Lateral;1;0;0;1;0;0;;;;;3;0;0;0;0
16/09/2014;12:22:00;235;Acidente sem Vítima;378;BR-101/ES;Sul;Colisão Lateral;1;0;1;0;0;0;;;;;2;0;0;0;0
17/09/2014;18:42:00;386;Acidente com vítima;70;BR-101/ES;Norte;Colisão Transversal;2;0;0;0;0;0;;;;;1;2;0;0;0
17/09/2014;09:18:00;169;Acidente sem Vítima;131;BR-101/ES;Sul;Colisão Lateral;1;0;3;0;0;0;;;;;4;0;0;0;0
17/09/2014;15:17:00;306;Acidente com vítima;147;BR-101/ES;Sul;Colisão Transversal;3;0;0;0;0;0;;;;;4;2;0;0;0
17/09/2014;20:45:00;434;Acidente sem Vítima;148;BR-101/ES;Sul;Engavetamento;3;0;0;0;0;0;;;;;4;0;0;0;0
17/09/2014;12:54:00;265;Acidente com vítima;245;BR-101/ES;Sul;Choque com Objeto Fixo;2;0;2;0;0;0;;;;;4;1;0;0;0
17/09/2014;12:42:00;261;Acidente sem Vítima;265;BR-101/ES;Norte;Colisão Traseira;2;0;0;0;0;0;;;;;2;0;0;0;0
17/09/2014;18:27:00;379;Acidente sem Vítima;269;BR-101/ES;Sul;Colisão Lateral;2;0;0;0;0;0;;;;;2;0;0;0;0
17/09/2014;13:16:00;277;Acidente com vítima;270;BR-101/ES;Sul;Colisão;0;1;0;1;0;0;;;;;2;0;1;0;0
17/09/2014;09:06:00;168;Acidente sem Vítima;296;BR-101/ES;Sul;Colisão Lateral;1;0;3;0;0;0;;;;;4;0;0;0;0
17/09/2014;10:10:00;185;Acidente sem Vítima;359;BR-101/ES;Norte;Colisão Lateral;1;0;2;0;0;0;;;;;2;0;0;0;0
17/09/2014;17:03:00;345;Acidente sem Vítima;377;BR-101/ES;Norte;Abalroamento - Mesmo Sentido;2;0;0;0;0;0;;;;;2;0;0;0;0
18/09/2014;18:34:00;422;Acidente sem Vítima;113;BR-101/ES;Sul;Engavetamento;1;0;2;0;0;0;;;;;8;0;0;0;0
18/09/2014;11:11:00;218;Acidente sem Vítima;146,3;BR-101/ES;Norte;Colisão Traseira;2;0;0;0;0;0;;;;;5;0;0;0;0
18/09/2014;10:26:00;196;Atropelamento sem Morte;220;BR-101/ES;Norte;Atropelamento;0;0;2;0;0;0;;;;;0;1;1;0;0
18/09/2014;23:15:00;493;Acidente sem Vítima;265;BR-101/ES;Sul;Colisão Traseira;2;0;0;0;0;0;;;;;2;0;0;0;0
18/09/2014;13:55:00;310;Acidente sem Vítima;266;BR-101/ES;Sul;Colisão Lateral;2;0;0;1;0;0;;;;;3;0;0;0;0
18/09/2014;07:06:00;89;Acidente sem Vítima;268;BR-101/ES;Sul;Colisão Traseira;2;0;0;0;0;0;;;;;2;0;0;0;0
18/09/2014;07:13:00;93;Acidente sem Vítima;270;BR-101/ES;Sul;Engavetamento;2;0;2;0;0;0;;;;;3;0;0;0;0
18/09/2014;14:46:00;336;Acidente com vítima;271;BR-101/ES;Sul;Colisão Transversal;0;0;1;1;0;0;;;;;1;1;0;0;0
18/09/2014;08:51:00;151;Acidente com vítima;276;BR-101/ES;Sul;Colisão Traseira;1;0;1;0;0;0;;;;;1;0;0;2;0
18/09/2014;01:32:00;21;Atropelamento com Morte;320;BR-101/ES;Sul;Atropelamento;0;0;2;0;0;0;;;;;1;0;0;0;1
18/09/2014;23:02:00;490;Acidente com Morte;333;BR-101/ES;Sul;Colisão Frontal;1;0;0;0;1;0;;;;;1;0;0;0;3
18/09/2014;18:25:00;416;Acidente com vítima;367;BR-101/ES;Norte;Colisão Frontal;1;0;1;0;0;0;;;;;2;0;0;1;0
18/09/2014;20:11:00;449;Acidente sem Vítima;456;BR-101/ES;Sul;Saída de Pista;0;0;2;0;0;0;;;;;2;0;0;0;0
19/09/2014;07:36:00;120;Acidente com vítima;68;BR-101/ES;Norte;Queda de Moto;0;0;0;1;0;0;;;;;0;1;0;0;0
19/09/2014;21:17:00;503;Acidente sem Vítima;123;BR-101/ES;Norte;Veículo em Chamas;0;0;4;0;0;0;;;;;1;0;0;0;0
19/09/2014;14:08:00;321;Acidente com vítima;125;BR-101/ES;Norte;Colisão;0;1;0;1;0;0;;;;;1;1;0;0;0
19/09/2014;14:35:00;327;Acidente sem Vítima;140;BR-101/ES;Sul;Colisão Traseira;2;0;0;0;0;0;;;;;5;0;0;0;0
19/09/2014;18:55:00;432;Acidente sem Vítima;158;BR-101/ES;Sul;Colisão Lateral;0;0;2;0;0;0;;;;;3;0;0;0;0
19/09/2014;16:10:00;370;Acidente sem Vítima;192;BR-101/ES;Norte;Colisão Lateral;2;0;0;0;0;0;;;;;2;0;0;0;0