data;horario;n_da_ocorrencia;tipo_de_ocorrencia;km;trecho;sentido;tipo_de_acidente;automovel;bicicleta;caminhao;moto;onibus;outros;tracao_animal;transporte_de_cargas_especiais;trator_maquinas;utilitarios;ilesos;levemente_feridos;moderadamente_feridos;gravemente_feridos;mortos
22/11/2014;05:20:00;62;Acidente sem Vítima;297;BR-101/ES;Sul;Choque com Objeto Fixo;1;0;0;0;0;0;;;;;1;0;0;0;0
22/11/2014;10:20:00;150;Acidente com vítima;363;BR-101/ES;Norte;Colisão Frontal;0;0;4;0;0;0;;;;;0;0;2;0;0
22/11/2014;09:57:00;140;Acidente sem Vítima;377;BR-101/ES;Norte;Colisão Transversal;2;0;0;0;0;0;;;;;4;0;0;0;0
22/11/2014;09:35:00;133;Acidente com vítima;399;BR-101/ES;Sul;Colisão Traseira;1;0;2;0;0;0;;;;;2;1;0;0;0
23/11/2014;10:53:00;125;Acidente com vítima;160,5;BR-101/ES;Norte;Colisão Frontal;2;0;0;0;0;0;;;;;0;3;3;1;0
23/11/2014;17:19:00;241;Acidente com vítima;166;BR-101/ES;Norte;Colisão Lateral;1;0;0;1;0;0;;;;;2;2;0;0;0
23/11/2014;09:53:00;112;Acidente com vítima;189;BR-101/ES;Norte;Saída de Pista;1;0;0;0;0;0;;;;;0;1;0;1;0
23/11/2014;08:10:00;82;Atropelamento sem Morte;204;BR-101/ES;Sul;Atropelamento;1;0;0;0;0;0;;;;;1;0;1;0;0
23/11/2014;20:46:00;305;Acidente com vítima;219;BR-101/ES;Sul;Colisão Lateral;1;0;2;0;0;0;;;;;1;2;0;0;0
23/11/2014;17:41:00;245;Acidente com vítima;247;BR-101/ES;Sul;Colisão Lateral;1;0;0;1;0;0;;;;;1;0;1;0;0
23/11/2014;20:32:00;299;Acidente sem Vítima;262;BR-101/ES;Sul;Colisão Frontal;2;0;0;0;0;0;;;;;2;0;0;0;0
23/11/2014;03:41:00;41;Acidente com vítima;267;BR-101/ES;Norte;Capotamento;1;0;0;0;0;0;;;;;1;1;1;0;0
23/11/2014;13:35:00;177;Acidente sem Vítima;267;BR-101/ES;Sul;Colisão Traseira;2;0;0;0;0;0;;;;;6;0;0;0;0
23/11/2014;14:49:00;196;Acidente com vítima;285;BR-101/ES;Sul;Colisão Traseira;1;0;0;1;0;0;;;;;1;2;0;0;0
23/11/2014;15:16:00;203;Acidente sem Vítima;291;BR-101/ES;Norte;Colisão Traseira;2;0;0;0;0;0;;;;;2;0;0;0;0
23/11/2014;00:08:00;1;Acidente sem Vítima;293;BR-101/ES;Norte;Colisão Lateral;1;0;1;0;0;0;;;;;2;0;0;0;0
23/11/2014;13:10:00;169;Acidente com vítima;448;BR-101/ES;Norte;Queda de Moto;0;0;0;1;0;0;;;;;0;1;0;0;0
23/11/2014;20:00:00;289;Acidente sem Vítima;458;BR-101/ES;Norte;Saída de Pista;1;0;0;0;0;0;;;;;2;0;0;0;0
24/11/2014;02:18:00;30;Acidente com vítima;47;BR-101/ES;Sul;Saída de Pista;1;0;0;0;0;0;;;;;0;0;3;0;0
24/11/2014;08:01:00;94;Acidente sem Vítima;151;BR-101/ES;Sul;Colisão Traseira;2;0;0;0;0;0;;;;;2;0;0;0;0
24/11/2014;07:42:00;89;Acidente sem Vítima;151,5;BR-101/ES;Sul;Colisão Lateral;2;0;0;0;0;0;;;;;3;0;0;0;0
24/11/2014;08:08:00;97;Acidente sem Vítima;198;BR-101/ES;Sul;Colisão Traseira;1;0;2;0;0;0;;;;;4;0;0;0;0
24/11/2014;16:57:00;240;Acidente com vítima;240;BR-101/ES;Norte;Colisão Lateral;2;0;0;0;0;0;;;;;2;2;0;1;0
24/11/2014;07:59:00;93;Acidente com vítima;260;BR-101/ES;Sul;Queda de Moto;0;0;0;1;0;0;;;;;0;1;0;0;0
24/11/2014;15:06:00;202;Acidente sem Vítima;262;BR-101/ES;Norte;Colisão Frontal;0;0;1;1;0;0;;;;;2;0;0;0;0
24/11/2014;15:52:00;215;Acidente sem Vítima;264;BR-101/ES;Sul;Colisão Traseira;2;0;0;0;0;0;;;;;5;0;0;0;0
24/11/2014;11:14:00;135;Acidente sem Vítima;264,5;BR-101/ES;Norte;Colisão Lateral;2;0;0;0;0;0;;;;;2;0;0;0;0
24/11/2014;21:59:00;325;Acidente com vítima;266;BR-101/ES;Sul;Colisão Lateral;1;0;0;1;0;0;;;;;1;1;0;0;0
24/11/2014;13:13:00;173;Acidente com Morte;271;BR-101/ES;Norte;Colisão;0;1;2;0;0;0;;;;;1;0;0;0;1
24/11/2014;14:34:00;194;Acidente com vítima;315;BR-101/ES;Sul;Colisão Lateral;0;0;1;1;0;0;;;;;1;0;1;0;0
24/11/2014;03:27:00;43;Acidente com vítima;357;BR-101/ES;Sul;Tombamento;1;0;0;0;0;0;;;;;0;1;0;0;0
24/11/2014;07:19:00;81;Acidente sem Vítima;363;BR-101/ES;Sul;Colisão Traseira;1;0;2;0;0;0;;;;;2;0;0;0;0
24/11/2014;08:13:00;99;Acidente sem Vítima;401;BR-101/ES;Sul;Saída de Pista;0;0;2;0;0;0;;;;;1;0;0;0;0
24/11/2014;18:19:00;261;Acidente sem Vítima;430;BR-101/ES;Norte;Saída de Pista;0;0;1;0;0;0;;;;;1;0;0;0;0
24/11/2014;08:17:00;100;Acidente com vítima;455;BR-101/ES;Sul;Saída de Pista;1;0;0;0;0;0;;;;;1;3;0;0;0
24/11/2014;09:38:00;108;Acidente sem Vítima;956;BR-101/BA;Norte;Saída de Pista;0;0;2;0;0;0;;;;;1;0;0;0;0
25/11/2014;18:14:00;302;Acidente sem Vítima;11;BR-101/ES;Norte;Colisão Lateral;1;0;1;0;0;0;;;;;2;0;0;0;0
25/11/2014;10:09:00;121;Acidente sem Vítima;32;BR-101/ES;Norte;Colisão Traseira;1;0;1;0;0;0;;;;;2;0;0;0;0
25/11/2014;15:46:00;255;Acidente com vítima;123;BR-101/ES;Sul;Colisão Traseira;0;0;1;1;0;0;;;;;1;1;0;0;0
25/11/2014;16:58:00;277;Acidente sem Vítima;126;BR-101/ES;Norte;Colisão Traseira;2;0;0;0;0;0;;;;;4;0;0;0;0
25/11/2014;20:45:00;347;Acidente com vítima;135;BR-101/ES;Sul;Colisão Frontal;2;0;0;0;0;0;;;;;3;0;1;0;0
25/11/2014;18:30:00;304;Acidente sem Vítima;144;BR-101/ES;Sul;Colisão Lateral;1;0;2;0;0;0;;;;;4;0;0;0;0
25/11/2014;11:13:00;144;Acidente sem Vítima;146;BR-101/ES;Norte;Colisão Traseira;1;0;1;0;0;0;;;;;2;0;0;0;0
25/11/2014;09:03:00;99;Acidente com vítima;170,5;BR-101/ES;Sul;Colisão Traseira;0;0;6;0;0;0;;;;;1;0;1;0;0
25/11/2014;12:49:00;189;Acidente com vítima;266;BR-101/ES;Sul;Colisão;1;1;0;0;0;0;;;;;1;1;0;0;0
25/11/2014;09:32:00;111;Acidente sem Vítima;270;BR-101/ES;Norte;Engavetamento;4;0;1;0;0;0;;;;;6;0;0;0;0
25/11/2014;16:50:00;275;Acidente sem Vítima;271;BR-101/ES;Sul;Choque com Objeto Fixo;1;0;1;0;0;0;;;;;2;0;0;0;0
25/11/2014;20:02:00;332;Acidente sem Vítima;275;BR-101/ES;Norte;Veículo em Chamas;0;0;1;0;0;0;;;;;1;0;0;0;0
25/11/2014;03:55:00;35;Acidente sem Vítima;423;BR-101/ES;Norte;Tombamento;0;0;1;0;0;0;;;;;1;0;0;0;0
25/11/2014;14:38:00;231;Acidente sem Vítima;437;BR-101/ES;Sul;Saída de Pista;1;0;0;0;0;0;;;;;3;0;0;0;0
26/11/2014;06:30:00;72;Acidente com vítima;31;BR-101/ES;Sul;Colisão Transversal;1;0;2;0;0;0;;;;;1;1;0;0;0
26/11/2014;13:41:00;218;Acidente com vítima;67;BR-101/ES;Norte;Colisão Lateral;1;0;0;1;0;0;;;;;1;1;0;0;0
26/11/2014;06:24:00;69;Acidente sem Vítima;127;BR-101/ES;Sul;Colisão Traseira;1;0;3;0;0;0;;;;;2;0;0;0;0
26/11/2014;15:58:00;256;Acidente sem Vítima;148;BR-101/ES;Norte;Colisão Traseira;2;0;0;0;0;0;;;;;2;0;0;0;0
26/11/2014;15:11:00;241;Acidente sem Vítima;153;BR-101/ES;Norte;Colisão Traseira;0;0;2;0;0;0;;;;;2;0;0;0;0
26/11/2014;17:20:00;285;Acidente sem Vítima;228;BR-101/ES;Sul;Veículo em Chamas;1;0;0;0;0;0;;;;;1;0;0;0;0
26/11/2014;06:29:00;71;Acidente sem Vítima;259;BR-101/ES;Sul;Colisão Traseira;2;0;0;0;0;0;;;;;3;0;0;0;0
26/11/2014;06:52:00;77;Acidente sem Vítima;264;BR-101/ES;Norte;Colisão Traseira;2;0;0;0;0;0;;;;;2;0;0;0;0
26/11/2014;19:12:00;306;Acidente sem Vítima;264,3;BR-101/ES;Sul;Saída de Pista;1;0;0;0;0;0;;;;;3;0;0;0;0
26/11/2014;13:23:00;212;Acidente sem Vítima;267;BR-101/ES;Sul;Colisão Lateral;2;0;0;0;0;0;;;;;2;0;0;0;0
26/11/2014;15:41:00;249;Acidente com vítima;280;BR-101/ES;Sul;Queda de Moto;0;0;0;2;0;0;;;;;1;1;0;0;0
26/11/2014;05:13:00;56;Acidente sem Vítima;321;BR-101/ES;Sul;Colisão Lateral;1;0;2;0;0;0;;;;;3;0;0;0;0
26/11/2014;15:15:00;242;Acidente com vítima;323;BR-101/ES;Sul;Queda de Moto;0;0;0;1;0;0;;;;;0;1;0;0;0
26/11/2014;06:35:00;76;Acidente sem Vítima;329;BR-101/ES;Norte;Saída de Pista;1;0;0;0;0;0;;;;;4;0;0;0;0
26/11/2014;22:12:00;355;Acidente sem Vítima;329;BR-101/ES;Norte;Saída de Pista;1;0;0;0;0;0;;;;;2;0;0;0;0
26/11/2014;07:15:00;84;Acidente sem Vítima;399;BR-101/ES;Norte;Colisão Traseira;0;0;4;0;0;0;;;;;2;0;0;0;0
27/11/2014;08:49:00;102;Acidente sem Vítima;31;BR-101/ES;Norte;Colisão Transversal;1;0;1;0;0;0;;;;;2;0;0;0;0
27/11/2014;11:36:00;171;Acidente sem Vítima;81;BR-101/ES;Sul;Saída de Pista;1;0;0;0;0;0;;;;;1;0;0;0;0
27/11/2014;11:04:00;153;Acidente sem Vítima;125;BR-101/ES;Norte;Colisão Traseira;2;0;0;0;0;0;;;;;2;0;0;0;0
27/11/2014;06:57:00;54;Acidente com vítima;256;BR-101/ES;Sul;Colisão Traseira;0;0;0;1;0;0;;;;;0;2;0;0;0
27/11/2014;21:57:00;360;Acidente sem Vítima;276;BR-101/ES;Norte;Capotamento;1;0;0;0;0;0;;;;;2;0;0;0;0
27/11/2014;20:45:00;346;Acidente sem Vítima;450;BR-101/ES;Sul;Capotamento;1;0;0;0;0;0;;;;;4;0;0;0;0
28/11/2014;17:17:00;290;Acidente sem Vítima;102;BR-101/ES;Sul;Choque;2;0;0;0;0;0;;;;;3;0;0;0;0
28/11/2014;17:31:00;292;Acidente com vítima;146;BR-101/ES;Norte;Queda de ciclista;0;1;0;0;0;0;;;;;0;1;0;0;0
28/11/2014;23:20:00;382;Acidente com vítima;172;BR-101/ES;Sul;Queda de Moto;0;0;0;1;0;0;;;;;0;1;0;0;0
28/11/2014;22:49:00;371;Acidente com vítima;201;BR-101/ES;Sul;Colisão Frontal;3;0;0;0;0;0;;;;;2;1;0;0;0
28/11/2014;19:05:00;313;Acidente sem Vítima;247;BR-101/ES;Sul;Engavetamento;1;0;3;0;0;0;;;;;3;0;0;0;0
28/11/2014;17:47:00;297;Acidente sem Vítima;250;BR-101/ES;Norte;Colisão Traseira;2;0;0;0;1;0;;;;;3;0;0;0;0
28/11/2014;10:45:00;142;Acidente com vítima;260;BR-101/ES;Sul;Colisão Lateral;1;0;0;1;0;0;;;;;0;0;1;0;0
28/11/2014;22:23:00;368;Acidente sem Vítima;263;BR-101/ES;Norte;Saída de Pista;1;0;0;0;0;0;;;;;1;0;0;0;0
28/11/2014;07:04:00;66;Acidente com vítima;266;BR-101/ES;Sul;Colisão Lateral;1;0;0;1;0;0;;;;;1;1;0;0;0
28/11/2014;08:44:00;104;Acidente sem Vítima;266;BR-101/ES;Sul;Colisão Transversal;1;0;2;0;0;0;;;;;2;0;0;0;0
28/11/2014;06:10:00;59;Acidente com vítima;267,8;BR-101/ES;Sul;Colisão Transversal;1;0;0;1;0;0;;;;;1;1;0;0;0
28/11/2014;22:08:00;364;Acidente sem Vítima;269;BR-101/ES;Sul;Colisão Traseira;2;0;0;0;0;0;;;;;2;0;0;0;0
28/11/2014;20:25:00;338;Acidente sem Vítima;270;BR-101/ES;Sul;Abalroamento - Mesmo Sentido;0;0;3;0;0;0;;;;;2;0;0;0;0
28/11/2014;19:52:00;325;Acidente sem Vítima;275;BR-101/ES;Sul;Saída de Pista;1;0;0;0;0;0;;;;;1;0;0;0;0
28/11/2014;18:44:00;308;Acidente sem Vítima;277;BR-101/ES;Norte;Saída de Pista;1;0;0;0;0;0;;;;;4;0;0;0;0
28/11/2014;15:26:00;259;Acidente sem Vítima;279;BR-101/ES;Sul;Saída de Pista;1;0;0;0;0;0;;;;;1;0;0;0;0
28/11/2014;10:39:00;139;Acidente sem Vítima;288;BR-101/ES;Norte;Colisão Lateral;0;0;1;1;0;0;;;;;2;0;0;0;0
28/11/2014;08:21:00;98;Acidente sem Vítima;293;BR-101/ES;Norte;Colisão Lateral;1;0;2;0;0;0;;;;;2;0;0;0;0
28/11/2014;05:17:00;56;Acidente sem Vítima;313;BR-101/ES;Sul;Saída de Pista;0;0;2;0;0;0;;;;;1;0;0;0;0
28/11/2014;13:24:00;224;Acidente sem Vítima;329;BR-101/ES;Norte;Saída de Pista;1;0;0;0;0;0;;;;;1;0;0;0;0
28/11/2014;18:34:00;307;Acidente sem Vítima;335;BR-101/ES;Sul;Saída de Pista;1;0;0;0;0;0;;;;;1;0;0;0;0
28/11/2014;15:50:00;270;Acidente sem Vítima;352;BR-101/ES;Sul;Saída de Pista;1;0;0;0;0;0;;;;;1;0;0;0;0
28/11/2014;16:23:00;279;Acidente com vítima;368;BR-101/ES;Sul;Colisão Transversal;2;0;0;0;0;0;;;;;3;1;1;0;0
28/11/2014;06:12:00;60;Acidente sem Vítima;369;BR-101/ES;Sul;Colisão Frontal;1;0;4;0;0;0;;;;;3;0;0;0;0
28/11/2014;18:11:00;301;Acidente sem Vítima;374;BR-101/ES;Norte;Colisão Lateral;0;0;3;0;0;0;;;;;3;0;0;0;0
28/11/2014;03:55:00;36;Acidente com vítima;391;BR-101/ES;Norte;Saída de Pista;1;0;0;0;0;0;;;;;1;1;0;0;0
28/11/2014;14:43:00;244;Acidente com vítima;415;BR-101/ES;Sul;Saída de Pista;1;0;0;0;0;0;;;;;2;1;0;0;0
29/11/2014;02:40:00;30;Acidente sem Vítima;1,2;BR-101/ES;Sul;Choque com Objeto Fixo;0;0;3;0;0;0;;;;;2;0;0;0;0
29/11/2014;16:31:00;245;Acidente com vítima;11;BR-101/ES;Norte;Capotamento;1;0;0;0;0;0;;;;;0;0;1;1;0
29/11/2014;08:01:00;90;Acidente com vítima;104,9;BR-101/ES;Sul;Saída de Pista;1;0;0;0;0;0;;;;;1;1;0;0;0
29/11/2014;20:57:00;328;Acidente sem Vítima;118;BR-101/ES;Norte;Queda de Moto;0;0;0;1;0;0;;;;;1;0;0;0;0
29/11/2014;07:50:00;86;Acidente sem Vítima;123;BR-101/ES;Norte;Queda de Moto;0;0;0;1;0;0;;;;;1;0;0;0;0
29/11/2014;16:07:00;237;Acidente com vítima;142;BR-101/ES;Norte;Colisão Lateral;0;0;0;2;0;0;;;;;1;1;0;0;0
29/11/2014;15:11:00;224;Acidente sem Vítima;147;BR-101/ES;Sul;Colisão Traseira;2;0;0;0;0;0;;;;;2;0;0;0;0
29/11/2014;18:14:00;276;Acidente com vítima;260;BR-101/ES;Norte;Queda de Moto;0;0;0;1;0;0;;;;;0;2;0;0;0
29/11/2014;22:46:00;350;Acidente com vítima;261;BR-101/ES;Norte;Atropelamento - Equino;2;0;0;1;0;0;;;;;2;0;0;1;0
29/11/2014;19:28:00;300;Acidente com vítima;297;BR-101/ES;Norte;Queda de Moto;0;0;0;1;0;0;;;;;0;0;1;0;0
29/11/2014;12:58:00;187;Acidente sem Vítima;321;BR-101/ES;Sul;Colisão Traseira;1;0;3;0;0;0;;;;;2;0;0;0;0
29/11/2014;18:50:00;289;Acidente sem Vítima;413;BR-101/ES;Norte;Saída de Pista;1;0;0;0;0;0;;;;;4;0;0;0;0
29/11/2014;09:46:00;128;Acidente sem Vítima;414;BR-101/ES;Norte;Saída de Pista;1;0;0;0;0;0;;;;;1;0;0;0;0
29/11/2014;14:12:00;212;Acidente sem Vítima;945;BR-101/BA;Sul;Saída de Pista;1;0;0;0;0;0;;;;;1;0;0;0;0
30/11/2014;14:16:00;201;Acidente sem Vítima;18;BR-101/ES;Sul;Queda de ciclista;0;1;0;0;0;0;;;;;1;0;0;0;0
30/11/2014;20:47:00;303;Acidente sem Vítima;32;BR-101/ES;Sul;Choque com Objeto Fixo;1;0;0;0;0;0;;;;;1;0;0;0;0
30/11/2014;00:26:00;5;Acidente com vítima;80;BR-101/ES;Norte;Queda de Moto;0;0;0;1;0;0;;;;;0;1;0;0;0
30/11/2014;15:49:00;224;Acidente com vítima;89;BR-101/ES;Sul;Colisão Transversal;2;0;0;0;0;0;;;;;0;5;2;0;0
30/11/2014;18:38:00;268;Acidente com vítima;113;BR-101/ES;Norte;Colisão Transversal;2;0;0;0;0;0;;;;;4;1;0;0;0
30/11/2014;02:58:00;27;Acidente com vítima;133;BR-101/ES;Norte;Capotamento;2;0;0;0;0;0;;;;;4;0;1;0;0
30/11/2014;09:41:00;119;Acidente sem Vítima;140;BR-101/ES;Norte;Colisão Transversal;1;0;3;0;0;0;;;;;2;0;0;0;0
30/11/2014;18:50:00;269;Acidente com vítima;145;BR-101/ES;Norte;Colisão Traseira;1;0;0;1;0;0;;;;;2;0;1;0;0
30/11/2014;18:58:00;272;Acidente com vítima;202;BR-101/ES;Norte;Colisão Traseira;1;0;1;0;0;0;;;;;3;3;0;0;0
30/11/2014;11:26:00;154;Acidente sem Vítima;241;BR-101/ES;Sul;Saída de Pista;1;0;0;0;0;0;;;;;3;0;0;0;0
30/11/2014;23:17:00;326;Acidente sem Vítima;253;BR-101/ES;Norte;Colisão Traseira;1;0;2;0;0;0;;;;;2;0;0;0;0
30/11/2014;14:15:00;200;Acidente com vítima;260;BR-101/ES;Sul;Queda de Moto;0;0;0;1;0;0;;;;;0;1;0;0;0
30/11/2014;17:34:00;254;Acidente com vítima;265;BR-101/ES;Sul;Colisão Traseira;2;0;0;0;0;0;;;;;2;1;0;0;0
30/11/2014;18:51:00;270;Acidente sem Vítima;291;BR-101/ES;Sul;Colisão Traseira;2;0;0;0;0;0;;;;;8;0;0;0;0
30/11/2014;11:06:00;145;Acidente com vítima;291,5;BR-101/ES;Sul;Colisão Traseira;2;0;1;0;0;0;;;;;6;1;0;0;0
30/11/2014;21:24:00;311;Acidente sem Vítima;369;BR-101/ES;Norte;Saída de Pista;1;0;0;0;0;0;;;;;1;0;0;0;0
30/11/2014;06:13:00;64;Acidente sem Vítima;400;BR-101/ES;Norte;Choque com Objeto Fixo;1;0;0;0;0;0;;;;;1;0;0;0;0
30/11/2014;14:50:00;207;Acidente sem Vítima;455;BR-101/ES;Sul;Saída de Pista;1;0;0;0;0;0;;;;;1;0;0;0;0
01/12/2014;06:13:00;57;Acidente sem Vítima;69;BR-101/ES;Sul;Colisão Traseira;2;0;0;0;0;0;;;;;4;0;0;0;0
01/12/2014;01:39:00;19;Acidente sem Vítima;140;BR-101/ES;Norte;Colisão Traseira;2;0;0;0;0;0;;;;;2;0;0;0;0
01/12/2014;10:33:00;151;Acidente com vítima;174;BR-101/ES;Sul;Atropelamento - Animal;1;0;0;0;0;0;;;;;0;1;0;0;0
01/12/2014;11:28:00;170;Acidente sem Vítima;182;BR-101/ES;Sul;Saída de Pista;1;0;1;0;0;0;;;;;2;0;0;0;0
01/12/2014;10:30:00;150;Acidente sem Vítima;263;BR-101/ES;Norte;Saída de Pista;1;0;0;0;0;0;;;;;1;0;0;0;0
01/12/2014;12:59:00;209;Acidente sem Vítima;264;BR-101/ES;Norte;Colisão Traseira;2;0;0;0;0;0;;;;;2;0;0;0;0
01/12/2014;19:19:00;311;Acidente sem Vítima;266;BR-101/ES;Norte;Colisão Traseira;2;0;0;0;0;0;;;;;2;0;0;0;0
01/12/2014;20:19:00;327;Acidente sem Vítima;270;BR-101/ES;Sul;Colisão Traseira;1;0;1;0;0;0;;;;;2;0;0;0;0
01/12/2014;21:34:00;356;Acidente com vítima;283;BR-101/ES;Sul;Queda de Moto;0;0;0;1;0;0;;;;;0;1;0;0;0
01/12/2014;07:33:00;67;Acidente com vítima;315;BR-101/ES;Norte;Colisão Transversal;1;0;1;0;0;0;;;;;2;2;0;0;0
01/12/2014;08:35:00;95;Acidente sem Vítima;371;BR-101/ES;Norte;Colisão Traseira;2;0;0;0;0;0;;;;;2;0;0;0;0
02/12/2014;13:12:00;193;Acidente sem Vítima;61;BR-101/ES;Norte;Colisão Traseira;2;0;0;0;0;0;;;;;3;0;0;0;0
02/12/2014;13:54:00;207;Acidente sem Vítima;64;BR-101/ES;Sul;Engavetamento;3;0;0;0;0;0;;;;;3;0;0;0;0
02/12/2014;15:53:00;238;Atropelamento sem Morte;65,2;BR-101/ES;Norte;Atropelamento;0;0;1;0;0;0;;;;;1;1;0;0;0
02/12/2014;08:46:00;85;Acidente com vítima;74;BR-101/ES;Norte;Colisão Lateral;1;0;3;0;0;0;;;;;2;1;0;0;0
02/12/2014;06:53:00;53;Acidente sem Vítima;136;BR-101/ES;Sul;Saída de Pista;0;0;2;0;0;0;;;;;1;0;0;0;0
02/12/2014;08:08:00;72;Acidente sem Vítima;213;BR-101/ES;Norte;Colisão Traseira;2;0;0;0;0;0;;;;;2;0;0;0;0
02/12/2014;08:06:00;71;Acidente com vítima;238;BR-101/ES;Sul;Colisão Lateral;0;0;0;2;0;0;;;;;1;1;0;0;0
02/12/2014;18:44:00;281;Acidente com vítima;247;BR-101/ES;Sul;Colisão Lateral;1;0;0;1;0;0;;;;;1;1;0;0;0
02/12/2014;07:52:00;69;Acidente com vítima;261;BR-101/ES;Sul;Queda de Moto;0;0;0;1;0;0;;;;;0;1;0;0;0
02/12/2014;18:21:00;277;Acidente sem Vítima;267;BR-101/ES;Sul;Colisão Lateral;1;0;3;0;0;0;;;;;3;0;0;0;0
02/12/2014;03:45:00;32;Acidente com vítima;271;BR-101/ES;Sul;Choque com Objeto Fixo;1;0;0;0;0;0;;;;;0;1;0;0;0
02/12/2014;08:19:00;73;Acidente sem Vítima;304;BR-101/ES;Norte;Choque com Objeto Fixo;1;0;0;0;0;0;;;;;2;0;0;0;0
02/12/2014;20:10:00;309;Acidente sem Vítima;375;BR-101/ES;Sul;Colisão Lateral;2;0;0;0;0;0;;;;;3;0;0;0;0
03/12/2014;17:00:00;269;Acidente sem Vítima;21;BR-101/ES;Sul;Saída de Pista;1;0;0;0;0;0;;;;;2;0;0;0;0
03/12/2014;11:28:00;155;Acidente sem Vítima;150;BR-101/ES;Sul;Colisão Traseira;2;0;0;0;0;0;;;;;2;0;0;0;0
03/12/2014;07:51:00;78;Acidente sem Vítima;264,2;BR-101/ES;Sul;Colisão Transversal;0;0;2;1;0;0;;;;;2;0;0;0;0
03/12/2014;14:08:00;221;Acidente com vítima;267;BR-101/ES;Sul;Colisão Lateral;1;0;0;1;0;0;;;;;1;1;0;0;0
03/12/2014;12:04:00;170;Acidente sem Vítima;269;BR-101/ES;Norte;Engavetamento;3;0;0;0;0;0;;;;;3;0;0;0;0
03/12/2014;11:37:00;160;Acidente sem Vítima;293;BR-101/ES;Sul;Colisão Traseira;2;0;0;0;0;0;;;;;3;0;0;0;0
03/12/2014;06:27:00;54;Acidente sem Vítima;352;BR-101/ES;Sul;Tombamento;0;0;2;0;0;0;;;;;1;0;0;0;0
03/12/2014;09:57:00;118;Acidente com vítima;357;BR-101/ES;Sul;Saída de Pista;0;0;2;0;0;0;;;;;0;1;0;0;0
03/12/2014;11:36:00;159;Acidente sem Vítima;376;BR-101/ES;Norte;Choque com Objeto Fixo;0;0;2;0;0;0;;;;;1;0;0;0;0
03/12/2014;14:43:00;233;Acidente sem Vítima;420;BR-101/ES;Sul;Saída de Pista;0;0;3;0;0;0;;;;;2;0;0;0;0
04/12/2014;22:41:00;384;Acidente com vítima;144;BR-101/ES;Norte;Colisão Traseira;2;0;0;1;0;0;;;;;3;2;0;0;0
04/12/2014;18:52:00;321;Acidente sem Vítima;147;BR-101/ES;Norte;Colisão Traseira;1;0;1;0;0;0;;;;;2;0;0;0;0
04/12/2014;17:54:00;304;Acidente sem Vítima;148;BR-101/ES;Norte;Colisão Traseira;1;0;2;0;0;0;;;;;3;0;0;0;0
04/12/2014;10:39:00;162;Acidente com vítima;149,9;BR-101/ES;Norte;Colisão Transversal;1;0;0;1;0;0;;;;;2;1;0;0;0
04/12/2014;22:05:00;379;Acidente sem Vítima;215;BR-101/ES;Sul;Colisão Traseira;1;0;0;0;1;0;;;;;2;0;0;0;0
04/12/2014;18:48:00;318;Acidente sem Vítima;224;BR-101/ES;Norte;Colisão Traseira;1;0;0;0;1;0;;;;;4;0;0;0;0
04/12/2014;10:52:00;168;Acidente sem Vítima;250;BR-101/ES;Sul;Colisão Traseira;2;0;0;0;0;0;;;;;2;0;0;0;0
04/12/2014;07:42:00;88;Acidente com vítima;253;BR-101/ES;Sul;Colisão Transversal;2;0;0;0;0;0;;;;;1;1;0;1;0
04/12/2014;17:33:00;301;Acidente sem Vítima;264;BR-101/ES;Norte;Colisão Traseira;1;0;0;0;0;0;;;;;1;0;0;0;0
04/12/2014;11:53:00;196;Acidente sem Vítima;268,6;BR-101/ES;Norte;Queda de Moto;1;0;0;1;0;0;;;;;2;0;0;0;0
04/12/2014;20:50:00;356;Atropelamento sem Morte;291;BR-101/ES;Sul;Atropelamento;1;0;0;0;0;0;;;;;1;1;0;0;0
04/12/2014;12:38:00;218;Acidente sem Vítima;294;BR-101/ES;Norte;Colisão Traseira;2;0;1;0;0;0;;;;;3;0;0;0;0
04/12/2014;08:05:00;96;Acidente sem Vítima;321;BR-101/ES;Sul;Colisão Traseira;0;0;2;0;0;0;;;;;2;0;0;0;0
04/12/2014;16:16:00;275;Acidente sem Vítima;371;BR-101/ES;Norte;Colisão Transversal;1;0;2;0;0;0;;;;;3;0;0;0;0
04/12/2014;21:21:00;362;Acidente sem Vítima;377;BR-101/ES;Sul;Colisão Traseira;1;0;2;0;0;0;;;;;2;0;0;0;0
04/12/2014;15:29:00;259;Acidente sem Vítima;414;BR-101/ES;Norte;Tombamento;0;0;2;0;0;0;;;;;1;0;0;0;0
04/12/2014;22:36:00;383;Acidente sem Vítima;441;BR-101/ES;Sul;Saída de Pista;1;0;0;0;0;0;;;;;1;0;0;0;0
05/12/2014;19:38:00;363;Acidente sem Vítima;24;BR-101/ES;Sul;Colisão Frontal;1;0;3;0;0;0;;;;;3;0;0;0;0
05/12/2014;17:21:00;317;Acidente com vítima;33;BR-101/ES;Norte;Colisão Lateral;1;0;0;1;0;0;;;;;1;1;0;0;0
05/12/2014;04:25:00;56;Acidente com vítima;119;BR-101/ES;Norte;Saída de Pista;0;0;1;0;0;0;;;;;1;0;1;0;0
05/12/2014;04:20:00;54;Acidente com Morte;132;BR-101/ES;Sul;Colisão Frontal;1;0;0;1;0;0;;;;;0;1;0;0;1
05/12/2014;14:50:00;267;Acidente com vítima;149;BR-101/ES;Norte;Atropelamento e Fuga;0;0;0;1;0;0;;;;;0;0;1;0;0