data;horario;n_da_ocorrencia;tipo_de_ocorrencia;km;trecho;sentido;tipo_de_acidente;automovel;bicicleta;caminhao;moto;onibus;outros;tracao_animal;transporte_de_cargas_especiais;trator_maquinas;utilitarios;ilesos;levemente_feridos;moderadamente_feridos;gravemente_feridos;mortos
17/12/2014;10:07:00;138;Acidente sem Vítima;270;BR-101/ES;Norte;Colisão Lateral;0;0;3;0;0;0;;;;;2;0;0;0;0
17/12/2014;17:11:00;272;Acidente com vítima;270;BR-101/ES;Sul;Colisão Lateral;1;0;0;1;0;0;;;;;1;1;0;0;0
17/12/2014;22:08:00;362;Acidente sem Vítima;270;BR-101/ES;Sul;Queda de Moto;1;0;0;0;0;0;;;;;1;0;0;0;0
17/12/2014;08:38:00;108;Acidente sem Vítima;285;BR-101/ES;Sul;Colisão Lateral;2;0;1;0;0;0;;;;;3;0;0;0;0
17/12/2014;18:32:00;303;Acidente sem Vítima;287;BR-101/ES;Sul;Engavetamento;2;0;1;0;0;0;;;;;4;0;0;0;0
17/12/2014;22:24:00;365;Acidente com Morte;289;BR-101/ES;Norte;Colisão Frontal;0;0;1;1;0;0;;;;;1;0;0;1;1
17/12/2014;18:14:00;299;Acidente sem Vítima;302;BR-101/ES;Norte;Colisão Lateral;0;0;1;1;0;0;;;;;2;0;0;0;0
17/12/2014;07:09:00;69;Acidente com vítima;351;BR-101/ES;Norte;Colisão Lateral;2;0;0;0;0;0;;;;;2;2;0;0;0
17/12/2014;15:20:00;246;Acidente sem Vítima;948;BR-101/BA;Sul;Saída de Pista;1;0;0;0;0;0;;;;;2;0;0;0;0
18/12/2014;17:27:00;288;Acidente sem Vítima;107;BR-101/ES;Norte;Colisão Traseira;1;0;1;0;0;0;;;;;4;0;0;0;0
18/12/2014;20:49:00;340;Acidente sem Vítima;130;BR-101/ES;Norte;Colisão Lateral;1;0;1;0;1;0;;;;;5;0;0;0;0
18/12/2014;22:21:00;363;Acidente sem Vítima;145;BR-101/ES;Norte;Engavetamento;3;0;0;0;0;0;;;;;3;0;0;0;0
18/12/2014;07:56:00;83;Acidente sem Vítima;146;BR-101/ES;Norte;Colisão Lateral;2;0;0;0;0;0;;;;;2;0;0;0;0
18/12/2014;08:13:00;86;Acidente com vítima;147;BR-101/ES;Norte;Colisão Lateral;1;0;0;1;0;0;;;;;2;0;1;0;0
18/12/2014;11:17:00;163;Acidente sem Vítima;147;BR-101/ES;Sul;Colisão Traseira;1;0;1;0;0;0;;;;;2;0;0;0;0
18/12/2014;05:48:00;58;Acidente com vítima;155;BR-101/ES;Sul;Queda de Moto;1;0;0;0;0;0;;;;;0;1;0;0;0
18/12/2014;23:13:00;372;Acidente sem Vítima;160;BR-101/ES;Norte;Colisão Traseira;1;0;1;0;0;0;;;;;2;0;0;0;0
18/12/2014;10:11:00;134;Acidente sem Vítima;163;BR-101/ES;Norte;Queda de Moto;0;0;0;1;0;0;;;;;1;0;0;0;0
18/12/2014;16:30:00;273;Acidente sem Vítima;263;BR-101/ES;Norte;Choque;1;0;0;0;0;0;;;;;1;0;0;0;0
18/12/2014;15:47:00;259;Acidente sem Vítima;265,5;BR-101/ES;Norte;Choque;1;0;1;0;0;0;;;;;2;0;0;0;0
18/12/2014;12:00:00;179;Acidente sem Vítima;269;BR-101/ES;Norte;Colisão Traseira;2;0;0;0;0;0;;;;;2;0;0;0;0
18/12/2014;08:38:00;94;Acidente sem Vítima;270;BR-101/ES;Norte;Engavetamento;2;0;2;0;0;0;;;;;3;0;0;0;0
18/12/2014;13:47:00;226;Acidente sem Vítima;273;BR-101/ES;Sul;Saída de Pista;1;0;0;0;0;0;;;;;1;0;0;0;0
18/12/2014;12:51:00;205;Acidente sem Vítima;279;BR-101/ES;Sul;Colisão Traseira;2;0;0;0;0;0;;;;;2;0;0;0;0
18/12/2014;07:34:00;75;Acidente com vítima;298;BR-101/ES;Sul;Engavetamento;2;0;1;0;0;0;;;;;2;1;0;0;0
18/12/2014;16:08:00;266;Acidente sem Vítima;301;BR-101/ES;Sul;Colisão Transversal;2;0;0;0;0;0;;;;;4;0;0;0;0
18/12/2014;17:11:00;285;Acidente sem Vítima;315;BR-101/ES;Sul;Colisão Lateral;1;0;1;0;0;1;;;;;2;0;0;0;0
18/12/2014;16:35:00;276;Acidente sem Vítima;455;BR-101/ES;Norte;Veículo em Chamas;1;0;0;0;0;0;;;;;3;0;0;0;0
19/12/2014;22:21:00;427;Acidente sem Vítima;6;BR-101/ES;Sul;Veículo em Chamas;1;0;0;0;0;0;;;;;4;0;0;0;0
19/12/2014;10:30:00;167;Acidente sem Vítima;37,5;BR-101/ES;Sul;Colisão Lateral;2;0;0;0;0;0;;;;;2;0;0;0;0
19/12/2014;16:18:00;300;Acidente sem Vítima;107;BR-101/ES;Norte;Colisão Traseira;2;0;0;0;0;0;;;;;2;0;0;0;0
19/12/2014;07:04:00;87;Acidente com vítima;147;BR-101/ES;Norte;Queda de Moto;0;0;0;1;0;0;;;;;0;1;0;0;0
19/12/2014;08:51:00;131;Acidente sem Vítima;149;BR-101/ES;Sul;Colisão Lateral;1;0;1;0;0;0;;;;;3;0;0;0;0
19/12/2014;15:40:00;287;Acidente com vítima;152;BR-101/ES;Norte;Colisão Traseira;2;0;0;0;0;0;;;;;3;1;0;0;0
19/12/2014;17:31:00;319;Acidente com vítima;166;BR-101/ES;Sul;Queda de Moto;0;0;0;1;0;0;;;;;0;0;1;0;0
19/12/2014;14:58:00;275;Acidente sem Vítima;186;BR-101/ES;Sul;Colisão Lateral;1;0;2;0;0;0;;;;;4;0;0;0;0
19/12/2014;16:31:00;304;Acidente sem Vítima;265;BR-101/ES;Norte;Colisão Traseira;2;0;0;0;0;0;;;;;2;0;0;0;0
19/12/2014;17:05:00;313;Acidente com vítima;266;BR-101/ES;Sul;Atropelamento e Fuga;0;0;0;1;0;0;;;;;0;1;0;0;0
19/12/2014;18:42:00;345;Acidente sem Vítima;266;BR-101/ES;Sul;Colisão Lateral;1;0;1;0;0;0;;;;;2;0;0;0;0
19/12/2014;15:28:00;282;Acidente com Morte;268;BR-101/ES;Sul;Colisão Lateral;0;0;2;1;1;0;;;;;3;0;0;0;1
19/12/2014;11:41:00;209;Acidente sem Vítima;269;BR-101/ES;Sul;Colisão Traseira;2;0;0;0;0;0;;;;;3;0;0;0;0
19/12/2014;11:12:00;193;Acidente sem Vítima;270;BR-101/ES;Norte;Colisão Lateral;1;0;2;0;0;0;;;;;2;0;0;0;0
19/12/2014;15:37:00;284;Acidente sem Vítima;270;BR-101/ES;Sul;Engavetamento;3;0;0;0;0;0;;;;;2;0;0;0;0
19/12/2014;08:41:00;126;Acidente sem Vítima;270,5;BR-101/ES;Norte;Colisão Traseira;1;0;2;0;0;0;;;;;2;0;0;0;0
19/12/2014;06:44:00;84;Acidente sem Vítima;285;BR-101/ES;Norte;Saída de Pista;1;0;0;0;0;0;;;;;1;0;0;0;0
19/12/2014;20:44:00;394;Acidente sem Vítima;375;BR-101/ES;Sul;Colisão Lateral;2;0;0;0;0;0;;;;;5;0;0;0;0
19/12/2014;13:10:00;246;Acidente com vítima;426;BR-101/ES;Norte;Saída de Pista;0;0;2;0;0;0;;;;;0;2;0;0;0
20/12/2014;08:44:00;116;Acidente com vítima;124,5;BR-101/ES;Norte;Colisão Transversal;1;0;0;1;1;0;;;;;2;0;1;0;0
20/12/2014;12:55:00;229;Acidente sem Vítima;141;BR-101/ES;Sul;Saída de Pista;0;0;2;0;0;0;;;;;2;0;0;0;0
20/12/2014;07:10:00;82;Acidente com vítima;147;BR-101/ES;Sul;Colisão Traseira;2;0;0;0;0;0;;;;;4;1;0;0;0
20/12/2014;17:19:00;299;Acidente com vítima;163;BR-101/ES;Sul;Saída de Pista;1;0;0;0;0;0;;;;;0;2;1;0;0
20/12/2014;19:43:00;342;Acidente sem Vítima;166;BR-101/ES;Sul;Colisão Lateral;1;0;2;0;0;0;;;;;6;0;0;0;0
20/12/2014;12:24:00;216;Acidente sem Vítima;169;BR-101/ES;Sul;Saída de Pista;1;0;0;0;0;0;;;;;1;0;0;0;0
20/12/2014;04:37:00;58;Acidente com vítima;196;BR-101/ES;Norte;Capotamento;1;0;0;0;0;0;;;;;1;1;0;0;0
20/12/2014;18:43:00;325;Acidente com vítima;217;BR-101/ES;Norte;Colisão Lateral;1;0;2;0;0;0;;;;;1;1;0;0;0
20/12/2014;12:17:00;210;Acidente sem Vítima;246;BR-101/ES;Norte;Saída de Pista;1;0;0;0;0;0;;;;;1;0;0;0;0
20/12/2014;12:22:00;215;Acidente com vítima;248;BR-101/ES;Norte;Saída de Pista;0;0;0;1;0;0;;;;;0;1;0;0;0
20/12/2014;06:14:00;71;Acidente sem Vítima;266;BR-101/ES;Sul;Colisão Traseira;1;0;1;0;0;0;;;;;2;0;0;0;0
20/12/2014;02:50:00;39;Acidente sem Vítima;274;BR-101/ES;Norte;Choque com Objeto Fixo;1;0;0;0;0;0;;;;;1;0;0;0;0
20/12/2014;00:29:00;5;Acidente sem Vítima;282;BR-101/ES;Sul;Saída de Pista;1;0;0;0;0;0;;;;;1;0;0;0;0
20/12/2014;11:54:00;198;Acidente sem Vítima;291;BR-101/ES;Sul;Colisão Traseira;2;0;0;0;0;0;;;;;9;0;0;0;0
20/12/2014;09:41:00;137;Acidente sem Vítima;317;BR-101/ES;Norte;Engavetamento;2;0;0;0;1;0;;;;;9;0;0;0;0
20/12/2014;13:13:00;234;Acidente sem Vítima;391;BR-101/ES;Sul;Saída de Pista;1;0;0;0;0;0;;;;;1;0;0;0;0
21/12/2014;07:43:00;86;Acidente sem Vítima;112;BR-101/ES;Norte;Colisão Lateral;2;0;0;0;0;0;;;;;2;0;0;0;0
21/12/2014;22:53:00;362;Acidente com vítima;127;BR-101/ES;Sul;Colisão Frontal;1;0;1;0;0;0;;;;;1;1;0;0;0
21/12/2014;16:29:00;245;Acidente sem Vítima;181;BR-101/ES;Norte;Capotamento;1;0;3;0;0;0;;;;;2;0;0;0;0
21/12/2014;06:23:00;72;Acidente sem Vítima;218;BR-101/ES;Sul;Saída de Pista;1;0;0;0;0;0;;;;;5;0;0;0;0
21/12/2014;10:45:00;132;Acidente sem Vítima;219;BR-101/ES;Sul;Colisão Lateral;2;0;0;0;0;0;;;;;3;0;0;0;0
21/12/2014;11:07:00;142;Acidente sem Vítima;226;BR-101/ES;Norte;Colisão Lateral;2;0;0;0;0;0;;;;;7;0;0;0;0
21/12/2014;04:28:00;49;Acidente sem Vítima;237;BR-101/ES;Sul;Saída de Pista;1;0;0;0;0;0;;;;;1;0;0;0;0
21/12/2014;20:27:00;325;Acidente com vítima;264;BR-101/ES;Norte;Colisão Traseira;1;0;0;1;0;0;;;;;1;1;0;0;0
21/12/2014;12:27:00;176;Acidente sem Vítima;297;BR-101/ES;Sul;Engavetamento;3;0;0;0;0;0;;;;;3;0;0;0;0
21/12/2014;13:10:00;199;Acidente sem Vítima;366;BR-101/ES;Norte;Choque;2;0;0;0;0;0;;;;;2;0;0;0;0
21/12/2014;15:22:00;228;Acidente sem Vítima;391;BR-101/ES;Sul;Choque;1;0;0;0;0;0;;;;;5;0;0;0;0
21/12/2014;12:37:00;183;Acidente com vítima;410;BR-101/ES;Sul;Colisão Traseira;1;0;0;1;0;0;;;;;1;0;1;0;0
21/12/2014;02:08:00;22;Acidente com vítima;414,5;BR-101/ES;Norte;Queda de Moto;1;0;0;0;0;0;;;;;0;0;1;0;0
21/12/2014;17:45:00;275;Acidente com vítima;448;BR-101/ES;Norte;Tombamento;0;0;1;0;0;0;;;;;0;2;0;0;0
22/12/2014;11:50:00;184;Acidente com vítima;101,5;BR-101/ES;Sul;Colisão Traseira;2;0;0;0;0;0;;;;;1;1;0;0;0
22/12/2014;07:15:00;74;Acidente sem Vítima;125;BR-101/ES;Sul;Colisão Traseira;0;0;1;0;1;0;;;;;2;0;0;0;0
22/12/2014;01:43:00;22;Acidente com vítima;138;BR-101/ES;Sul;Saída de Pista;0;0;0;1;0;0;;;;;0;1;0;0;0
22/12/2014;13:49:00;228;Acidente sem Vítima;144;BR-101/ES;Sul;Colisão Lateral;1;0;1;0;0;0;;;;;4;0;0;0;0
22/12/2014;14:34:00;240;Acidente com vítima;159;BR-101/ES;Norte;Queda de Moto;0;0;0;1;0;0;;;;;0;1;0;0;0
22/12/2014;22:26:00;371;Acidente com vítima;173;BR-101/ES;Norte;Colisão Traseira;2;0;0;0;1;0;;;;;4;1;0;0;0
22/12/2014;20:22:00;333;Acidente com vítima;263;BR-101/ES;Norte;Colisão Lateral;1;0;0;1;0;0;;;;;1;1;0;0;0
22/12/2014;13:03:00;211;Acidente sem Vítima;269,5;BR-101/ES;Norte;Colisão Lateral;1;0;1;0;0;0;;;;;3;0;0;0;0
22/12/2014;18:49:00;309;Acidente sem Vítima;270;BR-101/ES;Sul;Colisão Lateral;1;0;2;0;0;0;;;;;2;0;0;0;0
22/12/2014;15:31:00;258;Acidente sem Vítima;290,8;BR-101/ES;Norte;Colisão Lateral;2;0;0;0;0;0;;;;;2;0;0;0;0
22/12/2014;12:23:00;197;Acidente sem Vítima;291;BR-101/ES;Norte;Colisão Traseira;1;0;1;0;0;0;;;;;2;0;0;0;0
22/12/2014;09:12:00;110;Acidente sem Vítima;292;BR-101/ES;Norte;Choque com Objeto Fixo;1;0;0;0;0;0;;;;;1;0;0;0;0
22/12/2014;10:03:00;136;Acidente sem Vítima;298;BR-101/ES;Sul;Colisão Traseira;1;0;1;0;0;0;;;;;2;0;0;0;0
22/12/2014;14:18:00;237;Acidente sem Vítima;315;BR-101/ES;Norte;Colisão Lateral;1;0;0;1;0;0;;;;;2;0;0;0;0
22/12/2014;15:48:00;262;Acidente sem Vítima;458;BR-101/ES;Norte;Colisão Traseira;0;0;2;0;0;0;;;;;2;0;0;0;0
23/12/2014;17:05:00;309;Acidente com vítima;79;BR-101/ES;Norte;Colisão Lateral;5;0;1;0;0;0;;;;;8;2;1;0;0
23/12/2014;17:54:00;327;Acidente sem Vítima;80,3;BR-101/ES;Sul;Engavetamento;2;0;2;0;0;0;;;;;3;0;0;0;0
23/12/2014;21:33:00;396;Acidente sem Vítima;181;BR-101/ES;Sul;Colisão Lateral;2;0;0;0;0;0;;;;;5;0;0;0;0
23/12/2014;14:36:00;260;Acidente sem Vítima;204;BR-101/ES;Norte;Colisão Lateral;2;0;0;0;0;0;;;;;4;0;0;0;0
23/12/2014;15:33:00;279;Acidente com vítima;217;BR-101/ES;Sul;Saída de Pista;3;0;0;0;0;0;;;;;0;2;3;0;0
23/12/2014;19:52:00;364;Acidente sem Vítima;229;BR-101/ES;Sul;Colisão Traseira;1;0;2;0;0;0;;;;;3;0;0;0;0
23/12/2014;15:10:00;271;Acidente sem Vítima;230;BR-101/ES;Norte;Colisão Traseira;2;0;0;0;0;0;;;;;5;0;0;0;0
23/12/2014;13:10:00;237;Acidente sem Vítima;264;BR-101/ES;Sul;Colisão Traseira;1;0;0;1;0;0;;;;;2;0;0;0;0
23/12/2014;14:57:00;269;Acidente sem Vítima;291;BR-101/ES;Norte;Colisão Traseira;0;0;3;0;0;0;;;;;2;0;0;0;0
23/12/2014;04:55:00;63;Acidente com Morte;292;BR-101/ES;Norte;Colisão;1;1;0;0;0;0;;;;;1;0;0;0;1
23/12/2014;18:35:00;338;Acidente sem Vítima;298;BR-101/ES;Sul;Colisão Traseira;2;0;0;0;0;0;;;;;2;0;0;0;0
23/12/2014;16:04:00;288;Acidente com vítima;325;BR-101/ES;Norte;Colisão Frontal;1;0;2;0;0;0;;;;;1;0;1;0;0
23/12/2014;06:42:00;80;Acidente com vítima;384,5;BR-101/ES;Sul;Saída de Pista;0;0;2;0;0;0;;;;;0;1;0;0;0
23/12/2014;06:03:00;74;Acidente sem Vítima;401;BR-101/ES;Sul;Choque;1;0;1;0;0;0;;;;;2;0;0;0;0
23/12/2014;01:21:00;17;Acidente com vítima;430;BR-101/ES;Sul;Saída de Pista;1;0;0;0;0;0;;;;;0;0;1;0;0
23/12/2014;11:44:00;196;Acidente com Morte;430;BR-101/ES;Sul;Colisão Frontal;2;0;1;0;0;0;;;;;4;0;3;0;1
24/12/2014;08:49:00;138;Acidente com vítima;20;BR-101/ES;Norte;Saída de Pista;2;0;0;0;0;0;;;;;4;0;1;0;0
24/12/2014;10:19:00;179;Acidente com vítima;87,2;BR-101/ES;Sul;Colisão Transversal;2;0;0;0;0;0;;;;;2;1;0;0;0
24/12/2014;06:30:00;75;Acidente sem Vítima;90;BR-101/ES;Norte;Colisão Traseira;2;0;0;0;0;0;;;;;8;0;0;0;0
24/12/2014;18:57:00;374;Acidente sem Vítima;110;BR-101/ES;Norte;Choque com Objeto Fixo;1;0;0;0;0;0;;;;;1;0;0;0;0
24/12/2014;20:50:00;411;Acidente sem Vítima;128;BR-101/ES;Norte;Colisão Traseira;1;0;4;1;0;0;;;;;3;0;0;0;0
24/12/2014;19:02:00;376;Acidente sem Vítima;132;BR-101/ES;Norte;Colisão Traseira;2;0;0;0;0;0;;;;;2;0;0;0;0
24/12/2014;06:50:00;78;Acidente com vítima;140;BR-101/ES;Norte;Colisão Transversal;2;0;0;0;0;0;;;;;4;1;0;0;0
24/12/2014;16:10:00;319;Acidente com vítima;187;BR-101/ES;Norte;Queda de Moto;0;0;0;1;0;0;;;;;0;0;2;0;0
24/12/2014;12:13:00;235;Acidente com vítima;188;BR-101/ES;Sul;Tombamento;0;0;2;0;0;0;;;;;0;0;1;0;0
24/12/2014;05:41:00;65;Acidente sem Vítima;209;BR-101/ES;Norte;Saída de Pista;1;0;0;0;0;0;;;;;4;0;0;0;0
24/12/2014;17:51:00;352;Acidente sem Vítima;213;BR-101/ES;Norte;Colisão Traseira;2;0;0;0;0;0;;;;;2;0;0;0;0
24/12/2014;16:20:00;322;Acidente sem Vítima;233;BR-101/ES;Norte;Engavetamento;3;0;0;0;0;0;;;;;11;0;0;0;0
24/12/2014;11:55:00;230;Acidente sem Vítima;265;BR-101/ES;Norte;Colisão Traseira;1;0;1;0;0;0;;;;;2;0;0;0;0
24/12/2014;13:44:00;273;Acidente sem Vítima;265;BR-101/ES;Norte;Colisão Traseira;2;0;0;0;0;0;;;;;5;0;0;0;0
24/12/2014;14:16:00;281;Acidente sem Vítima;267;BR-101/ES;Sul;Colisão Transversal;2;0;0;0;0;0;;;;;3;0;0;0;0
24/12/2014;15:47:00;302;Acidente sem Vítima;298;BR-101/ES;Sul;Colisão Lateral;2;0;0;0;0;0;;;;;5;0;0;0;0
24/12/2014;12:48:00;252;Acidente sem Vítima;321;BR-101/ES;Norte;Colisão Traseira;1;0;3;0;0;0;;;;;3;0;0;0;0
24/12/2014;11:26:00;211;Acidente sem Vítima;326;BR-101/ES;Sul;Saída de Pista;1;0;0;0;0;0;;;;;1;0;0;0;0
24/12/2014;03:45:00;48;Acidente com vítima;358;BR-101/ES;Norte;Capotamento;1;0;0;0;0;0;;;;;3;1;0;0;0
24/12/2014;02:42:00;43;Acidente com Morte;420,9;BR-101/ES;Norte;Colisão Frontal;2;0;0;0;0;0;;;;;0;3;2;1;1
25/12/2014;13:05:00;163;Acidente com vítima;65;BR-101/ES;Norte;Choque com Objeto Fixo;0;0;0;1;0;0;;;;;0;1;0;0;0
25/12/2014;06:01:00;57;Acidente com vítima;73;BR-101/ES;Sul;Capotamento;1;0;0;0;0;0;;;;;2;1;0;0;0
25/12/2014;18:17:00;246;Acidente com vítima;101;BR-101/ES;Norte;Colisão Traseira;2;0;0;0;0;0;;;;;4;1;0;0;0
25/12/2014;11:54:00;135;Acidente com vítima;136;BR-101/ES;Sul;Capotamento;1;0;0;0;0;0;;;;;0;0;2;0;0
25/12/2014;07:06:00;61;Acidente com Morte;186,5;BR-101/ES;Norte;Colisão Frontal;3;0;0;0;0;0;;;;;0;2;1;2;1
25/12/2014;01:05:00;9;Acidente com vítima;261;BR-101/ES;Norte;Tombamento;0;0;1;0;0;0;;;;;1;1;0;0;0
25/12/2014;23:48:00;310;Acidente com vítima;264;BR-101/ES;Sul;Colisão Transversal;2;0;0;0;0;0;;;;;1;5;0;0;0
25/12/2014;21:26:00;285;Acidente com vítima;386;BR-101/ES;Norte;Saída de Pista;0;0;0;1;0;0;;;;;0;1;0;0;0
25/12/2014;10:45:00;115;Acidente com vítima;400;BR-101/ES;Sul;Saída de Pista;1;0;0;0;0;0;;;;;3;1;0;0;0
25/12/2014;18:25:00;247;Acidente com vítima;437;BR-101/ES;Norte;Choque com Objeto Fixo;1;0;0;0;0;0;;;;;2;3;0;0;0
25/12/2014;17:42:00;238;Acidente com vítima;443,5;BR-101/ES;Norte;Queda de Moto;0;0;0;1;0;0;;;;;0;1;0;0;0
25/12/2014;16:20:00;219;Acidente com vítima;448;BR-101/ES;Sul;Queda de Moto;0;0;0;1;0;0;;;;;0;0;2;0;0
25/12/2014;14:16:00;184;Acidente sem Vítima;452;BR-101/ES;Sul;Colisão Traseira;0;0;3;0;0;0;;;;;3;0;0;0;0
26/12/2014;17:05:00;268;Acidente com Morte;74;BR-101/ES;Norte;Colisão Frontal;0;0;2;1;0;0;;;;;2;0;0;0;1
26/12/2014;10:51:00;136;Acidente com vítima;151;BR-101/ES;Sul;Colisão Traseira;2;0;0;0;0;0;;;;;3;4;0;0;0
26/12/2014;23:48:00;369;Acidente sem Vítima;257;BR-101/ES;Sul;Colisão Lateral;2;0;0;0;0;0;;;;;4;0;0;0;0
26/12/2014;22:09:00;353;Acidente sem Vítima;269;BR-101/ES;Sul;Colisão Traseira;2;0;0;0;0;0;;;;;3;0;0;0;0
26/12/2014;15:37:00;241;Acidente com vítima;297;BR-101/ES;Norte;Queda de Moto;0;0;0;1;0;0;;;;;0;2;0;0;0
26/12/2014;09:25:00;108;Acidente com vítima;324;BR-101/ES;Norte;Queda de Moto;1;0;0;0;0;0;;;;;1;0;1;0;0
26/12/2014;14:37:00;221;Acidente sem Vítima;325;BR-101/ES;Norte;Colisão Traseira;2;0;0;0;0;0;;;;;5;0;0;0;0
26/12/2014;17:40:00;279;Acidente sem Vítima;445;BR-101/ES;Sul;Colisão Lateral;1;0;0;1;0;0;;;;;2;0;0;0;0
26/12/2014;11:40:00;153;Acidente com vítima;457;BR-101/ES;Norte;Colisão Lateral;2;0;0;0;0;0;;;;;5;2;0;0;0
27/12/2014;11:03:00;143;Acidente com vítima;11,8;BR-101/ES;Norte;Queda de Moto;0;0;0;1;0;0;;;;;0;1;0;0;0
27/12/2014;08:41:00;98;Acidente sem Vítima;67;BR-101/ES;Sul;Colisão Traseira;2;0;0;0;0;0;;;;;3;0;0;0;0
27/12/2014;13:42:00;216;Acidente sem Vítima;119,8;BR-101/ES;Norte;Colisão Traseira;1;0;2;0;0;0;;;;;3;0;0;0;0
27/12/2014;18:02:00;291;Acidente sem Vítima;144;BR-101/ES;Sul;Colisão Traseira;2;0;0;0;0;0;;;;;5;0;0;0;0
27/12/2014;16:30:00;265;Acidente com vítima;153,5;BR-101/ES;Norte;Colisão Traseira;0;0;0;1;0;0;;;;;0;1;0;0;0
27/12/2014;17:25:00;283;Acidente com vítima;196;BR-101/ES;Sul;Queda de Moto;0;0;0;1;0;0;;;;;0;0;1;0;0
27/12/2014;19:22:00;310;Acidente sem Vítima;247;BR-101/ES;Norte;Colisão Traseira;2;0;0;0;0;0;;;;;7;0;0;0;0
27/12/2014;05:16:00;53;Acidente com Morte;249,5;BR-101/ES;Sul;Saída de Pista;0;0;0;0;1;0;;;;;0;7;0;17;8
27/12/2014;13:36:00;213;Acidente sem Vítima;255;BR-101/ES;Sul;Colisão Lateral;1;0;2;0;0;0;;;;;3;0;0;0;0
27/12/2014;08:15:00;89;Acidente sem Vítima;256;BR-101/ES;Norte;Colisão Traseira;2;0;0;0;0;0;;;;;4;0;0;0;0
27/12/2014;09:34:00;111;Acidente sem Vítima;264;BR-101/ES;Norte;Colisão Traseira;1;0;0;0;0;0;;;;;2;0;0;0;0
27/12/2014;20:22:00;336;Acidente sem Vítima;266;BR-101/ES;Norte;Colisão Traseira;0;0;1;0;0;0;;;;;1;0;0;0;0
27/12/2014;17:28:00;284;Acidente sem Vítima;430;BR-101/ES;Sul;Colisão Traseira;1;0;0;0;0;0;;;;;1;0;0;0;0
28/12/2014;06:06:00;67;Acidente sem Vítima;84,8;BR-101/ES;Norte;Saída de Pista;1;0;0;0;0;0;;;;;1;0;0;0;0
28/12/2014;15:03:00;250;Acidente sem Vítima;102;BR-101/ES;Sul;Colisão Traseira;1;0;0;0;0;0;;;;;5;0;0;0;0
28/12/2014;14:00:00;232;Acidente com vítima;121;BR-101/ES;Sul;Saída de Pista;1;0;0;0;0;0;;;;;3;1;1;0;0
28/12/2014;16:12:00;272;Acidente sem Vítima;147,1;BR-101/ES;Sul;Colisão Transversal;2;0;0;0;0;0;;;;;3;0;0;0;0
28/12/2014;06:07:00;68;Acidente sem Vítima;148;BR-101/ES;Norte;Colisão Transversal;2;0;0;0;0;0;;;;;5;0;0;0;0
28/12/2014;11:21:00;157;Acidente com vítima;213;BR-101/ES;Norte;Colisão Traseira;2;0;0;0;0;0;;;;;4;1;0;0;0
28/12/2014;16:19:00;275;Acidente sem Vítima;223;BR-101/ES;Sul;Engavetamento;3;0;0;0;0;0;;;;;5;0;0;0;0
28/12/2014;16:54:00;292;Acidente sem Vítima;223;BR-101/ES;Sul;Engavetamento;3;0;0;0;0;0;;;;;10;0;0;0;0
28/12/2014;10:22:00;134;Acidente sem Vítima;254,5;BR-101/ES;Sul;Colisão Traseira;1;0;0;0;1;0;;;;;2;0;0;0;0
28/12/2014;13:50:00;230;Acidente sem Vítima;261;BR-101/ES;Norte;Colisão Traseira;2;0;0;0;0;0;;;;;2;0;0;0;0
28/12/2014;09:00:00;107;Acidente com vítima;266;BR-101/ES;Sul;Colisão Lateral;2;0;0;0;0;0;;;;;8;2;0;0;0
28/12/2014;14:46:00;244;Acidente sem Vítima;270;BR-101/ES;Norte;Saída de Pista;1;0;0;0;0;0;;;;;4;0;0;0;0
28/12/2014;19:23:00;359;Acidente com vítima;298;BR-101/ES;Norte;Engavetamento;3;0;0;0;0;0;;;;;4;4;0;0;0
28/12/2014;08:43:00;104;Acidente sem Vítima;301;BR-101/ES;Sul;Saída de Pista;1;0;0;0;0;0;;;;;1;0;0;0;0
28/12/2014;09:50:00;122;Acidente sem Vítima;301,5;BR-101/ES;Norte;Colisão Traseira;1;0;0;1;0;0;;;;;2;0;0;0;0
28/12/2014;14:49:00;245;Acidente com vítima;331;BR-101/ES;Sul;Colisão Lateral;2;0;0;0;0;0;;;;;0;7;1;0;0
28/12/2014;21:07:00;412;Acidente sem Vítima;370;BR-101/ES;Sul;Colisão Lateral;2;0;0;0;0;0;;;;;5;0;0;0;0
28/12/2014;20:13:00;387;Acidente com vítima;374;BR-101/ES;Sul;Colisão Transversal;2;0;0;0;0;0;;;;;1;1;0;0;0
28/12/2014;21:18:00;417;Acidente com Morte;407;BR-101/ES;Norte;Colisão Frontal;1;0;2;0;0;0;;;;;1;0;0;0;2
29/12/2014;02:12:00;20;Acidente sem Vítima;36;BR-101/ES;Norte;Colisão Traseira;2;0;0;0;0;0;;;;;4;0;0;0;0
29/12/2014;16:26:00;274;Acidente com vítima;66;BR-101/ES;Norte;Colisão Frontal;1;0;1;0;0;0;;;;;2;4;0;0;0
29/12/2014;18:09:00;296;Acidente sem Vítima;147;BR-101/ES;Norte;Colisão Lateral;2;0;0;0;0;0;;;;;3;0;0;0;0
29/12/2014;17:32:00;286;Acidente sem Vítima;147,5;BR-101/ES;Norte;Colisão Traseira;3;0;0;0;0;0;;;;;4;0;0;0;0
29/12/2014;11:14:00;155;Acidente com vítima;164;BR-101/ES;Norte;Queda de Moto;1;0;0;0;0;0;;;;;0;1;1;0;0
29/12/2014;13:09:00;211;Acidente com vítima;187;BR-101/ES;Norte;Colisão Frontal;2;0;1;0;0;0;;;;;2;2;1;0;0