data;horario;n_da_ocorrencia;tipo_de_ocorrencia;km;trecho;sentido;tipo_de_acidente;automovel;bicicleta;caminhao;moto;onibus;outros;tracao_animal;transporte_de_cargas_especiais;trator_maquinas;utilitarios;ilesos;levemente_feridos;moderadamente_feridos;gravemente_feridos;mortos
13/01/2015;14:17:00;244;Acidente sem Vítima;269;BR-101/ES;Sul;Colisão Traseira;2;0;0;0;0;0;;;;;2;0;0;0;0
13/01/2015;16:22:00;276;Acidente com vítima;269;BR-101/ES;Sul;Colisão Lateral;0;0;1;1;0;0;;;;;1;1;0;0;0
13/01/2015;17:28:00;303;Acidente sem Vítima;272;BR-101/ES;Sul;Colisão Traseira;2;0;0;0;0;0;;;;;2;0;0;0;0
13/01/2015;11:32:00;174;Acidente com vítima;294;BR-101/ES;Sul;Colisão Transversal;0;0;1;1;0;0;;;;;1;0;1;0;0
13/01/2015;02:02:00;24;Acidente sem Vítima;297;BR-101/ES;Sul;Choque com Objeto Fixo;1;0;0;0;0;0;;;;;2;0;0;0;0
13/01/2015;10:17:00;143;Acidente com vítima;314;BR-101/ES;Sul;Colisão Traseira;1;0;0;1;0;0;;;;;2;0;1;0;0
13/01/2015;14:39:00;247;Acidente com vítima;321,5;BR-101/ES;Sul;Saída de Pista;1;0;0;0;0;0;;;;;2;1;0;0;0
13/01/2015;09:01:00;114;Acidente com vítima;375;BR-101/ES;Sul;Colisão Frontal;0;0;1;1;0;0;;;;;1;1;0;0;0
13/01/2015;20:38:00;374;Acidente com Morte;383;BR-101/ES;Norte;Colisão Transversal;0;0;1;1;0;0;;;;;1;0;1;0;1
13/01/2015;09:37:00;125;Acidente com vítima;461;BR-101/ES;Sul;Colisão Traseira;0;0;2;0;0;0;;;;;1;0;1;0;0
14/01/2015;16:22:00;274;Acidente sem Vítima;69;BR-101/ES;Norte;Engavetamento;4;0;1;0;0;0;;;;;5;0;0;0;0
14/01/2015;01:14:00;22;Acidente sem Vítima;142;BR-101/ES;Norte;Saída de Pista;1;0;0;0;0;0;;;;;1;0;0;0;0
14/01/2015;22:03:00;386;Acidente sem Vítima;145,5;BR-101/ES;Norte;Queda de Moto;0;0;0;1;0;0;;;;;1;0;0;0;0
14/01/2015;14:10:00;231;Acidente com vítima;257;BR-101/ES;Norte;Queda de Moto;0;0;0;1;0;0;;;;;0;1;0;0;0
14/01/2015;19:57:00;348;Acidente sem Vítima;266;BR-101/ES;Sul;Engavetamento;2;0;1;0;0;0;;;;;4;0;0;0;0
14/01/2015;19:48:00;342;Acidente sem Vítima;268;BR-101/ES;Norte;Colisão Lateral;1;0;2;0;0;0;;;;;2;0;0;0;0
14/01/2015;15:14:00;249;Acidente sem Vítima;270;BR-101/ES;Sul;Colisão;1;1;0;1;0;0;;;;;3;0;0;0;0
14/01/2015;10:50:00;159;Acidente com vítima;273;BR-101/ES;Norte;Queda de Moto;0;0;0;1;0;0;;;;;0;0;1;0;0
14/01/2015;07:23:00;76;Acidente com vítima;285;BR-101/ES;Norte;Colisão Traseira;0;0;0;2;0;0;;;;;0;1;0;0;0
14/01/2015;00:19:00;7;Acidente com vítima;944;BR-101/BA;Sul;Queda de Moto;0;0;0;1;0;0;;;;;1;1;0;0;0
15/01/2015;00:04:00;1;Acidente com vítima;66;BR-101/ES;Sul;Engavetamento;2;0;2;0;0;0;;;;;4;1;2;0;0
15/01/2015;21:16:00;362;Acidente sem Vítima;146;BR-101/ES;Norte;Engavetamento;3;0;0;0;0;0;;;;;3;0;0;0;0
15/01/2015;15:11:00;273;Acidente com vítima;163;BR-101/ES;Norte;Queda de Moto;0;0;0;1;0;0;;;;;0;0;1;0;0
15/01/2015;11:10:00;169;Acidente com vítima;208;BR-101/ES;Sul;Colisão Lateral;1;0;1;0;0;0;;;;;2;1;0;0;0
15/01/2015;15:32:00;276;Acidente sem Vítima;266;BR-101/ES;Norte;Colisão Traseira;2;0;1;0;0;0;;;;;3;0;0;0;0
15/01/2015;10:20:00;151;Acidente sem Vítima;268;BR-101/ES;Norte;Colisão Lateral;1;0;0;1;0;0;;;;;2;0;0;0;0
15/01/2015;06:08:00;68;Atropelamento sem Morte;288;BR-101/ES;Norte;Atropelamento;0;0;0;0;1;0;;;;;1;0;0;1;0
15/01/2015;19:57:00;343;Acidente com vítima;343;BR-101/ES;Sul;Saída de Pista;1;0;0;0;0;0;;;;;0;0;1;0;0
15/01/2015;08:14:00;111;Acidente sem Vítima;376;BR-101/ES;Sul;Colisão Traseira;2;0;0;0;0;0;;;;;2;0;0;0;0
15/01/2015;20:29:00;351;Acidente sem Vítima;448;BR-101/ES;Sul;Tombamento;0;0;1;0;0;0;;;;;1;0;0;0;0
15/01/2015;16:10:00;285;Acidente com vítima;450;BR-101/ES;Sul;Colisão Lateral;1;0;4;0;0;0;;;;;5;1;2;1;0
15/01/2015;13:28:00;242;Acidente sem Vítima;455;BR-101/ES;Norte;Queda de Moto;0;0;0;1;0;0;;;;;1;0;0;0;0
16/01/2015;18:42:00;347;Acidente com vítima;68,5;BR-101/ES;Sul;Colisão Traseira;2;0;0;0;0;0;;;;;6;2;0;0;0
16/01/2015;13:20:00;241;Acidente sem Vítima;126,2;BR-101/ES;Sul;Colisão Traseira;2;0;0;0;0;0;;;;;2;0;0;0;0
16/01/2015;15:06:00;274;Acidente com vítima;141,4;BR-101/ES;Sul;Colisão Traseira;0;0;0;1;1;0;;;;;1;1;0;0;0
16/01/2015;17:05:00;318;Acidente com vítima;142;BR-101/ES;Sul;Colisão Lateral;1;0;2;0;0;0;;;;;2;0;2;0;0
16/01/2015;02:03:00;14;Acidente sem Vítima;170;BR-101/ES;Sul;Veículo em Chamas;0;0;2;0;0;0;;;;;1;0;0;0;0
16/01/2015;09:49:00;145;Acidente sem Vítima;176;BR-101/ES;Sul;Colisão Traseira;1;0;1;0;0;0;;;;;2;0;0;0;0
16/01/2015;05:56:00;62;Acidente sem Vítima;215;BR-101/ES;Sul;Choque com Objeto Fixo;1;0;1;0;0;0;;;;;3;0;0;0;0
16/01/2015;10:54:00;175;Acidente com vítima;226;BR-101/ES;Sul;Colisão Traseira;1;0;1;0;0;0;;;;;1;0;1;0;0
16/01/2015;16:02:00;295;Acidente sem Vítima;266;BR-101/ES;Sul;Colisão Lateral;1;0;2;0;0;0;;;;;2;0;0;0;0
16/01/2015;17:15:00;323;Acidente sem Vítima;266;BR-101/ES;Norte;Colisão Traseira;2;0;0;0;0;0;;;;;2;0;0;0;0
16/01/2015;21:44:00;409;Acidente sem Vítima;267;BR-101/ES;Sul;Colisão Traseira;2;0;0;0;0;0;;;;;2;0;0;0;0
16/01/2015;11:11:00;183;Acidente sem Vítima;270;BR-101/ES;Norte;Engavetamento;3;0;0;0;0;0;;;;;4;0;0;0;0
16/01/2015;17:43:00;331;Acidente sem Vítima;270;BR-101/ES;Norte;Colisão Traseira;4;0;4;0;0;0;;;;;9;0;0;0;0
16/01/2015;13:44:00;254;Acidente com vítima;276;BR-101/ES;Sul;Queda de Moto;0;0;0;1;0;0;;;;;0;1;0;0;0
16/01/2015;05:07:00;49;Acidente sem Vítima;296;BR-101/ES;Norte;Colisão Lateral;0;0;3;0;1;0;;;;;2;0;0;0;0
16/01/2015;13:47:00;256;Acidente com vítima;315;BR-101/ES;Sul;Colisão Traseira;0;0;1;1;0;0;;;;;0;1;0;0;0
16/01/2015;18:50:00;350;Acidente sem Vítima;361;BR-101/ES;Norte;Choque;0;0;4;0;0;0;;;;;2;0;0;0;0
17/01/2015;18:19:00;301;Acidente com vítima;90;BR-101/ES;Sul;Colisão Lateral;1;0;0;1;0;0;;;;;1;0;1;0;0
17/01/2015;15:28:00;243;Acidente sem Vítima;108;BR-101/ES;Sul;Colisão Traseira;2;0;0;0;0;0;;;;;5;0;0;0;0
17/01/2015;17:26:00;282;Acidente com vítima;143;BR-101/ES;Norte;Atropelamento - Animal;0;0;0;1;0;0;;;;;0;1;0;0;0
17/01/2015;21:31:00;364;Acidente com vítima;206;BR-101/ES;Sul;Queda de Moto;0;0;0;1;0;0;;;;;0;1;0;0;0
17/01/2015;17:35:00;286;Acidente com vítima;271;BR-101/ES;Sul;Colisão Transversal;1;1;0;0;0;0;;;;;1;1;0;0;0
17/01/2015;04:48:00;53;Acidente com vítima;335;BR-101/ES;Sul;Colisão Frontal;1;0;2;0;0;0;;;;;1;0;1;0;0
17/01/2015;00:33:00;8;Acidente sem Vítima;406;BR-101/ES;Norte;Saída de Pista;1;0;0;0;0;0;;;;;2;0;0;0;0
18/01/2015;03:34:00;7;Acidente sem Vítima;23;BR-101/ES;Sul;Engavetamento;2;0;4;0;0;0;;;;;8;0;0;0;0
18/01/2015;18:21:00;286;Acidente sem Vítima;102;BR-101/ES;Sul;Engavetamento;3;0;0;0;0;0;;;;;5;0;0;0;0
18/01/2015;08:23:00;75;Acidente sem Vítima;147;BR-101/ES;Norte;Colisão Lateral;2;0;0;0;0;0;;;;;7;0;0;0;0
18/01/2015;22:49:00;374;Acidente sem Vítima;242;BR-101/ES;Norte;Choque;1;0;4;0;0;0;;;;;2;0;0;0;0
18/01/2015;21:57:00;363;Acidente sem Vítima;251;BR-101/ES;Sul;Veículo em Chamas;1;0;0;0;0;0;;;;;1;0;0;0;0
18/01/2015;11:43:00;150;Acidente com vítima;266;BR-101/ES;Sul;Colisão Lateral;0;0;0;2;0;0;;;;;0;0;1;0;0
18/01/2015;18:30:00;288;Acidente sem Vítima;267;BR-101/ES;Norte;Colisão Traseira;2;0;0;0;0;0;;;;;2;0;0;0;0
18/01/2015;22:20:00;368;Acidente sem Vítima;270;BR-101/ES;Norte;Colisão Lateral;1;0;2;0;0;0;;;;;3;0;0;0;0
18/01/2015;19:33:00;305;Acidente sem Vítima;314;BR-101/ES;Norte;Engavetamento;5;0;0;0;0;0;;;;;15;0;0;0;0
18/01/2015;17:17:00;271;Acidente com vítima;315;BR-101/ES;Norte;Colisão Traseira;1;0;0;1;0;0;;;;;1;1;0;0;0
19/01/2015;09:13:00;118;Acidente sem Vítima;127,8;BR-101/ES;Norte;Colisão Traseira;1;0;0;1;0;0;;;;;2;0;0;0;0
19/01/2015;08:27:00;100;Atropelamento sem Morte;148,5;BR-101/ES;Sul;Atropelamento;0;0;2;0;0;0;;;;;1;1;0;0;0
19/01/2015;16:46:00;293;Acidente sem Vítima;189;BR-101/ES;Norte;Colisão Traseira;2;0;0;0;0;0;;;;;2;0;0;0;0
19/01/2015;17:40:00;322;Acidente com vítima;214;BR-101/ES;Sul;Choque;0;0;0;1;0;0;;;;;1;0;1;0;0
19/01/2015;11:10:00;169;Acidente com vítima;249;BR-101/ES;Norte;Colisão Lateral;1;0;2;0;0;0;;;;;3;1;0;0;0
19/01/2015;03:27:00;33;Acidente com vítima;254;BR-101/ES;Norte;Colisão Transversal;1;0;0;1;0;0;;;;;1;0;0;1;0
19/01/2015;16:04:00;285;Acidente sem Vítima;256;BR-101/ES;Norte;Colisão Traseira;1;0;1;0;0;0;;;;;2;0;0;0;0
19/01/2015;15:28:00;273;Acidente sem Vítima;261;BR-101/ES;Norte;Colisão Traseira;1;0;0;0;1;0;;;;;2;0;0;0;0
19/01/2015;19:34:00;353;Acidente sem Vítima;270;BR-101/ES;Norte;Colisão Lateral;1;0;1;0;0;0;;;;;3;0;0;0;0
19/01/2015;08:22:00;95;Acidente com vítima;342;BR-101/ES;Norte;Colisão Lateral;1;0;4;0;0;0;;;;;2;3;0;1;0
19/01/2015;17:37:00;320;Acidente sem Vítima;377;BR-101/ES;Norte;Colisão Traseira;2;0;0;0;0;0;;;;;2;0;0;0;0
19/01/2015;15:06:00;265;Acidente sem Vítima;399;BR-101/ES;Norte;Choque com Objeto Fixo;0;0;2;0;0;0;;;;;1;0;0;0;0
19/01/2015;09:09:00;116;Acidente sem Vítima;401;BR-101/ES;Sul;Saída de Pista;1;0;0;0;0;0;;;;;1;0;0;0;0
20/01/2015;17:25:00;260;Acidente com Morte;117;BR-101/ES;Sul;Colisão Traseira;3;0;0;0;2;0;;;;;3;12;2;1;2
20/01/2015;06:22:00;53;Acidente sem Vítima;205;BR-101/ES;Norte;Colisão Traseira;2;0;0;0;0;0;;;;;2;0;0;0;0
20/01/2015;17:33:00;263;Acidente sem Vítima;241;BR-101/ES;Norte;Colisão Frontal;2;0;0;0;0;0;;;;;10;0;0;0;0
20/01/2015;08:23:00;87;Acidente sem Vítima;270;BR-101/ES;Sul;Colisão Lateral;1;0;1;0;0;0;;;;;2;0;0;0;0
20/01/2015;16:15:00;247;Acidente sem Vítima;278;BR-101/ES;Norte;Colisão Lateral;1;0;0;0;1;0;;;;;2;0;0;0;0
20/01/2015;09:26:00;114;Acidente sem Vítima;284;BR-101/ES;Norte;Colisão Traseira;1;0;3;0;0;0;;;;;2;0;0;0;0
20/01/2015;17:21:00;255;Acidente com vítima;305;BR-101/ES;Norte;Colisão Lateral;2;0;0;0;0;0;;;;;3;6;0;0;0
20/01/2015;06:58:00;58;Acidente sem Vítima;358;BR-101/ES;Sul;Colisão Lateral;0;0;4;0;0;0;;;;;2;0;0;0;0
20/01/2015;09:39:00;122;Acidente sem Vítima;369;BR-101/ES;Norte;Saída de Pista;1;0;0;0;0;0;;;;;4;0;0;0;0
20/01/2015;17:20:00;254;Acidente com vítima;371;BR-101/ES;Sul;Queda de Moto;0;0;0;1;0;0;;;;;0;0;1;0;0
20/01/2015;09:49:00;126;Acidente sem Vítima;429;BR-101/ES;Sul;Saída de Pista;0;0;1;0;0;0;;;;;3;0;0;0;0
20/01/2015;11:09:00;151;Acidente sem Vítima;444;BR-101/ES;Norte;Tombamento;0;0;2;0;0;0;;;;;1;0;0;0;0
21/01/2015;19:25:00;335;Acidente sem Vítima;108;BR-101/ES;Norte;Colisão Traseira;1;0;1;0;0;0;;;;;2;0;0;0;0
21/01/2015;13:42:00;230;Acidente sem Vítima;112,3;BR-101/ES;Sul;Engavetamento;2;0;1;0;0;0;;;;;5;0;0;0;0
21/01/2015;00:02:00;2;Acidente com Morte;113;BR-101/ES;Norte;Colisão Traseira;0;0;6;0;0;0;;;;;2;0;0;0;1
21/01/2015;20:59:00;384;Acidente com vítima;154;BR-101/ES;Sul;Saída de Pista;1;0;0;0;0;0;;;;;0;1;0;0;0
21/01/2015;15:49:00;264;Acidente sem Vítima;170;BR-101/ES;Sul;Choque;1;0;0;0;0;0;;;;;1;0;0;0;0
21/01/2015;16:51:00;283;Acidente sem Vítima;265;BR-101/ES;Norte;Colisão Traseira;2;0;0;0;0;0;;;;;4;0;0;0;0
21/01/2015;13:31:00;225;Acidente sem Vítima;266;BR-101/ES;Sul;Colisão Lateral;0;0;5;0;0;0;;;;;2;0;0;0;0
21/01/2015;16:01:00;268;Acidente sem Vítima;269;BR-101/ES;Sul;Colisão Traseira;1;0;1;0;0;0;;;;;2;0;0;0;0
21/01/2015;12:27:00;209;Acidente com vítima;293;BR-101/ES;Sul;Colisão Lateral;1;0;0;1;0;0;;;;;1;1;0;0;0
21/01/2015;18:59:00;327;Acidente sem Vítima;321;BR-101/ES;Sul;Choque;1;0;0;0;0;0;;;;;2;0;0;0;0
21/01/2015;09:16:00;122;Acidente com vítima;377;BR-101/ES;Sul;Colisão Transversal;1;0;0;1;0;0;;;;;1;2;0;0;0
21/01/2015;15:04:00;246;Acidente sem Vítima;455;BR-101/ES;Sul;Saída de Pista;1;0;0;0;0;0;;;;;5;0;0;0;0
22/01/2015;15:06:00;226;Acidente sem Vítima;146;BR-101/ES;Norte;Colisão Traseira;2;0;0;0;0;0;;;;;2;0;0;0;0
22/01/2015;17:38:00;278;Acidente com vítima;248;BR-101/ES;Sul;Engavetamento;2;0;1;0;0;0;;;;;0;3;0;0;0
22/01/2015;11:32:00;167;Acidente com vítima;265;BR-101/ES;Sul;Colisão Traseira;2;0;2;0;0;0;;;;;1;2;0;0;0
22/01/2015;11:15:00;156;Acidente sem Vítima;269;BR-101/ES;Norte;Colisão Lateral;1;0;2;0;0;0;;;;;3;0;0;0;0
22/01/2015;02:40:00;26;Acidente sem Vítima;270;BR-101/ES;Norte;Choque com Objeto Fixo;0;0;2;0;0;0;;;;;1;0;0;0;0
22/01/2015;17:58:00;287;Acidente sem Vítima;270;BR-101/ES;Sul;Colisão Lateral;1;0;3;0;0;0;;;;;3;0;0;0;0
22/01/2015;23:07:00;367;Acidente sem Vítima;291;BR-101/ES;Norte;Capotamento;1;0;0;0;0;0;;;;;1;0;0;0;0
22/01/2015;06:55:00;60;Acidente sem Vítima;308;BR-101/ES;Sul;Colisão Lateral;1;0;4;0;0;0;;;;;3;0;0;0;0
23/01/2015;08:12:00;98;Acidente com vítima;9;BR-101/ES;Norte;Queda de Moto;0;0;0;1;0;0;;;;;0;0;1;0;0
23/01/2015;10:23:00;139;Acidente com vítima;66;BR-101/ES;Norte;Colisão Traseira;2;0;0;0;0;0;;;;;2;5;0;0;0
23/01/2015;09:45:00;126;Acidente sem Vítima;121;BR-101/ES;Norte;Saída de Pista;1;0;0;0;0;0;;;;;5;0;0;0;0
23/01/2015;10:16:00;137;Acidente sem Vítima;181;BR-101/ES;Sul;Saída de Pista;0;0;2;0;0;0;;;;;1;0;0;0;0
23/01/2015;14:12:00;234;Acidente sem Vítima;192;BR-101/ES;Norte;Saída de Pista;1;0;0;0;0;0;;;;;2;0;0;0;0
23/01/2015;05:42:00;72;Acidente sem Vítima;227;BR-101/ES;Norte;Colisão Traseira;0;0;6;0;0;0;;;;;4;0;0;0;0
23/01/2015;20:37:00;343;Acidente com vítima;241;BR-101/ES;Sul;Colisão Transversal;2;0;0;0;0;0;;;;;4;1;2;0;0
23/01/2015;11:26:00;168;Acidente sem Vítima;245;BR-101/ES;Norte;Saída de Pista;1;0;0;0;0;0;;;;;1;0;0;0;0
23/01/2015;13:18:00;214;Acidente sem Vítima;261;BR-101/ES;Norte;Colisão Traseira;2;0;0;0;0;0;;;;;2;0;0;0;0
23/01/2015;23:15:00;385;Acidente sem Vítima;262;BR-101/ES;Sul;Colisão Lateral;2;0;0;0;0;0;;;;;2;0;0;0;0
23/01/2015;07:29:00;82;Acidente com vítima;286;BR-101/ES;Norte;Colisão Lateral;0;0;0;1;1;0;;;;;2;1;0;0;0
23/01/2015;09:31:00;124;Acidente com vítima;366;BR-101/ES;Sul;Colisão Lateral;1;0;1;0;0;0;;;;;3;3;1;0;0
23/01/2015;18:55:00;311;Acidente sem Vítima;374;BR-101/ES;Sul;Colisão Lateral;1;0;1;0;0;0;;;;;2;0;0;0;0
23/01/2015;18:37:00;305;Acidente sem Vítima;376;BR-101/ES;Sul;Colisão Lateral;1;0;2;0;0;0;;;;;4;0;0;0;0
23/01/2015;20:51:00;351;Acidente com vítima;394;BR-101/ES;Sul;Colisão Traseira;0;0;1;1;0;0;;;;;1;1;0;0;0
24/01/2015;22:46:00;411;Acidente sem Vítima;3;BR-101/ES;Norte;Choque com Objeto Fixo;1;0;0;0;0;0;;;;;1;0;0;0;0
24/01/2015;22:32:00;407;Acidente com vítima;32;BR-101/ES;Sul;Colisão Lateral;1;0;0;1;0;0;;;;;1;0;0;1;0
24/01/2015;19:06:00;334;Acidente sem Vítima;61,5;BR-101/ES;Sul;Colisão Lateral;1;0;0;0;0;0;;;;;2;0;0;0;0
24/01/2015;11:16:00;185;Acidente com vítima;78,3;BR-101/ES;Norte;Choque;1;0;0;0;0;0;;;;;0;1;0;0;0
24/01/2015;09:04:00;135;Acidente sem Vítima;148;BR-101/ES;Norte;Colisão Traseira;2;0;0;0;0;0;;;;;7;0;0;0;0
24/01/2015;06:02:00;80;Acidente com vítima;176;BR-101/ES;Sul;Colisão;0;1;0;1;0;0;;;;;1;1;0;0;0
24/01/2015;15:01:00;264;Acidente sem Vítima;224;BR-101/ES;Norte;Engavetamento;3;0;0;0;0;0;;;;;6;0;0;0;0
24/01/2015;15:25:00;273;Acidente sem Vítima;255;BR-101/ES;Sul;Engavetamento;3;0;0;0;0;0;;;;;5;0;0;0;0
24/01/2015;12:19:00;216;Acidente com vítima;294;BR-101/ES;Sul;Colisão Traseira;1;0;0;1;0;0;;;;;1;0;1;0;0
24/01/2015;18:42:00;327;Acidente com vítima;296;BR-101/ES;Sul;Colisão Traseira;1;0;0;1;0;0;;;;;1;1;0;0;0
24/01/2015;15:50:00;283;Acidente sem Vítima;417;BR-101/ES;Sul;Colisão Lateral;2;0;0;0;0;0;;;;;7;0;0;0;0
25/01/2015;12:57:00;197;Acidente sem Vítima;90;BR-101/ES;Sul;Colisão Traseira;2;0;0;0;0;0;;;;;3;0;0;0;0
25/01/2015;14:41:00;235;Acidente com vítima;118;BR-101/ES;Norte;Saída de Pista;1;0;0;0;0;0;;;;;2;2;0;0;0
25/01/2015;15:08:00;240;Acidente com vítima;146;BR-101/ES;Sul;Colisão Lateral;1;0;0;1;0;0;;;;;1;1;0;0;0
25/01/2015;11:41:00;171;Acidente sem Vítima;166;BR-101/ES;Norte;Colisão Traseira;2;0;0;0;0;0;;;;;3;0;0;0;0
25/01/2015;01:05:00;15;Acidente com Morte;210;BR-101/ES;Sul;Colisão Frontal;1;0;3;0;0;0;;;;;2;0;0;0;1
25/01/2015;17:18:00;283;Acidente sem Vítima;220;BR-101/ES;Norte;Colisão Transversal;1;0;2;0;0;0;;;;;2;0;0;0;0
25/01/2015;18:03:00;299;Acidente sem Vítima;249;BR-101/ES;Sul;Colisão Traseira;2;0;0;0;0;0;;;;;4;0;0;0;0
25/01/2015;22:22:00;389;Acidente com vítima;250;BR-101/ES;Norte;Colisão Frontal;2;0;0;0;0;0;;;;;1;0;5;0;0
25/01/2015;17:03:00;277;Acidente sem Vítima;255;BR-101/ES;Sul;Colisão Traseira;1;0;1;0;0;0;;;;;3;0;0;0;0
25/01/2015;15:19:00;244;Acidente com vítima;312;BR-101/ES;Norte;Saída de Pista;1;0;0;0;0;0;;;;;0;4;0;0;0
25/01/2015;11:23:00;165;Acidente sem Vítima;335;BR-101/ES;Norte;Tombamento;0;0;2;0;0;0;;;;;2;0;0;0;0
25/01/2015;17:19:00;284;Acidente com vítima;393;BR-101/ES;Norte;Colisão Transversal;3;0;3;0;0;0;;;;;6;1;0;0;0
25/01/2015;17:08:00;279;Acidente com vítima;452;BR-101/ES;Sul;Queda de Moto;0;0;0;1;0;0;;;;;1;1;0;0;0
26/01/2015;02:14:00;22;Acidente sem Vítima;1,4;BR-101/ES;Norte;Saída de Pista;0;0;0;1;0;0;;;;;2;0;0;0;0
26/01/2015;16:33:00;289;Acidente com vítima;69;BR-101/ES;Norte;Colisão Lateral;1;0;0;1;0;0;;;;;1;1;0;0;0
26/01/2015;11:49:00;188;Acidente com vítima;147;BR-101/ES;Sul;Colisão Traseira;2;0;0;0;0;0;;;;;2;2;0;0;0
26/01/2015;16:52:00;296;Acidente sem Vítima;147;BR-101/ES;Sul;Colisão Traseira;2;0;0;0;0;0;;;;;2;0;0;0;0
26/01/2015;07:39:00;80;Acidente sem Vítima;157;BR-101/ES;Norte;Colisão Traseira;1;0;0;0;0;0;;;;;3;0;0;0;0
26/01/2015;08:47:00;107;Acidente sem Vítima;159;BR-101/ES;Sul;Choque com Veículo Estacionado;1;0;1;0;0;0;;;;;4;0;0;0;0
26/01/2015;21:31:00;387;Acidente sem Vítima;169;BR-101/ES;Sul;Saída de Pista;0;0;3;0;0;0;;;;;1;0;0;0;0
26/01/2015;02:09:00;21;Acidente sem Vítima;258;BR-101/ES;Norte;Queda de Moto;0;0;0;1;0;0;;;;;1;0;0;0;0
26/01/2015;07:56:00;88;Acidente sem Vítima;270;BR-101/ES;Sul;Colisão Lateral;2;0;0;0;0;0;;;;;2;0;0;0;0
26/01/2015;14:27:00;251;Acidente com vítima;276;BR-101/ES;Sul;Saída de Pista;0;0;2;0;0;0;;;;;0;1;0;0;0
26/01/2015;19:49:00;353;Acidente sem Vítima;290;BR-101/ES;Sul;Colisão Traseira;1;0;2;0;0;0;;;;;2;0;0;0;0
26/01/2015;07:20:00;72;Acidente com vítima;298;BR-101/ES;Norte;Colisão Lateral;1;0;0;1;0;0;;;;;1;0;1;0;0
26/01/2015;15:13:00;261;Acidente sem Vítima;376;BR-101/ES;Sul;Saída de Pista;1;0;0;0;0;0;;;;;1;0;0;0;0
26/01/2015;22:42:00;403;Acidente sem Vítima;425,5;BR-101/ES;Norte;Atropelamento - Bovino;0;0;1;0;0;0;;;;;1;0;0;0;0
26/01/2015;09:18:00;115;Acidente sem Vítima;435;BR-101/ES;Norte;Capotamento;1;0;0;0;0;0;;;;;1;0;0;0;0
26/01/2015;12:31:00;206;Acidente sem Vítima;448;BR-101/ES;Sul;Saída de Pista;1;0;0;0;0;0;;;;;5;0;0;0;0
27/01/2015;15:47:00;304;Acidente com vítima;70;BR-101/ES;Sul;Colisão Transversal;0;0;1;1;0;0;;;;;1;0;0;1;0
27/01/2015;17:13:00;329;Acidente sem Vítima;140;BR-101/ES;Norte;Colisão Traseira;2;0;0;0;0;0;;;;;4;0;0;0;0
27/01/2015;07:19:00;79;Acidente sem Vítima;146;BR-101/ES;Sul;Colisão Lateral;1;0;1;0;0;0;;;;;3;0;0;0;0
27/01/2015;11:22:00;192;Acidente com vítima;241;BR-101/ES;Sul;Colisão Transversal;1;0;1;0;0;0;;;;;1;1;1;0;0
27/01/2015;23:38:00;429;Acidente sem Vítima;266;BR-101/ES;Sul;Colisão Lateral;0;0;3;0;0;0;;;;;2;0;0;0;0
27/01/2015;22:02:00;412;Acidente sem Vítima;274;BR-101/ES;Norte;Colisão Traseira;2;0;0;0;0;0;;;;;2;0;0;0;0
27/01/2015;06:58:00;75;Atropelamento sem Morte;290;BR-101/ES;Norte;Atropelamento;0;0;0;1;0;0;;;;;0;2;0;1;0
27/01/2015;21:08:00;397;Acidente com vítima;291;BR-101/ES;Norte;Capotamento;1;0;0;0;0;0;;;;;1;1;0;0;0
27/01/2015;07:31:00;83;Acidente sem Vítima;292;BR-101/ES;Norte;Choque com Objeto Fixo;1;0;0;0;0;0;;;;;1;0;0;0;0
27/01/2015;12:19:00;226;Acidente sem Vítima;395;BR-101/ES;Norte;Colisão Transversal;2;0;0;0;0;0;;;;;3;0;0;0;0
27/01/2015;16:40:00;320;Acidente sem Vítima;942;BR-101/BA;Sul;Capotamento;1;0;0;0;0;0;;;;;3;0;0;0;0
28/01/2015;13:37:00;254;Acidente com vítima;101;BR-101/ES;Sul;Colisão Traseira;3;0;0;0;0;0;;;;;3;2;0;0;0
28/01/2015;06:54:00;67;Acidente com vítima;146;BR-101/ES;Sul;Colisão Lateral;1;0;0;1;0;0;;;;;1;1;0;0;0
28/01/2015;08:15:00;96;Acidente sem Vítima;206;BR-101/ES;Sul;Saída de Pista;1;0;0;0;0;0;;;;;2;0;0;0;0
28/01/2015;15:31:00;302;Acidente sem Vítima;266;BR-101/ES;Norte;Colisão Traseira;2;0;0;0;0;0;;;;;2;0;0;0;0
28/01/2015;16:20:00;320;Acidente com vítima;269;BR-101/ES;Norte;Atropelamento e Fuga;0;0;0;1;0;0;;;;;0;0;1;0;0
28/01/2015;12:50:00;231;Acidente sem Vítima;296;BR-101/ES;Sul;Colisão Lateral;1;0;0;1;0;0;;;;;2;0;0;0;0
28/01/2015;08:15:00;95;Acidente sem Vítima;304;BR-101/ES;Sul;Colisão Traseira;2;0;0;0;0;0;;;;;3;0;0;0;0
28/01/2015;21:54:00;457;Acidente sem Vítima;315;BR-101/ES;Norte;Colisão Lateral;0;0;2;0;0;0;;;;;1;0;0;0;0
28/01/2015;07:39:00;82;Acidente sem Vítima;349,5;BR-101/ES;Sul;Colisão Lateral;1;0;1;0;0;0;;;;;1;0;0;0;0
28/01/2015;23:22:00;475;Acidente com vítima;366;BR-101/ES;Sul;Saída de Pista;0;0;2;0;0;0;;;;;0;0;0;1;0
29/01/2015;23:32:00;463;Acidente sem Vítima;108;BR-101/ES;Sul;Colisão Traseira;2;0;0;0;0;0;;;;;2;0;0;0;0