data;horario;n_da_ocorrencia;tipo_de_ocorrencia;km;trecho;sentido;tipo_de_acidente;automovel;bicicleta;caminhao;moto;onibus;outros;tracao_animal;transporte_de_cargas_especiais;trator_maquinas;utilitarios;ilesos;levemente_feridos;moderadamente_feridos;gravemente_feridos;mortos
29/01/2015;16:31:00;318;Acidente com vítima;141;BR-101/ES;Sul;Colisão Lateral;1;0;0;1;0;0;;;;;1;1;0;0;0
29/01/2015;11:38:00;198;Acidente com vítima;149;BR-101/ES;Sul;Colisão Transversal;1;0;0;1;0;0;;;;;4;0;1;0;0
29/01/2015;09:50:00;158;Acidente com vítima;260;BR-101/ES;Norte;Queda de Moto;0;0;0;1;0;0;;;;;0;1;1;0;0
30/01/2015;00:54:00;11;Acidente sem Vítima;18;BR-101/ES;Norte;Saída de Pista;1;0;0;0;0;0;;;;;1;0;0;0;0
30/01/2015;17:20:00;306;Acidente sem Vítima;66;BR-101/ES;Norte;Engavetamento;3;0;0;0;0;0;;;;;8;0;0;0;0
30/01/2015;17:51:00;320;Acidente com vítima;145;BR-101/ES;Norte;Queda de Moto;0;0;0;1;0;0;;;;;0;1;0;0;0
30/01/2015;23:39:00;429;Acidente com vítima;156;BR-101/ES;Sul;Queda de Moto;0;0;0;1;0;0;;;;;0;2;0;0;0
30/01/2015;05:40:00;57;Acidente sem Vítima;163;BR-101/ES;Sul;Queda de Moto;0;0;1;2;0;0;;;;;3;0;0;0;0
30/01/2015;15:31:00;266;Acidente sem Vítima;263;BR-101/ES;Norte;Engavetamento;3;0;0;0;0;0;;;;;3;0;0;0;0
30/01/2015;13:23:00;224;Acidente sem Vítima;264;BR-101/ES;Norte;Colisão Traseira;3;0;0;0;0;0;;;;;3;0;0;0;0
30/01/2015;18:46:00;335;Acidente sem Vítima;266;BR-101/ES;Sul;Engavetamento;3;0;0;0;0;0;;;;;3;0;0;0;0
30/01/2015;14:00:00;237;Acidente sem Vítima;284;BR-101/ES;Norte;Colisão Traseira;2;0;0;0;0;0;;;;;2;0;0;0;0
30/01/2015;16:38:00;288;Acidente com vítima;291;BR-101/ES;Norte;Colisão Traseira;0;0;2;1;0;0;;;;;1;0;0;1;0
30/01/2015;07:50:00;82;Acidente com vítima;298;BR-101/ES;Sul;Colisão Traseira;2;0;0;1;0;0;;;;;2;1;0;0;0
30/01/2015;08:11:00;88;Acidente com vítima;311,5;BR-101/ES;Sul;Queda de Moto;0;0;2;1;0;0;;;;;1;0;1;0;0
30/01/2015;05:31:00;54;Acidente sem Vítima;324;BR-101/ES;Norte;Capotamento;1;0;0;0;0;0;;;;;2;0;0;0;0
30/01/2015;02:35:00;28;Acidente com vítima;370;BR-101/ES;Norte;Saída de Pista;1;0;0;0;0;0;;;;;0;1;0;0;0
31/01/2015;14:23:00;240;Acidente com vítima;19,3;BR-101/ES;Sul;Colisão Lateral;1;0;2;0;0;0;;;;;1;3;0;0;0
31/01/2015;01:25:00;13;Acidente com vítima;98;BR-101/ES;Sul;Saída de Pista;1;0;0;0;0;0;;;;;2;2;0;0;0
31/01/2015;19:56:00;339;Acidente sem Vítima;119;BR-101/ES;Sul;Colisão Lateral;2;0;1;0;0;0;;;;;5;0;0;0;0
31/01/2015;08:33:00;111;Acidente sem Vítima;138;BR-101/ES;Sul;Colisão Lateral;1;0;1;0;0;0;;;;;2;0;0;0;0
31/01/2015;09:50:00;134;Acidente sem Vítima;146;BR-101/ES;Norte;Colisão Traseira;2;0;0;0;0;0;;;;;3;0;0;0;0
31/01/2015;05:51:00;75;Acidente com vítima;150;BR-101/ES;Norte;Colisão;1;1;0;0;0;0;;;;;0;2;0;0;0
31/01/2015;22:29:00;369;Acidente com vítima;171;BR-101/ES;Norte;Saída de Pista;1;0;0;0;0;0;;;;;0;1;0;0;0
31/01/2015;10:27:00;143;Acidente sem Vítima;193;BR-101/ES;Sul;Colisão Lateral;1;0;2;0;0;0;;;;;2;0;0;0;0
31/01/2015;12:46:00;196;Acidente sem Vítima;213;BR-101/ES;Sul;Colisão Traseira;1;0;0;1;0;0;;;;;2;0;0;0;0
31/01/2015;15:37:00;261;Acidente sem Vítima;261;BR-101/ES;Sul;Queda de Moto;0;0;0;1;0;0;;;;;1;0;0;0;0
31/01/2015;10:52:00;155;Acidente sem Vítima;267;BR-101/ES;Norte;Engavetamento;4;0;0;0;0;0;;;;;4;0;0;0;0
31/01/2015;18:54:00;321;Acidente sem Vítima;267;BR-101/ES;Norte;Colisão Traseira;3;0;0;0;0;0;;;;;3;0;0;0;0
31/01/2015;10:04:00;138;Acidente sem Vítima;268;BR-101/ES;Sul;Choque com Objeto Fixo;2;0;0;0;0;0;;;;;2;0;0;0;0
31/01/2015;07:36:00;91;Atropelamento sem Morte;270;BR-101/ES;Sul;Atropelamento;0;1;0;0;1;0;;;;;1;0;0;1;0
31/01/2015;13:09:00;209;Acidente sem Vítima;270;BR-101/ES;Norte;Colisão Lateral;1;0;1;0;0;0;;;;;2;0;0;0;0
31/01/2015;20:07:00;343;Acidente com vítima;329;BR-101/ES;Sul;Queda de Moto;0;0;2;1;0;0;;;;;1;1;0;0;0
31/01/2015;19:04:00;322;Acidente com vítima;339;BR-101/ES;Sul;Queda de Moto;0;0;0;1;0;0;;;;;0;1;0;0;0
31/01/2015;09:11:00;126;Acidente sem Vítima;423;BR-101/ES;Norte;Saída de Pista;0;0;0;1;0;0;;;;;1;0;0;0;0
01/02/2015;03:08:00;49;Acidente com vítima;33,5;BR-101/ES;Norte;Saída de Pista;0;0;0;1;0;0;;;;;0;1;0;0;0
01/02/2015;21:53:00;383;Acidente sem Vítima;175;BR-101/ES;Sul;Saída de Pista;1;0;0;0;0;0;;;;;1;0;0;0;0
01/02/2015;04:36:00;72;Acidente com vítima;177;BR-101/ES;Norte;Saída de Pista;1;0;0;0;0;0;;;;;3;1;0;0;0
01/02/2015;16:10:00;264;Acidente sem Vítima;193;BR-101/ES;Norte;Saída de Pista;1;0;0;0;0;0;;;;;1;0;0;0;0
01/02/2015;23:13:00;395;Acidente sem Vítima;269;BR-101/ES;Sul;Colisão Lateral;1;0;0;1;0;0;;;;;2;0;0;0;0
01/02/2015;16:34:00;274;Acidente sem Vítima;288;BR-101/ES;Sul;Capotamento;1;0;0;0;0;0;;;;;2;0;0;0;0
01/02/2015;22:52:00;392;Acidente com vítima;293;BR-101/ES;Sul;Colisão Traseira;2;0;0;0;0;0;;;;;1;1;0;0;0
01/02/2015;16:00:00;261;Acidente com vítima;377;BR-101/ES;Norte;Choque com Objeto Fixo;1;0;0;0;0;0;;;;;0;3;0;0;0
01/02/2015;19:45:00;344;Acidente com vítima;396;BR-101/ES;Norte;Colisão Lateral;3;0;0;0;0;0;;;;;3;1;0;0;0
01/02/2015;17:20:00;291;Acidente com vítima;458;BR-101/ES;Norte;Colisão Lateral;1;0;0;0;0;0;;;;;1;3;1;0;0
02/02/2015;18:27:00;336;Acidente com vítima;14;BR-101/ES;Sul;Queda de Moto;0;0;0;1;0;0;;;;;0;1;0;0;0
02/02/2015;13:33:00;245;Acidente sem Vítima;83;BR-101/ES;Sul;Veículo em Chamas;0;0;0;0;3;0;;;;;1;0;0;0;0
02/02/2015;12:55:00;226;Acidente sem Vítima;130;BR-101/ES;Norte;Saída de Pista;1;0;0;0;0;0;;;;;1;0;0;0;0
02/02/2015;10:16:00;154;Acidente sem Vítima;147;BR-101/ES;Norte;Colisão Traseira;1;0;1;0;0;0;;;;;4;0;0;0;0
02/02/2015;09:25:00;126;Acidente sem Vítima;241;BR-101/ES;Sul;Choque;1;0;0;0;0;0;;;;;1;0;0;0;0
02/02/2015;15:12:00;281;Acidente sem Vítima;255;BR-101/ES;Norte;Colisão Traseira;2;0;0;0;0;0;;;;;2;0;0;0;0
02/02/2015;20:07:00;355;Acidente sem Vítima;262;BR-101/ES;Sul;Colisão Traseira;2;0;0;0;0;0;;;;;2;0;0;0;0
02/02/2015;07:17:00;77;Acidente sem Vítima;265;BR-101/ES;Sul;Colisão Traseira;0;1;1;0;0;0;;;;;2;0;0;0;0
02/02/2015;14:01:00;257;Acidente sem Vítima;269;BR-101/ES;Sul;Colisão Traseira;1;0;1;0;0;0;;;;;2;0;0;0;0
02/02/2015;15:25:00;284;Acidente sem Vítima;269;BR-101/ES;Norte;Colisão Lateral;1;0;0;0;2;0;;;;;2;0;0;0;0
02/02/2015;10:13:00;151;Acidente sem Vítima;270;BR-101/ES;Norte;Colisão Traseira;1;0;0;0;2;0;;;;;2;0;0;0;0
02/02/2015;11:26:00;181;Acidente sem Vítima;270;BR-101/ES;Sul;Colisão Lateral;0;1;1;0;0;0;;;;;2;0;0;0;0
02/02/2015;08:16:00;103;Acidente sem Vítima;294;BR-101/ES;Sul;Colisão Traseira;2;0;0;0;0;0;;;;;2;0;0;0;0
02/02/2015;19:04:00;344;Acidente sem Vítima;294;BR-101/ES;Sul;Colisão Lateral;2;0;0;0;1;0;;;;;3;0;0;0;0
02/02/2015;19:22:00;347;Acidente sem Vítima;315;BR-101/ES;Sul;Engavetamento;3;0;0;0;0;0;;;;;5;0;0;0;0
02/02/2015;01:17:00;19;Acidente sem Vítima;322;BR-101/ES;Norte;Atropelamento - Bovino;1;0;0;0;0;0;;;;;5;0;0;0;0
02/02/2015;06:58:00;75;Acidente sem Vítima;416;BR-101/ES;Norte;Saída de Pista;1;0;0;0;0;0;;;;;1;0;0;0;0
03/02/2015;19:39:00;332;Acidente com vítima;70;BR-101/ES;Sul;Atropelamento e Fuga;0;0;0;1;0;0;;;;;1;0;0;1;0
03/02/2015;14:37:00;248;Acidente sem Vítima;100;BR-101/ES;Norte;Colisão Traseira;0;0;2;0;0;0;;;;;2;0;0;0;0
03/02/2015;20:21:00;341;Acidente sem Vítima;205;BR-101/ES;Sul;Choque com Veículo Estacionado;2;0;0;0;0;0;;;;;2;0;0;0;0
03/02/2015;14:13:00;239;Acidente com vítima;222;BR-101/ES;Sul;Saída de Pista;1;0;0;0;0;0;;;;;0;1;0;0;0
03/02/2015;14:40:00;250;Acidente sem Vítima;239;BR-101/ES;Norte;Choque com Veículo Estacionado;1;0;0;0;2;0;;;;;2;0;0;0;0
03/02/2015;10:13:00;145;Acidente sem Vítima;242;BR-101/ES;Sul;Colisão Traseira;0;0;1;0;2;0;;;;;2;0;0;0;0
03/02/2015;11:20:00;170;Acidente sem Vítima;259,5;BR-101/ES;Sul;Colisão Lateral;1;0;0;0;4;0;;;;;3;0;0;0;0
03/02/2015;14:22:00;245;Acidente sem Vítima;264;BR-101/ES;Sul;Colisão Traseira;1;0;0;1;0;0;;;;;2;0;0;0;0
03/02/2015;19:45:00;334;Acidente sem Vítima;266;BR-101/ES;Sul;Veículo em Chamas;1;0;0;0;0;0;;;;;1;0;0;0;0
03/02/2015;07:15:00;82;Acidente com vítima;270;BR-101/ES;Sul;Colisão Lateral;1;0;0;1;0;0;;;;;1;0;1;0;0
03/02/2015;19:29:00;330;Acidente sem Vítima;319;BR-101/ES;Sul;Veículo em Chamas;0;0;0;0;4;0;;;;;1;0;0;0;0
03/02/2015;07:26:00;85;Acidente sem Vítima;358;BR-101/ES;Sul;Colisão Traseira;1;0;0;0;2;0;;;;;2;0;0;0;0
04/02/2015;15:05:00;279;Acidente com vítima;36;BR-101/ES;Norte;Queda de Moto;0;0;0;1;0;0;;;;;0;2;0;0;0
04/02/2015;16:30:00;302;Acidente sem Vítima;123;BR-101/ES;Norte;Saída de Pista;0;0;0;0;3;0;;;;;1;0;0;0;0
04/02/2015;15:52:00;292;Acidente com vítima;128,9;BR-101/ES;Norte;Queda de Moto;0;0;0;1;0;0;;;;;0;2;0;0;0
04/02/2015;16:58:00;307;Acidente sem Vítima;147;BR-101/ES;Norte;Colisão Traseira;1;0;0;1;0;0;;;;;3;0;0;0;0
04/02/2015;03:01:00;40;Acidente com Morte;176;BR-101/ES;Sul;Atropelamento e Fuga;1;0;0;0;0;0;;;;;0;0;0;0;1
04/02/2015;08:06:00;112;Acidente com vítima;269;BR-101/ES;Sul;Colisão Traseira;2;0;0;0;0;0;;;;;1;2;0;0;0
04/02/2015;19:16:00;338;Acidente com vítima;285;BR-101/ES;Sul;Queda de Moto;0;0;0;1;0;0;;;;;0;0;1;0;0
04/02/2015;18:52:00;335;Acidente sem Vítima;298;BR-101/ES;Sul;Colisão Traseira;1;0;1;0;0;0;;;;;2;0;0;0;0
04/02/2015;15:24:00;283;Acidente sem Vítima;390;BR-101/ES;Sul;Colisão Lateral;0;0;1;0;2;0;;;;;2;0;0;0;0
04/02/2015;21:06:00;372;Acidente com vítima;391;BR-101/ES;Sul;Colisão Lateral;0;0;2;0;0;0;;;;;0;1;0;0;0
04/02/2015;21:47:00;384;Acidente com vítima;396;BR-101/ES;Sul;Queda de Moto;0;0;0;1;0;0;;;;;0;1;0;0;0
04/02/2015;15:25:00;284;Acidente sem Vítima;442;BR-101/ES;Sul;Colisão Lateral;1;0;1;0;2;0;;;;;9;0;0;0;0
05/02/2015;18:47:00;375;Acidente com Morte;65;BR-101/ES;Sul;Colisão;1;0;1;0;0;0;;;;;2;0;0;0;1
05/02/2015;08:16:00;107;Acidente com vítima;66;BR-101/ES;Sul;Colisão Traseira;1;0;0;1;0;0;;;;;1;1;0;0;0
05/02/2015;12:59:00;232;Acidente com vítima;130;BR-101/ES;Norte;Engavetamento;3;0;1;0;0;0;;;;;6;2;0;0;0
05/02/2015;08:51:00;118;Acidente sem Vítima;141;BR-101/ES;Norte;Colisão Lateral;0;0;1;0;4;0;;;;;2;0;0;0;0
05/02/2015;22:10:00;428;Acidente sem Vítima;149;BR-101/ES;Norte;Colisão Traseira;2;0;0;1;0;0;;;;;5;0;0;0;0
05/02/2015;18:16:00;364;Acidente sem Vítima;181;BR-101/ES;Norte;Colisão Transversal;1;0;0;0;1;0;;;;;3;0;0;0;0
05/02/2015;16:24:00;316;Acidente sem Vítima;228;BR-101/ES;Sul;Colisão Traseira;1;0;1;0;0;0;;;;;2;0;0;0;0
05/02/2015;12:07:00;214;Acidente sem Vítima;237;BR-101/ES;Sul;Saída de Pista;1;0;0;0;0;0;;;;;1;0;0;0;0
05/02/2015;14:12:00;271;Acidente sem Vítima;249;BR-101/ES;Sul;Capotamento;1;0;0;0;0;0;;;;;2;0;0;0;0
05/02/2015;20:23:00;404;Acidente sem Vítima;250;BR-101/ES;Norte;Colisão Traseira;2;0;0;0;0;0;;;;;2;0;0;0;0
05/02/2015;17:13:00;334;Acidente sem Vítima;256,5;BR-101/ES;Norte;Engavetamento;7;0;0;0;0;0;;;;;7;0;0;0;0
05/02/2015;09:55:00;140;Acidente sem Vítima;257;BR-101/ES;Norte;Saída de Pista;0;0;1;0;0;0;;;;;2;0;0;0;0
05/02/2015;10:27:00;150;Acidente sem Vítima;264;BR-101/ES;Norte;Colisão Traseira;2;0;0;0;0;0;;;;;3;0;0;0;0
05/02/2015;06:23:00;64;Acidente sem Vítima;265;BR-101/ES;Norte;Colisão Lateral;0;1;0;1;2;0;;;;;3;0;0;0;0
05/02/2015;07:44:00;91;Acidente com vítima;269;BR-101/ES;Sul;Colisão Lateral;2;0;0;1;0;0;;;;;3;0;1;0;0
05/02/2015;07:58:00;95;Acidente sem Vítima;269;BR-101/ES;Sul;Colisão Traseira;0;0;1;0;1;0;;;;;2;0;0;0;0
05/02/2015;15:03:00;290;Acidente sem Vítima;270,5;BR-101/ES;Sul;Colisão Traseira;2;0;0;0;0;0;;;;;2;0;0;0;0
05/02/2015;07:35:00;88;Acidente sem Vítima;274;BR-101/ES;Sul;Saída de Pista;0;0;1;0;0;0;;;;;2;0;0;0;0
05/02/2015;17:07:00;332;Acidente sem Vítima;282;BR-101/ES;Norte;Choque com Objeto Fixo;1;0;0;0;0;0;;;;;2;0;0;0;0
05/02/2015;17:29:00;341;Acidente sem Vítima;291;BR-101/ES;Sul;Colisão Traseira;2;0;0;0;0;0;;;;;4;0;0;0;0
05/02/2015;06:30:00;66;Acidente sem Vítima;331;BR-101/ES;Norte;Colisão Lateral;1;0;1;0;0;0;;;;;3;0;0;0;0
05/02/2015;00:08:00;2;Acidente com vítima;401;BR-101/ES;Sul;Capotamento;1;0;0;0;0;0;;;;;0;3;0;0;0
06/02/2015;10:07:00;162;Acidente sem Vítima;120;BR-101/ES;Norte;Saída de Pista;1;0;0;0;0;0;;;;;2;0;0;0;0
06/02/2015;00:51:00;9;Acidente sem Vítima;140;BR-101/ES;Sul;Colisão Traseira;0;0;1;0;2;0;;;;;3;0;0;0;0
06/02/2015;07:50:00;96;Acidente sem Vítima;149;BR-101/ES;Norte;Veículo em Chamas;0;0;0;0;2;0;;;;;1;0;0;0;0
06/02/2015;09:29:00;150;Acidente sem Vítima;151;BR-101/ES;Norte;Colisão Traseira;2;0;0;0;0;0;;;;;6;0;0;0;0
06/02/2015;11:12:00;183;Acidente sem Vítima;151;BR-101/ES;Sul;Colisão Traseira;1;0;1;0;0;0;;;;;2;0;0;0;0
06/02/2015;07:14:00;76;Acidente com vítima;154;BR-101/ES;Norte;Queda de Moto;0;0;0;1;0;0;;;;;0;1;0;0;0
06/02/2015;15:46:00;288;Acidente sem Vítima;228;BR-101/ES;Norte;Saída de Pista;0;0;0;0;2;0;;;;;1;0;0;0;0
06/02/2015;05:57:00;61;Acidente sem Vítima;266;BR-101/ES;Norte;Choque com Objeto Fixo;1;0;0;0;0;0;;;;;1;0;0;0;0
06/02/2015;08:25:00;112;Acidente sem Vítima;266;BR-101/ES;Norte;Colisão Lateral;0;0;1;0;3;0;;;;;2;0;0;0;0
06/02/2015;15:56:00;293;Acidente sem Vítima;267;BR-101/ES;Norte;Colisão Traseira;0;0;1;0;2;0;;;;;2;0;0;0;0
06/02/2015;22:05:00;399;Acidente sem Vítima;269;BR-101/ES;Sul;Colisão Lateral;1;0;1;0;0;0;;;;;1;0;0;0;0
06/02/2015;13:46:00;246;Acidente sem Vítima;280;BR-101/ES;Norte;Colisão Traseira;2;0;0;0;0;0;;;;;2;0;0;0;0
06/02/2015;12:24:00;219;Acidente sem Vítima;288;BR-101/ES;Sul;Colisão Lateral;1;0;0;0;2;0;;;;;2;0;0;0;0
06/02/2015;10:25:00;167;Acidente com vítima;290;BR-101/ES;Sul;Colisão Lateral;0;0;1;0;2;0;;;;;1;1;0;0;0
06/02/2015;20:44:00;380;Acidente sem Vítima;292;BR-101/ES;Norte;Colisão Frontal;2;0;0;0;0;0;;;;;2;0;0;0;0
06/02/2015;23:58:00;416;Acidente sem Vítima;293;BR-101/ES;Sul;Colisão Traseira;0;0;2;0;0;0;;;;;2;0;0;0;0
06/02/2015;10:49:00;177;Acidente sem Vítima;297;BR-101/ES;Sul;Colisão Traseira;2;0;0;0;0;0;;;;;2;0;0;0;0
06/02/2015;13:36:00;241;Acidente sem Vítima;298;BR-101/ES;Sul;Choque com Veículo Estacionado;0;0;1;0;5;0;;;;;2;0;0;0;0
06/02/2015;15:32:00;284;Acidente sem Vítima;299;BR-101/ES;Norte;Colisão Traseira;1;0;0;0;2;0;;;;;2;0;0;0;0
06/02/2015;21:21:00;388;Acidente com vítima;302;BR-101/ES;Norte;Colisão Traseira;2;0;0;0;0;0;;;;;5;0;1;0;0
06/02/2015;17:37:00;327;Acidente sem Vítima;391;BR-101/ES;Norte;Saída de Pista;1;0;0;0;0;0;;;;;1;0;0;0;0
06/02/2015;20:06:00;371;Acidente com Morte;391;BR-101/ES;Norte;Colisão Frontal;1;0;1;0;3;0;;;;;2;0;2;0;1
06/02/2015;17:46:00;332;Acidente com vítima;410;BR-101/ES;Sul;Colisão Transversal;1;0;0;1;0;0;;;;;0;0;1;0;0
06/02/2015;05:01:00;53;Acidente sem Vítima;450;BR-101/ES;Norte;Saída de Pista;0;0;1;0;0;0;;;;;1;0;0;0;0
06/02/2015;15:59:00;294;Acidente sem Vítima;945;BR-101/BA;Sul;Veículo em Chamas;0;0;0;0;2;0;;;;;1;0;0;0;0
07/02/2015;22:53:00;347;Acidente sem Vítima;121;BR-101/ES;Norte;Atropelamento - Animal;1;0;0;0;0;0;;;;;2;0;0;0;0
07/02/2015;04:02:00;45;Acidente sem Vítima;160;BR-101/ES;Norte;Saída de Pista;1;0;0;0;0;0;;;;;2;0;0;0;0
07/02/2015;14:28:00;230;Acidente com vítima;164;BR-101/ES;Norte;Choque com Objeto Fixo;0;0;0;1;0;0;;;;;0;1;0;0;0
07/02/2015;18:12:00;278;Acidente sem Vítima;171;BR-101/ES;Sul;Veículo em Chamas;0;0;1;0;0;0;;;;;1;0;0;0;0
07/02/2015;23:07:00;350;Acidente sem Vítima;189;BR-101/ES;Norte;Queda de Moto;1;0;0;0;0;0;;;;;2;0;0;0;0
07/02/2015;20:20:00;309;Acidente sem Vítima;219;BR-101/ES;Norte;Choque com Objeto Fixo;1;0;0;0;0;0;;;;;1;0;0;0;0
07/02/2015;21:36:00;333;Acidente sem Vítima;266;BR-101/ES;Norte;Colisão Traseira;2;0;0;0;0;0;;;;;2;0;0;0;0
07/02/2015;22:42:00;344;Acidente sem Vítima;266;BR-101/ES;Sul;Colisão Transversal;1;0;0;0;2;0;;;;;2;0;0;0;0
07/02/2015;17:26:00;266;Acidente sem Vítima;270,2;BR-101/ES;Sul;Colisão Transversal;2;0;0;0;0;0;;;;;2;0;0;0;0
07/02/2015;06:16:00;66;Acidente sem Vítima;291;BR-101/ES;Sul;Capotamento;1;0;0;0;0;0;;;;;2;0;0;0;0
07/02/2015;17:17:00;265;Acidente com vítima;293;BR-101/ES;Norte;Choque com Objeto Fixo;1;0;0;1;0;0;;;;;1;0;1;0;0
07/02/2015;09:16:00;111;Acidente sem Vítima;299;BR-101/ES;Sul;Colisão Traseira;2;0;1;0;0;0;;;;;4;0;0;0;0
07/02/2015;12:11:00;179;Acidente sem Vítima;299;BR-101/ES;Sul;Colisão Traseira;1;0;1;0;0;0;;;;;4;0;0;0;0
07/02/2015;16:33:00;258;Acidente com vítima;301;BR-101/ES;Norte;Atropelamento - Animal;0;0;0;1;0;0;;;;;0;0;2;0;0
07/02/2015;15:10:00;239;Acidente com vítima;363;BR-101/ES;Norte;Colisão Frontal;1;0;0;0;2;0;;;;;1;0;1;0;0
07/02/2015;14:14:00;226;Acidente sem Vítima;366;BR-101/ES;Norte;Saída de Pista;1;0;0;0;0;0;;;;;7;0;0;0;0
07/02/2015;20:43:00;317;Acidente com vítima;374;BR-101/ES;Norte;Colisão Lateral;1;0;0;1;0;0;;;;;2;0;1;0;0
07/02/2015;18:30:00;280;Acidente com vítima;389;BR-101/ES;Sul;Colisão Frontal;1;0;1;0;0;0;;;;;1;0;1;0;0
08/02/2015;19:27:00;307;Acidente com vítima;40;BR-101/ES;Sul;Capotamento;1;0;0;0;0;0;;;;;0;1;0;0;0
08/02/2015;19:48:00;314;Atropelamento sem Morte;91;BR-101/ES;Sul;Atropelamento;1;0;0;0;0;0;;;;;1;0;0;1;0
08/02/2015;21:27:00;334;Acidente com vítima;104;BR-101/ES;Norte;Colisão Frontal;2;0;0;1;0;0;;;;;1;0;3;1;0
08/02/2015;00:50:00;10;Acidente com vítima;119;BR-101/ES;Sul;Queda de Moto;0;0;0;1;0;0;;;;;0;1;0;0;0
08/02/2015;21:42:00;336;Acidente com vítima;141;BR-101/ES;Sul;Atropelamento e Fuga;1;0;0;0;0;0;;;;;0;1;0;0;0
08/02/2015;06:08:00;72;Acidente com vítima;151;BR-101/ES;Sul;Atropelamento - Equino;0;0;0;1;0;0;;;;;0;1;0;0;0
08/02/2015;06:37:00;75;Acidente sem Vítima;151;BR-101/ES;Norte;Atropelamento - Equino;1;0;0;0;0;0;;;;;3;0;0;0;0
08/02/2015;11:47:00;179;Acidente sem Vítima;177;BR-101/ES;Sul;Colisão Traseira;1;0;1;0;0;0;;;;;6;0;0;0;0
08/02/2015;15:43:00;247;Acidente sem Vítima;262;BR-101/ES;Sul;Colisão Lateral;0;1;0;0;5;0;;;;;4;0;0;0;0
08/02/2015;03:36:00;39;Atropelamento com Morte;263;BR-101/ES;Norte;Atropelamento;0;1;0;0;0;0;;;;;1;0;0;0;1
08/02/2015;09:15:00;124;Acidente sem Vítima;268;BR-101/ES;Norte;Colisão Traseira;2;0;0;0;0;0;;;;;2;0;0;0;0
08/02/2015;15:56:00;250;Acidente sem Vítima;270;BR-101/ES;Sul;Colisão Traseira;0;0;1;0;2;0;;;;;2;0;0;0;0
08/02/2015;16:20:00;257;Acidente sem Vítima;270,5;BR-101/ES;Sul;Colisão Traseira;2;0;0;0;0;0;;;;;2;0;0;0;0
08/02/2015;21:49:00;338;Acidente sem Vítima;280;BR-101/ES;Sul;Atropelamento - Animal;1;0;0;0;0;0;;;;;1;0;0;0;0
08/02/2015;05:11:00;62;Acidente sem Vítima;291;BR-101/ES;Sul;Choque com Objeto Fixo;1;0;0;0;0;0;;;;;1;0;0;0;0
08/02/2015;20:29:00;320;Acidente sem Vítima;315;BR-101/ES;Norte;Atropelamento - Animal;1;0;0;0;0;0;;;;;1;0;0;0;0
09/02/2015;14:54:00;263;Acidente sem Vítima;90;BR-101/ES;Sul;Colisão Transversal;1;0;1;0;0;0;;;;;2;0;0;0;0
09/02/2015;23:41:00;396;Acidente sem Vítima;97;BR-101/ES;Norte;Choque;1;0;0;0;0;0;;;;;2;0;0;0;0
09/02/2015;13:43:00;236;Acidente sem Vítima;146;BR-101/ES;Sul;Engavetamento;4;0;0;0;0;0;;;;;6;0;0;0;0
09/02/2015;13:04:00;218;Acidente com vítima;147;BR-101/ES;Sul;Colisão Transversal;1;0;0;1;0;0;;;;;3;2;0;0;0
09/02/2015;07:29:00;66;Acidente com vítima;223;BR-101/ES;Norte;Colisão Transversal;1;0;1;0;0;0;;;;;1;1;0;0;0
09/02/2015;19:49:00;342;Acidente sem Vítima;229;BR-101/ES;Norte;Colisão Transversal;1;0;0;0;2;0;;;;;2;0;0;0;0
09/02/2015;10:17:00;133;Acidente com vítima;255;BR-101/ES;Sul;Colisão Traseira;2;0;0;0;0;0;;;;;2;1;0;0;0
09/02/2015;16:16:00;293;Acidente sem Vítima;264;BR-101/ES;Norte;Engavetamento;3;1;0;0;0;0;;;;;4;0;0;0;0
09/02/2015;16:52:00;303;Acidente sem Vítima;264;BR-101/ES;Norte;Colisão Traseira;2;0;0;0;0;0;;;;;2;0;0;0;0
09/02/2015;11:33:00;172;Acidente com vítima;268;BR-101/ES;Norte;Colisão Lateral;3;0;0;0;0;0;;;;;3;1;0;0;0
09/02/2015;11:12:00;159;Acidente com vítima;269;BR-101/ES;Sul;Colisão Traseira;1;0;0;1;0;0;;;;;1;0;1;0;0
09/02/2015;14:04:00;241;Acidente com vítima;269;BR-101/ES;Sul;Colisão Traseira;2;0;0;0;0;0;;;;;2;1;0;0;0
09/02/2015;20:41:00;361;Acidente sem Vítima;269;BR-101/ES;Norte;Choque com Objeto Fixo;1;0;0;0;0;0;;;;;2;0;0;0;0
09/02/2015;12:49:00;213;Acidente com vítima;299;BR-101/ES;Sul;Colisão;0;0;2;0;0;0;;;;;3;0;1;0;0
09/02/2015;23:15:00;392;Acidente sem Vítima;299;BR-101/ES;Sul;Colisão Traseira;2;0;0;0;0;0;;;;;5;0;0;0;0
09/02/2015;07:36:00;69;Acidente com vítima;301;BR-101/ES;Sul;Queda de Moto;0;0;0;1;0;0;;;;;0;1;0;0;0
09/02/2015;16:59:00;304;Acidente sem Vítima;328;BR-101/ES;Sul;Saída de Pista;0;0;0;0;2;0;;;;;2;0;0;0;0
09/02/2015;05:53:00;50;Acidente com vítima;422;BR-101/ES;Sul;Tombamento;0;0;1;0;0;0;;;;;0;1;0;0;0
09/02/2015;16:21:00;295;Acidente sem Vítima;439;BR-101/ES;Norte;Saída de Pista;1;0;0;0;0;0;;;;;1;0;0;0;0