data;horario;n_da_ocorrencia;tipo_de_ocorrencia;km;trecho;sentido;tipo_de_acidente;automovel;bicicleta;caminhao;moto;onibus;outros;tracao_animal;transporte_de_cargas_especiais;trator_maquinas;utilitarios;ilesos;levemente_feridos;moderadamente_feridos;gravemente_feridos;mortos
10/03/2015;16:53:00;268;Acidente sem Vítima;283;BR-101/ES;Sul;Choque com Objeto Fixo;1;0;0;0;0;0;;;;;1;0;0;0;0
10/03/2015;12:59:00;189;Acidente com vítima;285;BR-101/ES;Sul;Queda de Moto;0;0;0;1;0;0;;;;;0;0;2;0;0
10/03/2015;19:56:00;315;Acidente com vítima;286;BR-101/ES;Norte;Colisão Lateral;0;0;1;1;0;0;;;;;1;0;1;0;0
10/03/2015;07:42:00;77;Acidente sem Vítima;292,6;BR-101/ES;Norte;Colisão Traseira;1;0;1;0;0;0;;;;;4;0;0;0;0
10/03/2015;12:12:00;173;Acidente sem Vítima;319;BR-101/ES;Sul;Colisão Traseira;2;0;2;0;0;0;;;;;12;0;0;0;0
10/03/2015;11:15:00;152;Acidente sem Vítima;351;BR-101/ES;Norte;Choque;1;0;2;0;0;0;;;;;3;0;0;0;0
10/03/2015;06:26:00;61;Acidente sem Vítima;434;BR-101/ES;Sul;Saída de Pista;1;0;0;0;0;0;;;;;2;0;0;0;0
11/03/2015;17:03:00;299;Acidente sem Vítima;144;BR-101/ES;Sul;Colisão Lateral;1;0;2;0;0;0;;;;;3;0;0;0;0
11/03/2015;07:01:00;68;Acidente sem Vítima;239;BR-101/ES;Sul;Choque;1;0;2;0;0;0;;;;;3;0;0;0;0
11/03/2015;08:08:00;99;Acidente sem Vítima;239;BR-101/ES;Sul;Choque com Veículo Estacionado;1;0;1;0;0;0;;;;;2;0;0;0;0
11/03/2015;15:14:00;266;Acidente sem Vítima;264;BR-101/ES;Norte;Colisão Traseira;1;0;1;0;0;0;;;;;2;0;0;0;0
11/03/2015;18:08:00;316;Acidente sem Vítima;266;BR-101/ES;Sul;Colisão Traseira;1;0;0;1;0;0;;;;;4;0;0;0;0
11/03/2015;19:29:00;329;Acidente sem Vítima;269;BR-101/ES;Sul;Colisão Traseira;1;0;1;0;0;0;;;;;3;0;0;0;0
11/03/2015;09:24:00;136;Acidente sem Vítima;270,3;BR-101/ES;Norte;Colisão Lateral;1;0;1;0;0;0;;;;;2;0;0;0;0
11/03/2015;09:40:00;146;Acidente sem Vítima;298;BR-101/ES;Norte;Colisão Traseira;2;0;0;0;0;0;;;;;4;0;0;0;0
11/03/2015;17:27:00;304;Acidente sem Vítima;357;BR-101/ES;Sul;Colisão Traseira;1;0;2;0;0;0;;;;;3;0;0;0;0
12/03/2015;19:03:00;279;Acidente sem Vítima;65;BR-101/ES;Norte;Engavetamento;2;0;2;0;0;0;;;;;6;0;0;0;0
12/03/2015;03:43:00;39;Acidente sem Vítima;77;BR-101/ES;Norte;Colisão Lateral;0;0;8;0;0;0;;;;;3;0;0;0;0
12/03/2015;20:36:00;315;Acidente com vítima;192;BR-101/ES;Norte;Queda de Moto;0;0;0;1;0;0;;;;;0;2;0;0;0
12/03/2015;07:36:00;81;Acidente sem Vítima;264;BR-101/ES;Sul;Colisão Traseira;2;0;0;0;0;0;;;;;3;0;0;0;0
12/03/2015;20:04:00;300;Acidente sem Vítima;270;BR-101/ES;Sul;Colisão Lateral;2;0;0;0;0;0;;;;;2;0;0;0;0
12/03/2015;07:00:00;69;Acidente com vítima;288;BR-101/ES;Sul;Colisão Traseira;1;0;0;1;0;0;;;;;1;1;0;0;0
12/03/2015;07:42:00;84;Acidente sem Vítima;288;BR-101/ES;Sul;Colisão Lateral;2;0;0;0;0;0;;;;;2;0;0;0;0
12/03/2015;18:14:00;269;Acidente sem Vítima;359;BR-101/ES;Norte;Saída de Pista;1;0;0;0;0;0;;;;;4;0;0;0;0
12/03/2015;20:40:00;316;Acidente com vítima;386;BR-101/ES;Sul;Colisão Transversal;1;0;0;1;0;0;;;;;2;0;1;0;0
12/03/2015;10:09:00;134;Acidente com vítima;948;BR-101/BA;Norte;Colisão Transversal;1;0;2;0;0;0;;;;;2;0;1;0;0
13/03/2015;06:39:00;80;Acidente sem Vítima;147;BR-101/ES;Norte;Colisão Traseira;1;0;0;1;0;0;;;;;2;0;0;0;0
13/03/2015;07:14:00;89;Acidente com vítima;147,4;BR-101/ES;Norte;Colisão Lateral;1;0;0;1;0;0;;;;;1;0;1;0;0
13/03/2015;20:04:00;372;Acidente sem Vítima;148;BR-101/ES;Norte;Colisão Traseira;1;0;0;1;0;0;;;;;3;0;0;0;0
13/03/2015;12:27:00;209;Acidente sem Vítima;151;BR-101/ES;Norte;Colisão Traseira;2;0;0;0;0;0;;;;;3;0;0;0;0
13/03/2015;12:19:00;204;Acidente com vítima;245;BR-101/ES;Norte;Saída de Pista;1;0;0;0;0;0;;;;;0;1;0;0;0
13/03/2015;17:52:00;335;Acidente sem Vítima;261;BR-101/ES;Norte;Saída de Pista;0;0;2;0;0;0;;;;;1;0;0;0;0
13/03/2015;18:19:00;342;Acidente sem Vítima;262;BR-101/ES;Sul;Colisão Lateral;1;0;0;1;0;0;;;;;2;0;0;0;0
13/03/2015;17:24:00;328;Acidente com vítima;263;BR-101/ES;Sul;Saída de Pista;1;0;1;1;0;0;;;;;2;2;1;0;0
13/03/2015;18:54:00;354;Acidente sem Vítima;263;BR-101/ES;Norte;Engavetamento;3;0;0;0;0;0;;;;;4;0;0;0;0
13/03/2015;17:16:00;324;Acidente sem Vítima;265;BR-101/ES;Norte;Colisão Traseira;1;0;1;0;0;0;;;;;2;0;0;0;0
13/03/2015;13:06:00;231;Acidente sem Vítima;266;BR-101/ES;Sul;Colisão Lateral;1;0;3;0;0;0;;;;;2;0;0;0;0
13/03/2015;20:51:00;387;Acidente sem Vítima;266;BR-101/ES;Norte;Colisão Transversal;1;0;0;1;0;0;;;;;2;0;0;0;0
13/03/2015;18:35:00;346;Atropelamento sem Morte;267;BR-101/ES;Norte;Atropelamento;1;0;0;0;0;0;;;;;1;1;0;0;0
13/03/2015;15:44:00;302;Acidente sem Vítima;269;BR-101/ES;Norte;Colisão Traseira;2;0;0;0;0;0;;;;;2;0;0;0;0
13/03/2015;21:12:00;394;Acidente sem Vítima;326;BR-101/ES;Norte;Saída de Pista;0;0;3;0;0;0;;;;;1;0;0;0;0
13/03/2015;10:47:00;163;Acidente sem Vítima;393;BR-101/ES;Sul;Colisão Lateral;2;0;0;0;0;0;;;;;4;0;0;0;0
13/03/2015;21:04:00;390;Acidente sem Vítima;448;BR-101/ES;Norte;Choque com Objeto Fixo;1;0;0;0;0;0;;;;;2;0;0;0;0
14/03/2015;20:31:00;340;Acidente com vítima;63;BR-101/ES;Sul;Queda de Moto;0;0;0;1;0;0;;;;;0;0;0;1;0
14/03/2015;15:43:00;252;Acidente sem Vítima;75;BR-101/ES;Sul;Veículo em Chamas;1;0;0;0;0;0;;;;;1;0;0;0;0
14/03/2015;01:48:00;20;Acidente com vítima;107;BR-101/ES;Norte;Colisão Traseira;2;0;0;0;0;0;;;;;0;2;0;0;0
14/03/2015;04:41:00;48;Acidente com vítima;160;BR-101/ES;Norte;Colisão Lateral;2;0;2;0;0;0;;;;;2;1;0;0;0
14/03/2015;08:59:00;115;Acidente com vítima;166;BR-101/ES;Norte;Engavetamento;3;0;0;0;0;0;;;;;6;1;0;0;0
14/03/2015;04:29:00;45;Acidente com Morte;207;BR-101/ES;Sul;Colisão Frontal;1;0;0;1;0;0;;;;;1;0;0;0;1
14/03/2015;15:28:00;247;Acidente sem Vítima;241;BR-101/ES;Sul;Saída de Pista;1;0;0;0;0;0;;;;;2;0;0;0;0
14/03/2015;08:48:00;113;Acidente com vítima;264;BR-101/ES;Sul;Queda de ciclista;0;1;0;0;0;0;;;;;0;1;0;0;0
14/03/2015;15:39:00;250;Acidente sem Vítima;264;BR-101/ES;Norte;Veículo em Chamas;1;0;0;0;0;0;;;;;1;0;0;0;0
14/03/2015;01:05:00;15;Acidente sem Vítima;268;BR-101/ES;Norte;Colisão Traseira;1;0;1;0;0;0;;;;;2;0;0;0;0
14/03/2015;02:42:00;30;Acidente com vítima;293;BR-101/ES;Sul;Queda de Moto;0;0;0;1;0;0;;;;;0;0;0;1;0
14/03/2015;19:02:00;307;Acidente com vítima;301;BR-101/ES;Norte;Colisão Transversal;1;0;0;1;0;0;;;;;1;1;1;0;0
14/03/2015;08:57:00;114;Acidente sem Vítima;393;BR-101/ES;Norte;Queda de Moto;0;0;0;1;0;0;;;;;1;0;0;0;0
14/03/2015;06:11:00;68;Acidente sem Vítima;394;BR-101/ES;Norte;Veículo em Chamas;1;0;0;0;0;0;;;;;1;0;0;0;0
14/03/2015;15:00:00;237;Acidente com vítima;432;BR-101/ES;Norte;Colisão Transversal;1;0;0;1;0;0;;;;;1;0;1;0;0
14/03/2015;01:12:00;16;Acidente sem Vítima;447;BR-101/ES;Sul;Saída de Pista;1;0;0;0;0;0;;;;;4;0;0;0;0
15/03/2015;19:04:00;283;Acidente com vítima;67;BR-101/ES;Norte;Colisão Lateral;1;0;0;1;0;0;;;;;1;2;0;0;0
15/03/2015;20:10:00;301;Acidente com vítima;68;BR-101/ES;Norte;Colisão;1;1;0;0;0;0;;;;;1;1;0;0;0
15/03/2015;14:51:00;224;Acidente com vítima;115;BR-101/ES;Sul;Queda de Moto;0;0;0;1;0;0;;;;;0;2;0;0;0
15/03/2015;05:40:00;66;Acidente sem Vítima;116;BR-101/ES;Sul;Saída de Pista;1;0;0;0;0;0;;;;;3;0;0;0;0
15/03/2015;14:23:00;215;Acidente com vítima;143;BR-101/ES;Norte;Choque com Objeto Fixo;1;0;0;0;0;0;;;;;0;2;0;0;0
15/03/2015;10:43:00;148;Acidente com vítima;144;BR-101/ES;Sul;Colisão Lateral;2;0;0;1;0;0;;;;;5;0;2;0;0
15/03/2015;19:25:00;292;Acidente com vítima;147;BR-101/ES;Sul;Colisão Lateral;1;0;0;1;1;0;;;;;4;1;0;0;0
15/03/2015;16:57:00;258;Acidente sem Vítima;213;BR-101/ES;Norte;Colisão Traseira;2;0;0;0;0;0;;;;;2;0;0;0;0
15/03/2015;16:14:00;245;Acidente sem Vítima;254;BR-101/ES;Sul;Colisão Traseira;1;0;0;1;0;0;;;;;7;0;0;0;0
15/03/2015;02:27:00;28;Acidente sem Vítima;260;BR-101/ES;Sul;Saída de Pista;1;0;0;0;0;0;;;;;2;0;0;0;0
15/03/2015;22:04:00;328;Acidente sem Vítima;269;BR-101/ES;Sul;Choque com Objeto Fixo;1;0;0;0;0;0;;;;;1;0;0;0;0
15/03/2015;07:57:00;94;Acidente com vítima;272;BR-101/ES;Sul;Queda de Moto;0;0;0;1;0;0;;;;;1;1;0;0;0
15/03/2015;05:07:00;62;Acidente sem Vítima;276;BR-101/ES;Norte;Saída de Pista;1;0;0;0;0;0;;;;;1;0;0;0;0
15/03/2015;14:54:00;226;Acidente sem Vítima;301;BR-101/ES;Sul;Colisão Traseira;1;0;2;0;0;0;;;;;2;0;0;0;0
15/03/2015;23:10:00;341;Acidente sem Vítima;331;BR-101/ES;Sul;Atropelamento - Animal;1;0;0;0;0;0;;;;;1;0;0;0;0
16/03/2015;19:16:00;334;Acidente com vítima;56;BR-101/ES;Sul;Queda de Moto;0;0;0;1;0;0;;;;;0;1;0;0;0
16/03/2015;15:50:00;278;Acidente sem Vítima;150;BR-101/ES;Sul;Colisão Lateral;2;0;2;0;0;0;;;;;8;0;0;0;0
16/03/2015;08:57:00;158;Acidente com vítima;154;BR-101/ES;Norte;Colisão Traseira;0;0;1;1;0;0;;;;;1;0;1;0;0
16/03/2015;21:56:00;371;Acidente sem Vítima;215,5;BR-101/ES;Sul;Colisão Lateral;1;0;0;0;1;0;;;;;3;0;0;0;0
16/03/2015;14:36:00;259;Acidente com vítima;265,7;BR-101/ES;Norte;Choque com Objeto Fixo;1;1;0;0;0;0;;;;;1;1;0;0;0
16/03/2015;17:58:00;317;Acidente com vítima;266;BR-101/ES;Norte;Colisão Lateral;1;0;0;1;0;0;;;;;1;1;0;0;0
16/03/2015;17:55:00;316;Acidente sem Vítima;269;BR-101/ES;Sul;Colisão Traseira;2;0;0;0;0;0;;;;;2;0;0;0;0
16/03/2015;17:46:00;313;Acidente sem Vítima;277;BR-101/ES;Sul;Tombamento;1;0;1;0;0;0;;;;;4;0;0;0;0
16/03/2015;05:01:00;68;Acidente sem Vítima;291;BR-101/ES;Sul;Saída de Pista;1;0;0;0;0;0;;;;;1;0;0;0;0
16/03/2015;18:26:00;323;Acidente com vítima;291;BR-101/ES;Sul;Colisão Lateral;1;0;0;1;0;0;;;;;1;1;0;0;0
16/03/2015;09:17:00;162;Atropelamento sem Morte;371;BR-101/ES;Norte;Atropelamento;1;0;0;0;0;0;;;;;1;1;0;0;0
16/03/2015;07:09:00;95;Acidente sem Vítima;399;BR-101/ES;Norte;Colisão Traseira;1;0;1;0;0;0;;;;;3;0;0;0;0
17/03/2015;11:50:00;187;Acidente sem Vítima;67;BR-101/ES;Sul;Colisão;2;0;0;0;0;0;;;;;2;0;0;0;0
17/03/2015;14:13:00;250;Acidente com vítima;148;BR-101/ES;Sul;Queda de Moto;0;0;0;1;0;0;;;;;0;1;0;0;0
17/03/2015;23:35:00;376;Acidente sem Vítima;149;BR-101/ES;Norte;Colisão Transversal;1;0;1;0;0;0;;;;;3;0;0;0;0
17/03/2015;09:39:00;154;Acidente sem Vítima;170;BR-101/ES;Norte;Colisão Traseira;1;0;2;0;0;0;;;;;1;0;0;0;0
17/03/2015;06:35:00;82;Acidente com vítima;211;BR-101/ES;Norte;Saída de Pista;1;0;0;0;0;0;;;;;0;0;1;0;0
17/03/2015;09:42:00;156;Acidente com vítima;218,5;BR-101/ES;Sul;Colisão Lateral;1;0;2;0;0;0;;;;;1;1;0;0;0
17/03/2015;19:10:00;322;Acidente sem Vítima;256;BR-101/ES;Sul;Colisão Transversal;2;0;0;0;0;0;;;;;2;0;0;0;0
17/03/2015;07:47:00;104;Acidente com vítima;259;BR-101/ES;Sul;Colisão Traseira;2;0;0;0;0;0;;;;;2;1;0;0;0
17/03/2015;13:45:00;237;Acidente sem Vítima;264;BR-101/ES;Sul;Colisão Traseira;2;0;0;0;0;0;;;;;2;0;0;0;0
17/03/2015;11:25:00;172;Acidente sem Vítima;265;BR-101/ES;Sul;Saída de Pista;1;0;0;0;0;0;;;;;1;0;0;0;0
17/03/2015;22:06:00;364;Acidente sem Vítima;265;BR-101/ES;Norte;Colisão Traseira;1;0;0;1;0;0;;;;;2;0;0;0;0
17/03/2015;15:18:00;271;Acidente sem Vítima;267;BR-101/ES;Norte;Colisão Lateral;1;0;2;0;0;0;;;;;6;0;0;0;0
17/03/2015;22:03:00;363;Acidente com vítima;308;BR-101/ES;Sul;Colisão Transversal;2;0;0;0;0;0;;;;;1;3;0;0;0
17/03/2015;19:57:00;330;Acidente sem Vítima;349;BR-101/ES;Norte;Choque;1;0;1;0;0;0;;;;;5;0;0;0;0
18/03/2015;12:13:00;206;Acidente sem Vítima;201;BR-101/ES;Norte;Colisão Traseira;1;0;1;0;0;0;;;;;2;0;0;0;0
18/03/2015;15:29:00;279;Acidente sem Vítima;263;BR-101/ES;Norte;Colisão Traseira;0;0;2;0;0;0;;;;;3;0;0;0;0
18/03/2015;09:19:00;128;Acidente sem Vítima;265;BR-101/ES;Norte;Colisão Lateral;2;0;0;0;0;0;;;;;2;0;0;0;0
18/03/2015;20:22:00;365;Acidente com vítima;269;BR-101/ES;Norte;Colisão;1;1;0;0;0;0;;;;;2;1;0;0;0
18/03/2015;17:54:00;333;Acidente com vítima;289;BR-101/ES;Sul;Queda de Moto;0;0;0;1;0;0;;;;;0;0;1;0;0
18/03/2015;07:49:00;93;Acidente sem Vítima;317;BR-101/ES;Sul;Choque;0;0;4;0;0;0;;;;;2;0;0;0;0
18/03/2015;14:56:00;271;Acidente sem Vítima;327;BR-101/ES;Sul;Queda de Moto;0;0;0;1;0;0;;;;;1;0;0;0;0
18/03/2015;09:36:00;139;Acidente sem Vítima;357;BR-101/ES;Sul;Saída de Pista;1;0;0;0;0;0;;;;;2;0;0;0;0
18/03/2015;15:53:00;290;Acidente com vítima;376;BR-101/ES;Norte;Queda de Moto;0;0;0;1;0;0;;;;;0;1;0;0;0
18/03/2015;07:32:00;85;Acidente sem Vítima;394,5;BR-101/ES;Norte;Colisão Frontal;2;0;0;0;0;0;;;;;4;0;0;0;0
18/03/2015;11:29:00;185;Acidente sem Vítima;421;BR-101/ES;Norte;Colisão Transversal;1;0;3;0;0;0;;;;;2;0;0;0;0
18/03/2015;01:42:00;17;Acidente sem Vítima;942;BR-101/BA;Norte;Saída de Pista;0;0;1;0;0;0;;;;;2;0;0;0;0
19/03/2015;23:55:00;401;Acidente com vítima;68;BR-101/ES;Norte;Colisão Traseira;1;0;1;0;0;0;;;;;1;2;0;0;0
19/03/2015;10:13:00;158;Acidente sem Vítima;172;BR-101/ES;Norte;Colisão Traseira;1;0;2;0;0;0;;;;;3;0;0;0;0
19/03/2015;15:54:00;278;Acidente com vítima;181;BR-101/ES;Norte;Saída de Pista;1;0;0;0;0;0;;;;;2;1;0;0;0
19/03/2015;11:10:00;177;Acidente sem Vítima;204;BR-101/ES;Norte;Engavetamento;3;0;0;0;0;0;;;;;4;0;0;0;0
19/03/2015;09:48:00;152;Acidente sem Vítima;268;BR-101/ES;Norte;Colisão Lateral;2;0;0;0;0;0;;;;;2;0;0;0;0
19/03/2015;19:27:00;332;Acidente sem Vítima;269;BR-101/ES;Sul;Engavetamento;3;0;0;0;0;0;;;;;3;0;0;0;0
19/03/2015;07:13:00;92;Acidente com vítima;297;BR-101/ES;Norte;Colisão Lateral;2;0;2;0;0;0;;;;;3;0;3;0;0
19/03/2015;20:35:00;354;Acidente sem Vítima;383;BR-101/ES;Norte;Tombamento;0;0;1;0;0;0;;;;;2;0;0;0;0
19/03/2015;07:00:00;88;Acidente com vítima;395;BR-101/ES;Sul;Colisão Transversal;2;0;0;0;0;0;;;;;4;1;0;0;0
19/03/2015;15:36:00;274;Acidente com vítima;939,4;BR-101/BA;Sul;Choque com Objeto Fixo;0;0;1;0;0;0;;;;;2;1;0;0;0
20/03/2015;16:04:00;252;Acidente com vítima;36;BR-101/ES;Sul;Saída de Pista;0;0;0;1;0;0;;;;;0;1;0;0;0
20/03/2015;17:55:00;284;Acidente com vítima;58,5;BR-101/ES;Norte;Queda de Moto;0;0;0;1;0;0;;;;;0;2;0;0;0
20/03/2015;22:30:00;351;Acidente sem Vítima;264;BR-101/ES;Norte;Colisão Traseira;2;0;0;0;0;0;;;;;2;0;0;0;0
20/03/2015;19:28:00;306;Acidente sem Vítima;269;BR-101/ES;Sul;Colisão Traseira;2;0;0;0;0;0;;;;;2;0;0;0;0
20/03/2015;09:24:00;123;Acidente sem Vítima;273;BR-101/ES;Norte;Saída de Pista;1;0;0;0;0;0;;;;;1;0;0;0;0
20/03/2015;17:13:00;274;Acidente com vítima;280;BR-101/ES;Norte;Queda de Moto;0;0;0;1;0;0;;;;;0;2;0;0;0
20/03/2015;18:28:00;290;Acidente com vítima;310;BR-101/ES;Norte;Queda de Moto;0;0;0;1;0;0;;;;;0;0;1;0;0
20/03/2015;18:10:00;287;Acidente sem Vítima;321;BR-101/ES;Norte;Saída de Pista;1;0;0;0;0;0;;;;;1;0;0;0;0
21/03/2015;19:12:00;327;Acidente sem Vítima;142;BR-101/ES;Sul;Engavetamento;3;0;0;0;0;0;;;;;4;0;0;0;0
21/03/2015;07:43:00;94;Acidente com vítima;149;BR-101/ES;Sul;Colisão Traseira;0;0;2;0;0;0;;;;;1;0;1;0;0
21/03/2015;11:39:00;192;Acidente com vítima;162;BR-101/ES;Sul;Queda de Moto;0;0;0;1;0;0;;;;;0;1;0;0;0
21/03/2015;14:29:00;258;Acidente sem Vítima;214;BR-101/ES;Sul;Saída de Pista;1;0;0;0;0;0;;;;;3;0;0;0;0
21/03/2015;15:53:00;284;Acidente com vítima;247,2;BR-101/ES;Sul;Colisão Transversal;1;0;2;0;0;0;;;;;4;0;1;0;0
21/03/2015;09:45:00;146;Acidente sem Vítima;256;BR-101/ES;Norte;Colisão Traseira;2;0;0;0;0;0;;;;;8;0;0;0;0
21/03/2015;20:22:00;343;Acidente sem Vítima;261;BR-101/ES;Norte;Engavetamento;3;0;0;0;0;0;;;;;3;0;0;0;0
21/03/2015;09:35:00;141;Acidente com vítima;263;BR-101/ES;Norte;Colisão;0;1;1;0;0;0;;;;;1;0;1;0;0
21/03/2015;21:18:00;359;Acidente com vítima;266;BR-101/ES;Norte;Saída de Pista;1;0;0;0;0;0;;;;;0;0;1;0;0
21/03/2015;23:22:00;377;Acidente sem Vítima;276;BR-101/ES;Sul;Saída de Pista;1;0;0;0;0;0;;;;;2;0;0;0;0
21/03/2015;13:09:00;234;Acidente sem Vítima;278;BR-101/ES;Sul;Saída de Pista;1;0;0;0;0;0;;;;;1;0;0;0;0
21/03/2015;18:11:00;321;Acidente sem Vítima;292;BR-101/ES;Norte;Colisão Traseira;2;0;0;0;0;0;;;;;2;0;0;0;0
21/03/2015;19:01:00;326;Acidente sem Vítima;296;BR-101/ES;Sul;Colisão Traseira;2;0;0;0;0;0;;;;;2;0;0;0;0
21/03/2015;20:11:00;338;Acidente sem Vítima;301,5;BR-101/ES;Sul;Choque com Objeto Fixo;0;0;1;0;0;0;;;;;1;0;0;0;0
21/03/2015;13:00:00;227;Acidente sem Vítima;302;BR-101/ES;Sul;Choque;1;0;0;0;0;0;;;;;1;0;0;0;0
21/03/2015;17:34:00;314;Acidente com vítima;339;BR-101/ES;Norte;Saída de Pista;1;0;0;0;0;0;;;;;2;0;1;1;0
21/03/2015;16:42:00;298;Acidente sem Vítima;348;BR-101/ES;Sul;Saída de Pista;1;0;0;0;0;0;;;;;1;0;0;0;0
21/03/2015;16:46:00;299;Acidente sem Vítima;361;BR-101/ES;Sul;Capotamento;1;0;0;0;0;0;;;;;5;0;0;0;0
21/03/2015;11:42:00;194;Acidente sem Vítima;372;BR-101/ES;Sul;Colisão Frontal;1;0;2;0;0;0;;;;;3;0;0;0;0
22/03/2015;10:24:00;126;Acidente sem Vítima;21;BR-101/ES;Sul;Saída de Pista;0;0;1;0;0;0;;;;;1;0;0;0;0
22/03/2015;14:47:00;217;Acidente com vítima;134,5;BR-101/ES;Sul;Capotamento;1;0;0;0;0;0;;;;;0;1;0;0;0
22/03/2015;02:58:00;26;Acidente com vítima;148;BR-101/ES;Norte;Choque com Objeto Fixo;1;0;0;0;0;0;;;;;0;0;1;0;0
22/03/2015;22:09:00;307;Acidente sem Vítima;148;BR-101/ES;Sul;Colisão Traseira;1;0;0;0;1;0;;;;;2;0;0;0;0
22/03/2015;17:20:00;250;Acidente sem Vítima;186;BR-101/ES;Norte;Saída de Pista;1;0;0;0;0;0;;;;;1;0;0;0;0
22/03/2015;18:21:00;263;Acidente sem Vítima;206;BR-101/ES;Sul;Queda de Moto;0;0;0;1;0;0;;;;;1;0;0;0;0
22/03/2015;09:22:00;108;Acidente com vítima;242;BR-101/ES;Norte;Queda de Moto;0;0;0;1;0;0;;;;;0;1;0;0;0
22/03/2015;17:01:00;241;Acidente sem Vítima;253;BR-101/ES;Sul;Engavetamento;3;0;0;0;0;0;;;;;3;0;0;0;0
22/03/2015;03:57:00;39;Acidente sem Vítima;266;BR-101/ES;Norte;Saída de Pista;1;0;0;0;0;0;;;;;4;0;0;0;0
22/03/2015;19:23:00;273;Acidente sem Vítima;277;BR-101/ES;Norte;Saída de Pista;1;0;0;0;0;0;;;;;1;0;0;0;0
22/03/2015;16:41:00;239;Acidente sem Vítima;285;BR-101/ES;Sul;Colisão Lateral;1;0;1;0;0;0;;;;;2;0;0;0;0
22/03/2015;19:18:00;272;Acidente com vítima;367;BR-101/ES;Sul;Saída de Pista;1;0;0;0;0;0;;;;;0;3;0;0;0
22/03/2015;18:56:00;269;Acidente com vítima;376;BR-101/ES;Norte;Colisão Transversal;1;0;0;1;0;0;;;;;3;2;0;0;0
22/03/2015;20:07:00;283;Acidente sem Vítima;391;BR-101/ES;Sul;Saída de Pista;0;0;1;0;0;0;;;;;1;0;0;0;0
22/03/2015;14:05:00;203;Acidente sem Vítima;448;BR-101/ES;Sul;Capotamento;1;0;0;0;0;0;;;;;1;0;0;0;0
22/03/2015;14:16:00;206;Acidente sem Vítima;450;BR-101/ES;Sul;Choque com Objeto Fixo;1;0;0;0;0;0;;;;;1;0;0;0;0
22/03/2015;22:32:00;312;Acidente sem Vítima;452;BR-101/ES;Sul;Capotamento;1;0;0;0;0;0;;;;;3;0;0;0;0
23/03/2015;09:20:00;116;Acidente com vítima;17;BR-101/ES;Norte;Colisão Lateral;1;0;0;1;0;0;;;;;2;2;0;0;0
23/03/2015;11:05:00;141;Acidente com vítima;231;BR-101/ES;Sul;Saída de Pista;1;0;0;0;0;0;;;;;0;1;0;0;0
23/03/2015;10:12:00;130;Acidente sem Vítima;267;BR-101/ES;Sul;Engavetamento;2;0;1;0;0;0;;;;;3;0;0;0;0
23/03/2015;10:29:00;135;Acidente sem Vítima;269;BR-101/ES;Norte;Colisão Traseira;2;0;0;0;0;0;;;;;2;0;0;0;0
23/03/2015;23:10:00;329;Acidente sem Vítima;270;BR-101/ES;Norte;Colisão Lateral;1;0;1;0;0;0;;;;;2;0;0;0;0
23/03/2015;15:17:00;222;Acidente sem Vítima;272;BR-101/ES;Norte;Saída de Pista;1;0;0;0;0;0;;;;;1;0;0;0;0
23/03/2015;14:31:00;209;Acidente sem Vítima;282;BR-101/ES;Norte;Saída de Pista;1;0;0;0;0;0;;;;;1;0;0;0;0
23/03/2015;09:54:00;125;Acidente sem Vítima;291;BR-101/ES;Sul;Colisão Traseira;0;0;2;0;0;0;;;;;2;0;0;0;0
23/03/2015;12:37:00;173;Acidente com Morte;310;BR-101/ES;Norte;Colisão Frontal;1;0;1;0;0;0;;;;;1;0;1;1;1
23/03/2015;11:01:00;140;Acidente sem Vítima;339;BR-101/ES;Norte;Colisão Lateral;2;0;3;0;0;0;;;;;4;0;0;0;0
23/03/2015;05:47:00;59;Acidente sem Vítima;450;BR-101/ES;Sul;Saída de Pista;1;0;0;0;0;0;;;;;1;0;0;0;0
23/03/2015;16:36:00;243;Acidente sem Vítima;458;BR-101/ES;Norte;Colisão Transversal;0;0;4;0;0;0;;;;;4;0;0;0;0
24/03/2015;19:29:00;283;Acidente sem Vítima;1,2;BR-101/ES;Sul;Colisão Traseira;0;0;6;0;0;0;;;;;3;0;0;0;0
24/03/2015;14:32:00;229;Acidente com vítima;60;BR-101/ES;Sul;Tombamento;0;0;4;0;0;0;;;;;0;1;0;0;0
24/03/2015;20:53:00;296;Acidente com vítima;111;BR-101/ES;Sul;Saída de Pista;1;0;1;0;0;0;;;;;3;0;1;0;0
24/03/2015;09:15:00;127;Acidente sem Vítima;148;BR-101/ES;Sul;Colisão Traseira;2;0;0;0;0;0;;;;;2;0;0;0;0
24/03/2015;18:09:00;266;Acidente com vítima;176;BR-101/ES;Sul;Colisão Traseira;1;0;0;1;0;0;;;;;1;0;1;0;0
24/03/2015;09:59:00;136;Acidente com vítima;257,5;BR-101/ES;Sul;Colisão Traseira;1;0;0;1;0;0;;;;;1;1;0;0;0
24/03/2015;17:26:00;255;Acidente sem Vítima;262;BR-101/ES;Norte;Colisão Lateral;0;0;0;2;0;0;;;;;2;0;0;0;0
24/03/2015;14:04:00;222;Acidente sem Vítima;270;BR-101/ES;Sul;Engavetamento;3;0;1;0;0;0;;;;;3;0;0;0;0
24/03/2015;19:43:00;287;Atropelamento com Morte;299;BR-101/ES;Norte;Atropelamento;2;0;0;0;0;0;;;;;2;0;0;0;1
25/03/2015;09:18:00;133;Acidente sem Vítima;67;BR-101/ES;Norte;Colisão Lateral;2;0;0;0;0;0;;;;;2;0;0;0;0