data;horario;n_da_ocorrencia;tipo_de_ocorrencia;km;trecho;sentido;tipo_de_acidente;automovel;bicicleta;caminhao;moto;onibus;outros;tracao_animal;transporte_de_cargas_especiais;trator_maquinas;utilitarios;ilesos;levemente_feridos;moderadamente_feridos;gravemente_feridos;mortos
25/03/2015;07:05:00;77;Acidente sem Vítima;127;BR-101/ES;Sul;Engavetamento;3;0;0;0;0;0;;;;;6;0;0;0;0
25/03/2015;12:22:00;185;Acidente com vítima;127;BR-101/ES;Norte;Colisão Traseira;1;0;1;0;0;0;;;;;1;1;0;0;0
25/03/2015;08:50:00;120;Acidente sem Vítima;148;BR-101/ES;Sul;Engavetamento;3;0;0;0;0;0;;;;;4;0;0;0;0
25/03/2015;08:55:00;124;Acidente sem Vítima;148;BR-101/ES;Sul;Engavetamento;2;0;0;2;0;0;;;;;4;0;0;0;0
25/03/2015;23:38:00;367;Acidente sem Vítima;207;BR-101/ES;Norte;Saída de Pista;1;0;0;0;0;0;;;;;2;0;0;0;0
25/03/2015;08:00:00;98;Acidente sem Vítima;213;BR-101/ES;Norte;Engavetamento;1;0;2;0;0;0;;;;;2;0;0;0;0
25/03/2015;14:32:00;225;Acidente com vítima;263;BR-101/ES;Norte;Queda de Moto;0;0;1;1;0;0;;;;;1;1;0;0;0
25/03/2015;15:22:00;245;Acidente sem Vítima;291;BR-101/ES;Norte;Colisão Traseira;2;0;0;0;0;0;;;;;2;0;0;0;0
25/03/2015;22:21:00;353;Acidente sem Vítima;293;BR-101/ES;Sul;Colisão Traseira;2;0;0;0;0;0;;;;;3;0;0;0;0
25/03/2015;19:41:00;310;Acidente sem Vítima;298;BR-101/ES;Norte;Colisão Traseira;1;0;2;0;0;0;;;;;2;0;0;0;0
26/03/2015;13:31:00;228;Acidente sem Vítima;1;BR-101/ES;Norte;Choque;1;0;0;0;0;0;;;;;1;0;0;0;0
26/03/2015;16:53:00;293;Acidente sem Vítima;50;BR-101/ES;Norte;Atropelamento - Animal;1;0;0;0;0;0;;;;;5;0;0;0;0
26/03/2015;14:02:00;242;Acidente sem Vítima;73;BR-101/ES;Sul;Colisão Lateral;1;0;1;0;0;0;;;;;2;0;0;0;0
26/03/2015;08:30:00;99;Acidente sem Vítima;83;BR-101/ES;Norte;Colisão Lateral;1;0;1;0;0;0;;;;;2;0;0;0;0
26/03/2015;18:22:00;315;Acidente com vítima;145;BR-101/ES;Sul;Colisão Transversal;1;0;0;1;0;0;;;;;2;1;0;0;0
26/03/2015;22:04:00;359;Acidente sem Vítima;269;BR-101/ES;Sul;Colisão Traseira;2;0;0;0;0;0;;;;;2;0;0;0;0
26/03/2015;16:47:00;288;Acidente sem Vítima;287;BR-101/ES;Norte;Saída de Pista;0;0;1;0;0;0;;;;;1;0;0;0;0
26/03/2015;03:16:00;33;Acidente sem Vítima;397;BR-101/ES;Norte;Atropelamento - Equino;0;0;2;0;0;0;;;;;1;0;0;0;0
26/03/2015;04:55:00;51;Acidente com Morte;416;BR-101/ES;Norte;Colisão Frontal;2;0;0;0;0;0;;;;;0;2;0;0;1
27/03/2015;20:08:00;337;Acidente com vítima;90;BR-101/ES;Norte;Queda de Moto;0;0;0;1;0;0;;;;;0;1;0;0;0
27/03/2015;08:50:00;125;Acidente sem Vítima;96;BR-101/ES;Sul;Colisão Traseira;2;0;0;0;0;0;;;;;2;0;0;0;0
27/03/2015;18:29:00;302;Acidente sem Vítima;146;BR-101/ES;Norte;Colisão Traseira;2;0;0;0;0;0;;;;;3;0;0;0;0
27/03/2015;12:25:00;191;Acidente com vítima;170;BR-101/ES;Norte;Queda de Moto;0;0;0;1;0;0;;;;;0;0;1;0;0
27/03/2015;09:53:00;139;Acidente sem Vítima;209;BR-101/ES;Norte;Colisão Lateral;1;0;1;0;0;0;;;;;4;0;0;0;0
27/03/2015;22:35:00;369;Acidente sem Vítima;264;BR-101/ES;Norte;Colisão Lateral;0;0;1;0;1;0;;;;;2;0;0;0;0
27/03/2015;23:40:00;380;Acidente com vítima;269;BR-101/ES;Norte;Colisão Traseira;1;0;0;1;0;0;;;;;2;1;0;0;0
27/03/2015;07:49:00;96;Acidente sem Vítima;270;BR-101/ES;Norte;Colisão Traseira;1;0;2;0;0;0;;;;;2;0;0;0;0
27/03/2015;09:58:00;141;Acidente sem Vítima;270;BR-101/ES;Norte;Colisão Transversal;1;0;2;0;0;0;;;;;2;0;0;0;0
27/03/2015;14:06:00;227;Acidente sem Vítima;291;BR-101/ES;Sul;Colisão Transversal;1;0;1;0;0;0;;;;;2;0;0;0;0
27/03/2015;12:45:00;200;Acidente com vítima;369;BR-101/ES;Sul;Colisão Lateral;1;0;1;0;0;0;;;;;1;1;0;0;0
27/03/2015;08:40:00;123;Acidente sem Vítima;386;BR-101/ES;Norte;Colisão Traseira;1;0;2;0;0;0;;;;;4;0;0;0;0
28/03/2015;17:21:00;284;Acidente sem Vítima;61;BR-101/ES;Sul;Colisão Traseira;2;0;0;0;0;0;;;;;9;0;0;0;0
28/03/2015;12:13:00;184;Acidente com vítima;148;BR-101/ES;Sul;Colisão Traseira;1;0;0;1;0;0;;;;;0;1;0;0;0
28/03/2015;03:14:00;36;Acidente sem Vítima;156;BR-101/ES;Norte;Saída de Pista;1;0;0;0;0;0;;;;;6;0;0;0;0
28/03/2015;17:08:00;276;Acidente com vítima;287;BR-101/ES;Sul;Colisão Lateral;1;0;0;1;0;0;;;;;1;1;0;1;0
28/03/2015;01:15:00;12;Acidente com vítima;300;BR-101/ES;Sul;Saída de Pista;1;0;0;0;0;0;;;;;0;0;1;0;0
28/03/2015;19:38:00;311;Acidente sem Vítima;318;BR-101/ES;Sul;Colisão Traseira;2;0;0;0;0;0;;;;;7;0;0;0;0
28/03/2015;01:25:00;13;Acidente com vítima;460;BR-101/ES;Norte;Tombamento;0;0;1;0;0;0;;;;;0;1;0;0;0
29/03/2015;20:58:00;311;Acidente sem Vítima;29;BR-101/ES;Norte;Queda de Moto;0;0;0;1;0;0;;;;;1;0;0;0;0
29/03/2015;04:52:00;66;Acidente sem Vítima;185;BR-101/ES;Sul;Saída de Pista;1;0;0;0;0;0;;;;;3;0;0;0;0
29/03/2015;09:25:00;117;Acidente sem Vítima;237;BR-101/ES;Norte;Saída de Pista;1;0;0;0;0;0;;;;;4;0;0;0;0
29/03/2015;17:53:00;266;Acidente sem Vítima;251;BR-101/ES;Sul;Colisão Traseira;2;0;0;0;0;0;;;;;5;0;0;0;0
29/03/2015;17:04:00;252;Acidente sem Vítima;262;BR-101/ES;Sul;Colisão Traseira;1;0;0;1;0;0;;;;;2;0;0;0;0
29/03/2015;21:19:00;315;Acidente com vítima;263;BR-101/ES;Sul;Engavetamento;3;0;0;0;0;0;;;;;3;1;0;0;0
29/03/2015;13:58:00;205;Acidente sem Vítima;266;BR-101/ES;Sul;Colisão Lateral;1;0;1;0;0;0;;;;;2;0;0;0;0
29/03/2015;12:00:00;171;Acidente sem Vítima;335;BR-101/ES;Norte;Queda de Moto;0;0;0;1;0;0;;;;;1;0;0;0;0
29/03/2015;14:34:00;217;Acidente sem Vítima;348,5;BR-101/ES;Norte;Saída de Pista;1;0;0;0;0;0;;;;;2;0;0;0;0
29/03/2015;14:16:00;211;Acidente com vítima;379;BR-101/ES;Norte;Queda de Moto;0;0;0;1;0;0;;;;;0;1;0;0;0
29/03/2015;17:11:00;256;Acidente com vítima;399;BR-101/ES;Norte;Colisão Traseira;1;0;1;0;0;0;;;;;0;2;0;0;0
29/03/2015;14:31:00;214;Acidente com vítima;414;BR-101/ES;Norte;Engavetamento;3;0;0;0;0;0;;;;;1;2;0;0;0
30/03/2015;18:47:00;318;Acidente sem Vítima;14;BR-101/ES;Sul;Colisão Lateral;0;0;4;0;0;0;;;;;2;0;0;0;0
30/03/2015;06:34:00;69;Acidente com vítima;125;BR-101/ES;Norte;Atropelamento e Fuga;0;0;0;1;0;0;;;;;0;0;1;0;0
30/03/2015;10:56:00;162;Acidente com vítima;163;BR-101/ES;Norte;Colisão Traseira;0;0;0;2;0;0;;;;;1;1;0;0;0
30/03/2015;19:48:00;346;Acidente sem Vítima;212;BR-101/ES;Norte;Colisão Transversal;2;0;0;0;0;0;;;;;5;0;0;0;0
30/03/2015;16:55:00;287;Acidente sem Vítima;237;BR-101/ES;Sul;Veículo em Chamas;0;0;2;0;0;0;;;;;1;0;0;0;0
30/03/2015;19:12:00;333;Acidente sem Vítima;261,5;BR-101/ES;Norte;Saída de Pista;1;0;1;0;0;0;;;;;2;0;0;0;0
30/03/2015;12:12:00;190;Acidente com vítima;265;BR-101/ES;Norte;Colisão Traseira;1;0;0;1;0;0;;;;;1;0;0;1;0
30/03/2015;10:35:00;157;Acidente sem Vítima;266;BR-101/ES;Norte;Colisão Traseira;1;0;1;0;0;0;;;;;2;0;0;0;0
30/03/2015;13:43:00;228;Acidente sem Vítima;266;BR-101/ES;Norte;Colisão Traseira;2;0;0;0;0;0;;;;;2;0;0;0;0
30/03/2015;17:52:00;302;Acidente com vítima;267;BR-101/ES;Norte;Colisão Traseira;1;0;0;1;0;0;;;;;2;0;1;0;0
30/03/2015;04:16:00;54;Acidente sem Vítima;287;BR-101/ES;Sul;Atropelamento - Equino;0;0;1;0;0;0;;;;;1;0;0;0;0
30/03/2015;07:14:00;81;Acidente sem Vítima;291;BR-101/ES;Norte;Colisão Lateral;0;0;2;0;0;1;;;;;2;0;0;0;0
30/03/2015;15:27:00;264;Acidente com vítima;314;BR-101/ES;Norte;Queda de Moto;0;0;0;1;0;0;;;;;0;2;0;0;0
30/03/2015;12:07:00;186;Acidente sem Vítima;362,5;BR-101/ES;Norte;Colisão Lateral;1;0;1;0;0;0;;;;;2;0;0;0;0
30/03/2015;10:00:00;139;Acidente com vítima;364;BR-101/ES;Norte;Colisão Traseira;1;0;1;0;0;0;;;;;2;1;0;0;0
30/03/2015;17:55:00;303;Acidente com vítima;412;BR-101/ES;Norte;Queda de Moto;0;0;0;1;0;0;;;;;0;0;1;0;0
31/03/2015;18:20:00;290;Acidente sem Vítima;144;BR-101/ES;Norte;Colisão Traseira;1;0;0;1;0;0;;;;;3;0;0;0;0
31/03/2015;11:19:00;172;Acidente com vítima;145;BR-101/ES;Sul;Colisão Traseira;1;0;0;1;0;0;;;;;1;1;0;0;0
31/03/2015;18:00:00;285;Acidente com vítima;230;BR-101/ES;Sul;Colisão Transversal;2;0;0;0;0;0;;;;;2;1;0;0;0
31/03/2015;09:05:00;112;Acidente com vítima;263;BR-101/ES;Sul;Colisão Lateral;3;0;1;0;0;0;;;;;2;5;0;0;0
31/03/2015;22:17:00;349;Acidente com vítima;263,8;BR-101/ES;Norte;Engavetamento;5;0;0;1;0;0;;;;;5;1;0;0;0
31/03/2015;23:27:00;357;Acidente com vítima;264;BR-101/ES;Norte;Queda de Moto;0;0;0;1;0;0;;;;;0;2;0;0;0
31/03/2015;08:23:00;101;Acidente sem Vítima;269;BR-101/ES;Sul;Engavetamento;5;0;0;0;0;0;;;;;5;0;0;0;0
31/03/2015;10:15:00;137;Acidente sem Vítima;270;BR-101/ES;Sul;Colisão Traseira;2;0;0;0;0;0;;;;;2;0;0;0;0
31/03/2015;15:24:00;245;Acidente sem Vítima;282;BR-101/ES;Norte;Saída de Pista;1;0;0;0;0;0;;;;;1;0;0;0;0
31/03/2015;18:45:00;293;Atropelamento com Morte;283,5;BR-101/ES;Sul;Atropelamento;0;0;0;1;0;0;;;;;0;0;1;0;1
31/03/2015;02:02:00;15;Acidente com vítima;285;BR-101/ES;Sul;Colisão Lateral;3;0;0;0;0;0;;;;;2;1;0;0;0
31/03/2015;19:40:00;304;Acidente sem Vítima;298;BR-101/ES;Norte;Colisão Lateral;1;0;2;0;0;0;;;;;2;0;0;0;0
31/03/2015;19:04:00;299;Acidente com vítima;299;BR-101/ES;Norte;Colisão Traseira;1;0;0;1;0;0;;;;;1;1;0;0;0
31/03/2015;18:56:00;295;Atropelamento sem Morte;429;BR-101/ES;Sul;Atropelamento;0;0;0;1;0;0;;;;;1;1;0;0;0
01/04/2015;17:43:00;328;Acidente sem Vítima;84;BR-101/ES;Norte;Colisão Traseira;0;0;3;0;0;0;;;;;4;0;0;0;0
01/04/2015;13:34:00;248;Acidente sem Vítima;110;BR-101/ES;Sul;Colisão Traseira;2;0;0;0;0;0;;;;;6;0;0;0;0
01/04/2015;15:08:00;270;Acidente com vítima;204;BR-101/ES;Sul;Colisão Frontal;1;0;1;0;0;0;;;;;1;2;0;0;0
01/04/2015;13:36:00;249;Acidente com vítima;248;BR-101/ES;Norte;Veículo em Chamas;0;0;2;0;0;0;;;;;0;1;0;0;0
01/04/2015;16:23:00;302;Acidente sem Vítima;264;BR-101/ES;Norte;Colisão Lateral;1;0;0;0;1;0;;;;;3;0;0;0;0
01/04/2015;06:43:00;90;Acidente com vítima;269;BR-101/ES;Sul;Colisão Lateral;1;0;0;1;0;0;;;;;1;0;1;0;0
01/04/2015;07:53:00;120;Acidente sem Vítima;270,5;BR-101/ES;Norte;Colisão Traseira;0;0;2;0;0;0;;;;;3;0;0;0;0
01/04/2015;14:51:00;266;Acidente sem Vítima;271;BR-101/ES;Norte;Engavetamento;2;0;1;0;0;0;;;;;4;0;0;0;0
01/04/2015;18:12:00;339;Acidente com vítima;314;BR-101/ES;Norte;Queda de ciclista;0;1;0;0;0;0;;;;;0;0;1;0;0
01/04/2015;19:28:00;360;Acidente sem Vítima;325;BR-101/ES;Sul;Veículo em Chamas;0;0;1;0;0;0;;;;;1;0;0;0;0
01/04/2015;13:48:00;253;Acidente sem Vítima;363;BR-101/ES;Sul;Saída de Pista;1;0;0;0;0;0;;;;;2;0;0;0;0
02/04/2015;20:51:00;329;Acidente sem Vítima;25;BR-101/ES;Sul;Colisão Frontal;2;0;0;0;0;0;;;;;3;0;0;0;0
02/04/2015;16:17:00;261;Acidente sem Vítima;125;BR-101/ES;Sul;Colisão Traseira;2;0;0;0;0;0;;;;;8;0;0;0;0
02/04/2015;12:07:00;172;Acidente sem Vítima;223;BR-101/ES;Sul;Saída de Pista;1;0;0;0;0;0;;;;;1;0;0;0;0
02/04/2015;15:02:00;240;Acidente com vítima;228;BR-101/ES;Norte;Engavetamento;4;0;1;0;0;0;;;;;6;2;0;0;0
02/04/2015;17:36:00;279;Acidente sem Vítima;231;BR-101/ES;Norte;Colisão Traseira;2;0;0;0;0;0;;;;;4;0;0;0;0
02/04/2015;20:01:00;311;Acidente sem Vítima;242;BR-101/ES;Norte;Colisão Lateral;1;0;1;0;0;0;;;;;2;0;0;0;0
02/04/2015;10:56:00;148;Acidente sem Vítima;244;BR-101/ES;Norte;Queda de Moto;0;0;0;1;0;0;;;;;2;0;0;0;0
02/04/2015;16:14:00;260;Acidente sem Vítima;264;BR-101/ES;Norte;Colisão Lateral;1;0;0;1;0;0;;;;;2;0;0;0;0
02/04/2015;16:53:00;272;Acidente sem Vítima;266;BR-101/ES;Sul;Engavetamento;4;0;0;0;0;0;;;;;4;0;0;0;0
02/04/2015;17:20:00;277;Acidente sem Vítima;270;BR-101/ES;Norte;Colisão Lateral;1;0;0;1;0;0;;;;;2;0;0;0;0
02/04/2015;09:23:00;116;Acidente com vítima;271;BR-101/ES;Sul;Colisão;1;1;0;0;0;0;;;;;1;1;0;0;0
02/04/2015;18:49:00;294;Acidente sem Vítima;271;BR-101/ES;Norte;Colisão Traseira;2;0;0;0;0;0;;;;;2;0;0;0;0
02/04/2015;20:34:00;324;Acidente sem Vítima;273;BR-101/ES;Sul;Saída de Pista;1;0;0;0;0;0;;;;;1;0;0;0;0
02/04/2015;11:11:00;154;Acidente sem Vítima;274;BR-101/ES;Sul;Colisão Lateral;2;0;0;0;0;0;;;;;2;0;0;0;0
02/04/2015;11:21:00;161;Acidente sem Vítima;316;BR-101/ES;Sul;Colisão Traseira;1;0;0;0;0;0;;;;;1;0;0;0;0
02/04/2015;12:24:00;180;Acidente sem Vítima;316;BR-101/ES;Sul;Colisão Lateral;0;0;3;0;0;0;;;;;2;0;0;0;0
02/04/2015;06:50:00;65;Acidente sem Vítima;321;BR-101/ES;Norte;Colisão Lateral;0;0;6;0;0;0;;;;;2;0;0;0;0
02/04/2015;22:58:00;358;Acidente sem Vítima;357;BR-101/ES;Sul;Queda de Moto;0;0;0;1;0;0;;;;;1;0;0;0;0
02/04/2015;17:39:00;281;Acidente com vítima;371;BR-101/ES;Norte;Colisão Lateral;1;0;0;1;0;0;;;;;5;1;0;0;0
02/04/2015;13:17:00;202;Acidente com vítima;393;BR-101/ES;Sul;Colisão;1;0;0;1;0;0;;;;;3;0;1;0;0
02/04/2015;03:45:00;39;Acidente sem Vítima;461;BR-101/ES;Sul;Veículo em Chamas;0;0;1;0;0;0;;;;;1;0;0;0;0
03/04/2015;01:55:00;22;Acidente sem Vítima;31;BR-101/ES;Sul;Saída de Pista;1;0;0;0;0;0;;;;;7;0;0;0;0
03/04/2015;09:24:00;112;Acidente sem Vítima;72;BR-101/ES;Norte;Queda de Moto;0;0;0;1;0;0;;;;;2;0;0;0;0
03/04/2015;20:02:00;257;Acidente sem Vítima;144;BR-101/ES;Norte;Queda de Moto;0;0;0;1;0;0;;;;;1;0;0;0;0
03/04/2015;08:56:00;103;Acidente sem Vítima;203;BR-101/ES;Norte;Queda de Moto;0;0;0;1;0;0;;;;;1;0;0;0;0
03/04/2015;09:18:00;109;Acidente com vítima;204;BR-101/ES;Sul;Engavetamento;3;0;0;0;0;0;;;;;3;1;0;0;0
03/04/2015;12:50:00;178;Acidente sem Vítima;241;BR-101/ES;Norte;Colisão Lateral;1;0;1;0;0;0;;;;;2;0;0;0;0
03/04/2015;06:10:00;67;Acidente com vítima;267;BR-101/ES;Norte;Colisão Traseira;1;0;0;0;0;0;;;;;0;2;0;0;0
03/04/2015;00:55:00;13;Acidente sem Vítima;270;BR-101/ES;Sul;Colisão Lateral;2;0;0;0;0;0;;;;;4;0;0;0;0
03/04/2015;06:27:00;69;Acidente sem Vítima;270;BR-101/ES;Norte;Saída de Pista;1;0;0;0;0;0;;;;;3;0;0;0;0
03/04/2015;13:09:00;186;Acidente com vítima;318;BR-101/ES;Sul;Saída de Pista;2;0;0;0;0;0;;;;;0;1;0;0;0
03/04/2015;08:29:00;96;Acidente com vítima;384;BR-101/ES;Norte;Saída de Pista;1;0;0;0;0;0;;;;;3;1;0;0;0
04/04/2015;23:07:00;288;Acidente sem Vítima;24;BR-101/ES;Sul;Colisão Lateral;1;0;4;0;0;0;;;;;5;0;0;0;0
04/04/2015;00:24:00;4;Acidente com vítima;146,5;BR-101/ES;Sul;Queda de Moto;0;0;0;1;0;0;;;;;0;1;0;0;0
04/04/2015;19:22:00;242;Acidente com vítima;148;BR-101/ES;Norte;Colisão;0;1;1;0;0;0;;;;;1;0;0;1;0
04/04/2015;14:52:00;191;Acidente sem Vítima;258;BR-101/ES;Sul;Colisão Traseira;2;0;0;0;0;0;;;;;2;0;0;0;0
04/04/2015;22:10:00;272;Acidente com vítima;299;BR-101/ES;Norte;Queda de Moto;0;0;0;1;0;0;;;;;0;2;0;0;0
05/04/2015;15:28:00;233;Acidente sem Vítima;30;BR-101/ES;Sul;Colisão Traseira;2;0;0;0;0;0;;;;;4;0;0;0;0
05/04/2015;16:06:00;247;Acidente sem Vítima;102;BR-101/ES;Sul;Engavetamento;4;0;0;0;0;0;;;;;4;0;0;0;0
05/04/2015;21:35:00;352;Acidente com vítima;107;BR-101/ES;Sul;Queda de Moto;0;0;0;1;0;0;;;;;0;2;0;0;0
05/04/2015;14:03:00;204;Acidente sem Vítima;149,2;BR-101/ES;Norte;Colisão Traseira;1;0;0;1;0;0;;;;;3;0;0;0;0
05/04/2015;21:23:00;348;Acidente com vítima;173;BR-101/ES;Norte;Colisão Traseira;0;0;0;1;1;0;;;;;1;1;0;0;0
05/04/2015;00:17:00;4;Acidente com vítima;199;BR-101/ES;Sul;Queda de Moto;0;0;0;1;0;0;;;;;0;2;0;0;0
05/04/2015;16:26:00;254;Acidente sem Vítima;205;BR-101/ES;Sul;Colisão Lateral;1;0;0;1;0;0;;;;;7;0;0;0;0
05/04/2015;15:03:00;221;Acidente sem Vítima;209,3;BR-101/ES;Norte;Queda de Moto;0;0;0;1;0;0;;;;;2;0;0;0;0
05/04/2015;14:19:00;210;Acidente com vítima;211;BR-101/ES;Sul;Colisão Traseira;2;0;0;0;0;0;;;;;1;0;1;0;0
05/04/2015;14:48:00;216;Acidente sem Vítima;227;BR-101/ES;Sul;Colisão Traseira;2;0;0;0;0;0;;;;;2;0;0;0;0
05/04/2015;11:27:00;148;Acidente sem Vítima;228;BR-101/ES;Norte;Colisão Traseira;3;0;0;0;0;0;;;;;4;0;0;0;0
05/04/2015;05:40:00;68;Acidente com vítima;263;BR-101/ES;Norte;Colisão Transversal;3;0;0;0;0;0;;;;;2;1;0;0;0
05/04/2015;14:59:00;218;Acidente sem Vítima;291;BR-101/ES;Sul;Colisão Traseira;2;0;0;0;0;0;;;;;6;0;0;0;0
05/04/2015;11:40:00;155;Acidente com Morte;368,7;BR-101/ES;Norte;Colisão Frontal;2;0;0;0;0;0;;;;;0;1;4;0;1
05/04/2015;12:33:00;173;Acidente sem Vítima;370;BR-101/ES;Norte;Queda de Moto;0;0;0;1;0;0;;;;;2;0;0;0;0
05/04/2015;22:46:00;368;Acidente sem Vítima;385;BR-101/ES;Norte;Saída de Pista;1;0;0;0;0;0;;;;;1;0;0;0;0
05/04/2015;17:18:00;272;Acidente sem Vítima;452;BR-101/ES;Sul;Colisão Traseira;2;0;0;0;0;0;;;;;4;0;0;0;0
06/04/2015;01:26:00;15;Acidente sem Vítima;4;BR-101/ES;Norte;Atropelamento - Bovino;0;0;2;0;0;0;;;;;1;0;0;0;0
06/04/2015;18:20:00;314;Acidente sem Vítima;48;BR-101/ES;Norte;Atropelamento - Equino;1;0;0;0;0;0;;;;;1;0;0;0;0
06/04/2015;12:33:00;212;Acidente com vítima;61,5;BR-101/ES;Sul;Colisão Traseira;1;0;0;1;0;0;;;;;3;1;0;0;0
06/04/2015;13:29:00;223;Acidente com vítima;67;BR-101/ES;Norte;Colisão;1;1;0;0;0;0;;;;;1;1;0;0;0
06/04/2015;08:49:00;126;Acidente com vítima;84,5;BR-101/ES;Norte;Saída de Pista;1;0;0;0;0;0;;;;;0;1;0;0;0
06/04/2015;18:07:00;311;Acidente com vítima;146;BR-101/ES;Norte;Colisão;0;1;0;1;0;0;;;;;1;1;0;0;0
06/04/2015;18:55:00;322;Acidente sem Vítima;147;BR-101/ES;Norte;Colisão Traseira;0;0;1;1;0;0;;;;;2;0;0;0;0
06/04/2015;21:39:00;364;Acidente com vítima;166;BR-101/ES;Sul;Colisão Traseira;1;0;2;0;0;0;;;;;1;1;0;0;0
06/04/2015;05:46:00;75;Acidente com vítima;181;BR-101/ES;Norte;Queda de Moto;1;0;0;0;0;0;;;;;0;1;0;0;0
06/04/2015;12:46:00;218;Acidente com vítima;181;BR-101/ES;Sul;Choque com Objeto Fixo;1;0;0;0;0;0;;;;;2;3;0;0;0
06/04/2015;14:13:00;236;Acidente sem Vítima;184;BR-101/ES;Sul;Colisão Lateral;0;0;3;0;0;0;;;;;2;0;0;0;0
06/04/2015;22:47:00;379;Acidente sem Vítima;270;BR-101/ES;Sul;Colisão Traseira;1;0;0;1;0;0;;;;;1;0;0;0;0
06/04/2015;00:56:00;11;Acidente sem Vítima;279;BR-101/ES;Norte;Saída de Pista;1;0;0;0;0;0;;;;;1;0;0;0;0
06/04/2015;16:36:00;281;Acidente sem Vítima;287;BR-101/ES;Sul;Choque;0;0;2;1;0;0;;;;;3;0;0;0;0
06/04/2015;07:57:00;106;Acidente com vítima;300;BR-101/ES;Norte;Colisão Traseira;1;0;0;1;0;0;;;;;1;0;1;0;0
06/04/2015;10:26:00;153;Acidente sem Vítima;376;BR-101/ES;Sul;Colisão Transversal;1;0;0;1;0;0;;;;;1;0;0;0;0
06/04/2015;15:14:00;253;Acidente sem Vítima;380;BR-101/ES;Norte;Colisão Lateral;0;0;3;0;0;0;;;;;2;0;0;0;0
06/04/2015;17:12:00;294;Acidente sem Vítima;391;BR-101/ES;Norte;Saída de Pista;1;0;0;0;0;0;;;;;1;0;0;0;0
06/04/2015;13:49:00;232;Acidente com vítima;443;BR-101/ES;Sul;Saída de Pista;0;0;2;0;0;0;;;;;0;1;0;0;0
06/04/2015;00:34:00;7;Acidente sem Vítima;944;BR-101/BA;Norte;Saída de Pista;0;0;4;0;0;0;;;;;1;0;0;0;0
07/04/2015;03:29:00;46;Acidente com vítima;65;BR-101/ES;Norte;Colisão Traseira;0;0;3;1;0;0;;;;;1;1;0;0;0
07/04/2015;19:13:00;302;Acidente com vítima;147;BR-101/ES;Norte;Colisão Transversal;1;0;0;1;0;0;;;;;1;1;0;0;0
07/04/2015;07:26:00;86;Acidente com vítima;149;BR-101/ES;Norte;Colisão;1;0;0;1;0;0;;;;;0;2;0;0;0
07/04/2015;21:14:00;326;Acidente com vítima;182;BR-101/ES;Norte;Colisão Lateral;0;0;2;0;0;0;;;;;1;1;0;0;0
07/04/2015;15:45:00;254;Acidente sem Vítima;263;BR-101/ES;Sul;Choque com Objeto Fixo;1;0;0;0;0;0;;;;;3;0;0;0;0
07/04/2015;10:03:00;152;Acidente com vítima;269;BR-101/ES;Sul;Colisão Lateral;1;0;0;1;0;0;;;;;1;1;0;0;0
07/04/2015;10:57:00;174;Acidente sem Vítima;270;BR-101/ES;Sul;Colisão Lateral;1;0;2;0;0;0;;;;;2;0;0;0;0
07/04/2015;17:30:00;278;Acidente com vítima;270;BR-101/ES;Norte;Queda de Moto;0;0;0;1;0;0;;;;;0;1;0;0;0
07/04/2015;14:49:00;245;Acidente sem Vítima;280;BR-101/ES;Norte;Choque com Objeto Fixo;0;0;2;0;0;0;;;;;1;0;0;0;0
07/04/2015;08:57:00;119;Acidente com vítima;291;BR-101/ES;Norte;Engavetamento;3;0;1;1;0;0;;;;;3;1;0;0;0
07/04/2015;22:06:00;340;Acidente sem Vítima;306;BR-101/ES;Sul;Tombamento;0;0;2;0;0;0;;;;;1;0;0;0;0
07/04/2015;06:53:00;73;Acidente sem Vítima;326,5;BR-101/ES;Norte;Colisão Lateral;1;0;2;0;0;0;;;;;3;0;0;0;0
07/04/2015;17:42:00;286;Acidente sem Vítima;379;BR-101/ES;Norte;Atropelamento - Bovino;1;0;0;0;0;0;;;;;1;0;0;0;0
07/04/2015;15:59:00;259;Acidente sem Vítima;397;BR-101/ES;Norte;Colisão Lateral;1;0;1;0;0;0;;;;;2;0;0;0;0
07/04/2015;19:17:00;303;Acidente com vítima;448;BR-101/ES;Sul;Colisão Frontal;1;0;1;0;0;0;;;;;0;2;0;1;0
08/04/2015;09:32:00;122;Acidente com vítima;66,5;BR-101/ES;Sul;Colisão Traseira;2;0;0;0;0;0;;;;;1;2;0;0;0
08/04/2015;08:33:00;106;Acidente sem Vítima;147;BR-101/ES;Norte;Colisão Transversal;2;0;0;0;0;0;;;;;2;0;0;0;0
08/04/2015;20:54:00;322;Acidente sem Vítima;219;BR-101/ES;Norte;Choque com Objeto Fixo;1;0;0;0;0;0;;;;;1;0;0;0;0
08/04/2015;15:30:00;246;Acidente sem Vítima;266;BR-101/ES;Sul;Colisão Lateral;1;0;0;1;0;0;;;;;2;0;0;0;0
08/04/2015;10:19:00;130;Acidente sem Vítima;268;BR-101/ES;Sul;Colisão Lateral;1;0;1;0;0;0;;;;;2;0;0;0;0
08/04/2015;07:31:00;75;Acidente sem Vítima;290;BR-101/ES;Norte;Colisão Traseira;2;0;0;0;0;0;;;;;3;0;0;0;0
09/04/2015;18:40:00;306;Acidente com vítima;163;BR-101/ES;Norte;Queda de Moto;0;0;0;1;0;0;;;;;0;1;1;0;0
09/04/2015;07:50:00;95;Acidente com vítima;267;BR-101/ES;Norte;Colisão Lateral;1;0;0;1;0;0;;;;;1;0;1;0;0