data;horario;n_da_ocorrencia;tipo_de_ocorrencia;km;trecho;sentido;tipo_de_acidente;automovel;bicicleta;caminhao;moto;onibus;outros;tracao_animal;transporte_de_cargas_especiais;trator_maquinas;utilitarios;ilesos;levemente_feridos;moderadamente_feridos;gravemente_feridos;mortos
20/05/2015;07:23:00;71;Acidente com vítima;276;BR-101/ES;Norte;Engavetamento;2;0;0;1;0;0;;;;;2;0;1;0;0
20/05/2015;16:03:00;242;Acidente sem Vítima;276;BR-101/ES;Norte;Colisão Traseira;2;0;0;0;0;0;;;;;2;0;0;0;0
20/05/2015;19:54:00;293;Acidente sem Vítima;321;BR-101/ES;Sul;Colisão Traseira;1;0;2;0;0;0;;;;;4;0;0;0;0
20/05/2015;05:21:00;49;Acidente sem Vítima;391;BR-101/ES;Norte;Tombamento;0;0;2;0;0;0;;;;;1;0;0;0;0
20/05/2015;01:06:00;14;Acidente sem Vítima;399;BR-101/ES;Sul;Colisão Traseira;0;0;2;0;0;0;;;;;1;0;0;0;0
21/05/2015;12:45:00;187;Acidente com vítima;203;BR-101/ES;Sul;Colisão Traseira;1;0;0;1;0;0;;;;;1;1;0;0;0
21/05/2015;02:31:00;26;Acidente sem Vítima;208;BR-101/ES;Norte;Saída de Pista;1;0;0;0;0;0;;;;;1;0;0;0;0
21/05/2015;14:12:00;208;Acidente com vítima;257;BR-101/ES;Norte;Queda de Moto;0;0;0;1;0;0;;;;;0;1;0;0;0
21/05/2015;05:16:00;56;Acidente com vítima;264;BR-101/ES;Norte;Colisão Lateral;0;0;1;0;1;0;;;;;1;1;0;0;0
21/05/2015;14:51:00;219;Acidente com vítima;264;BR-101/ES;Sul;Colisão Transversal;1;0;0;1;0;0;;;;;0;0;1;0;0
21/05/2015;18:15:00;261;Acidente com vítima;264;BR-101/ES;Sul;Engavetamento;3;0;0;0;0;0;;;;;2;2;0;0;0
21/05/2015;17:28:00;250;Acidente sem Vítima;265;BR-101/ES;Norte;Colisão Traseira;1;0;0;1;0;0;;;;;2;0;0;0;0
21/05/2015;18:24:00;263;Acidente sem Vítima;266;BR-101/ES;Norte;Colisão Lateral;1;0;0;1;0;0;;;;;1;0;0;0;0
21/05/2015;09:53:00;121;Acidente com vítima;270;BR-101/ES;Norte;Colisão;1;1;0;0;0;0;;;;;1;1;0;0;0
21/05/2015;10:23:00;135;Acidente sem Vítima;292;BR-101/ES;Norte;Colisão Lateral;1;0;0;0;1;0;;;;;5;0;0;0;0
21/05/2015;11:53:00;171;Acidente com vítima;298;BR-101/ES;Sul;Colisão Traseira;0;0;1;1;0;0;;;;;1;1;0;0;0
21/05/2015;15:08:00;222;Acidente com vítima;302;BR-101/ES;Sul;Engavetamento;3;0;0;0;0;0;;;;;2;1;0;0;0
21/05/2015;07:04:00;73;Acidente sem Vítima;344;BR-101/ES;Sul;Saída de Pista;0;0;2;0;0;0;;;;;2;0;0;0;0
21/05/2015;10:59:00;146;Acidente sem Vítima;371;BR-101/ES;Norte;Colisão Traseira;0;0;2;0;1;0;;;;;2;0;0;0;0
21/05/2015;12:29:00;183;Acidente sem Vítima;371;BR-101/ES;Sul;Saída de Pista;0;0;2;0;0;0;;;;;1;0;0;0;0
21/05/2015;05:51:00;59;Acidente com vítima;404;BR-101/ES;Sul;Saída de Pista;1;0;0;0;0;0;;;;;0;2;0;0;0
22/05/2015;20:08:00;300;Acidente com Morte;12;BR-101/ES;Norte;Colisão Lateral;1;0;1;1;0;0;;;;;0;2;1;1;1
22/05/2015;18:43:00;280;Acidente com vítima;69;BR-101/ES;Norte;Colisão Traseira;1;0;0;1;0;0;;;;;0;0;1;0;0
22/05/2015;19:42:00;292;Acidente com vítima;206,5;BR-101/ES;Sul;Choque;1;0;1;0;0;0;;;;;0;2;0;0;0
22/05/2015;17:32:00;268;Acidente com vítima;209;BR-101/ES;Norte;Queda de Moto;0;0;0;1;0;0;;;;;0;1;0;0;0
22/05/2015;15:52:00;247;Acidente com vítima;209,5;BR-101/ES;Sul;Colisão Traseira;1;0;1;0;0;0;;;;;6;0;1;0;0
22/05/2015;16:04:00;249;Acidente sem Vítima;255;BR-101/ES;Sul;Colisão Traseira;2;0;0;0;0;0;;;;;4;0;0;0;0
22/05/2015;13:08:00;200;Atropelamento sem Morte;265,5;BR-101/ES;Norte;Atropelamento;1;1;0;0;0;0;;;;;1;0;0;1;0
22/05/2015;18:32:00;278;Acidente sem Vítima;268;BR-101/ES;Sul;Colisão Traseira;2;0;0;0;0;0;;;;;2;0;0;0;0
22/05/2015;07:09:00;64;Acidente com vítima;269;BR-101/ES;Sul;Queda de Moto;0;0;0;1;0;0;;;;;0;1;0;0;0
22/05/2015;14:45:00;234;Acidente com vítima;269;BR-101/ES;Norte;Colisão Lateral;2;0;0;0;0;0;;;;;1;0;1;0;0
22/05/2015;15:23:00;242;Acidente sem Vítima;270;BR-101/ES;Norte;Colisão Lateral;1;0;1;0;0;0;;;;;5;0;0;0;0
22/05/2015;17:01:00;261;Acidente sem Vítima;270;BR-101/ES;Norte;Colisão Traseira;1;0;0;0;1;0;;;;;2;0;0;0;0
22/05/2015;01:34:00;17;Acidente sem Vítima;287;BR-101/ES;Norte;Choque com Objeto Fixo;1;0;0;0;0;0;;;;;1;0;0;0;0
22/05/2015;08:17:00;89;Acidente sem Vítima;321;BR-101/ES;Sul;Engavetamento;0;0;5;0;0;0;;;;;4;0;0;0;0
23/05/2015;12:24:00;184;Acidente com Morte;124;BR-101/ES;Sul;Colisão;1;1;0;0;0;0;;;;;1;0;0;0;1
23/05/2015;04:59:00;41;Acidente com vítima;131;BR-101/ES;Sul;Colisão Lateral;1;0;1;0;0;0;;;;;1;0;1;0;0
23/05/2015;21:32:00;318;Acidente com vítima;143;BR-101/ES;Sul;Queda de ciclista;0;1;0;0;0;0;;;;;0;1;0;0;0
23/05/2015;17:53:00;273;Acidente com vítima;145;BR-101/ES;Norte;Colisão Transversal;2;0;0;0;0;0;;;;;1;1;0;0;0
23/05/2015;16:50:00;259;Acidente sem Vítima;148;BR-101/ES;Sul;Colisão Transversal;2;0;0;0;0;0;;;;;3;0;0;0;0
23/05/2015;14:55:00;230;Acidente sem Vítima;149;BR-101/ES;Sul;Colisão Traseira;2;0;0;0;0;0;;;;;2;0;0;0;0
23/05/2015;19:18:00;286;Acidente sem Vítima;181;BR-101/ES;Sul;Colisão Lateral;2;0;0;0;0;0;;;;;3;0;0;0;0
23/05/2015;15:55:00;246;Acidente sem Vítima;212;BR-101/ES;Norte;Colisão Traseira;1;0;1;0;0;0;;;;;2;0;0;0;0
23/05/2015;17:36:00;267;Acidente com vítima;225;BR-101/ES;Norte;Queda de Moto;0;0;0;1;0;0;;;;;0;1;0;0;0
23/05/2015;18:34:00;277;Acidente com vítima;264;BR-101/ES;Sul;Atropelamento e Fuga;1;0;0;0;0;0;;;;;0;1;0;0;0
23/05/2015;09:28:00;110;Acidente sem Vítima;266;BR-101/ES;Sul;Colisão Traseira;2;0;0;0;0;0;;;;;7;0;0;0;0
23/05/2015;17:31:00;264;Acidente sem Vítima;266;BR-101/ES;Sul;Engavetamento;3;0;0;0;0;0;;;;;11;0;0;0;0
23/05/2015;09:40:00;118;Acidente sem Vítima;270;BR-101/ES;Norte;Colisão Lateral;1;0;2;0;0;0;;;;;2;0;0;0;0
23/05/2015;23:24:00;334;Acidente com vítima;298;BR-101/ES;Sul;Choque com Objeto Fixo;1;0;0;0;0;0;;;;;1;1;0;0;0
23/05/2015;08:59:00;105;Acidente sem Vítima;367;BR-101/ES;Norte;Colisão Traseira;1;0;0;0;0;0;;;;;1;0;0;0;0
23/05/2015;14:41:00;227;Acidente sem Vítima;371;BR-101/ES;Sul;Colisão Traseira;1;0;1;0;0;0;;;;;5;0;0;0;0
23/05/2015;17:39:00;269;Acidente com vítima;374;BR-101/ES;Sul;Queda de Moto;0;0;0;1;0;0;;;;;0;1;0;0;0
24/05/2015;04:53:00;49;Acidente com vítima;18;BR-101/ES;Norte;Queda de Moto;0;0;0;1;0;0;;;;;0;1;0;0;0
24/05/2015;09:32:00;100;Acidente sem Vítima;35;BR-101/ES;Norte;Colisão Traseira;2;0;0;0;0;0;;;;;4;0;0;0;0
24/05/2015;02:20:00;23;Acidente com vítima;143;BR-101/ES;Norte;Queda de Moto;0;0;0;1;0;0;;;;;0;1;0;0;0
24/05/2015;03:18:00;34;Acidente sem Vítima;212;BR-101/ES;Sul;Colisão Frontal;2;0;0;0;0;0;;;;;11;0;0;0;0
24/05/2015;18:03:00;246;Acidente sem Vítima;254;BR-101/ES;Sul;Colisão Traseira;1;0;0;0;0;1;;;;;4;0;0;0;0
24/05/2015;16:20:00;217;Acidente sem Vítima;262;BR-101/ES;Sul;Colisão Traseira;1;0;0;1;0;0;;;;;4;0;0;0;0
24/05/2015;17:32:00;238;Acidente sem Vítima;336;BR-101/ES;Norte;Saída de Pista;1;0;0;0;0;0;;;;;5;0;0;0;0
24/05/2015;23:59:00;307;Acidente sem Vítima;348;BR-101/ES;Sul;Saída de Pista;1;0;0;0;0;0;;;;;1;0;0;0;0
25/05/2015;07:40:00;78;Acidente sem Vítima;262;BR-101/ES;Norte;Colisão Traseira;1;0;1;0;0;0;;;;;2;0;0;0;0
25/05/2015;13:18:00;192;Acidente com vítima;265,6;BR-101/ES;Sul;Colisão;1;1;0;0;0;0;;;;;1;1;0;0;0
25/05/2015;13:46:00;209;Acidente sem Vítima;266;BR-101/ES;Norte;Colisão Lateral;1;0;1;0;0;0;;;;;3;0;0;0;0
25/05/2015;05:38:00;55;Acidente sem Vítima;267;BR-101/ES;Norte;Colisão Lateral;1;0;2;0;0;0;;;;;3;0;0;0;0
25/05/2015;17:44:00;264;Acidente sem Vítima;270;BR-101/ES;Norte;Colisão Traseira;3;0;0;0;0;0;;;;;4;0;0;0;0
25/05/2015;08:14:00;87;Acidente com vítima;297;BR-101/ES;Sul;Colisão Traseira;3;0;0;0;0;0;;;;;2;1;0;0;0
25/05/2015;14:53:00;224;Acidente com vítima;297;BR-101/ES;Sul;Colisão Traseira;1;0;0;1;0;0;;;;;1;1;0;0;0
25/05/2015;05:48:00;57;Acidente sem Vítima;369;BR-101/ES;Sul;Colisão Lateral;0;0;1;0;1;0;;;;;18;0;0;0;0
25/05/2015;07:34:00;75;Acidente sem Vítima;370;BR-101/ES;Norte;Colisão Transversal;2;0;0;0;0;0;;;;;4;0;0;0;0
26/05/2015;23:16:00;346;Acidente com vítima;65;BR-101/ES;Norte;Colisão Traseira;1;0;1;0;0;0;;;;;2;0;1;0;0
26/05/2015;12:03:00;186;Acidente com vítima;140;BR-101/ES;Norte;Colisão Traseira;1;0;0;0;1;0;;;;;0;1;0;0;0
26/05/2015;12:28:00;191;Acidente sem Vítima;151,5;BR-101/ES;Sul;Colisão Traseira;2;0;0;0;0;0;;;;;2;0;0;0;0
26/05/2015;05:23:00;60;Acidente com vítima;218;BR-101/ES;Sul;Queda de Moto;0;0;0;1;0;0;;;;;0;1;0;0;0
26/05/2015;07:15:00;82;Acidente sem Vítima;266;BR-101/ES;Sul;Colisão Traseira;2;0;0;0;0;0;;;;;5;0;0;0;0
26/05/2015;11:22:00;170;Acidente sem Vítima;270;BR-101/ES;Norte;Colisão Traseira;1;0;2;0;0;0;;;;;2;0;0;0;0
26/05/2015;16:58:00;270;Acidente sem Vítima;279;BR-101/ES;Sul;Saída de Pista;1;0;0;0;0;0;;;;;1;0;0;0;0
26/05/2015;09:24:00;140;Acidente com vítima;390;BR-101/ES;Norte;Colisão Frontal;3;0;4;0;0;0;;;;;11;0;1;0;0
26/05/2015;07:28:00;88;Acidente sem Vítima;452;BR-101/ES;Sul;Colisão Traseira;1;0;1;0;0;0;;;;;2;0;0;0;0
27/05/2015;19:19:00;293;Acidente com vítima;27;BR-101/ES;Sul;Colisão Traseira;1;0;1;0;0;0;;;;;1;1;0;0;0
27/05/2015;20:26:00;306;Acidente com vítima;109;BR-101/ES;Norte;Colisão Lateral;2;0;2;0;0;0;;;;;1;2;1;0;0
27/05/2015;15:58:00;242;Acidente sem Vítima;264;BR-101/ES;Norte;Colisão Traseira;2;0;0;0;0;0;;;;;2;0;0;0;0
27/05/2015;17:38:00;269;Acidente sem Vítima;264;BR-101/ES;Sul;Colisão Traseira;1;0;2;0;0;0;;;;;2;0;0;0;0
27/05/2015;08:13:00;85;Acidente sem Vítima;268;BR-101/ES;Norte;Engavetamento;3;0;0;0;0;0;;;;;4;0;0;0;0
27/05/2015;19:33:00;295;Acidente sem Vítima;273;BR-101/ES;Sul;Saída de Pista;1;0;0;0;0;0;;;;;1;0;0;0;0
27/05/2015;17:33:00;267;Acidente sem Vítima;279,8;BR-101/ES;Sul;Colisão Traseira;1;0;0;1;0;0;;;;;4;0;0;0;0
27/05/2015;10:00:00;129;Acidente sem Vítima;287,9;BR-101/ES;Sul;Colisão Lateral;1;0;3;0;0;0;;;;;2;0;0;0;0
27/05/2015;19:03:00;287;Acidente com vítima;292;BR-101/ES;Norte;Queda de Moto;1;0;0;0;0;0;;;;;0;0;1;0;0
27/05/2015;22:26:00;328;Acidente sem Vítima;316,5;BR-101/ES;Norte;Tombamento;1;0;1;0;0;0;;;;;1;0;0;0;0
27/05/2015;21:33:00;319;Acidente com vítima;404;BR-101/ES;Norte;Colisão Transversal;1;0;2;0;0;0;;;;;0;4;1;0;0
27/05/2015;06:45:00;57;Acidente com vítima;421;BR-101/ES;Norte;Saída de Pista;1;0;0;0;0;0;;;;;4;1;0;0;0
27/05/2015;14:07:00;216;Acidente sem Vítima;452;BR-101/ES;Sul;Colisão Traseira;1;0;4;0;0;0;;;;;3;0;0;0;0
27/05/2015;17:04:00;259;Acidente sem Vítima;939;BR-101/BA;Norte;Colisão Traseira;2;0;0;0;0;0;;;;;2;0;0;0;0
28/05/2015;20:37:00;322;Acidente com vítima;141;BR-101/ES;Norte;Colisão Lateral;1;0;0;1;0;0;;;;;1;1;0;0;0
28/05/2015;12:42:00;199;Acidente sem Vítima;149;BR-101/ES;Norte;Colisão Lateral;2;0;0;0;0;0;;;;;5;0;0;0;0
28/05/2015;19:02:00;296;Acidente sem Vítima;149;BR-101/ES;Sul;Colisão Transversal;1;0;3;0;0;0;;;;;2;0;0;0;0
28/05/2015;09:49:00;136;Acidente sem Vítima;213;BR-101/ES;Norte;Colisão Traseira;0;0;2;0;0;0;;;;;3;0;0;0;0
28/05/2015;19:53:00;313;Acidente com vítima;219;BR-101/ES;Sul;Queda de Moto;0;0;0;1;0;0;;;;;0;0;1;0;0
28/05/2015;18:17:00;289;Acidente sem Vítima;246;BR-101/ES;Norte;Colisão Transversal;2;0;0;0;0;0;;;;;2;0;0;0;0
28/05/2015;11:45:00;176;Acidente sem Vítima;266;BR-101/ES;Norte;Colisão Lateral;0;0;2;1;0;0;;;;;2;0;0;0;0
28/05/2015;18:17:00;288;Acidente sem Vítima;266;BR-101/ES;Norte;Colisão Traseira;2;0;0;1;0;0;;;;;3;0;0;0;0
28/05/2015;16:10:00;257;Acidente sem Vítima;290;BR-101/ES;Sul;Colisão Lateral;2;0;0;0;0;0;;;;;2;0;0;0;0
28/05/2015;16:00:00;254;Acidente sem Vítima;307;BR-101/ES;Norte;Tombamento;0;0;2;0;0;0;;;;;1;0;0;0;0
29/05/2015;07:00:00;75;Acidente com vítima;175;BR-101/ES;Sul;Queda de Moto;0;0;0;1;0;0;;;;;0;1;0;0;0
29/05/2015;11:03:00;158;Acidente com vítima;203;BR-101/ES;Norte;Queda de Moto;0;0;0;2;0;0;;;;;1;0;1;0;0
29/05/2015;14:05:00;225;Acidente sem Vítima;248;BR-101/ES;Sul;Saída de Pista;1;0;0;0;0;0;;;;;1;0;0;0;0
29/05/2015;14:13:00;230;Acidente sem Vítima;268;BR-101/ES;Sul;Colisão Traseira;0;0;1;0;1;0;;;;;4;0;0;0;0
29/05/2015;17:36:00;282;Acidente sem Vítima;270;BR-101/ES;Norte;Colisão Lateral;1;0;1;0;0;0;;;;;2;0;0;0;0
29/05/2015;17:28:00;279;Acidente com vítima;272;BR-101/ES;Norte;Queda de Moto;0;0;0;1;0;0;;;;;0;1;0;0;0
29/05/2015;18:27:00;292;Acidente sem Vítima;299;BR-101/ES;Norte;Engavetamento;3;0;0;0;0;0;;;;;5;0;0;0;0
29/05/2015;00:08:00;5;Acidente sem Vítima;399;BR-101/ES;Sul;Atropelamento - Bovino;0;0;1;0;0;0;;;;;2;0;0;0;0
29/05/2015;16:43:00;268;Acidente sem Vítima;401;BR-101/ES;Norte;Colisão Lateral;2;0;0;0;0;0;;;;;3;0;0;0;0
29/05/2015;11:41:00;173;Acidente sem Vítima;420;BR-101/ES;Sul;Saída de Pista;1;0;0;0;0;0;;;;;4;0;0;0;0
29/05/2015;09:40:00;138;Acidente sem Vítima;456;BR-101/ES;Sul;Saída de Pista;1;0;0;0;0;0;;;;;1;0;0;0;0
30/05/2015;04:53:00;57;Acidente com vítima;49;BR-101/ES;Norte;Colisão Lateral;0;0;2;0;0;0;;;;;2;1;0;0;0
30/05/2015;17:24:00;261;Acidente com vítima;69;BR-101/ES;Sul;Colisão Lateral;1;0;0;1;0;0;;;;;1;1;0;0;0
30/05/2015;02:05:00;24;Acidente sem Vítima;82;BR-101/ES;Sul;Colisão Traseira;1;0;0;1;0;0;;;;;2;0;0;0;0
30/05/2015;05:25:00;61;Acidente com Morte;121;BR-101/ES;Sul;Colisão Frontal;1;0;1;0;0;0;;;;;1;0;0;0;1
30/05/2015;16:46:00;252;Acidente sem Vítima;145;BR-101/ES;Norte;Veículo em Chamas;1;0;0;0;0;0;;;;;1;0;0;0;0
30/05/2015;16:57:00;254;Acidente com vítima;187;BR-101/ES;Norte;Colisão Frontal;2;0;0;0;0;0;;;;;2;4;0;0;0
30/05/2015;06:49:00;73;Acidente com vítima;215;BR-101/ES;Norte;Saída de Pista;1;0;0;0;0;0;;;;;1;2;0;0;0
30/05/2015;19:35:00;287;Acidente sem Vítima;265;BR-101/ES;Norte;Engavetamento;4;0;0;0;0;0;;;;;9;0;0;0;0
30/05/2015;08:51:00;96;Acidente sem Vítima;266;BR-101/ES;Sul;Colisão Traseira;2;0;0;0;0;0;;;;;2;0;0;0;0
30/05/2015;21:11:00;308;Acidente com vítima;268;BR-101/ES;Norte;Colisão Lateral;1;0;0;1;0;0;;;;;1;1;0;0;0
30/05/2015;22:52:00;326;Acidente sem Vítima;270;BR-101/ES;Norte;Colisão Traseira;1;0;0;1;0;0;;;;;2;0;0;0;0
30/05/2015;06:56:00;74;Acidente sem Vítima;374,5;BR-101/ES;Norte;Saída de Pista;1;0;0;0;0;0;;;;;1;0;0;0;0
30/05/2015;06:34:00;71;Acidente com vítima;450;BR-101/ES;Sul;Colisão Traseira;0;0;2;0;1;0;;;;;2;1;0;0;0
30/05/2015;06:38:00;72;Acidente com vítima;454;BR-101/ES;Sul;Queda de Moto;0;0;0;1;0;0;;;;;0;1;0;0;0
31/05/2015;20:11:00;275;Acidente com vítima;58;BR-101/ES;Norte;Colisão Traseira;2;0;0;0;0;0;;;;;2;0;1;0;0
31/05/2015;20:41:00;283;Acidente sem Vítima;67;BR-101/ES;Norte;Colisão Lateral;2;0;0;0;0;0;;;;;5;0;0;0;0
31/05/2015;17:48:00;243;Acidente com vítima;160;BR-101/ES;Norte;Colisão Traseira;2;0;0;0;0;0;;;;;0;2;0;0;0
31/05/2015;19:16:00;261;Acidente sem Vítima;170;BR-101/ES;Sul;Colisão Traseira;2;0;0;0;0;0;;;;;5;0;0;0;0
31/05/2015;13:23:00;176;Acidente com vítima;203;BR-101/ES;Norte;Colisão Traseira;2;0;0;0;0;0;;;;;2;1;0;0;0
31/05/2015;09:45:00;109;Acidente sem Vítima;208;BR-101/ES;Sul;Colisão Lateral;2;0;0;0;0;0;;;;;3;0;0;0;0
31/05/2015;00:16:00;8;Acidente sem Vítima;211;BR-101/ES;Norte;Saída de Pista;1;0;1;0;0;0;;;;;1;0;0;0;0
31/05/2015;23:47:00;311;Acidente com Morte;270;BR-101/ES;Norte;Colisão Transversal;0;0;0;1;1;0;;;;;1;0;1;0;1
31/05/2015;00:32:00;13;Acidente com vítima;358;BR-101/ES;Norte;Saída de Pista;1;0;0;0;0;0;;;;;4;1;0;0;0
31/05/2015;11:32:00;139;Acidente com vítima;378,5;BR-101/ES;Sul;Queda de Moto;0;0;0;1;0;0;;;;;0;1;0;0;0
31/05/2015;10:31:00;119;Acidente sem Vítima;389;BR-101/ES;Norte;Tombamento;0;0;2;0;0;0;;;;;1;0;0;0;0
31/05/2015;16:03:00;227;Acidente com vítima;397;BR-101/ES;Norte;Queda de Moto;0;0;0;1;0;0;;;;;0;1;0;0;0
01/06/2015;18:26:00;277;Acidente sem Vítima;18;BR-101/ES;Sul;Saída de Pista;1;0;0;0;0;0;;;;;1;0;0;0;0
01/06/2015;02:57:00;34;Acidente sem Vítima;26;BR-101/ES;Sul;Colisão Frontal;2;0;0;0;0;0;;;;;2;0;0;0;0
01/06/2015;11:31:00;159;Acidente sem Vítima;140;BR-101/ES;Sul;Colisão Traseira;1;0;0;1;0;0;;;;;2;0;0;0;0
01/06/2015;07:43:00;79;Acidente sem Vítima;144;BR-101/ES;Sul;Colisão Traseira;2;0;0;0;0;0;;;;;9;0;0;0;0
01/06/2015;08:33:00;99;Acidente sem Vítima;145;BR-101/ES;Sul;Colisão Traseira;2;0;0;0;0;0;;;;;3;0;0;0;0
01/06/2015;11:17:00;153;Acidente com vítima;209;BR-101/ES;Norte;Colisão Lateral;2;0;3;0;0;0;;;;;3;1;1;0;0
01/06/2015;12:45:00;184;Acidente com vítima;216;BR-101/ES;Sul;Queda de Moto;0;0;0;1;0;0;;;;;0;1;0;0;0
01/06/2015;21:38:00;321;Acidente com vítima;234;BR-101/ES;Sul;Colisão Frontal;0;0;9;0;0;0;;;;;4;0;1;0;0
01/06/2015;07:01:00;66;Acidente com vítima;250;BR-101/ES;Norte;Colisão Lateral;0;0;1;1;0;0;;;;;1;2;0;0;0
01/06/2015;16:47:00;254;Acidente sem Vítima;255;BR-101/ES;Sul;Colisão Traseira;2;0;0;0;0;0;;;;;2;0;0;0;0
01/06/2015;13:06:00;196;Acidente sem Vítima;270;BR-101/ES;Norte;Colisão Traseira;2;0;0;0;0;0;;;;;2;0;0;0;0
01/06/2015;22:31:00;333;Acidente sem Vítima;270;BR-101/ES;Norte;Colisão Lateral;1;0;2;0;0;0;;;;;3;0;0;0;0
01/06/2015;04:14:00;45;Acidente sem Vítima;285;BR-101/ES;Sul;Choque com Objeto Fixo;1;0;0;0;0;0;;;;;1;0;0;0;0
01/06/2015;15:20:00;227;Acidente sem Vítima;333;BR-101/ES;Norte;Colisão Traseira;2;0;0;0;0;0;;;;;6;0;0;0;0
01/06/2015;16:22:00;244;Acidente sem Vítima;351;BR-101/ES;Norte;Capotamento;1;0;0;0;0;0;;;;;1;0;0;0;0
01/06/2015;12:58:00;192;Acidente sem Vítima;419;BR-101/ES;Norte;Saída de Pista;1;0;0;0;0;0;;;;;3;0;0;0;0
02/06/2015;10:16:00;135;Acidente sem Vítima;92;BR-101/ES;Sul;Queda de ciclista;0;1;0;0;0;0;;;;;1;0;0;0;0
02/06/2015;06:25:00;53;Acidente com vítima;136;BR-101/ES;Sul;Queda de Moto;0;0;0;1;0;0;;;;;0;1;0;0;0
02/06/2015;16:30:00;257;Acidente sem Vítima;163,5;BR-101/ES;Sul;Colisão Traseira;1;0;1;0;0;0;;;;;4;0;0;0;0
02/06/2015;15:56:00;240;Acidente com vítima;164;BR-101/ES;Norte;Colisão Traseira;1;0;1;0;0;0;;;;;2;1;1;0;0
02/06/2015;19:56:00;297;Acidente sem Vítima;189;BR-101/ES;Sul;Colisão Traseira;0;0;1;0;0;0;;;;;1;0;0;0;0
02/06/2015;14:33:00;218;Acidente sem Vítima;229;BR-101/ES;Norte;Engavetamento;1;0;2;0;0;0;;;;;4;0;0;0;0
02/06/2015;07:11:00;63;Acidente com vítima;252;BR-101/ES;Norte;Colisão Lateral;0;0;0;2;0;0;;;;;0;2;0;0;0
02/06/2015;07:41:00;69;Acidente sem Vítima;271;BR-101/ES;Norte;Colisão Traseira;2;0;0;0;0;0;;;;;2;0;0;0;0
02/06/2015;19:12:00;284;Acidente sem Vítima;271;BR-101/ES;Norte;Veículo em Chamas;1;0;0;0;0;0;;;;;1;0;0;0;0
02/06/2015;22:01:00;320;Acidente sem Vítima;271;BR-101/ES;Sul;Choque com Objeto Fixo;1;0;0;0;0;0;;;;;1;0;0;0;0
02/06/2015;16:29:00;255;Acidente sem Vítima;288;BR-101/ES;Norte;Colisão Lateral;1;0;2;0;0;0;;;;;3;0;0;0;0
02/06/2015;07:51:00;71;Acidente sem Vítima;301;BR-101/ES;Norte;Colisão Lateral;1;0;1;1;0;0;;;;;4;0;0;0;0
02/06/2015;20:03:00;299;Acidente sem Vítima;317;BR-101/ES;Norte;Saída de Pista;1;0;0;0;0;0;;;;;1;0;0;0;0
03/06/2015;16:57:00;278;Acidente com vítima;66;BR-101/ES;Norte;Colisão Traseira;0;0;0;2;0;0;;;;;0;1;1;0;0
03/06/2015;16:24:00;270;Atropelamento sem Morte;230;BR-101/ES;Sul;Atropelamento e Fuga;1;0;0;0;0;0;;;;;0;1;0;0;0
03/06/2015;09:27:00;137;Acidente com vítima;261,8;BR-101/ES;Norte;Capotamento;1;0;0;0;0;0;;;;;0;1;0;0;0
03/06/2015;12:02:00;195;Acidente sem Vítima;262;BR-101/ES;Norte;Colisão Traseira;1;0;1;0;0;0;;;;;3;0;0;0;0
03/06/2015;18:58:00;313;Atropelamento sem Morte;265;BR-101/ES;Sul;Atropelamento;0;0;0;1;0;0;;;;;0;1;1;0;0
04/06/2015;22:47:00;304;Acidente com vítima;35;BR-101/ES;Norte;Colisão Frontal;2;0;0;0;1;0;;;;;3;0;0;2;0
04/06/2015;14:45:00;203;Acidente com vítima;77,5;BR-101/ES;Sul;Queda de Moto;0;0;0;1;0;0;;;;;0;2;0;0;0
04/06/2015;08:19:00;77;Acidente sem Vítima;141;BR-101/ES;Norte;Colisão Traseira;2;0;0;0;0;0;;;;;4;0;0;0;0
04/06/2015;15:18:00;208;Acidente sem Vítima;142;BR-101/ES;Norte;Colisão Lateral;2;0;0;0;0;0;;;;;8;0;0;0;0
04/06/2015;06:27:00;52;Acidente sem Vítima;146;BR-101/ES;Sul;Colisão Traseira;2;0;0;0;0;0;;;;;4;0;0;0;0
04/06/2015;23:18:00;308;Acidente com vítima;156;BR-101/ES;Norte;Saída de Pista;1;0;0;0;0;0;;;;;0;0;0;1;0
04/06/2015;02:57:00;20;Acidente sem Vítima;200;BR-101/ES;Norte;Colisão Lateral;2;0;0;0;0;0;;;;;2;0;0;0;0
04/06/2015;13:53:00;190;Acidente com vítima;203;BR-101/ES;Sul;Queda de Moto;0;0;0;1;0;0;;;;;0;1;0;0;0
04/06/2015;07:49:00;72;Acidente sem Vítima;213;BR-101/ES;Norte;Engavetamento;2;0;1;0;0;0;;;;;8;0;0;0;0
04/06/2015;14:02:00;192;Acidente sem Vítima;264;BR-101/ES;Sul;Colisão Traseira;2;0;0;0;0;0;;;;;2;0;0;0;0
04/06/2015;05:44:00;46;Acidente com vítima;265;BR-101/ES;Norte;Queda de Moto;1;0;0;0;0;0;;;;;1;1;0;0;0
04/06/2015;19:44:00;261;Acidente sem Vítima;270;BR-101/ES;Sul;Colisão Traseira;2;0;0;0;0;0;;;;;2;0;0;0;0
04/06/2015;13:12:00;177;Acidente com vítima;272;BR-101/ES;Sul;Colisão Transversal;0;0;0;1;1;0;;;;;1;0;2;0;0
04/06/2015;21:48:00;294;Acidente com vítima;315;BR-101/ES;Norte;Queda de Moto;0;0;0;1;0;0;;;;;0;2;0;0;0