data;horario;n_da_ocorrencia;tipo_de_ocorrencia;km;trecho;sentido;tipo_de_acidente;automovel;bicicleta;caminhao;moto;onibus;outros;tracao_animal;transporte_de_cargas_especiais;trator_maquinas;utilitarios;ilesos;levemente_feridos;moderadamente_feridos;gravemente_feridos;mortos
09/08/2015;17:26:00;185;Acidente sem Vítima;216;BR-101/ES;Norte;Capotamento;1;0;0;0;0;0;;;;;2;0;0;0;0
09/08/2015;20:19:00;225;Acidente sem Vítima;233;BR-101/ES;Sul;Engavetamento;4;0;0;0;0;0;;;;;9;0;0;0;0
09/08/2015;18:51:00;202;Acidente sem Vítima;245;BR-101/ES;Sul;Saída de Pista;2;0;0;0;0;0;;;;;4;0;0;0;0
09/08/2015;19:28:00;213;Acidente com vítima;265;BR-101/ES;Norte;Engavetamento;3;0;0;0;0;0;;;;;4;2;0;0;0
09/08/2015;21:46:00;247;Acidente sem Vítima;271;BR-101/ES;Sul;Colisão Transversal;2;0;0;0;0;0;;;;;3;0;0;0;0
09/08/2015;22:03:00;250;Acidente sem Vítima;282;BR-101/ES;Norte;Saída de Pista;1;0;0;0;0;0;;;;;3;0;0;0;0
09/08/2015;16:21:00;167;Acidente sem Vítima;293;BR-101/ES;Sul;Colisão Traseira;2;0;0;0;0;0;;;;;7;0;0;0;0
09/08/2015;17:03:00;177;Acidente sem Vítima;293;BR-101/ES;Norte;Colisão Traseira;2;0;0;0;0;0;;;;;5;0;0;0;0
09/08/2015;16:13:00;166;Acidente com vítima;319,5;BR-101/ES;Norte;Capotamento;2;0;0;0;0;0;;;;;6;1;0;0;0
09/08/2015;18:49:00;200;Acidente sem Vítima;335,5;BR-101/ES;Sul;Saída de Pista;1;0;0;0;0;0;;;;;1;0;0;0;0
09/08/2015;05:12:00;40;Acidente sem Vítima;371;BR-101/ES;Norte;Saída de Pista;1;0;0;0;0;0;;;;;1;0;0;0;0
09/08/2015;11:22:00;92;Acidente sem Vítima;371,5;BR-101/ES;Sul;Queda de Moto;0;0;0;1;0;0;;;;;1;0;0;0;0
09/08/2015;16:09:00;165;Acidente com vítima;374;BR-101/ES;Sul;Queda de Moto;0;0;0;1;0;0;;;;;0;1;1;0;0
09/08/2015;05:01:00;38;Acidente sem Vítima;426;BR-101/ES;Sul;Saída de Pista;1;0;0;0;0;0;;;;;1;0;0;0;0
10/08/2015;08:26:00;96;Acidente com vítima;15;BR-101/ES;Norte;Colisão Frontal;2;0;0;0;0;0;;;;;0;0;2;0;0
10/08/2015;19:38:00;289;Acidente com vítima;144;BR-101/ES;Norte;Colisão Traseira;2;0;0;0;0;0;;;;;1;1;0;0;0
10/08/2015;07:36:00;75;Acidente com vítima;173;BR-101/ES;Norte;Capotamento;1;0;0;0;0;0;;;;;0;0;1;0;0
10/08/2015;05:24:00;52;Acidente com vítima;203;BR-101/ES;Norte;Queda de Moto;0;0;0;1;0;0;;;;;0;0;1;0;0
10/08/2015;09:34:00;119;Acidente com vítima;208;BR-101/ES;Norte;Choque com Objeto Fixo;0;0;0;0;1;0;;;;;1;1;0;0;0
10/08/2015;10:26:00;144;Acidente com vítima;220;BR-101/ES;Norte;Choque com Objeto Fixo;1;0;0;0;0;0;;;;;1;3;0;0;0
10/08/2015;07:36:00;74;Acidente sem Vítima;263;BR-101/ES;Sul;Colisão Traseira;2;0;0;0;0;0;;;;;5;0;0;0;0
10/08/2015;14:38:00;233;Acidente com vítima;263;BR-101/ES;Sul;Engavetamento;3;0;0;0;0;0;;;;;6;1;0;0;0
10/08/2015;06:57:00;66;Acidente sem Vítima;264;BR-101/ES;Norte;Engavetamento;3;0;0;0;0;0;;;;;4;0;0;0;0
10/08/2015;07:10:00;68;Acidente sem Vítima;264;BR-101/ES;Sul;Engavetamento;4;0;0;0;0;0;;;;;6;0;0;0;0
10/08/2015;00:33:00;4;Acidente sem Vítima;283;BR-101/ES;Norte;Saída de Pista;1;0;0;0;0;0;;;;;2;0;0;0;0
10/08/2015;08:58:00;107;Acidente com vítima;299;BR-101/ES;Sul;Colisão Traseira;1;0;0;1;0;0;;;;;1;0;1;0;0
11/08/2015;11:46:00;159;Acidente sem Vítima;189;BR-101/ES;Sul;Colisão Traseira;1;0;2;0;0;0;;;;;2;0;0;0;0
11/08/2015;12:40:00;176;Acidente sem Vítima;205;BR-101/ES;Norte;Colisão Traseira;2;0;0;0;0;0;;;;;2;0;0;0;0
11/08/2015;06:46:00;53;Acidente sem Vítima;213;BR-101/ES;Sul;Colisão Traseira;2;0;0;0;0;0;;;;;3;0;0;0;0
11/08/2015;08:52:00;100;Acidente sem Vítima;255;BR-101/ES;Norte;Colisão Traseira;1;0;1;0;0;0;;;;;5;0;0;0;0
11/08/2015;19:16:00;291;Acidente sem Vítima;262;BR-101/ES;Norte;Colisão Traseira;2;0;0;0;0;0;;;;;2;0;0;0;0
11/08/2015;06:42:00;52;Acidente com vítima;266;BR-101/ES;Sul;Queda de Moto;0;0;0;1;0;0;;;;;0;2;0;0;0
11/08/2015;07:12:00;61;Acidente com vítima;269;BR-101/ES;Sul;Colisão;0;1;0;1;0;0;;;;;0;2;0;0;0
11/08/2015;07:45:00;73;Acidente com vítima;304;BR-101/ES;Norte;Capotamento;2;0;2;0;0;0;;;;;2;0;1;0;0
11/08/2015;09:25:00;116;Acidente sem Vítima;457;BR-101/ES;Sul;Veículo em Chamas;1;0;0;0;0;0;;;;;2;0;0;0;0
12/08/2015;07:00:00;59;Acidente com vítima;77;BR-101/ES;Sul;Capotamento;1;0;1;0;0;0;;;;;2;1;0;0;0
12/08/2015;08:54:00;106;Acidente sem Vítima;125;BR-101/ES;Norte;Colisão Traseira;2;0;0;0;0;0;;;;;6;0;0;0;0
12/08/2015;12:16:00;183;Acidente sem Vítima;149;BR-101/ES;Sul;Colisão Transversal;1;0;3;0;0;0;;;;;2;0;0;0;0
12/08/2015;18:48:00;290;Acidente com vítima;156;BR-101/ES;Norte;Queda de Moto;0;0;0;1;0;0;;;;;0;0;1;0;0
12/08/2015;13:27:00;201;Acidente sem Vítima;233;BR-101/ES;Norte;Colisão Traseira;2;0;1;0;0;0;;;;;2;0;0;0;0
12/08/2015;08:26:00;97;Acidente com vítima;245;BR-101/ES;Norte;Capotamento;1;0;0;0;0;0;;;;;0;1;0;0;0
12/08/2015;17:47:00;284;Acidente com vítima;245;BR-101/ES;Sul;Saída de Pista;1;0;0;0;0;0;;;;;0;1;0;0;0
12/08/2015;14:02:00;218;Acidente sem Vítima;264;BR-101/ES;Sul;Colisão Traseira;2;0;0;0;0;0;;;;;3;0;0;0;0
12/08/2015;20:27:00;315;Acidente com vítima;264,5;BR-101/ES;Norte;Colisão Transversal;1;0;0;0;1;0;;;;;2;2;1;0;0
12/08/2015;10:01:00;130;Acidente sem Vítima;293;BR-101/ES;Norte;Colisão Lateral;1;0;5;0;0;0;;;;;3;0;0;0;0
12/08/2015;11:34:00;164;Acidente sem Vítima;344;BR-101/ES;Sul;Colisão Lateral;0;0;3;0;0;0;;;;;2;0;0;0;0
12/08/2015;16:45:00;268;Acidente com vítima;376,5;BR-101/ES;Norte;Queda de Moto;0;0;0;1;0;0;;;;;0;1;0;0;0
12/08/2015;04:12:00;36;Acidente sem Vítima;399;BR-101/ES;Norte;Choque com Objeto Fixo;0;0;1;0;0;0;;;;;1;0;0;0;0
13/08/2015;16:45:00;250;Acidente sem Vítima;20;BR-101/ES;Norte;Colisão Lateral;1;0;2;0;0;0;;;;;2;0;0;0;0
13/08/2015;17:16:00;257;Acidente sem Vítima;137;BR-101/ES;Sul;Colisão Traseira;2;0;0;0;0;0;;;;;2;0;0;0;0
13/08/2015;11:35:00;154;Acidente sem Vítima;143;BR-101/ES;Norte;Colisão Traseira;2;0;0;0;0;0;;;;;3;0;0;0;0
13/08/2015;11:53:00;164;Acidente sem Vítima;143;BR-101/ES;Sul;Colisão Traseira;0;0;2;0;0;0;;;;;3;0;0;0;0
13/08/2015;19:28:00;285;Acidente com vítima;262;BR-101/ES;Norte;Queda de Moto;0;0;0;1;0;0;;;;;1;1;0;0;0
13/08/2015;10:48:00;138;Acidente sem Vítima;266;BR-101/ES;Sul;Colisão Traseira;2;0;0;0;0;0;;;;;3;0;0;0;0
13/08/2015;12:42:00;182;Acidente sem Vítima;278;BR-101/ES;Sul;Saída de Pista;1;0;0;0;0;0;;;;;1;0;0;0;0
13/08/2015;11:49:00;163;Acidente sem Vítima;292;BR-101/ES;Norte;Engavetamento;2;0;2;0;0;0;;;;;5;0;0;0;0
13/08/2015;09:24:00;114;Acidente sem Vítima;320;BR-101/ES;Norte;Queda de Moto;0;0;0;1;0;0;;;;;1;0;0;0;0
13/08/2015;22:38:00;317;Acidente sem Vítima;377;BR-101/ES;Norte;Saída de Pista;0;0;1;0;0;0;;;;;1;0;0;0;0
14/08/2015;18:55:00;299;Acidente sem Vítima;125;BR-101/ES;Sul;Colisão Lateral;1;0;1;0;0;0;;;;;2;0;0;0;0
14/08/2015;15:48:00;255;Atropelamento sem Morte;149;BR-101/ES;Norte;Atropelamento;0;0;0;1;0;0;;;;;0;2;1;0;0
14/08/2015;13:55:00;222;Acidente com vítima;160;BR-101/ES;Norte;Colisão Lateral;1;0;0;1;0;0;;;;;1;1;0;0;0
14/08/2015;22:29:00;350;Acidente sem Vítima;177,5;BR-101/ES;Norte;Saída de Pista;1;0;0;0;0;0;;;;;1;0;0;0;0
14/08/2015;14:18:00;225;Acidente sem Vítima;212;BR-101/ES;Norte;Colisão Lateral;1;0;1;0;0;0;;;;;3;0;0;0;0
14/08/2015;14:53:00;238;Acidente com vítima;261;BR-101/ES;Sul;Colisão Traseira;1;0;0;1;0;0;;;;;1;1;0;0;0
14/08/2015;06:53:00;52;Acidente sem Vítima;269;BR-101/ES;Sul;Queda de Moto;0;0;0;1;0;0;;;;;2;0;0;0;0
14/08/2015;10:35:00;146;Acidente sem Vítima;270;BR-101/ES;Sul;Colisão Traseira;1;0;0;1;0;0;;;;;2;0;0;0;0
14/08/2015;13:02:00;210;Acidente com vítima;276;BR-101/ES;Norte;Queda de Moto;0;0;0;1;0;0;;;;;0;1;0;0;0
14/08/2015;14:04:00;223;Acidente sem Vítima;333;BR-101/ES;Norte;Saída de Pista;1;0;0;0;0;0;;;;;2;0;0;0;0
14/08/2015;14:37:00;230;Acidente sem Vítima;378;BR-101/ES;Norte;Colisão Traseira;0;0;4;0;0;0;;;;;2;0;0;0;0
14/08/2015;22:21:00;349;Acidente sem Vítima;402;BR-101/ES;Norte;Saída de Pista;1;0;0;0;0;0;;;;;1;0;0;0;0
15/08/2015;06:33:00;51;Acidente com vítima;201;BR-101/ES;Sul;Colisão Frontal;1;0;1;0;0;0;;;;;1;1;0;0;0
15/08/2015;09:32:00;104;Acidente com vítima;241;BR-101/ES;Sul;Queda de Moto;0;0;0;1;0;0;;;;;0;1;0;0;0
15/08/2015;18:51:00;263;Acidente com vítima;262;BR-101/ES;Sul;Colisão Traseira;3;0;0;0;0;0;;;;;3;0;1;0;0
15/08/2015;11:54:00;153;Acidente com vítima;268;BR-101/ES;Norte;Colisão Traseira;2;0;0;1;0;0;;;;;2;1;1;0;0
15/08/2015;09:34:00;105;Acidente com vítima;285;BR-101/ES;Sul;Queda de Moto;0;0;0;1;0;0;;;;;0;1;0;0;0
15/08/2015;17:32:00;248;Acidente sem Vítima;292,6;BR-101/ES;Norte;Colisão Traseira;1;0;0;0;1;0;;;;;4;0;0;0;0
15/08/2015;05:15:00;46;Acidente com vítima;355;BR-101/ES;Norte;Queda de Moto;0;0;0;1;0;0;;;;;0;0;1;0;0
15/08/2015;10:50:00;121;Acidente com vítima;415;BR-101/ES;Sul;Colisão Traseira;1;0;0;0;1;0;;;;;0;2;0;0;0
15/08/2015;07:14:00;64;Acidente sem Vítima;419;BR-101/ES;Sul;Saída de Pista;1;0;0;0;0;0;;;;;1;0;0;0;0
16/08/2015;23:55:00;276;Acidente com vítima;15;BR-101/ES;Norte;Queda de Moto;0;0;0;1;0;0;;;;;0;0;1;0;0
16/08/2015;20:31:00;250;Acidente sem Vítima;17,8;BR-101/ES;Sul;Saída de Pista;1;0;0;0;0;0;;;;;1;0;0;0;0
16/08/2015;23:08:00;272;Acidente sem Vítima;18;BR-101/ES;Sul;Saída de Pista;1;0;0;0;0;0;;;;;2;0;0;0;0
16/08/2015;17:51:00;219;Acidente com vítima;25;BR-101/ES;Norte;Queda de Moto;0;0;0;1;0;0;;;;;1;1;0;0;0
16/08/2015;17:25:00;211;Acidente com vítima;80;BR-101/ES;Norte;Colisão Traseira;0;0;2;1;0;0;;;;;1;0;1;1;0
16/08/2015;20:11:00;243;Acidente sem Vítima;152;BR-101/ES;Norte;Saída de Pista;1;0;0;0;0;0;;;;;1;0;0;0;0
16/08/2015;16:48:00;195;Acidente sem Vítima;175;BR-101/ES;Sul;Colisão Traseira;1;0;1;0;0;0;;;;;5;0;0;0;0
16/08/2015;19:26:00;236;Atropelamento sem Morte;179;BR-101/ES;Norte;Atropelamento;0;0;0;0;0;1;;;;;0;1;0;0;0
16/08/2015;10:47:00;100;Acidente com vítima;207;BR-101/ES;Sul;Saída de Pista;1;0;0;0;0;0;;;;;0;2;0;0;0
16/08/2015;17:41:00;217;Acidente sem Vítima;244;BR-101/ES;Sul;Saída de Pista;1;0;0;0;0;0;;;;;2;0;0;0;0
16/08/2015;01:35:00;14;Acidente sem Vítima;260;BR-101/ES;Sul;Colisão Lateral;1;0;1;0;0;0;;;;;4;0;0;0;0
16/08/2015;18:44:00;228;Acidente sem Vítima;264;BR-101/ES;Norte;Colisão Lateral;1;0;1;0;0;0;;;;;2;0;0;0;0
16/08/2015;18:53:00;229;Acidente sem Vítima;264;BR-101/ES;Norte;Colisão Traseira;2;0;0;0;0;0;;;;;2;0;0;0;0
16/08/2015;04:08:00;42;Acidente sem Vítima;288;BR-101/ES;Norte;Capotamento;1;0;0;0;0;0;;;;;1;0;0;0;0
16/08/2015;16:27:00;191;Acidente com vítima;293;BR-101/ES;Norte;Colisão Traseira;2;0;0;0;0;0;;;;;6;0;1;0;0
16/08/2015;13:28:00;150;Acidente com vítima;939,4;BR-101/BA;Norte;Colisão Transversal;2;0;0;0;0;0;;;;;1;2;2;0;0
17/08/2015;10:20:00;137;Acidente sem Vítima;149;BR-101/ES;Sul;Colisão Lateral;1;0;1;0;0;0;;;;;2;0;0;0;0
17/08/2015;16:27:00;243;Acidente com vítima;176;BR-101/ES;Sul;Queda de Moto;0;0;0;1;0;0;;;;;0;2;0;0;0
17/08/2015;17:54:00;275;Acidente sem Vítima;213;BR-101/ES;Norte;Colisão Transversal;1;0;1;0;0;0;;;;;2;0;0;0;0
17/08/2015;07:06:00;60;Acidente sem Vítima;264;BR-101/ES;Sul;Colisão Traseira;2;0;0;0;0;0;;;;;2;0;0;0;0
17/08/2015;07:27:00;70;Acidente com vítima;269;BR-101/ES;Sul;Colisão Traseira;3;0;0;0;0;0;;;;;3;1;0;0;0
17/08/2015;09:03:00;103;Acidente sem Vítima;270;BR-101/ES;Sul;Colisão Traseira;2;0;0;0;0;0;;;;;2;0;0;0;0
17/08/2015;16:52:00;248;Acidente sem Vítima;270;BR-101/ES;Norte;Colisão Traseira;1;0;1;0;0;0;;;;;4;0;0;0;0
17/08/2015;18:28:00;279;Acidente sem Vítima;270;BR-101/ES;Sul;Colisão Lateral;1;0;0;1;0;0;;;;;2;0;0;0;0
17/08/2015;20:22:00;303;Acidente sem Vítima;414;BR-101/ES;Sul;Colisão Traseira;1;0;1;0;0;0;;;;;3;0;0;0;0
17/08/2015;18:16:00;277;Acidente sem Vítima;427;BR-101/ES;Sul;Tombamento;0;0;1;0;0;0;;;;;1;0;0;0;0
17/08/2015;03:28:00;27;Acidente sem Vítima;949;BR-101/BA;Norte;Choque com Objeto Fixo;1;0;0;0;0;0;;;;;1;0;0;0;0
18/08/2015;22:40:00;303;Acidente sem Vítima;92;BR-101/ES;Norte;Atropelamento - Equino;0;0;0;0;1;0;;;;;1;0;0;0;0
18/08/2015;00:04:00;3;Acidente sem Vítima;191;BR-101/ES;Norte;Saída de Pista;1;0;0;0;0;0;;;;;2;0;0;0;0
18/08/2015;18:19:00;256;Acidente com vítima;200;BR-101/ES;Sul;Colisão Transversal;2;0;0;0;0;0;;;;;2;1;0;0;0
18/08/2015;16:48:00;234;Acidente sem Vítima;267;BR-101/ES;Norte;Colisão Traseira;2;0;0;0;0;0;;;;;3;0;0;0;0
18/08/2015;20:17:00;278;Acidente sem Vítima;292;BR-101/ES;Norte;Colisão Lateral;1;0;1;0;0;0;;;;;2;0;0;0;0
18/08/2015;05:12:00;41;Acidente sem Vítima;293;BR-101/ES;Sul;Veículo em Chamas;1;0;0;0;0;0;;;;;1;0;0;0;0
18/08/2015;11:46:00;136;Acidente sem Vítima;294;BR-101/ES;Sul;Choque com Objeto Fixo;0;0;1;0;0;0;;;;;1;0;0;0;0
18/08/2015;03:45:00;33;Acidente com vítima;328;BR-101/ES;Sul;Tombamento;0;0;2;0;0;0;;;;;1;3;0;0;0
18/08/2015;06:13:00;51;Acidente sem Vítima;380;BR-101/ES;Sul;Capotamento;1;0;0;0;0;0;;;;;1;0;0;0;0
19/08/2015;10:40:00;135;Acidente com vítima;50;BR-101/ES;Norte;Queda de Moto;0;0;0;1;0;0;;;;;0;1;0;0;0
19/08/2015;15:01:00;206;Acidente com vítima;61;BR-101/ES;Norte;Colisão Traseira;1;0;1;0;0;0;;;;;4;1;0;0;0
19/08/2015;15:22:00;214;Acidente sem Vítima;65;BR-101/ES;Sul;Colisão;1;0;0;0;0;0;;;;;1;0;0;0;0
19/08/2015;16:45:00;239;Acidente sem Vítima;95;BR-101/ES;Sul;Colisão Lateral;1;0;1;0;0;0;;;;;3;0;0;0;0
19/08/2015;20:20:00;288;Acidente sem Vítima;193;BR-101/ES;Sul;Veículo em Chamas;1;0;0;0;0;0;;;;;3;0;0;0;0
19/08/2015;22:14:00;306;Acidente com vítima;269;BR-101/ES;Norte;Colisão Transversal;1;0;0;1;0;0;;;;;1;0;1;0;0
19/08/2015;07:00:00;64;Acidente sem Vítima;270;BR-101/ES;Sul;Queda de Moto;0;0;0;1;0;0;;;;;1;0;0;0;0
19/08/2015;18:11:00;262;Acidente com vítima;283;BR-101/ES;Norte;Queda de Moto;0;0;0;1;0;0;;;;;0;1;0;0;0
19/08/2015;15:14:00;211;Acidente sem Vítima;297;BR-101/ES;Norte;Colisão Traseira;2;0;0;0;0;0;;;;;3;0;0;0;0
20/08/2015;19:17:00;271;Acidente sem Vítima;18;BR-101/ES;Sul;Saída de Pista;1;0;0;0;0;0;;;;;1;0;0;0;0
20/08/2015;11:33:00;153;Acidente com vítima;125;BR-101/ES;Sul;Colisão Transversal;1;0;0;1;0;0;;;;;1;1;0;0;0
20/08/2015;12:17:00;182;Acidente com vítima;149;BR-101/ES;Norte;Colisão Lateral;2;0;0;0;0;0;;;;;1;1;0;0;0
20/08/2015;07:49:00;83;Acidente sem Vítima;275;BR-101/ES;Norte;Colisão Traseira;2;0;0;0;0;0;;;;;2;0;0;0;0
20/08/2015;08:09:00;93;Acidente sem Vítima;275;BR-101/ES;Norte;Colisão Traseira;1;0;1;0;0;0;;;;;3;0;0;0;0
20/08/2015;08:20:00;96;Acidente sem Vítima;275;BR-101/ES;Norte;Colisão Traseira;1;0;1;0;0;0;;;;;3;0;0;0;0
20/08/2015;07:47:00;79;Acidente sem Vítima;282;BR-101/ES;Norte;Engavetamento;3;0;0;0;0;0;;;;;3;0;0;0;0
20/08/2015;17:44:00;258;Acidente com vítima;296;BR-101/ES;Sul;Capotamento;1;0;0;0;0;0;;;;;1;1;0;0;0
20/08/2015;14:48:00;215;Acidente sem Vítima;301;BR-101/ES;Norte;Colisão Traseira;1;0;1;0;0;0;;;;;2;0;0;0;0
20/08/2015;07:57:00;87;Acidente sem Vítima;458;BR-101/ES;Sul;Saída de Pista;1;0;0;0;0;0;;;;;2;0;0;0;0
21/08/2015;08:09:00;80;Acidente com vítima;67;BR-101/ES;Norte;Colisão Lateral;2;0;0;0;0;0;;;;;1;0;1;0;0
21/08/2015;13:13:00;185;Acidente com vítima;117;BR-101/ES;Sul;Colisão Lateral;1;0;0;1;0;0;;;;;1;1;1;0;0
21/08/2015;02:00:00;26;Acidente com vítima;134;BR-101/ES;Sul;Queda de Moto;0;0;0;1;0;0;;;;;0;0;1;0;0
21/08/2015;19:01:00;271;Acidente com vítima;145;BR-101/ES;Norte;Colisão;0;1;0;1;0;0;;;;;0;2;0;0;0
21/08/2015;15:07:00;210;Acidente sem Vítima;213;BR-101/ES;Sul;Veículo em Chamas;1;0;0;0;0;0;;;;;1;0;0;0;0
21/08/2015;13:10:00;183;Acidente com vítima;259;BR-101/ES;Norte;Colisão Traseira;1;0;0;1;0;0;;;;;1;1;0;0;0
21/08/2015;07:20:00;60;Atropelamento sem Morte;263;BR-101/ES;Norte;Atropelamento;1;0;0;0;0;0;;;;;1;0;0;1;0
21/08/2015;08:44:00;97;Acidente com vítima;265;BR-101/ES;Sul;Colisão Traseira;0;0;0;0;1;0;;;;;2;2;0;0;0
21/08/2015;02:14:00;28;Acidente sem Vítima;299;BR-101/ES;Norte;Saída de Pista;1;0;0;0;0;0;;;;;2;0;0;0;0
21/08/2015;01:50:00;24;Acidente com vítima;401;BR-101/ES;Sul;Saída de Pista;0;0;1;0;0;0;;;;;1;1;0;0;0
21/08/2015;19:02:00;272;Acidente com vítima;448;BR-101/ES;Norte;Choque com Objeto Fixo;0;0;0;1;0;0;;;;;0;0;1;0;0
22/08/2015;19:37:00;227;Acidente com vítima;230;BR-101/ES;Sul;Colisão Traseira;1;0;0;1;0;0;;;;;2;2;0;0;0
22/08/2015;03:11:00;31;Acidente sem Vítima;258;BR-101/ES;Sul;Saída de Pista;1;0;0;0;0;0;;;;;1;0;0;0;0
22/08/2015;08:04:00;69;Acidente com vítima;264;BR-101/ES;Norte;Colisão Lateral;1;0;0;1;0;0;;;;;2;1;0;0;0
22/08/2015;13:46:00;157;Acidente sem Vítima;266;BR-101/ES;Sul;Engavetamento;4;0;0;0;0;0;;;;;6;0;0;0;0
22/08/2015;16:08:00;188;Acidente com vítima;268;BR-101/ES;Norte;Colisão Transversal;1;0;0;1;0;0;;;;;0;1;0;2;0
22/08/2015;01:36:00;13;Acidente com vítima;270;BR-101/ES;Sul;Choque com Objeto Fixo;0;0;0;1;0;0;;;;;0;0;0;1;0
22/08/2015;05:36:00;47;Acidente sem Vítima;288;BR-101/ES;Sul;Veículo em Chamas;1;0;0;0;0;0;;;;;1;0;0;0;0
22/08/2015;20:56:00;235;Acidente sem Vítima;335;BR-101/ES;Norte;Queda de Moto;0;0;0;1;0;0;;;;;2;0;0;0;0
22/08/2015;12:04:00;124;Acidente com vítima;338;BR-101/ES;Norte;Saída de Pista;1;0;0;0;0;0;;;;;0;2;0;0;0
23/08/2015;18:20:00;221;Acidente com Morte;29;BR-101/ES;Sul;Tombamento;0;0;2;0;0;0;;;;;0;0;0;0;1
23/08/2015;14:16:00;176;Acidente sem Vítima;32;BR-101/ES;Norte;Colisão Traseira;1;0;0;1;0;0;;;;;2;0;0;0;0
23/08/2015;18:35:00;224;Acidente sem Vítima;42,3;BR-101/ES;Norte;Colisão Lateral;2;0;0;0;0;0;;;;;2;0;0;0;0
23/08/2015;17:02:00;202;Acidente sem Vítima;138;BR-101/ES;Norte;Queda de Moto;1;0;0;0;0;0;;;;;2;0;0;0;0
23/08/2015;03:45:00;36;Acidente com vítima;142;BR-101/ES;Norte;Colisão Traseira;2;0;0;0;0;0;;;;;1;1;0;0;0
23/08/2015;21:04:00;253;Acidente sem Vítima;146;BR-101/ES;Sul;Colisão Lateral;1;0;1;0;0;0;;;;;3;0;0;0;0
23/08/2015;17:47:00;214;Acidente com vítima;147;BR-101/ES;Sul;Colisão Lateral;2;0;0;0;0;0;;;;;1;1;0;0;0
23/08/2015;05:46:00;51;Acidente sem Vítima;154;BR-101/ES;Norte;Capotamento;1;0;0;0;0;0;;;;;1;0;0;0;0
23/08/2015;06:02:00;53;Acidente com vítima;155;BR-101/ES;Norte;Queda de Moto;0;0;0;1;0;0;;;;;0;1;0;1;0
23/08/2015;13:51:00;170;Acidente com vítima;262;BR-101/ES;Norte;Capotamento;1;0;0;0;0;0;;;;;0;1;0;0;0
23/08/2015;21:26:00;254;Acidente sem Vítima;262;BR-101/ES;Sul;Colisão Traseira;2;0;0;0;0;0;;;;;3;0;0;0;0
23/08/2015;14:17:00;177;Acidente sem Vítima;264;BR-101/ES;Sul;Engavetamento;3;0;0;0;0;0;;;;;17;0;0;0;0
23/08/2015;10:51:00;114;Acidente com vítima;272;BR-101/ES;Sul;Saída de Pista;0;0;2;0;0;0;;;;;0;1;0;0;0
23/08/2015;08:47:00;87;Acidente sem Vítima;298;BR-101/ES;Norte;Colisão Traseira;2;0;0;0;0;0;;;;;4;0;0;0;0
23/08/2015;14:36:00;182;Acidente com vítima;317;BR-101/ES;Norte;Colisão Lateral;2;0;0;0;0;0;;;;;2;0;1;0;0
23/08/2015;00:01:00;1;Acidente sem Vítima;940,8;BR-101/BA;Sul;Atropelamento - Bovino;1;0;0;0;0;0;;;;;1;0;0;0;0
24/08/2015;08:53:00;93;Acidente com vítima;67;BR-101/ES;Norte;Colisão Transversal;1;0;0;1;0;0;;;;;1;1;1;0;0
24/08/2015;17:28:00;236;Acidente com vítima;262;BR-101/ES;Norte;Colisão Transversal;0;0;0;1;1;0;;;;;1;1;0;0;0
24/08/2015;09:31:00;99;Acidente com vítima;270;BR-101/ES;Norte;Colisão Lateral;1;0;0;1;0;0;;;;;0;2;0;0;0
24/08/2015;08:48:00;89;Acidente com vítima;292;BR-101/ES;Sul;Colisão Traseira;1;0;0;1;0;0;;;;;1;1;0;0;0
24/08/2015;14:19:00;184;Acidente sem Vítima;372;BR-101/ES;Sul;Saída de Pista;1;0;0;0;0;0;;;;;2;0;0;0;0
24/08/2015;05:54:00;45;Acidente com vítima;377,2;BR-101/ES;Sul;Colisão Lateral;1;0;0;1;0;0;;;;;1;0;1;0;0
25/08/2015;19:00:00;272;Acidente sem Vítima;16;BR-101/ES;Sul;Colisão Traseira;0;0;6;0;0;0;;;;;2;0;0;0;0
25/08/2015;17:28:00;258;Acidente sem Vítima;147;BR-101/ES;Norte;Engavetamento;3;0;0;0;0;0;;;;;3;0;0;0;0
25/08/2015;19:19:00;278;Acidente com vítima;257;BR-101/ES;Sul;Colisão Transversal;0;0;1;1;0;0;;;;;1;0;1;0;0
25/08/2015;15:40:00;237;Acidente sem Vítima;266;BR-101/ES;Norte;Colisão Traseira;2;0;0;0;0;0;;;;;4;0;0;0;0
25/08/2015;10:09:00;130;Acidente com vítima;267;BR-101/ES;Norte;Colisão Traseira;0;0;2;0;0;0;;;;;5;1;0;0;0
25/08/2015;14:15:00;215;Acidente sem Vítima;270;BR-101/ES;Sul;Colisão Lateral;1;0;2;0;0;0;;;;;5;0;0;0;0
25/08/2015;14:58:00;232;Acidente sem Vítima;270;BR-101/ES;Norte;Colisão Lateral;1;0;2;0;0;0;;;;;2;0;0;0;0
25/08/2015;12:40:00;183;Acidente sem Vítima;291;BR-101/ES;Sul;Engavetamento;3;0;0;0;0;0;;;;;5;0;0;0;0
25/08/2015;07:22:00;72;Acidente sem Vítima;298;BR-101/ES;Sul;Colisão Traseira;2;0;0;0;0;0;;;;;2;0;0;0;0
25/08/2015;10:25:00;133;Acidente com vítima;377;BR-101/ES;Sul;Choque com Objeto Fixo;1;0;0;0;0;0;;;;;0;1;0;0;0
25/08/2015;10:04:00;128;Acidente sem Vítima;399;BR-101/ES;Sul;Colisão Traseira;1;0;0;0;1;0;;;;;14;0;0;0;0
25/08/2015;08:04:00;84;Acidente sem Vítima;402;BR-101/ES;Sul;Colisão Transversal;1;0;2;0;0;0;;;;;2;0;0;0;0