data;horario;n_da_ocorrencia;tipo_de_ocorrencia;km;trecho;sentido;tipo_de_acidente;automovel;bicicleta;caminhao;moto;onibus;outros;tracao_animal;transporte_de_cargas_especiais;trator_maquinas;utilitarios;ilesos;levemente_feridos;moderadamente_feridos;gravemente_feridos;mortos
05/02/2016;06:53:00;78;Acidente com vítima;213;BR-101/ES;Norte;Colisão Transversal;1;0;2;0;0;0;;;;;1;0;1;0;0
05/02/2016;18:28:00;348;Atropelamento sem morte;213;BR-101/ES;Sul;Atropelamento e Fuga;0;0;0;1;0;0;;;;;0;0;0;1;0
05/02/2016;20:11:00;388;Acidente sem Vítima;213;BR-101/ES;Sul;Engavetamento;3;0;0;0;0;0;;;;;3;0;0;0;0
05/02/2016;17:11:00;322;Acidente sem Vítima;218;BR-101/ES;Norte;Saída de Pista;1;0;0;0;0;0;;;;;1;0;0;0;0
05/02/2016;13:07:00;215;Acidente sem Vítima;244;BR-101/ES;Sul;Colisão Lateral;1;0;0;1;0;0;;;;;2;0;0;0;0
05/02/2016;21:07:00;408;Acidente com vítima;266;BR-101/ES;Sul;Colisão;0;1;1;0;0;0;;;;;1;0;1;0;0
05/02/2016;15:35:00;280;Acidente sem Vítima;267;BR-101/ES;Sul;Colisão Traseira;1;0;1;0;0;0;;;;;3;0;0;0;0
05/02/2016;20:44:00;402;Acidente sem Vítima;269;BR-101/ES;Sul;Colisão Traseira;1;0;1;0;0;0;;;;;3;0;0;0;0
05/02/2016;13:44:00;229;Acidente sem Vítima;270;BR-101/ES;Norte;Colisão Traseira;2;0;0;0;0;0;;;;;4;0;0;0;0
05/02/2016;15:14:00;272;Acidente sem Vítima;270;BR-101/ES;Sul;Colisão Lateral;1;0;0;0;1;0;;;;;5;0;0;0;0
05/02/2016;07:10:00;81;Acidente com vítima;308,5;BR-101/ES;Sul;Colisão Lateral;2;0;0;0;0;0;;;;;2;1;0;0;0
05/02/2016;23:30:00;461;Acidente com vítima;312;BR-101/ES;Sul;Colisão Transversal;2;0;0;0;0;0;;;;;4;2;0;0;0
05/02/2016;16:01:00;292;Acidente sem Vítima;356;BR-101/ES;Sul;Colisão Lateral;2;0;0;0;0;0;;;;;3;0;0;0;0
05/02/2016;10:51:00;152;Acidente com vítima;436;BR-101/ES;Norte;Saída de Pista;1;0;0;0;0;0;;;;;3;1;0;0;0
06/02/2016;17:44:00;367;Acidente com vítima;67,5;BR-101/ES;Sul;Colisão Transversal;1;0;0;1;0;0;;;;;1;0;1;0;0
06/02/2016;10:07:00;192;Acidente com vítima;154;BR-101/ES;Sul;Colisão Transversal;2;0;0;0;0;0;;;;;4;2;0;0;0
06/02/2016;16:17:00;336;Acidente sem Vítima;172;BR-101/ES;Sul;Colisão Traseira;2;0;0;0;0;0;;;;;6;0;0;0;0
06/02/2016;12:28:00;248;Acidente sem Vítima;176;BR-101/ES;Sul;Colisão Traseira;2;0;0;0;0;0;;;;;9;0;0;0;0
06/02/2016;08:57:00;167;Acidente com vítima;215;BR-101/ES;Sul;Colisão Transversal;2;0;0;0;0;0;;;;;3;1;1;0;0
06/02/2016;10:01:00;189;Acidente sem Vítima;233;BR-101/ES;Norte;Colisão Traseira;2;0;0;0;0;0;;;;;4;0;0;0;0
06/02/2016;11:12:00;214;Acidente sem Vítima;241;BR-101/ES;Norte;Colisão Transversal;2;0;0;0;0;0;;;;;2;0;0;0;0
06/02/2016;07:13:00;114;Acidente sem Vítima;257,5;BR-101/ES;Norte;Colisão Traseira;2;0;0;0;0;0;;;;;6;0;0;0;0
06/02/2016;14:36:00;301;Acidente com vítima;262;BR-101/ES;Sul;Engavetamento;5;0;0;0;0;0;;;;;7;0;1;0;0
06/02/2016;22:24:00;444;Acidente sem Vítima;263;BR-101/ES;Sul;Colisão Traseira;2;0;0;0;0;0;;;;;2;0;0;0;0
06/02/2016;11:47:00;233;Acidente sem Vítima;306;BR-101/ES;Norte;Colisão Lateral;2;0;0;0;0;0;;;;;3;0;0;0;0
06/02/2016;13:56:00;287;Acidente sem Vítima;325;BR-101/ES;Sul;Engavetamento;2;0;1;0;0;0;;;;;6;0;0;0;0
06/02/2016;18:16:00;380;Acidente com vítima;371,5;BR-101/ES;Norte;Colisão Lateral;1;0;0;1;0;0;;;;;1;2;0;0;0
06/02/2016;10:44:00;200;Acidente sem Vítima;382;BR-101/ES;Norte;Colisão Traseira;1;0;0;1;0;0;;;;;4;0;0;0;0
06/02/2016;11:24:00;219;Acidente sem Vítima;400;BR-101/ES;Norte;Colisão Traseira;2;0;0;0;0;0;;;;;6;0;0;0;0
06/02/2016;02:54:00;41;Acidente com vítima;440;BR-101/ES;Sul;Saída de Pista;1;0;0;0;0;0;;;;;0;1;0;0;0
06/02/2016;13:41:00;284;Acidente com Morte;443;BR-101/ES;Norte;Colisão Transversal;2;0;0;0;0;0;;;;;0;3;3;0;1
07/02/2016;06:38:00;74;Acidente sem Vítima;4,5;BR-101/ES;Sul;Saída de Pista;1;0;0;0;0;0;;;;;2;0;0;0;0
07/02/2016;20:24:00;273;Acidente com vítima;29;BR-101/ES;Norte;Queda de Moto;0;0;0;1;0;0;;;;;0;0;1;0;0
07/02/2016;20:04:00;268;Acidente com vítima;177;BR-101/ES;Norte;Queda de Moto;0;0;0;1;0;0;;;;;0;1;0;0;0
07/02/2016;17:11:00;239;Acidente sem Vítima;266;BR-101/ES;Sul;Colisão Lateral;2;0;0;0;0;0;;;;;2;0;0;0;0
07/02/2016;16:37:00;227;Acidente sem Vítima;304;BR-101/ES;Norte;Colisão Traseira;2;0;0;0;0;0;;;;;4;0;0;0;0
07/02/2016;03:13:00;48;Acidente com vítima;310;BR-101/ES;Sul;Saída de Pista;2;0;0;0;0;0;;;;;1;1;0;1;0
08/02/2016;14:14:00;221;Acidente com vítima;47;BR-101/ES;Sul;Queda de Moto;1;0;0;0;0;0;;;;;0;2;0;0;0
08/02/2016;12:11:00;173;Acidente com vítima;216;BR-101/ES;Sul;Queda de Moto;0;0;0;1;0;0;;;;;0;1;0;0;0
08/02/2016;07:21:00;76;Acidente sem Vítima;261;BR-101/ES;Sul;Saída de Pista;1;0;0;0;0;0;;;;;3;0;0;0;0
08/02/2016;07:09:00;74;Acidente com vítima;265;BR-101/ES;Sul;Saída de Pista;4;0;0;0;0;0;;;;;8;2;0;0;0
08/02/2016;12:20:00;175;Acidente sem Vítima;265,4;BR-101/ES;Norte;Choque com Objeto Fixo;2;0;0;0;0;0;;;;;3;0;0;0;0
08/02/2016;13:03:00;190-TRECHO CONTORNO;Acidente sem Vítima;271;BR-101/ES;Sul;Colisão Traseira;2;0;0;0;0;0;;;;;4;0;0;0;0
09/02/2016;14:14:00;233;Acidente sem Vítima;33;BR-101/ES;Sul;Colisão Lateral;2;0;0;0;0;0;;;;;2;0;0;0;0
09/02/2016;10:58:00;136;Acidente sem Vítima;107;BR-101/ES;Sul;Engavetamento;3;0;0;0;0;0;;;;;6;0;0;0;0
09/02/2016;12:24:00;176;Acidente sem Vítima;155;BR-101/ES;Sul;Saída de Pista;1;0;0;0;0;0;;;;;3;0;0;0;0
09/02/2016;14:06:00;230;Acidente sem Vítima;262;BR-101/ES;Norte;Colisão Traseira;2;0;1;0;0;0;;;;;3;0;0;0;0
09/02/2016;16:57:00;286;Acidente sem Vítima;264;BR-101/ES;Norte;Colisão Traseira;1;0;0;0;1;0;;;;;2;0;0;0;0
09/02/2016;18:53:00;321;Atropelamento sem morte;266;BR-101/ES;Norte;Atropelamento;0;0;0;1;0;0;;;;;0;1;2;0;0
10/02/2016;13:27:00;203;Acidente com vítima;32;BR-101/ES;Norte;Colisão Lateral;2;0;0;0;0;0;;;;;4;1;0;0;0
10/02/2016;08:29:00;100;Acidente sem Vítima;40;BR-101/ES;Sul;Saída de Pista;1;0;0;0;0;0;;;;;1;0;0;0;0
10/02/2016;08:36:00;102;Acidente com vítima;73;BR-101/ES;Norte;Queda de Moto;0;0;0;1;0;0;;;;;0;1;0;0;0
10/02/2016;10:48:00;132;Acidente sem Vítima;125;BR-101/ES;Norte;Colisão Traseira;2;0;0;0;0;0;;;;;4;0;0;0;0
10/02/2016;07:06:00;73;Acidente sem Vítima;170;BR-101/ES;Norte;Choque com Objeto Fixo;1;0;0;0;0;0;;;;;5;0;0;0;0
10/02/2016;16:09:00;273;Acidente com vítima;256;BR-101/ES;Norte;Colisão Transversal;1;0;0;1;0;0;;;;;1;0;1;0;0
10/02/2016;16:05:00;270-TRECHO CONTORNO;Acidente com vítima;278;BR-101/ES;Sul;Queda de Moto;0;0;0;1;0;0;;;;;0;0;2;0;0
10/02/2016;19:50:00;346;Acidente sem Vítima;301;BR-101/ES;Norte;Colisão Traseira;1;0;1;0;0;0;;;;;4;0;0;0;0
10/02/2016;16:10:00;274;Acidente sem Vítima;382,5;BR-101/ES;Sul;Queda de Moto;0;0;0;1;0;0;;;;;2;0;0;0;0
10/02/2016;15:12:00;251;Acidente com vítima;392;BR-101/ES;Norte;Colisão Traseira;0;0;0;1;1;0;;;;;1;1;0;0;0
10/02/2016;07:31:00;80;Acidente sem Vítima;402;BR-101/ES;Sul;Colisão Traseira;2;0;0;0;0;0;;;;;4;0;0;0;0
10/02/2016;18:25:00;322;Acidente com vítima;410;BR-101/ES;Norte;Queda de Moto;0;0;0;1;0;0;;;;;0;0;2;0;0
11/02/2016;08:21:00;88;Acidente com vítima;146;BR-101/ES;Norte;Colisão Traseira;1;0;0;1;0;0;;;;;1;1;0;0;0
11/02/2016;15:54:00;241;Acidente sem Vítima;147;BR-101/ES;Norte;Colisão Traseira;2;0;0;0;0;0;;;;;2;0;0;0;0
11/02/2016;02:14:00;23;Acidente com vítima;188;BR-101/ES;Sul;Choque com Objeto Fixo;0;0;0;1;0;0;;;;;0;0;1;0;0
11/02/2016;06:23:00;60;Atropelamento sem morte;255;BR-101/ES;Norte;Atropelamento;0;0;0;0;1;0;;;;;1;1;0;0;0
11/02/2016;17:21:00;264;Acidente com vítima;259;BR-101/ES;Sul;Choque com Objeto Fixo;1;0;0;0;1;0;;;;;1;1;2;0;0
11/02/2016;16:25:00;250;Acidente sem Vítima;263;BR-101/ES;Norte;Colisão Traseira;2;0;0;0;0;0;;;;;3;0;0;0;0
11/02/2016;07:07:00;72;Acidente sem Vítima;264;BR-101/ES;Sul;Colisão Traseira;2;0;0;0;0;0;;;;;3;0;0;0;0
11/02/2016;18:23:00;280;Acidente sem Vítima;266;BR-101/ES;Norte;Colisão Lateral;1;0;0;1;0;0;;;;;2;0;0;0;0
11/02/2016;10:15:00;124;Acidente com vítima;270;BR-101/ES;Sul;Queda de Moto;0;0;0;1;0;0;;;;;0;1;0;0;0
11/02/2016;17:34:00;268;Acidente com vítima;270;BR-101/ES;Norte;Queda de Moto;0;0;0;1;0;0;;;;;0;1;0;0;0
11/02/2016;10:01:00;116;Acidente sem Vítima;325;BR-101/ES;Norte;Colisão Traseira;1;0;0;1;0;0;;;;;4;0;0;0;0
11/02/2016;06:55:00;66;Acidente sem Vítima;399;BR-101/ES;Sul;Choque com Objeto Fixo;2;0;1;0;0;0;;;;;3;0;0;0;0
11/02/2016;16:41:00;253;Acidente com vítima;946;BR-101/BA;Norte;Saída de Pista;0;0;0;1;0;0;;;;;1;0;1;0;0
12/02/2016;07:31:00;81;Acidente sem Vítima;203;BR-101/ES;Sul;Colisão Transversal;1;0;0;1;0;0;;;;;3;0;0;0;0
12/02/2016;23:24:00;413;Acidente sem Vítima;216;BR-101/ES;Norte;Queda de Moto;0;0;0;1;0;0;;;;;1;0;0;0;0
12/02/2016;10:51:00;172;Acidente sem Vítima;223,5;BR-101/ES;Sul;Choque com Objeto Fixo;1;0;0;0;0;0;;;;;1;0;0;0;0
12/02/2016;17:39:00;330;Acidente sem Vítima;253;BR-101/ES;Sul;Colisão Traseira;2;0;0;0;0;0;;;;;2;0;0;0;0
12/02/2016;20:44:00;376;Atropelamento sem morte;259;BR-101/ES;Sul;Atropelamento e Fuga;0;1;0;0;0;0;;;;;0;0;1;0;0
12/02/2016;18:38:00;345;Acidente sem Vítima;269;BR-101/ES;Sul;Colisão Traseira;0;0;3;0;0;0;;;;;2;0;0;0;0
12/02/2016;15:34:00;286-TRECHO CONTORNO;Acidente sem Vítima;275;BR-101/ES;Sul;Choque com Objeto Fixo;1;0;0;0;0;0;;;;;1;0;0;0;0
12/02/2016;18:14:00;342-TRECHO CONTORNO;Acidente sem Vítima;279;BR-101/ES;Sul;Saída de Pista;1;0;0;0;0;0;;;;;1;0;0;0;0
12/02/2016;16:59:00;320-TRECHO CONTORNO;Acidente sem Vítima;280;BR-101/ES;Sul;Saída de Pista;1;0;0;0;0;0;;;;;1;0;0;0;0
12/02/2016;17:21:00;325-TRECHO CONTORNO;Acidente sem Vítima;283;BR-101/ES;Norte;Saída de Pista;2;0;0;0;0;0;;;;;2;0;0;0;0
12/02/2016;15:55:00;290-TRECHO CONTORNO;Acidente com vítima;296;BR-101/ES;Sul;Choque com Objeto Fixo;1;0;0;0;0;0;;;;;1;1;0;0;0
12/02/2016;18:12:00;340;Acidente sem Vítima;297,5;BR-101/ES;Norte;Colisão Traseira;1;0;0;0;1;0;;;;;2;0;0;0;0
12/02/2016;20:38:00;375;Acidente com Morte;437;BR-101/ES;Sul;Saída de Pista;0;0;1;0;0;0;;;;;0;0;0;0;1
12/02/2016;20:53:00;378;Acidente sem Vítima;446;BR-101/ES;Norte;Saída de Pista;1;0;0;0;0;0;;;;;2;0;0;0;0
13/02/2016;17:15:00;267;Acidente com vítima;91;BR-101/ES;Sul;Queda de Moto;0;0;0;1;0;0;;;;;0;1;0;0;0
13/02/2016;16:40:00;258;Acidente com vítima;141;BR-101/ES;Sul;Colisão Traseira;0;0;1;1;0;0;;;;;2;0;1;0;0
13/02/2016;01:00:00;14;Acidente sem Vítima;203;BR-101/ES;Norte;Choque com Objeto Fixo;1;0;0;0;0;0;;;;;1;0;0;0;0
13/02/2016;10:53:00;153;Acidente sem Vítima;255;BR-101/ES;Sul;Colisão Traseira;2;0;0;0;0;0;;;;;2;0;0;0;0
13/02/2016;02:32:00;46;Acidente sem Vítima;264;BR-101/ES;Norte;Colisão Lateral;2;0;0;0;0;0;;;;;2;0;0;0;0
13/02/2016;10:05:00;138;Acidente sem Vítima;270;BR-101/ES;Norte;Colisão Lateral;1;0;2;0;0;0;;;;;3;0;0;0;0
13/02/2016;10:21:00;141-TRECHO CONTORNO;Atropelamento sem morte;293;BR-101/ES;Sul;Atropelamento;0;0;0;0;1;0;;;;;2;0;0;1;0
13/02/2016;12:18:00;189;Acidente com vítima;303;BR-101/ES;Sul;Colisão Lateral;1;1;0;0;0;0;;;;;1;0;1;0;0
13/02/2016;18:32:00;283;Acidente com vítima;330;BR-101/ES;Sul;Queda de Moto;0;0;0;1;0;0;;;;;0;0;1;0;0
14/02/2016;23:04:00;347;Acidente sem Vítima;167;BR-101/ES;Sul;Engavetamento;2;0;2;0;0;0;;;;;8;0;0;0;0
14/02/2016;17:31:00;256;Acidente sem Vítima;176;BR-101/ES;Sul;Colisão Traseira;2;0;0;0;0;0;;;;;10;0;0;0;0
14/02/2016;01:05:00;18;Acidente sem Vítima;206;BR-101/ES;Norte;Colisão Lateral;2;0;0;0;0;0;;;;;5;0;0;0;0
14/02/2016;08:56:00;108;Acidente com vítima;212;BR-101/ES;Sul;Colisão Traseira;2;0;0;0;0;0;;;;;5;1;0;0;0
14/02/2016;14:21:00;194;Acidente sem Vítima;270;BR-101/ES;Norte;Colisão Lateral;2;0;0;0;0;0;;;;;3;0;0;0;0
14/02/2016;06:01:00;66-TRECHO CONTORNO;Acidente sem Vítima;278;BR-101/ES;Sul;Choque com Objeto Fixo;1;0;0;0;0;0;;;;;1;0;0;0;0
14/02/2016;13:47:00;181;Acidente com vítima;325;BR-101/ES;Norte;Capotamento;1;0;0;0;0;0;;;;;0;1;0;0;0
15/02/2016;06:44:00;70;Acidente com vítima;58;BR-101/ES;Sul;Colisão Transversal;1;0;0;1;0;0;;;;;1;0;1;0;0
15/02/2016;19:12:00;286;Acidente com vítima;85,8;BR-101/ES;Sul;Colisão Lateral;1;0;1;0;0;0;;;;;0;2;0;0;0
15/02/2016;08:33:00;102;Acidente sem Vítima;109,5;BR-101/ES;Sul;Capotamento;2;0;0;0;0;0;;;;;3;0;0;0;0
15/02/2016;15:00:00;218;Acidente sem Vítima;255;BR-101/ES;Sul;Colisão Traseira;2;0;0;0;0;0;;;;;7;0;0;0;0
15/02/2016;07:11:00;77;Acidente sem Vítima;305;BR-101/ES;Norte;Colisão Lateral;1;0;0;1;0;0;;;;;3;0;0;0;0
15/02/2016;22:48:00;345;Acidente sem Vítima;446;BR-101/ES;Norte;Saída de Pista;1;0;0;0;0;0;;;;;1;0;0;0;0
16/02/2016;05:31:00;55;Acidente sem Vítima;266;BR-101/ES;Norte;Colisão Traseira;1;0;1;0;0;0;;;;;2;0;0;0;0
17/02/2016;14:52:00;303;Acidente com vítima;22,5;BR-101/ES;Norte;Colisão Frontal;2;0;0;0;0;0;;;;;0;3;3;0;0
17/02/2016;08:38:00;141;Acidente com vítima;65;BR-101/ES;Sul;Queda de Moto;0;0;0;1;0;0;;;;;0;1;0;0;0
17/02/2016;18:51:00;359;Atropelamento sem morte;149;BR-101/ES;Norte;Atropelamento;0;0;0;0;1;0;;;;;2;0;1;0;0
17/02/2016;11:40:00;223;Acidente sem Vítima;176;BR-101/ES;Sul;Colisão Traseira;2;0;0;0;0;0;;;;;5;0;0;0;0
17/02/2016;15:43:00;316;Acidente com vítima;195;BR-101/ES;Norte;Saída de Pista;1;0;0;0;0;0;;;;;3;0;4;0;0
17/02/2016;04:48:00;60;Acidente sem Vítima;224,5;BR-101/ES;Sul;Saída de Pista;0;0;1;0;0;0;;;;;1;0;0;0;0
17/02/2016;21:06:00;395;Acidente sem Vítima;259;BR-101/ES;Sul;Queda de Moto;1;0;0;0;0;0;;;;;1;0;0;0;0
17/02/2016;16:01:00;320;Acidente sem Vítima;264;BR-101/ES;Norte;Colisão Lateral;1;0;1;0;0;0;;;;;3;0;0;0;0
17/02/2016;10:48:00;202;Acidente sem Vítima;298;BR-101/ES;Norte;Saída de Pista;1;0;0;0;0;0;;;;;1;0;0;0;0
18/02/2016;21:54:00;328;Acidente com vítima;74,2;BR-101/ES;Sul;Colisão Frontal;2;0;0;0;0;0;;;;;0;2;0;0;0
18/02/2016;13:08:00;200;Acidente sem Vítima;83;BR-101/ES;Sul;Saída de Pista;1;0;0;0;0;0;;;;;5;0;0;0;0
18/02/2016;22:46:00;343;Atropelamento com morte;131;BR-101/ES;Sul;Atropelamento e Fuga;1;1;0;0;0;0;;;;;0;0;0;0;1
18/02/2016;16:14:00;252;Acidente com vítima;261;BR-101/ES;Norte;Colisão Transversal;1;0;0;1;0;0;;;;;1;0;1;0;0
18/02/2016;11:32:00;162-TRECHO CONTORNO;Acidente sem Vítima;287;BR-101/ES;Sul;Colisão Traseira;1;0;0;1;0;0;;;;;4;0;0;0;0
18/02/2016;15:46:00;244;Acidente sem Vítima;431;BR-101/ES;Sul;Veículo em Chamas;1;0;0;0;0;0;;;;;1;0;0;0;0
18/02/2016;02:35:00;38;Acidente com vítima;946;BR-101/BA;Norte;Colisão Traseira;0;0;5;0;0;0;;;;;1;1;0;0;0
19/02/2016;05:36:00;52;Acidente sem Vítima;78;BR-101/ES;Sul;Atropelamento - Animal;1;0;0;0;0;0;;;;;4;0;0;0;0
19/02/2016;00:45:00;6;Acidente com vítima;144;BR-101/ES;Norte;Queda de Moto;0;0;0;1;0;0;;;;;0;1;0;0;0
19/02/2016;18:00:00;284;Acidente com vítima;263;BR-101/ES;Norte;Queda de Moto;0;0;0;1;0;0;;;;;0;0;1;0;0
19/02/2016;10:05:00;130;Acidente sem Vítima;269;BR-101/ES;Norte;Colisão Traseira;2;0;0;0;0;0;;;;;4;0;0;0;0
19/02/2016;06:11:00;59;Atropelamento com morte;298;BR-101/ES;Norte;Atropelamento;1;0;0;0;0;0;;;;;1;0;0;0;1
20/02/2016;09:18:00;135;Acidente com vítima;136;BR-101/ES;Norte;Queda de Moto;0;0;0;1;0;0;;;;;0;1;0;0;0
20/02/2016;07:22:00;93;Acidente com vítima;230;BR-101/ES;Sul;Queda de ciclista;0;1;0;0;0;0;;;;;0;0;0;1;0
20/02/2016;14:53:00;254;Acidente com vítima;247;BR-101/ES;Sul;Colisão Lateral;1;1;0;0;0;0;;;;;1;0;1;0;0
20/02/2016;16:04:00;273;Acidente com Morte;260;BR-101/ES;Norte;Colisão Frontal;2;0;0;0;0;0;;;;;0;1;3;2;1
20/02/2016;18:22:00;305;Acidente sem Vítima;261;BR-101/ES;Norte;Colisão Traseira;2;0;0;0;0;0;;;;;4;0;0;0;0
20/02/2016;17:39:00;296;Acidente sem Vítima;263;BR-101/ES;Sul;Colisão Traseira;2;0;0;0;0;0;;;;;2;0;0;0;0
20/02/2016;07:43:00;100;Acidente com vítima;264;BR-101/ES;Norte;Queda de Moto;0;0;0;1;0;0;;;;;0;0;1;0;0
20/02/2016;19:15:00;316;Acidente com vítima;266;BR-101/ES;Norte;Colisão Transversal;1;0;0;1;0;0;;;;;1;0;1;1;0
20/02/2016;23:51:00;401;Acidente sem Vítima;269;BR-101/ES;Sul;Queda de Moto;0;0;0;1;0;0;;;;;1;0;0;0;0
20/02/2016;20:25:00;333-TRECHO CONTORNO;Acidente com vítima;291;BR-101/ES;Sul;Colisão Transversal;1;0;0;1;0;0;;;;;1;0;2;0;0
21/02/2016;22:36:00;376;Acidente com Morte;64,9;BR-101/ES;Norte;Colisão Frontal;0;1;1;0;0;0;;;;;1;0;0;0;1
21/02/2016;03:54:00;49;Acidente sem Vítima;98;BR-101/ES;Sul;Colisão Traseira;2;0;0;0;0;0;;;;;3;0;0;0;0
21/02/2016;16:11:00;263;Acidente com vítima;100;BR-101/ES;Sul;Colisão Traseira;1;0;0;1;0;0;;;;;1;1;1;0;0
21/02/2016;00:05:00;5;Acidente com vítima;155;BR-101/ES;Norte;Colisão Traseira;2;0;0;0;0;0;;;;;1;1;0;0;0
21/02/2016;05:46:00;64;Acidente com Morte;258;BR-101/ES;Norte;Choque com Objeto Fixo;0;0;0;1;0;0;;;;;0;0;0;1;1
21/02/2016;17:22:00;284-TRECHO CONTORNO;Acidente sem Vítima;271;BR-101/ES;Norte;Saída de Pista;1;0;0;0;0;0;;;;;2;0;0;0;0
21/02/2016;21:52:00;353-TRECHO CONTORNO;Acidente sem Vítima;295;BR-101/ES;Sul;Choque com Objeto Fixo;1;0;0;0;0;0;;;;;2;0;0;0;0
21/02/2016;11:24:00;154;Acidente com vítima;298;BR-101/ES;Sul;Colisão Traseira;2;0;0;0;0;0;;;;;4;2;0;0;0
21/02/2016;13:59:00;219;Acidente com vítima;298;BR-101/ES;Norte;Colisão Traseira;2;0;0;0;0;0;;;;;2;1;0;0;0
21/02/2016;19:28:00;326;Acidente sem Vítima;298;BR-101/ES;Norte;Engavetamento;3;0;0;0;0;0;;;;;4;0;0;0;0
21/02/2016;04:40:00;55;Acidente com vítima;429;BR-101/ES;Sul;Queda de Moto;0;0;0;1;0;0;;;;;0;0;1;0;0
22/02/2016;13:50:00;217;Acidente sem Vítima;151;BR-101/ES;Sul;Colisão Traseira;2;0;0;0;0;0;;;;;4;0;0;0;0
22/02/2016;22:00:00;315;Acidente sem Vítima;151;BR-101/ES;Sul;Colisão Traseira;2;0;0;0;0;0;;;;;2;0;0;0;0
22/02/2016;13:06:00;206;Acidente com vítima;187;BR-101/ES;Norte;Capotamento;1;0;0;0;0;0;;;;;0;2;2;0;0
22/02/2016;05:42:00;60;Acidente sem Vítima;245;BR-101/ES;Sul;Colisão Transversal;1;0;1;0;0;0;;;;;2;0;0;0;0
22/02/2016;13:35:00;212;Acidente com vítima;260;BR-101/ES;Norte;Saída de Pista;1;0;0;0;0;0;;;;;0;0;1;0;0
22/02/2016;18:40:00;285;Acidente sem Vítima;260;BR-101/ES;Norte;Colisão Traseira;3;0;0;0;0;0;;;;;4;0;0;0;0
22/02/2016;16:40:00;262;Acidente com vítima;263;BR-101/ES;Norte;Colisão Traseira;0;0;4;0;0;0;;;;;1;0;1;0;0
22/02/2016;00:01:00;1;Acidente sem Vítima;269;BR-101/ES;Sul;Veículo em Chamas;1;0;0;0;0;0;;;;;1;0;0;0;0
22/02/2016;08:44:00;115;Acidente sem Vítima;269,5;BR-101/ES;Sul;Colisão Traseira;1;0;1;0;0;0;;;;;3;0;0;0;0
22/02/2016;07:54:00;95;Acidente com vítima;270,7;BR-101/ES;Sul;Engavetamento;3;0;0;0;0;0;;;;;5;0;1;0;0
22/02/2016;21:59:00;313-TRECHO CONTORNO;Acidente com vítima;285;BR-101/ES;Sul;Colisão Lateral;0;0;1;1;0;0;;;;;0;0;0;1;0
22/02/2016;19:03:00;293;Acidente sem Vítima;323;BR-101/ES;Norte;Saída de Pista;1;0;0;0;0;0;;;;;1;0;0;0;0
23/02/2016;12:52:00;182;Acidente com vítima;174;BR-101/ES;Norte;Capotamento;1;0;0;0;0;0;;;;;0;0;1;0;0
23/02/2016;18:35:00;265;Acidente sem Vítima;214;BR-101/ES;Sul;Colisão Transversal;1;0;2;0;0;0;;;;;2;0;0;0;0
23/02/2016;05:13:00;47;Acidente sem Vítima;218,5;BR-101/ES;Norte;Choque com Objeto Fixo;1;0;0;0;0;0;;;;;2;0;0;0;0
23/02/2016;05:17:00;49;Acidente sem Vítima;265;BR-101/ES;Sul;Choque com Objeto Fixo;0;0;1;0;0;0;;;;;1;0;0;0;0
23/02/2016;12:48:00;180;Acidente sem Vítima;269;BR-101/ES;Norte;Colisão Lateral;2;0;0;0;0;0;;;;;3;0;0;0;0
23/02/2016;17:59:00;260;Acidente com vítima;270;BR-101/ES;Norte;Colisão Traseira;2;0;0;1;0;0;;;;;2;0;1;0;0
23/02/2016;06:13:00;59-TRECHO CONTORNO;Acidente sem Vítima;273;BR-101/ES;Sul;Queda de Moto;0;0;0;1;0;0;;;;;1;0;0;0;0
23/02/2016;17:02:00;239-TRECHO CONTORNO;Acidente com vítima;273;BR-101/ES;Norte;Queda de Moto;1;0;0;0;0;0;;;;;0;0;1;0;0
23/02/2016;08:04:00;103-TRECHO CONTORNO;Acidente sem Vítima;280,5;BR-101/ES;Norte;Colisão Traseira;0;0;2;0;0;0;;;;;3;0;0;0;0
23/02/2016;07:42:00;87-TRECHO CONTORNO;Atropelamento sem morte;292;BR-101/ES;Norte;Atropelamento;0;0;0;1;0;0;;;;;1;0;1;0;0
23/02/2016;15:17:00;217;Acidente sem Vítima;297;BR-101/ES;Sul;Colisão Lateral;0;0;2;0;0;0;;;;;2;0;0;0;0
23/02/2016;04:29:00;41;Acidente sem Vítima;302;BR-101/ES;Sul;Colisão Lateral;0;0;3;0;0;0;;;;;2;0;0;0;0
24/02/2016;17:31:00;306;Acidente sem Vítima;8;BR-101/ES;Sul;Tombamento;0;0;1;0;0;0;;;;;3;0;0;0;0
24/02/2016;17:44:00;310;Acidente com vítima;70;BR-101/ES;Sul;Colisão Transversal;0;0;0;2;0;0;;;;;1;1;0;0;0
24/02/2016;09:34:00;119;Acidente com vítima;146,5;BR-101/ES;Norte;Colisão;0;1;0;1;0;0;;;;;1;1;0;0;0
24/02/2016;15:10:00;259;Acidente sem Vítima;185;BR-101/ES;Sul;Saída de Pista;1;0;0;0;0;0;;;;;2;0;0;0;0
24/02/2016;18:43:00;322;Acidente sem Vítima;262;BR-101/ES;Sul;Colisão Traseira;2;0;0;0;0;0;;;;;5;0;0;0;0
24/02/2016;06:15:00;62;Acidente com vítima;266;BR-101/ES;Sul;Colisão Lateral;1;0;0;1;0;0;;;;;1;1;0;0;0
24/02/2016;13:26:00;212;Acidente com vítima;270;BR-101/ES;Sul;Queda de Moto;1;0;0;0;0;0;;;;;0;0;1;0;0