data;horario;n_da_ocorrencia;tipo_de_ocorrencia;km;trecho;sentido;tipo_de_acidente;automovel;bicicleta;caminhao;moto;onibus;outros;tracao_animal;transporte_de_cargas_especiais;trator_maquinas;utilitarios;ilesos;levemente_feridos;moderadamente_feridos;gravemente_feridos;mortos
24/02/2016;18:05:00;317;Acidente sem Vítima;270;BR-101/ES;Norte;Colisão Lateral;1;0;2;0;0;0;;;;;2;0;0;0;0
24/02/2016;19:16:00;329;Acidente sem Vítima;270;BR-101/ES;Norte;Colisão Traseira;1;0;1;0;0;0;;;;;2;0;0;0;0
24/02/2016;15:30:00;268-TRECHO CONTORNO;Acidente sem Vítima;282;BR-101/ES;Sul;Choque com Objeto Fixo;0;0;1;0;0;0;;;;;3;0;0;0;0
24/02/2016;11:43:00;174-TRECHO CONTORNO;Acidente com vítima;288;BR-101/ES;Sul;Colisão Lateral;0;0;1;1;0;0;;;;;1;1;1;0;0
24/02/2016;16:42:00;288;Acidente sem Vítima;301;BR-101/ES;Sul;Colisão Traseira;1;0;0;1;0;0;;;;;3;0;0;0;0
24/02/2016;11:32:00;168;Acidente sem Vítima;430;BR-101/ES;Norte;Saída de Pista;1;0;1;0;0;0;;;;;1;0;0;0;0
25/02/2016;14:28:00;275;Acidente sem Vítima;64;BR-101/ES;Sul;Colisão Transversal;2;0;0;0;0;0;;;;;4;0;0;0;0
25/02/2016;21:18:00;375;Acidente com vítima;144;BR-101/ES;Norte;Colisão Transversal;0;0;0;2;0;0;;;;;0;1;1;0;0
25/02/2016;12:05:00;209;Acidente sem Vítima;210,6;BR-101/ES;Sul;Colisão Transversal;2;0;0;0;0;0;;;;;4;0;0;0;0
25/02/2016;13:04:00;240;Acidente sem Vítima;251;BR-101/ES;Norte;Colisão Traseira;1;0;1;0;0;0;;;;;5;0;0;0;0
25/02/2016;16:48:00;318;Acidente sem Vítima;255;BR-101/ES;Sul;Colisão Transversal;1;0;3;0;0;0;;;;;2;0;0;0;0
25/02/2016;15:40:00;301;Acidente sem Vítima;258;BR-101/ES;Norte;Colisão Lateral;0;0;0;1;1;0;;;;;3;0;0;0;0
25/02/2016;06:45:00;85;Atropelamento sem morte;267;BR-101/ES;Norte;Atropelamento;0;0;0;1;0;0;;;;;1;0;1;0;0
25/02/2016;15:36:00;300;Acidente sem Vítima;298;BR-101/ES;Norte;Colisão Traseira;1;0;0;1;0;0;;;;;2;0;0;0;0
25/02/2016;16:54:00;323;Acidente sem Vítima;436;BR-101/ES;Sul;Saída de Pista;1;0;0;0;0;0;;;;;2;0;0;0;0
26/02/2016;16:33:00;272;Acidente sem Vítima;87,2;BR-101/ES;Norte;Colisão Transversal;1;0;0;0;1;0;;;;;19;0;0;0;0
26/02/2016;20:37:00;331;Acidente com vítima;161;BR-101/ES;Sul;Colisão;1;1;0;0;0;0;;;;;0;0;1;0;0
26/02/2016;09:16:00;122;Acidente com vítima;265;BR-101/ES;Norte;Colisão Lateral;1;0;0;1;0;0;;;;;1;1;0;0;0
26/02/2016;16:08:00;255;Acidente sem Vítima;265;BR-101/ES;Sul;Colisão Lateral;1;0;2;0;0;0;;;;;2;0;0;0;0
26/02/2016;11:04:00;144;Acidente sem Vítima;269;BR-101/ES;Sul;Engavetamento;3;0;0;0;0;0;;;;;3;0;0;0;0
26/02/2016;13:46:00;205;Acidente sem Vítima;269;BR-101/ES;Sul;Engavetamento;3;0;0;0;0;0;;;;;3;0;0;0;0
26/02/2016;12:00:00;170-TRECHO CONTORNO;Acidente sem Vítima;291;BR-101/ES;Norte;Colisão Transversal;1;0;2;0;0;0;;;;;2;0;0;0;0
26/02/2016;00:14:00;2-TRECHO CONTORNO;Acidente sem Vítima;296;BR-101/ES;Norte;Saída de Pista;1;0;0;0;0;0;;;;;1;0;0;0;0
26/02/2016;16:57:00;276-TRECHO CONTORNO;Acidente sem Vítima;296;BR-101/ES;Sul;Choque com Objeto Fixo;0;0;1;0;0;0;;;;;1;0;0;0;0
26/02/2016;08:05:00;96;Acidente sem Vítima;298;BR-101/ES;Norte;Colisão Lateral;1;0;1;0;0;0;;;;;2;0;0;0;0
26/02/2016;13:53:00;210;Acidente sem Vítima;298;BR-101/ES;Sul;Choque com Objeto Fixo;1;0;0;0;0;0;;;;;2;0;0;0;0
26/02/2016;14:53:00;234;Acidente sem Vítima;409;BR-101/ES;Sul;Queda de Moto;0;0;0;1;0;0;;;;;1;0;0;0;0
26/02/2016;23:23:00;372;Acidente sem Vítima;437;BR-101/ES;Norte;Saída de Pista;1;0;0;0;0;0;;;;;2;0;0;0;0
27/02/2016;19:30:00;300;Acidente com vítima;90;BR-101/ES;Norte;Queda de Moto;0;0;0;1;0;0;;;;;0;0;2;0;0
27/02/2016;00:41:00;12;Acidente sem Vítima;144;BR-101/ES;Norte;Saída de Pista;1;0;0;0;0;0;;;;;2;0;0;0;0
27/02/2016;21:29:00;323;Acidente com vítima;171,7;BR-101/ES;Norte;Colisão Lateral;1;0;0;1;0;0;;;;;4;1;0;0;0
27/02/2016;19:04:00;295;Acidente com vítima;176;BR-101/ES;Norte;Queda de Moto;0;0;0;1;0;0;;;;;0;2;0;0;0
27/02/2016;08:32:00;105;Acidente sem Vítima;234;BR-101/ES;Sul;Saída de Pista;1;0;0;0;0;0;;;;;1;0;0;0;0
27/02/2016;17:40:00;283-TRECHO CONTORNO;Acidente com vítima;285;BR-101/ES;Norte;Colisão Transversal;1;0;0;1;0;0;;;;;1;0;1;0;0
27/02/2016;14:08:00;224;Acidente com vítima;358;BR-101/ES;Norte;Queda de Moto;0;0;0;1;0;0;;;;;0;2;0;0;0
28/02/2016;18:31:00;286;Acidente sem Vítima;109;BR-101/ES;Sul;Colisão Lateral;2;0;0;0;0;0;;;;;7;0;0;0;0
28/02/2016;19:59:00;310;Acidente sem Vítima;112;BR-101/ES;Sul;Atropelamento - Animal;1;0;0;0;0;0;;;;;1;0;0;0;0
28/02/2016;04:12:00;51;Acidente sem Vítima;118;BR-101/ES;Norte;Saída de Pista;1;0;0;0;0;0;;;;;1;0;0;0;0
28/02/2016;06:13:00;73;Acidente com vítima;123;BR-101/ES;Norte;Colisão Lateral;2;0;0;0;0;0;;;;;7;2;1;0;0
29/02/2016;00:04:00;2;Acidente com vítima;149;BR-101/ES;Norte;Colisão Transversal;1;0;1;0;0;0;;;;;1;1;0;0;0
29/02/2016;13:07:00;223;Acidente com vítima;209;BR-101/ES;Sul;Queda de Moto;0;0;0;1;0;0;;;;;1;0;0;1;0
29/02/2016;07:35:00;89;Acidente com vítima;223;BR-101/ES;Norte;Danos Eventuais;0;0;0;0;1;0;;;;;0;0;0;1;0
29/02/2016;10:20:00;158;Acidente sem Vítima;223;BR-101/ES;Norte;Colisão Traseira;2;0;0;0;0;0;;;;;2;0;0;0;0
29/02/2016;01:46:00;27;Acidente sem Vítima;259,8;BR-101/ES;Sul;Saída de Pista;1;0;0;0;0;0;;;;;1;0;0;0;0
29/02/2016;06:51:00;69;Acidente sem Vítima;269;BR-101/ES;Norte;Colisão Traseira;2;0;0;0;0;0;;;;;2;0;0;0;0
29/02/2016;11:37:00;187;Acidente sem Vítima;269;BR-101/ES;Norte;Colisão Lateral;1;0;2;0;0;0;;;;;2;0;0;0;0
29/02/2016;16:12:00;286-TRECHO CONTORNO;Acidente sem Vítima;271;BR-101/ES;Norte;Colisão Traseira;2;0;0;0;0;0;;;;;3;0;0;0;0
29/02/2016;09:47:00;149-TRECHO CONTORNO;Acidente sem Vítima;277;BR-101/ES;Norte;Engavetamento;1;0;3;0;0;0;;;;;7;0;0;0;0
29/02/2016;19:03:00;333-TRECHO CONTORNO;Acidente com vítima;295;BR-101/ES;Norte;Colisão Lateral;0;0;1;1;0;0;;;;;1;0;1;0;0
29/02/2016;10:31:00;161;Acidente sem Vítima;370;BR-101/ES;Sul;Colisão Transversal;1;0;1;0;0;0;;;;;2;0;0;0;0
29/02/2016;12:03:00;201;Acidente sem Vítima;393;BR-101/ES;Norte;Colisão Lateral;1;0;2;0;0;0;;;;;2;0;0;0;0
01/03/2016;00:49:00;15;Acidente sem Vítima;337;BR-101/ES;Sul;Capotamento;1;;0;0;0;0;0;;;;2;0;0;0;0
01/03/2016;05:31:00;74;Acidente sem Vítima;335;BR-101/ES;Sul;Colisão Transversal;1;;1;0;0;0;0;;;;3;0;0;0;0
01/03/2016;07:15:00;94;Acidente com vítima;428;BR-101/ES;Sul;Colisão Traseira;2;;0;0;0;0;0;;;;1;0;1;0;0
01/03/2016;07:41:00;108;Acidente sem Vítima;125;BR-101/ES;Sul;Colisão Lateral;1;;1;0;0;0;0;;;;2;0;0;0;0
01/03/2016;10:56:00;152;Acidente sem Vítima;450;BR-101/ES;Sul;Colisão Traseira;2;;0;0;0;0;0;;;;4;0;0;0;0
01/03/2016;12:27:00;178;Acidente sem Vítima;224;BR-101/ES;Norte;Colisão Lateral;0;;2;0;0;0;0;;;;2;0;0;0;0
01/03/2016;12:27:00;180;Acidente sem Vítima;62,5;BR-101/ES;Sul;Colisão Traseira;1;;0;2;0;0;0;;;;3;0;0;0;0
01/03/2016;12:42:00;183;Acidente sem Vítima;62,3;BR-101/ES;Norte;Colisão Traseira;2;;0;0;0;0;0;;;;11;0;0;0;0
01/03/2016;17:10:00;251;Acidente sem Vítima;262;BR-101/ES;Norte;Colisão Traseira;0;;1;3;0;0;0;;;;3;0;0;0;0
01/03/2016;17:27:00;258;Acidente com vítima;269;BR-101/ES;Sul;Queda de Moto;1;;0;0;0;0;0;;;;0;0;2;0;0
01/03/2016;18:14:00;264;Acidente com vítima;263;BR-101/ES;Norte;Capotamento;1;;0;0;0;0;0;;;;0;0;1;1;0
01/03/2016;18:39:00;271;Acidente com vítima;2,5;BR-101/ES;Norte;Colisão Lateral;2;;0;0;0;0;0;;;;3;0;2;0;0
01/03/2016;19:00:00;277;Acidente sem Vítima;268;BR-101/ES;Sul;Colisão Lateral;1;;0;1;0;0;0;;;;2;0;0;0;0
01/03/2016;20:08:00;286;Acidente com vítima;267;BR-101/ES;Sul;Queda de Moto;0;;0;0;0;1;0;;;;0;0;1;0;0
01/03/2016;20:57:00;294;Acidente sem Vítima;264;BR-101/ES;Norte;Atropelamento - Equino;4;;0;0;0;0;0;;;;7;0;0;0;0
01/03/2016;14:25:00;205;Acidente sem Vítima - TRECHO CONTORNO;292;BR-101/ES;Sul;Colisão Lateral;1;;1;0;0;0;0;;;;2;0;0;0;0
01/03/2016;20:26:00;289;Acidente com Vítima - TRECHO CONTORNO;296;BR-101/ES;Norte;Queda de ciclista;0;;0;0;0;0;1;;;;0;0;1;0;0
02/03/2016;06:59:00;55;Acidente sem Vítima;297,5;BR-101/ES;Sul;Veículo em Chamas;1;;0;0;0;0;0;;;;1;0;0;0;0
02/03/2016;09:03:00;100;Acidente sem Vítima;174;BR-101/ES;Norte;Colisão Traseira;0;;2;0;0;0;0;;;;2;0;0;0;0
02/03/2016;13:20:00;173;Acidente com vítima;63;BR-101/ES;Norte;Colisão Traseira;1;;0;0;0;1;0;;;;1;1;0;0;0
02/03/2016;13:38:00;178;Acidente sem Vítima;149;BR-101/ES;Sul;Colisão Lateral;1;;0;2;0;0;0;;;;2;0;0;0;0
02/03/2016;13:58:00;182;Acidente com vítima;230;BR-101/ES;Sul;Colisão Lateral;1;;0;2;0;0;0;;;;3;0;1;0;0
02/03/2016;14:41:00;185;Acidente sem Vítima;266;BR-101/ES;Norte;Colisão Lateral;1;;0;2;0;0;0;;;;2;0;0;0;0
02/03/2016;18:29:00;236;Acidente sem Vítima;265;BR-101/ES;Sul;Colisão Traseira;0;;0;0;1;1;0;;;;2;0;0;0;0
02/03/2016;18:51:00;239;Acidente sem Vítima - TRECHO CONTORNO;296;BR-101/ES;Norte;Colisão Lateral;2;;0;0;0;0;0;;;;3;0;0;0;0
03/03/2016;10:12:00;137;Acidente com vítima;269;BR-101/ES;Norte;Queda de ciclista;0;;0;0;0;0;1;;;;0;0;1;0;0
03/03/2016;12:43:00;197;Acidente sem Vítima;297;BR-101/ES;Sul;Engavetamento;3;;0;0;0;0;0;;;;5;0;0;0;0
03/03/2016;17:21:00;291;Acidente sem Vítima;141;BR-101/ES;Sul;Colisão Lateral;1;;0;2;0;0;0;;;;2;0;0;0;0
03/03/2016;18:26:00;306;Acidente com vítima;71;BR-101/ES;Norte;Saída de Pista;1;;0;0;0;0;0;;;;0;1;0;0;0
04/03/2016;03:48:00;50;Acidente sem Vítima;420;BR-101/ES;Norte;Saída de Pista;1;;0;0;0;0;0;;;;3;0;0;0;0
04/03/2016;07:32:00;94;Acidente sem Vítima;269;BR-101/ES;Sul;Engavetamento;3;;0;0;0;0;0;;;;3;0;0;0;0
04/03/2016;07:41:00;96;Acidente com vítima;297;BR-101/ES;Sul;Queda de Moto;0;;0;0;0;1;0;;;;1;1;0;0;0
04/03/2016;13:22:00;245;Acidente com vítima;351;BR-101/ES;Norte;Tombamento;0;;0;2;0;0;0;;;;0;0;0;1;0
04/03/2016;14:26:00;266;Acidente sem Vítima;422;BR-101/ES;Norte;Saída de Pista;1;;0;0;0;0;0;;;;1;0;0;0;0
04/03/2016;16:33:00;306;Acidente sem Vítima;454;BR-101/ES;Sul;Saída de Pista;1;;0;0;0;0;0;;;;4;0;0;0;0
04/03/2016;19:13:00;362;Acidente sem Vítima;267,5;BR-101/ES;Sul;Engavetamento;3;;0;0;0;0;0;;;;3;0;0;0;0
04/03/2016;19:50:00;369;Acidente sem Vítima;297;BR-101/ES;Norte;Saída de Pista;1;;0;0;0;0;0;;;;2;0;0;0;0
04/03/2016;18:22:00;350;Acidente com Vítima - TRECHO CONTORNO;291;BR-101/ES;Sul;Saída de Pista;3;;0;0;0;0;0;;;;4;2;0;0;0
04/03/2016;20:42:00;383;Acidente sem Vítima - TRECHO CONTORNO;286;BR-101/ES;Sul;Saída de Pista;1;;0;0;0;0;0;;;;4;0;0;0;0
04/03/2016;21:25:00;393;Acidente sem Vítima - TRECHO CONTORNO;283;BR-101/ES;Sul;Saída de Pista;1;;0;0;0;0;0;;;;1;0;0;0;0
05/03/2016;05:29:00;63;Acidente com vítima;298;BR-101/ES;Sul;Saída de Pista;1;;0;0;0;0;0;;;;0;0;1;0;0
05/03/2016;09:42:00;109;Acidente sem Vítima;268;BR-101/ES;Norte;Colisão Lateral;0;;2;0;0;0;0;;;;3;0;0;0;0
05/03/2016;10:02:00;113;Acidente com vítima;149;BR-101/ES;Norte;Colisão Traseira;1;;0;0;0;1;0;;;;2;1;0;0;0
05/03/2016;10:34:00;127;Acidente sem Vítima;393;BR-101/ES;Norte;Engavetamento;2;;1;0;0;0;0;;;;8;0;0;0;0
05/03/2016;12:53:00;167;Acidente com vítima;255;BR-101/ES;Norte;Colisão Lateral;1;;0;0;0;1;0;;;;1;1;0;0;0
05/03/2016;13:36:00;182;Acidente com vítima;146;BR-101/ES;Norte;Engavetamento;1;;0;0;0;2;0;;;;2;1;0;0;0
05/03/2016;19:36:00;283;Acidente com vítima;155;BR-101/ES;Sul;Colisão Lateral;1;;0;0;0;1;0;;;;1;0;0;1;0
05/03/2016;22:48:00;320;Acidente sem Vítima;263;BR-101/ES;Norte;Saída de Pista;1;;0;0;0;0;0;;;;1;0;0;0;0
05/03/2016;00:34:00;8;Acidente sem Vítima - TRECHO CONTORNO;271;BR-101/ES;Norte;Colisão Traseira;1;;0;2;0;0;0;;;;2;0;0;0;0
05/03/2016;12:32:00;160;Acidente sem Vítima - TRECHO CONTORNO;273;BR-101/ES;Sul;Colisão Traseira;3;;0;0;0;0;0;;;;4;0;0;0;0
05/03/2016;15:00:00;202;Acidente sem Vítima - TRECHO CONTORNO;288;BR-101/ES;Sul;Saída de Pista;1;;0;0;0;0;0;;;;3;0;0;0;0
06/03/2016;04:13:00;42;Acidente com vítima;147;BR-101/ES;Norte;Queda de Moto;0;;0;0;0;1;0;;;;0;1;0;0;0
06/03/2016;06:44:00;63;Atropelamento sem Morte;269;BR-101/ES;Norte;Atropelamento e Fuga;0;;0;0;0;0;1;;;;0;0;1;0;0
06/03/2016;11:28:00;123;Acidente sem Vítima;361;BR-101/ES;Sul;Colisão Lateral;2;;0;0;0;0;0;;;;7;0;0;0;0
06/03/2016;13:55:00;158;Acidente sem Vítima;255;BR-101/ES;Sul;Colisão Traseira;3;;0;0;0;0;0;;;;7;0;0;0;0
06/03/2016;15:57:00;186;Acidente com vítima;159;BR-101/ES;Norte;Queda de ciclista;0;;0;0;0;0;1;;;;0;0;1;0;0
06/03/2016;16:19:00;194;Acidente sem Vítima;269;BR-101/ES;Norte;Colisão;1;;0;0;0;0;1;;;;4;0;0;0;0
06/03/2016;17:45:00;222;Acidente com vítima;137;BR-101/ES;Sul;Engavetamento;2;;0;0;1;0;0;;;;3;1;0;0;0
06/03/2016;18:54:00;233;Acidente com vítima;10;BR-101/ES;Sul;Queda de ciclista;0;;0;0;0;0;1;;;;0;1;0;0;0
06/03/2016;18:55:00;235;Acidente sem Vítima;265;BR-101/ES;Sul;Engavetamento;3;;0;0;0;0;0;;;;4;0;0;0;0
06/03/2016;18:57:00;236;Acidente com vítima;129;BR-101/ES;Sul;Queda de Moto;0;;0;0;0;1;0;;;;0;1;0;0;0
06/03/2016;21:58:00;268;Acidente sem Vítima;270;BR-101/ES;Norte;Colisão Lateral;1;;0;1;0;0;0;;;;2;0;0;0;0
06/03/2016;22:20:00;272;Acidente com vítima;433;BR-101/ES;Norte;Queda de Moto;0;;0;0;0;1;0;;;;0;0;1;0;0
06/03/2016;22:21:00;273;Acidente sem Vítima;266;BR-101/ES;Norte;Colisão Traseira;2;;0;0;0;0;0;;;;2;0;0;0;0
06/03/2016;21:03:00;255;Acidente sem Vítima - TRECHO CONTORNO;272;BR-101/ES;Sul;Choque com Objeto Fixo;1;;0;0;0;0;0;;;;1;0;0;0;0
07/03/2016;10:12:00;155;Acidente sem Vítima;948;BR-101/BA;Norte;Tombamento;0;;0;2;0;0;0;;;;1;0;0;0;0
07/03/2016;10:56:00;169;Acidente com vítima;364;BR-101/ES;Sul;Colisão Lateral;2;;0;1;0;0;0;;;;1;1;0;0;0
07/03/2016;13:21:00;215;Acidente sem Vítima;361;BR-101/ES;Sul;Saída de Pista;0;;1;0;0;0;0;;;;1;0;0;0;0
07/03/2016;14:17:00;231;Acidente com vítima;298;BR-101/ES;Norte;Colisão Traseira;1;;0;0;0;1;0;;;;1;1;0;0;0
07/03/2016;15:23:00;247;Acidente com vítima;31;BR-101/ES;Sul;Queda de Moto;0;;0;0;0;1;0;;;;0;2;0;0;0
07/03/2016;16:04:00;256;Acidente com vítima;214;BR-101/ES;Norte;Colisão Lateral;2;;1;0;0;0;0;;;;3;1;1;0;0
07/03/2016;23:34:00;355;Acidente sem Vítima;222;BR-101/ES;Norte;Atropelamento - Bovino;2;;0;0;0;0;0;;;;2;0;0;0;0
07/03/2016;09:21:00;131;Acidente com Vítima - TRECHO CONTORNO;294;BR-101/ES;Norte;Colisão;0;;0;2;0;0;1;;;;1;1;0;0;0
07/03/2016;09:54:00;147;Acidente sem Vítima - TRECHO CONTORNO;280;BR-101/ES;Sul;Choque com Objeto Fixo;1;;0;0;0;0;0;;;;1;0;0;0;0
08/03/2016;10:24:00;136;Acidente sem Vítima;314;BR-101/ES;Sul;Saída de Pista;1;;0;0;0;0;0;;;;1;0;0;0;0
08/03/2016;12:54:00;180;Acidente com Morte;149;BR-101/ES;Norte;Colisão Lateral;0;;1;0;0;1;0;;;;1;0;0;1;1
08/03/2016;13:21:00;185;Acidente sem Vítima;64;BR-101/ES;Norte;Engavetamento;3;;0;0;0;0;0;;;;3;0;0;0;0
08/03/2016;14:09:00;202;Acidente com vítima;127;BR-101/ES;Sul;Colisão Lateral;0;;1;0;0;1;0;;;;1;1;0;0;0
08/03/2016;14:50:00;213;Acidente sem Vítima;67;BR-101/ES;Sul;Colisão Transversal;1;;0;1;0;0;0;;;;3;0;0;0;0
08/03/2016;15:19:00;222;Acidente sem Vítima;270;BR-101/ES;Sul;Colisão Traseira;2;;0;0;0;0;0;;;;3;0;0;0;0
08/03/2016;15:56:00;229;Acidente sem Vítima;237;BR-101/ES;Norte;Engavetamento;3;;0;0;0;0;0;;;;7;0;0;0;0
08/03/2016;16:39:00;235;Acidente sem Vítima;258,6;BR-101/ES;Sul;Colisão Traseira;1;;0;2;0;0;0;;;;2;0;0;0;0
08/03/2016;18:31:00;267;Acidente com vítima;401;BR-101/ES;Norte;Queda de ciclista;0;;0;0;0;0;1;;;;0;0;1;0;0
08/03/2016;18:40:00;269;Acidente sem Vítima;358;BR-101/ES;Norte;Colisão Lateral;0;;2;1;0;0;0;;;;3;0;0;0;0
08/03/2016;19:37:00;284;Acidente com vítima;264;BR-101/ES;Sul;Queda de Moto;0;;0;0;0;1;0;;;;0;0;1;0;0
08/03/2016;23:30:00;330;Acidente sem Vítima;148;BR-101/ES;Norte;Saída de Pista;1;;0;0;0;0;0;;;;1;0;0;0;0
09/03/2016;07:35:00;88;Acidente sem Vítima;257;BR-101/ES;Sul;Colisão Traseira;2;;0;0;0;0;0;;;;2;0;0;0;0
09/03/2016;15:36:00;225;Atropelamento com Morte;264;BR-101/ES;Norte;Atropelamento;0;;1;0;0;0;0;;;;1;0;0;0;1
09/03/2016;15:46:00;230;Acidente com vítima;420;BR-101/ES;Sul;Colisão Lateral;1;;0;2;0;0;0;;;;1;0;1;1;0
09/03/2016;18:34:00;260;Acidente com vítima;230;BR-101/ES;Sul;Colisão Lateral;1;;0;0;0;1;0;;;;2;1;0;0;0
09/03/2016;18:53:00;268;Acidente sem Vítima;269;BR-101/ES;Sul;Engavetamento;3;;0;0;0;0;0;;;;7;0;0;0;0
09/03/2016;21:23:00;303;Atropelamento sem Morte;125;BR-101/ES;Sul;Atropelamento e Fuga;1;;0;0;0;0;0;;;;0;1;0;0;0
09/03/2016;21:43:00;305;Acidente com Morte;129;BR-101/ES;Norte;Colisão;0;;0;1;0;0;1;;;;1;0;0;0;1
09/03/2016;22:33:00;315;Acidente sem Vítima;230;BR-101/ES;Norte;Colisão Lateral;2;;0;0;0;0;0;;;;3;0;0;0;0
09/03/2016;23:14:00;328;Acidente sem Vítima;266;BR-101/ES;Sul;Colisão Lateral;1;;1;1;0;0;0;;;;2;0;0;0;0
09/03/2016;13:39:00;192;Acidente sem Vítima - TRECHO CONTORNO;292,8;BR-101/ES;Sul;Colisão Traseira;2;;0;0;0;0;0;;;;2;0;0;0;0
09/03/2016;17:58:00;255;Acidente sem Vítima - TRECHO CONTORNO;280;BR-101/ES;Norte;Colisão Traseira;2;;0;0;0;0;0;;;;1;0;0;0;0
10/03/2016;00:53:00;17;Acidente com vítima;213;BR-101/ES;Sul;Queda de Moto;0;;0;0;0;1;0;;;;0;2;0;0;0
10/03/2016;07:01:00;82;Acidente com vítima;298;BR-101/ES;Sul;Colisão Traseira;1;;0;0;0;1;0;;;;1;0;1;0;0
10/03/2016;19:46:00;316;Acidente com vítima;267;BR-101/ES;Sul;Colisão;1;;0;0;0;0;1;;;;1;1;0;0;0
10/03/2016;19:51:00;321;Acidente sem Vítima;268;BR-101/ES;Norte;Colisão Lateral;0;;0;0;1;1;0;;;;2;0;0;0;0
11/03/2016;08:53:00;109;Acidente sem Vítima;269;BR-101/ES;Sul;Colisão Lateral;3;;0;0;0;0;0;;;;5;0;0;0;0
11/03/2016;09:10:00;119;Acidente com vítima;191;BR-101/ES;Sul;Queda de Moto;0;;0;0;0;1;0;;;;0;0;1;0;0
11/03/2016;09:19:00;121;Acidente sem Vítima;87;BR-101/ES;Norte;Veículo em Chamas;0;;0;2;0;0;0;;;;2;0;0;0;0
11/03/2016;11:47:00;181;Acidente sem Vítima;265,8;BR-101/ES;Norte;Colisão Traseira;2;;0;1;0;0;0;;;;5;0;0;0;0
11/03/2016;12:44:00;206;Acidente sem Vítima;260;BR-101/ES;Norte;Tombamento;0;;1;0;0;0;0;;;;1;0;0;0;0
11/03/2016;17:11:00;290;Acidente sem Vítima;142;BR-101/ES;Sul;Colisão Traseira;2;;0;0;0;0;0;;;;4;0;0;0;0
11/03/2016;17:58:00;300;Acidente com vítima;261;BR-101/ES;Norte;Colisão Lateral;1;;0;0;0;1;0;;;;3;1;0;0;0
11/03/2016;19:07:00;316;Acidente sem Vítima;262;BR-101/ES;Norte;Colisão Traseira;1;;0;2;0;0;0;;;;3;0;0;0;0
11/03/2016;19:16:00;320;Acidente com vítima;264;BR-101/ES;Norte;Queda de Moto;0;;0;0;0;1;0;;;;0;1;0;0;0
11/03/2016;17:01:00;287;Acidente sem Vítima - TRECHO CONTORNO;293;BR-101/ES;Norte;Colisão Lateral;0;;1;0;0;1;0;;;;3;0;0;0;0
12/03/2016;07:52:00;79;Acidente sem Vítima;246;BR-101/ES;Norte;Saída de Pista;1;;0;0;0;0;0;;;;1;0;0;0;0
12/03/2016;10:08:00;135;Acidente sem Vítima;306;BR-101/ES;Sul;Colisão Lateral;2;;0;0;0;0;0;;;;2;0;0;0;0
12/03/2016;12:24:00;194;Acidente com vítima;304,5;BR-101/ES;Sul;Colisão Traseira;2;;0;0;0;0;0;;;;2;1;0;0;0
12/03/2016;12:24:00;195;Acidente sem Vítima;384;BR-101/ES;Norte;Colisão Transversal;2;;0;0;0;0;0;;;;3;0;0;0;0
12/03/2016;12:47:00;208;Acidente sem Vítima;346;BR-101/ES;Norte;Colisão Traseira;2;;0;0;0;0;0;;;;3;0;0;0;0
12/03/2016;12:53:00;210;Acidente sem Vítima;267;BR-101/ES;Norte;Colisão Traseira;2;;0;0;0;0;0;;;;2;0;0;0;0
12/03/2016;14:16:00;238;Acidente sem Vítima;407;BR-101/ES;Sul;Colisão Frontal;1;;0;0;0;1;0;;;;3;0;0;0;0
12/03/2016;15:09:00;254;Acidente sem Vítima;264;BR-101/ES;Norte;Colisão Traseira;2;;0;0;0;0;0;;;;17;0;0;0;0
12/03/2016;16:35:00;280;Acidente sem Vítima;262;BR-101/ES;Sul;Colisão Traseira;2;;0;0;0;0;0;;;;3;0;0;0;0
12/03/2016;17:50:00;301;Acidente com Morte;312;BR-101/ES;Sul;Colisão Lateral;1;;0;0;0;1;0;;;;3;0;0;0;1
12/03/2016;18:20:00;306;Acidente com vítima;270;BR-101/ES;Sul;Colisão Lateral;1;;0;0;0;1;0;;;;1;1;0;0;0
12/03/2016;18:34:00;309;Acidente sem Vítima;129;BR-101/ES;Sul;Colisão Frontal;3;;0;0;0;0;0;;;;3;0;0;0;0
12/03/2016;19:11:00;313;Acidente sem Vítima;270;BR-101/ES;Norte;Engavetamento;3;;0;0;0;0;0;;;;7;0;0;0;0
12/03/2016;21:46:00;345;Acidente com vítima;67;BR-101/ES;Norte;Colisão Transversal;2;;0;0;0;0;0;;;;1;1;0;0;0
12/03/2016;18:09:00;304;Acidente sem Vítima - TRECHO CONTORNO;291;BR-101/ES;Norte;Saída de Pista;1;;0;0;0;0;0;;;;2;0;0;0;0
13/03/2016;00:44:00;16;Acidente com vítima;31,5;BR-101/ES;Sul;Colisão Frontal;2;;0;0;0;0;0;;;;0;1;0;0;0
13/03/2016;05:13:00;54;Acidente com vítima;370;BR-101/ES;Sul;Queda de Moto;0;;0;0;0;1;0;;;;0;0;2;0;0
13/03/2016;05:44:00;58;Acidente sem Vítima;335;BR-101/ES;Sul;Tombamento;0;;0;2;0;0;0;;;;2;0;0;0;0
13/03/2016;06:16:00;63;Acidente com vítima;352;BR-101/ES;Sul;Colisão Lateral;1;;1;0;0;0;0;;;;2;0;1;0;0
13/03/2016;07:27:00;75;Acidente com vítima;28;BR-101/ES;Sul;Queda de Moto;0;;0;0;0;1;0;;;;0;1;1;0;0
13/03/2016;09:19:00;94;Acidente sem Vítima;340;BR-101/ES;Sul;Saída de Pista;1;;0;0;0;0;0;;;;3;0;0;0;0