data;horario;n_da_ocorrencia;tipo_de_ocorrencia;km;trecho;sentido;tipo_de_acidente;automovel;bicicleta;caminhao;moto;onibus;outros;tracao_animal;transporte_de_cargas_especiais;trator_maquinas;utilitarios;ilesos;levemente_feridos;moderadamente_feridos;gravemente_feridos;mortos
13/03/2016;10:29:00;112;Acidente sem Vítima;438;BR-101/ES;Sul;Tombamento;0;;0;3;0;0;0;;;;1;0;0;0;0
13/03/2016;10:30:00;113;Acidente com vítima;376;BR-101/ES;Sul;Colisão Transversal;2;;0;0;0;0;0;;;;1;0;1;0;0
13/03/2016;13:44:00;154;Acidente sem Vítima;228;BR-101/ES;Norte;Saída de Pista;1;;0;0;0;0;0;;;;2;0;0;0;0
13/03/2016;14:02:00;160;Acidente sem Vítima;30,5;BR-101/ES;Sul;Colisão Traseira;2;;0;0;0;0;0;;;;5;0;0;0;0
13/03/2016;14:26:00;163;Acidente com vítima;149;BR-101/ES;Sul;Colisão Traseira;1;;0;0;0;1;0;;;;1;1;0;0;0
13/03/2016;14:36:00;165;Acidente sem Vítima;339;BR-101/ES;Sul;Saída de Pista;0;;0;1;0;0;0;;;;1;0;0;0;0
13/03/2016;15:32:00;177;Acidente com vítima;419;BR-101/ES;Sul;Saída de Pista;1;;0;0;0;0;0;;;;0;2;0;0;0
13/03/2016;17:09:00;196;Acidente sem Vítima;436;BR-101/ES;Sul;Saída de Pista;1;;0;0;0;0;0;;;;1;0;0;0;0
13/03/2016;17:15:00;197;Acidente sem Vítima;264;BR-101/ES;Sul;Colisão Traseira;2;;0;0;0;0;0;;;;2;0;0;0;0
13/03/2016;18:38:00;213;Acidente sem Vítima;269;BR-101/ES;Sul;Atropelamento - Equino;1;;0;0;0;0;0;;;;1;0;0;0;0
13/03/2016;19:18:00;224;Acidente com vítima;166;BR-101/ES;Sul;Colisão Traseira;2;;0;0;0;0;0;;;;4;2;1;0;0
13/03/2016;22:24:00;266;Acidente sem Vítima;210;BR-101/ES;Norte;Choque com Objeto Fixo;1;;0;0;0;0;0;;;;1;0;0;0;0
14/03/2016;01:00:00;19;Acidente sem Vítima;348;BR-101/ES;Norte;Colisão Lateral;1;;0;0;1;0;0;;;;2;0;0;0;0
14/03/2016;04:40:00;57;Acidente sem Vítima;452;BR-101/ES;Sul;Veículo em Chamas;0;;1;0;0;0;0;;;;3;0;0;0;0
14/03/2016;05:41:00;61;Acidente sem Vítima;458;BR-101/ES;Sul;Capotamento;1;;0;0;0;0;0;;;;1;0;0;0;0
14/03/2016;08:43:00;99;Acidente sem Vítima;205;BR-101/ES;Sul;Tombamento;1;;0;0;0;0;0;;;;1;0;0;0;0
14/03/2016;11:47:00;153;Acidente com vítima;255;BR-101/ES;Sul;Colisão Traseira;1;;1;0;0;0;0;;;;2;1;0;0;0
14/03/2016;13:52:00;194;Acidente com vítima;266;BR-101/ES;Sul;Colisão Traseira;0;;0;0;0;1;0;;;;0;0;2;0;0
14/03/2016;14:48:00;207;Acidente com vítima;73;BR-101/ES;Sul;Queda de Moto;0;;0;0;0;1;0;;;;1;1;0;0;0
14/03/2016;14:59:00;209;Acidente sem Vítima;265;BR-101/ES;Sul;Colisão Traseira;0;;1;2;0;0;0;;;;3;0;0;0;0
14/03/2016;19:02:00;274;Acidente sem Vítima;142;BR-101/ES;Sul;Colisão Lateral;1;;0;0;0;1;0;;;;4;0;0;0;0
14/03/2016;19:31:00;278;Acidente com vítima;213;BR-101/ES;Norte;Colisão Lateral;1;;0;0;0;1;0;;;;2;0;1;0;0
14/03/2016;08:03:00;89;Acidente sem Vítima - TRECHO CONTORNO;291;BR-101/ES;Sul;Colisão Transversal;1;;0;0;0;1;0;;;;2;0;0;0;0
14/03/2016;08:58:00;103;Acidente sem Vítima - TRECHO CONTORNO;272;BR-101/ES;Norte;Saída de Pista;1;;0;0;0;0;0;;;;1;0;0;0;0
14/03/2016;09:21:00;111;Acidente sem Vítima - TRECHO CONTORNO;296;BR-101/ES;Norte;Colisão Lateral;1;;0;0;0;1;0;;;;2;0;0;0;0
14/03/2016;18:27:00;270;Acidente com Vítima - TRECHO CONTORNO;286;BR-101/ES;Sul;Queda de Moto;1;;0;0;0;0;0;;;;0;0;1;0;0
15/03/2016;02:31:00;36;Acidente com vítima;315,8;BR-101/ES;Norte;Saída de Pista;0;;1;2;0;0;0;;;;0;0;0;1;0
15/03/2016;07:20:00;71;Acidente sem Vítima;176;BR-101/ES;Sul;Engavetamento;3;;0;0;0;0;0;;;;8;0;0;0;0
15/03/2016;08:28:00;98;Acidente sem Vítima;270;BR-101/ES;Sul;Colisão Lateral;1;;0;0;0;1;0;;;;2;0;0;0;0
15/03/2016;09:56:00;127;Acidente com vítima;264;BR-101/ES;Norte;Queda de Moto;0;;0;0;0;1;0;;;;0;1;0;0;0
15/03/2016;09:58:00;128;Acidente com vítima;396,4;BR-101/ES;Sul;Queda de Moto;0;;0;0;0;1;0;;;;0;0;1;0;0
15/03/2016;10:22:00;134;Acidente sem Vítima;458;BR-101/ES;Norte;Capotamento;1;;0;0;0;0;0;;;;2;0;0;0;0
15/03/2016;11:42:00;165;Acidente sem Vítima;198;BR-101/ES;Norte;Colisão Traseira;2;;0;0;0;0;0;;;;5;0;0;0;0
15/03/2016;12:41:00;183;Acidente com vítima;375,8;BR-101/ES;Sul;Colisão Transversal;1;;0;0;0;1;0;;;;2;1;0;0;0
15/03/2016;13:24:00;197;Acidente sem Vítima;241;BR-101/ES;Norte;Colisão Traseira;2;;0;0;0;0;0;;;;4;0;0;0;0
15/03/2016;14:59:00;246;Acidente sem Vítima;376,5;BR-101/ES;Sul;Colisão Traseira;0;;0;2;0;1;0;;;;2;0;0;0;0
15/03/2016;18:52:00;294;Acidente sem Vítima;264;BR-101/ES;Sul;Engavetamento;6;;0;0;0;0;0;;;;11;0;0;0;0
15/03/2016;21:08:00;315;Acidente sem Vítima;264;BR-101/ES;Sul;Colisão Traseira;1;;1;0;0;0;0;;;;2;0;0;0;0
15/03/2016;22:11:00;327;Acidente com vítima;263;BR-101/ES;Norte;Colisão;0;;0;0;0;1;1;;;;1;1;0;0;0
15/03/2016;07:49:00;83;Acidente sem Vítima - TRECHO CONTORNO;292;BR-101/ES;Norte;Colisão Lateral;1;;0;0;0;1;0;;;;2;0;0;0;0
15/03/2016;09:14:00;110;Acidente sem Vítima - TRECHO CONTORNO;274;BR-101/ES;Norte;Tombamento;0;;1;0;0;0;0;;;;1;0;0;0;0
15/03/2016;13:56:00;217;Acidente sem Vítima - TRECHO CONTORNO;291;BR-101/ES;Norte;Colisão Traseira;1;;1;0;0;0;0;;;;2;0;0;0;0
15/03/2016;17:26:00;276;Acidente sem Vítima - TRECHO CONTORNO;293;BR-101/ES;Norte;Choque;1;;1;0;0;0;0;;;;2;0;0;0;0
16/03/2016;07:26:00;72;Acidente com vítima;304;BR-101/ES;Norte;Colisão Traseira;1;;0;0;0;1;0;;;;1;1;0;0;0
16/03/2016;12:17:00;155;Acidente com vítima;265;BR-101/ES;Sul;Colisão Traseira;1;;0;0;0;1;0;;;;1;2;0;0;0
16/03/2016;12:57:00;170;Acidente com vítima;231;BR-101/ES;Sul;Queda de Moto;0;;0;0;0;1;0;;;;0;1;0;0;0
16/03/2016;13:17:00;174;Acidente sem Vítima;231;BR-101/ES;Norte;Colisão Traseira;2;;0;0;0;0;0;;;;6;0;0;0;0
17/03/2016;04:42:00;52;Acidente sem Vítima;329;BR-101/ES;Sul;Saída de Pista;1;;0;0;0;0;0;;;;1;0;0;0;0
17/03/2016;06:52:00;64;Acidente com vítima;401;BR-101/ES;Sul;Colisão Lateral;1;;0;5;0;0;0;;;;2;0;0;1;0
17/03/2016;07:06:00;69;Acidente com vítima;270;BR-101/ES;Sul;Colisão Lateral;1;;0;0;0;1;0;;;;3;0;1;0;0
17/03/2016;09:48:00;120;Acidente sem Vítima;301;BR-101/ES;Sul;Engavetamento;3;;0;0;0;0;0;;;;5;0;0;0;0
17/03/2016;11:02:00;143;Acidente sem Vítima;220,3;BR-101/ES;Sul;Saída de Pista;1;;0;0;0;0;0;;;;1;0;0;0;0
17/03/2016;13:13:00;181;Acidente sem Vítima;20;BR-101/ES;Sul;Colisão Traseira;1;;1;0;0;0;0;;;;8;0;0;0;0
17/03/2016;17:47:00;260;Acidente sem Vítima;138,5;BR-101/ES;Sul;Capotamento;1;;0;0;0;0;0;;;;1;0;0;0;0
17/03/2016;18:18:00;265;Acidente com vítima;414;BR-101/ES;Norte;Colisão Lateral;1;;0;0;0;1;0;;;;1;0;1;0;0
17/03/2016;02:12:00;39;Acidente sem Vítima - TRECHO CONTORNO;292;BR-101/ES;Sul;Choque com Objeto Fixo;0;;0;2;0;0;0;;;;1;0;0;0;0
17/03/2016;08:35:00;95;Acidente com Vítima - TRECHO CONTORNO;291;BR-101/ES;Norte;Colisão Lateral;2;;0;0;0;0;0;;;;1;1;0;0;0
18/03/2016;04:54:00;55;Acidente sem Vítima;264;BR-101/ES;Norte;Saída de Pista;1;;0;0;0;0;0;;;;1;0;0;0;0
18/03/2016;05:10:00;56;Acidente com vítima;454;BR-101/ES;Sul;Capotamento;1;;0;0;0;0;0;;;;1;1;2;0;0
18/03/2016;05:22:00;58;Acidente com vítima;161,5;BR-101/ES;Sul;Colisão;1;;0;0;0;0;1;;;;2;0;0;1;0
18/03/2016;10:12:00;136;Acidente sem Vítima;374,5;BR-101/ES;Sul;Colisão Transversal;2;;0;0;0;0;0;;;;2;0;0;0;0
18/03/2016;10:40:00;145;Acidente sem Vítima;262;BR-101/ES;Sul;Engavetamento;5;;0;0;0;0;0;;;;7;0;0;0;0
18/03/2016;10:41:00;146;Acidente sem Vítima;398;BR-101/ES;Sul;Colisão Traseira;2;;0;0;0;0;0;;;;3;0;0;0;0
18/03/2016;13:24:00;198;Acidente sem Vítima;266;BR-101/ES;Sul;Colisão Traseira;2;;0;0;0;0;0;;;;3;0;0;0;0
18/03/2016;14:09:00;211;Acidente sem Vítima;301;BR-101/ES;Norte;Colisão Traseira;1;;1;0;0;1;0;;;;6;0;0;0;0
18/03/2016;15:21:00;234;Acidente com vítima;202,3;BR-101/ES;Sul;Choque com Objeto Fixo;0;;1;0;0;0;0;;;;2;1;1;0;0
18/03/2016;15:45:00;243;Acidente com vítima;438;BR-101/ES;Norte;Capotamento;2;;0;2;0;0;0;;;;1;3;0;0;0
18/03/2016;15:55:00;246;Acidente sem Vítima;228;BR-101/ES;Norte;Saída de Pista;1;;0;0;0;0;0;;;;1;0;0;0;0
18/03/2016;16:55:00;257;Acidente com vítima;446,2;BR-101/ES;Sul;Colisão Lateral;2;;0;0;0;0;0;;;;4;1;0;0;0
18/03/2016;17:02:00;259;Acidente sem Vítima;205;BR-101/ES;Norte;Colisão Traseira;2;;0;4;0;0;0;;;;5;0;0;0;0
18/03/2016;17:13:00;263;Acidente com vítima;298;BR-101/ES;Sul;Colisão Frontal;2;;0;0;0;0;0;;;;2;0;1;0;0
18/03/2016;17:35:00;272;Acidente sem Vítima;198;BR-101/ES;Sul;Queda de Moto;0;;0;0;0;1;0;;;;2;0;0;0;0
18/03/2016;19:07:00;291;Acidente sem Vítima;147;BR-101/ES;Sul;Colisão Lateral;1;;0;0;0;1;0;;;;3;0;0;0;0
18/03/2016;19:18:00;292;Acidente com vítima;364;BR-101/ES;Norte;Colisão Traseira;1;;0;0;0;1;0;;;;1;0;2;0;0
18/03/2016;19:22:00;293;Acidente sem Vítima;147;BR-101/ES;Sul;Colisão Lateral;1;;1;0;0;0;0;;;;4;0;0;0;0
18/03/2016;19:35:00;297;Acidente com vítima;206;BR-101/ES;Sul;Engavetamento;2;;0;1;0;0;0;;;;3;0;1;0;0
18/03/2016;15:35:00;239;Acidente sem Vítima - TRECHO CONTORNO;296;BR-101/ES;Norte;Colisão Traseira;0;;1;0;1;0;0;;;;2;0;0;0;0
18/03/2016;16:35:00;252;Acidente com Vítima - TRECHO CONTORNO;284;BR-101/ES;Sul;Colisão Traseira;1;;1;0;0;0;0;;;;0;4;1;0;0
19/03/2016;00:19:00;1;Acidente sem Vítima;299;BR-101/ES;Norte;Colisão Traseira;2;;0;0;0;0;0;;;;2;0;0;0;0
19/03/2016;11:57:00;165;Atropelamento sem Morte;269;BR-101/ES;Norte;Atropelamento;1;;0;0;0;0;0;;;;1;0;1;0;0
19/03/2016;12:35:00;183;Acidente com vítima;944;BR-101/BA;Norte;Colisão Transversal;2;;0;0;0;0;0;;;;1;0;2;0;0
19/03/2016;15:33:00;229;Acidente sem Vítima;269;BR-101/ES;Norte;Engavetamento;3;;0;0;0;0;0;;;;8;0;0;0;0
19/03/2016;15:45:00;232;Acidente sem Vítima;269;BR-101/ES;Norte;Colisão Traseira;2;;0;0;0;0;0;;;;2;0;0;0;0
19/03/2016;18:38:00;262;Acidente sem Vítima;145;BR-101/ES;Norte;Colisão Traseira;3;;0;0;0;0;0;;;;4;0;0;0;0
19/03/2016;21:04:00;286;Acidente sem Vítima;315;BR-101/ES;Norte;Veículo em Chamas;1;;0;0;0;0;0;;;;1;0;0;0;0
19/03/2016;21:34:00;288;Acidente com vítima;38;BR-101/ES;Sul;Colisão Traseira;2;;0;0;0;0;0;;;;4;1;0;0;0
19/03/2016;22:13:00;295;Acidente com vítima;268;BR-101/ES;Sul;Choque com Objeto Fixo;0;;0;0;0;1;0;;;;0;0;2;0;0
19/03/2016;22:50:00;308;Acidente com vítima;268;BR-101/ES;Sul;Colisão;1;;0;0;0;0;1;;;;2;1;0;0;0
19/03/2016;23:00:00;310;Acidente com vítima;338;BR-101/ES;Norte;Queda de Moto;0;;0;0;0;1;0;;;;0;0;0;1;0
19/03/2016;23:31:00;318;Acidente com vítima;436;BR-101/ES;Sul;Queda de Moto;0;;0;0;0;1;0;;;;0;0;1;0;0
19/03/2016;05:23:00;70;Acidente sem Vítima - TRECHO CONTORNO;285;BR-101/ES;Sul;Saída de Pista;2;;0;4;0;0;0;;;;4;0;0;0;0
20/03/2016;00:07:00;3;Acidente sem Vítima;258;BR-101/ES;Norte;Colisão Lateral;2;;0;0;0;0;0;;;;5;0;0;0;0
20/03/2016;00:56:00;14;Acidente sem Vítima;300;BR-101/ES;Norte;Saída de Pista;1;;0;0;0;0;0;;;;1;0;0;0;0
20/03/2016;03:21:00;48;Acidente com Morte;345,5;BR-101/ES;Norte;Colisão Frontal;1;;1;0;0;0;0;;;;2;0;1;2;1
20/03/2016;03:26:00;49;Atropelamento sem Morte;270;BR-101/ES;Sul;Atropelamento e Fuga;1;;0;0;0;0;0;;;;0;0;1;0;0
20/03/2016;04:39:00;55;Acidente com vítima;186;BR-101/ES;Sul;Saída de Pista;0;;1;1;0;0;0;;;;0;1;0;0;0
20/03/2016;04:55:00;57;Acidente com vítima;264;BR-101/ES;Sul;Colisão Transversal;2;;0;0;0;0;0;;;;0;0;2;0;0
20/03/2016;07:35:00;78;Acidente sem Vítima;321;BR-101/ES;Sul;Colisão Traseira;2;;0;0;0;0;0;;;;4;0;0;0;0
20/03/2016;13:28:00;185;Acidente sem Vítima;264;BR-101/ES;Sul;Colisão Transversal;2;;0;0;0;0;0;;;;2;0;0;0;0
20/03/2016;15:44:00;218;Acidente sem Vítima;262;BR-101/ES;Norte;Colisão Traseira;2;;0;0;0;0;0;;;;4;0;0;0;0
20/03/2016;17:05:00;231;Acidente sem Vítima;315;BR-101/ES;Sul;Colisão Lateral;2;;0;0;0;0;0;;;;3;0;0;0;0
20/03/2016;18:20:00;249;Acidente com vítima;139;BR-101/ES;Sul;Colisão Traseira;1;;0;4;0;0;0;;;;2;2;0;0;0
20/03/2016;18:45:00;252;Acidente com vítima;258;BR-101/ES;Sul;Colisão Transversal;1;;0;0;0;1;0;;;;1;0;1;0;0
20/03/2016;23:11:00;306;Acidente com vítima;188;BR-101/ES;Sul;Queda de Moto;0;;0;0;0;1;0;;;;0;0;1;0;0
20/03/2016;00:00:00;1;Acidente sem Vítima - TRECHO CONTORNO;271;BR-101/ES;Norte;Colisão Traseira;1;;0;0;1;0;0;;;;2;0;0;0;0
20/03/2016;13:35:00;190;Acidente com Morte - TRECHO CONTORNO;291;BR-101/ES;Norte;Colisão Transversal;1;;1;0;0;0;0;;;;1;2;0;0;1
20/03/2016;17:52:00;240;Acidente com Vítima - TRECHO CONTORNO;296;BR-101/ES;Norte;Colisão Lateral;1;;0;0;0;1;0;;;;1;0;2;0;0
21/03/2016;02:23:00;37;Acidente com vítima;3,8;BR-101/ES;Norte;Saída de Pista;1;;0;0;0;0;0;;;;0;1;0;0;0
21/03/2016;06:51:00;66;Acidente sem Vítima;247,5;BR-101/ES;Norte;Colisão Transversal;2;;0;0;0;0;0;;;;2;0;0;0;0
21/03/2016;08:54:00;103;Acidente com vítima;363;BR-101/ES;Sul;Colisão Lateral;0;;1;4;0;0;0;;;;2;1;0;0;0
21/03/2016;09:51:00;119;Acidente com vítima;258;BR-101/ES;Norte;Queda de Moto;0;;0;0;0;1;0;;;;0;1;0;0;0
21/03/2016;16:00:00;230;Acidente com vítima;266;BR-101/ES;Norte;Colisão;1;;0;0;0;0;1;;;;1;0;0;1;0
21/03/2016;17:07:00;245;Acidente com vítima;147;BR-101/ES;Sul;Colisão Traseira;1;;1;0;0;0;0;;;;5;1;0;0;0
21/03/2016;18:08:00;257;Acidente sem Vítima;147;BR-101/ES;Norte;Colisão Traseira;1;;0;0;0;1;0;;;;4;0;0;0;0
21/03/2016;19:04:00;265;Acidente sem Vítima;147;BR-101/ES;Norte;Colisão Traseira;2;;0;0;0;0;0;;;;5;0;0;0;0
21/03/2016;19:27:00;271;Acidente sem Vítima;58;BR-101/ES;Sul;Atropelamento - Animal;1;;0;0;0;0;0;;;;1;0;0;0;0
21/03/2016;19:33:00;272;Acidente com vítima;100;BR-101/ES;Norte;Colisão;0;;1;0;0;0;1;;;;0;0;0;1;0
21/03/2016;23:19:00;315;Atropelamento sem Morte;266;BR-101/ES;Sul;Atropelamento;1;;0;0;0;0;0;;;;1;0;1;0;0
21/03/2016;23:49:00;326;Acidente sem Vítima;358;BR-101/ES;Norte;Saída de Pista;1;;0;0;0;0;0;;;;1;0;0;0;0
22/03/2016;06:32:00;62;Acidente sem Vítima;343;BR-101/ES;Norte;Colisão Traseira;0;;1;0;1;0;0;;;;2;0;0;0;0
22/03/2016;06:52:00;67;Acidente com vítima;135;BR-101/ES;Norte;Queda de Moto;0;;0;0;0;1;0;;;;0;1;0;0;0
22/03/2016;09:12:00;118;Acidente sem Vítima;136;BR-101/ES;Sul;Colisão Traseira;2;;0;0;0;0;0;;;;3;0;0;0;0
22/03/2016;21:18:00;317;Acidente sem Vítima;270;BR-101/ES;Norte;Colisão Traseira;1;;0;2;0;0;0;;;;2;0;0;0;0
22/03/2016;22:35:00;340;Acidente com vítima;147;BR-101/ES;Sul;Colisão Lateral;2;;0;0;0;0;0;;;;5;0;1;0;0
22/03/2016;23:01:00;347;Acidente sem Vítima;10;BR-101/ES;Norte;Veículo em Chamas;0;;0;4;0;0;0;;;;1;0;0;0;0
22/03/2016;13:23:00;200;Acidente com Vítima - TRECHO CONTORNO;292;BR-101/ES;Sul;Queda de Moto;0;;0;0;0;1;0;;;;0;0;2;0;0
22/03/2016;20:45:00;312;Acidente com Vítima - TRECHO CONTORNO;273;BR-101/ES;Sul;Queda de Moto;1;;0;0;0;0;0;;;;0;0;1;0;0
23/03/2016;04:37:00;48;Acidente com vítima;13;BR-101/ES;Sul;Saída de Pista;0;;0;1;0;0;0;;;;0;1;0;0;0
23/03/2016;05:46:00;57;Acidente sem Vítima;441;BR-101/ES;Norte;Choque com Objeto Fixo;1;;0;0;0;0;0;;;;3;0;0;0;0
23/03/2016;06:17:00;60;Acidente com vítima;19;BR-101/ES;Norte;Queda de Moto;0;;0;0;0;1;0;;;;0;1;1;0;0
23/03/2016;09:00:00;115;Acidente com vítima;269;BR-101/ES;Norte;Colisão Traseira;1;;0;0;0;1;0;;;;3;1;0;0;0
23/03/2016;10:49:00;153;Acidente com vítima;146;BR-101/ES;Norte;Saída de Pista;1;;0;0;0;0;0;;;;2;1;0;0;0
23/03/2016;15:23:00;251;Acidente com vítima;67;BR-101/ES;Norte;Colisão Lateral;1;;0;0;0;1;0;;;;1;1;0;0;0
23/03/2016;16:47:00;277;Acidente com vítima;340;BR-101/ES;Norte;Colisão Transversal;1;;0;0;0;1;0;;;;2;1;1;0;0
23/03/2016;23:24:00;372;Acidente com vítima;111;BR-101/ES;Sul;Saída de Pista;0;;0;2;0;0;0;;;;0;0;1;0;0
23/03/2016;06:06:00;59;Acidente sem Vítima - TRECHO CONTORNO;293,5;BR-101/ES;Sul;Colisão Traseira;1;;1;0;0;0;0;;;;3;0;0;0;0
24/03/2016;05:54:00;71;Acidente com Morte;347,5;BR-101/ES;Norte;Colisão Frontal;1;;0;2;0;0;0;;;;1;0;0;0;2
24/03/2016;15:05:00;211;Acidente sem Vítima;376;BR-101/ES;Norte;Colisão Lateral;1;;0;0;0;1;0;;;;2;0;0;0;0
24/03/2016;15:26:00;223;Acidente sem Vítima;264;BR-101/ES;Norte;Colisão Lateral;1;;1;0;0;0;0;;;;5;0;0;0;0
24/03/2016;16:18:00;247;Acidente sem Vítima;230;BR-101/ES;Norte;Colisão Lateral;2;;0;0;0;0;0;;;;3;0;0;0;0
24/03/2016;17:23:00;267;Acidente com vítima;231;BR-101/ES;Norte;Colisão Transversal;0;;1;0;0;1;0;;;;1;0;2;0;0
24/03/2016;20:15:00;309;Acidente sem Vítima;260;BR-101/ES;Sul;Queda de Moto;0;;0;0;0;1;0;;;;1;0;0;0;0
24/03/2016;06:10:00;74;Acidente com Vítima - TRECHO CONTORNO;286;BR-101/ES;Sul;Queda de Moto;0;;0;0;0;1;0;;;;0;0;1;0;0
25/03/2016;00:12:00;4;Acidente sem Vítima;129;BR-101/ES;Sul;Saída de Pista;1;;0;0;0;0;0;;;;4;0;0;0;0
25/03/2016;01:58:00;41;Acidente sem Vítima;264;BR-101/ES;Sul;Capotamento;1;;0;0;0;0;0;;;;1;0;0;0;0
25/03/2016;05:51:00;70;Acidente sem Vítima;268;BR-101/ES;Norte;Colisão Lateral;2;;0;0;0;0;0;;;;3;0;0;0;0
25/03/2016;06:31:00;73;Acidente sem Vítima;242;BR-101/ES;Norte;Colisão Traseira;2;;0;0;0;0;0;;;;5;0;0;0;0
25/03/2016;08:01:00;89;Acidente com vítima;212;BR-101/ES;Sul;Colisão Lateral;1;;1;0;0;0;0;;;;1;1;0;0;0
25/03/2016;08:23:00;94;Acidente sem Vítima;68;BR-101/ES;Norte;Engavetamento;2;;1;0;0;0;0;;;;7;0;0;0;0
25/03/2016;10:58:00;135;Acidente com vítima;267;BR-101/ES;Norte;Queda de Moto;0;;0;0;0;1;0;;;;0;2;0;0;0
25/03/2016;11:30:00;142;Acidente sem Vítima;368,5;BR-101/ES;Norte;Saída de Pista;2;;0;0;0;0;0;;;;4;0;0;0;0
25/03/2016;13:10:00;168;Acidente sem Vítima;264;BR-101/ES;Norte;Colisão Lateral;2;;0;0;0;0;0;;;;3;0;0;0;0
25/03/2016;17:38:00;236;Acidente sem Vítima;253;BR-101/ES;Norte;Colisão Transversal;2;;0;1;0;0;0;;;;2;0;0;0;0
25/03/2016;18:39:00;253;Acidente com vítima;170;BR-101/ES;Norte;Queda de Moto;1;;0;0;0;0;0;;;;0;1;0;0;0
25/03/2016;19:29:00;258;Acidente com vítima;264;BR-101/ES;Norte;Colisão Lateral;1;;0;0;0;1;0;;;;1;2;0;0;0
25/03/2016;20:33:00;271;Acidente com Morte;148;BR-101/ES;Sul;Choque com Objeto Fixo;0;;0;0;0;1;0;;;;0;0;0;1;1
25/03/2016;21:26:00;275;Acidente com vítima;148;BR-101/ES;Norte;Atropelamento - Animal;0;;0;0;0;1;0;;;;0;1;0;0;0
25/03/2016;09:13:00;109;Acidente com Vítima - TRECHO CONTORNO;296;BR-101/ES;Sul;Queda de Moto;0;;0;0;0;1;0;;;;0;1;1;0;0
26/03/2016;08:32:00;78;Acidente sem Vítima;298;BR-101/ES;Sul;Colisão Traseira;2;;0;0;0;0;0;;;;4;0;0;0;0
26/03/2016;10:02:00;96;Acidente sem Vítima;229,7;BR-101/ES;Norte;Colisão Traseira;1;;0;0;1;0;0;;;;4;0;0;0;0
26/03/2016;10:40:00;104;Acidente sem Vítima;258;BR-101/ES;Sul;Colisão Transversal;2;;0;0;0;0;0;;;;3;0;0;0;0
26/03/2016;19:31:00;214;Acidente com vítima;302;BR-101/ES;Sul;Capotamento;2;;0;0;0;0;0;;;;4;2;0;0;0
27/03/2016;00:14:00;2;Acidente com vítima;213;BR-101/ES;Norte;Colisão Transversal;0;;2;0;0;0;0;;;;0;4;0;0;0
27/03/2016;00:40:00;7;Acidente com vítima;269;BR-101/ES;Norte;Colisão Transversal;2;;0;0;1;0;0;;;;1;0;2;0;0
27/03/2016;06:06:00;53;Acidente sem Vítima;148;BR-101/ES;Sul;Queda de Moto;0;;0;0;0;1;0;;;;1;0;0;0;0
27/03/2016;10:38:00;111;Acidente sem Vítima;254;BR-101/ES;Sul;Colisão Lateral;1;;0;0;0;1;0;;;;5;0;0;0;0
27/03/2016;14:04:00;200;Acidente com vítima;323;BR-101/ES;Sul;Colisão Traseira;1;;0;0;0;1;0;;;;15;2;0;0;0
27/03/2016;14:09:00;203;Acidente sem Vítima;393;BR-101/ES;Sul;Colisão Traseira;2;;0;0;0;0;0;;;;12;0;0;0;0
27/03/2016;14:42:00;213;Acidente com vítima;233;BR-101/ES;Sul;Queda de ciclista;0;;0;0;0;0;1;;;;0;1;0;0;0
27/03/2016;15:34:00;228;Acidente sem Vítima;255;BR-101/ES;Norte;Engavetamento;4;;0;0;0;0;0;;;;8;0;0;0;0
27/03/2016;15:36:00;231;Acidente sem Vítima;255;BR-101/ES;Sul;Engavetamento;5;;1;0;0;0;0;;;;16;0;0;0;0
27/03/2016;15:57:00;239;Acidente sem Vítima;346,5;BR-101/ES;Norte;Colisão Traseira;2;;0;0;0;0;0;;;;4;0;0;0;0
27/03/2016;16:28:00;244;Acidente com vítima;297;BR-101/ES;Norte;Engavetamento;3;;0;0;0;0;0;;;;12;1;0;0;0
27/03/2016;17:01:00;257;Acidente sem Vítima;209;BR-101/ES;Sul;Colisão Traseira;2;;0;0;0;0;0;;;;2;0;0;0;0
27/03/2016;17:41:00;274;Acidente com vítima;207;BR-101/ES;Norte;Colisão Traseira;2;;0;0;0;0;0;;;;5;0;0;1;0
27/03/2016;18:34:00;281;Acidente com vítima;219;BR-101/ES;Norte;Queda de Moto;1;;0;0;0;0;0;;;;0;2;0;0;0
27/03/2016;18:36:00;283;Acidente com vítima;266;BR-101/ES;Sul;Colisão Transversal;2;;0;0;0;0;0;;;;1;1;1;0;0
27/03/2016;18:42:00;285;Acidente sem Vítima;310;BR-101/ES;Norte;Engavetamento;3;;0;0;0;0;0;;;;4;0;0;0;0
27/03/2016;21:27:00;355;Acidente sem Vítima;418;BR-101/ES;Sul;Queda de Moto;0;;0;0;0;1;0;;;;2;0;0;0;0
27/03/2016;22:21:00;365;Acidente com vítima;253;BR-101/ES;Sul;Colisão Traseira;1;;0;0;0;1;0;;;;4;1;0;0;0
27/03/2016;13:39:00;187;Acidente sem Vítima - TRECHO CONTORNO;291;BR-101/ES;Sul;Colisão Traseira;2;;0;0;0;0;0;;;;2;0;0;0;0
27/03/2016;21:16:00;353;Acidente com Vítima - TRECHO CONTORNO;291;BR-101/ES;Norte;Queda de Moto;0;;0;0;0;1;0;;;;0;2;0;0;0
28/03/2016;06:48:00;93;Acidente com vítima;147;BR-101/ES;Sul;Colisão Transversal;1;;0;0;0;1;0;;;;2;1;0;0;0
28/03/2016;07:00:00;95;Acidente sem Vítima;269;BR-101/ES;Norte;Engavetamento;2;;2;0;0;0;0;;;;6;0;0;0;0