data;horario;n_da_ocorrencia;tipo_de_ocorrencia;km;trecho;sentido;tipo_de_acidente;automovel;bicicleta;caminhao;moto;onibus;outros;tracao_animal;transporte_de_cargas_especiais;trator_maquinas;utilitarios;ilesos;levemente_feridos;moderadamente_feridos;gravemente_feridos;mortos
19/05/2016;17:04:00;289;Acidente sem Vítima;283;BR-101/ES;Sul - TRECHO CONTORNO;Veículo em Chamas;1;0;0;0;0;0;;;;;1;0;0;0;0
20/05/2016;00:04:00;3;Acidente sem Vítima;263;BR-101/ES;Norte;Colisão Transversal;0;0;0;2;0;0;;;;;2;0;0;0;0
20/05/2016;01:30:00;24;Acidente sem Vítima;195;BR-101/ES;Sul;Atropelamento - Bovino;0;0;1;0;0;0;;;;;1;0;0;0;0
20/05/2016;05:18:00;61;Acidente sem Vítima;259;BR-101/ES;Sul;Saída de Pista;1;0;0;0;0;0;;;;;1;0;0;0;0
20/05/2016;07:49:00;103;Acidente sem Vítima;264;BR-101/ES;Sul;Engavetamento;3;0;0;0;0;0;;;;;3;0;0;0;0
20/05/2016;11:34:00;178;Acidente sem Vítima;230;BR-101/ES;Norte;Colisão Transversal;1;0;1;0;0;0;;;;;5;0;0;0;0
20/05/2016;13:25:00;212;Acidente com vítima;16;BR-101/ES;Sul;Colisão;0;1;0;0;1;0;;;;;1;0;1;0;0
20/05/2016;15:40:00;246;Acidente sem Vítima;169;BR-101/ES;Sul;Saída de Pista;1;0;0;0;0;0;;;;;1;0;0;0;0
20/05/2016;16:45:00;266;Acidente sem Vítima;258;BR-101/ES;Norte;Choque com Objeto Fixo;2;0;1;0;0;0;;;;;5;0;0;0;0
20/05/2016;18:03:00;281;Acidente com vítima;266;BR-101/ES;Norte;Colisão;1;1;0;1;0;0;;;;;4;0;2;0;0
20/05/2016;18:04:00;283;Acidente sem Vítima;65;BR-101/ES;Norte;Colisão Traseira;2;0;0;0;0;0;;;;;5;0;0;0;0
20/05/2016;05:33:00;65;Acidente sem Vítima;295;BR-101/ES;Norte - TRECHO CONTORNO;Colisão Traseira;2;0;0;0;0;0;;;;;2;0;0;0;0
21/05/2016;08:38:00;112;Acidente sem Vítima;208;BR-101/ES;Sul;Saída de Pista;1;0;3;0;0;0;;;;;1;0;0;0;0
21/05/2016;09:57:00;130;Acidente sem Vítima;233;BR-101/ES;Norte;Saída de Pista;1;0;0;0;0;0;;;;;2;0;0;0;0
21/05/2016;10:43:00;142;Atropelamento sem Morte;262;BR-101/ES;Sul;Atropelamento;1;0;0;0;0;0;;;;;1;0;0;1;0
21/05/2016;12:58:00;183;Acidente com Morte;268;BR-101/ES;Norte;Colisão Lateral;1;0;1;0;0;0;;;;;5;0;0;0;1
21/05/2016;17:41:00;254;Acidente com Morte;45;BR-101/ES;Sul;Choque com Objeto Fixo;1;0;0;0;0;0;;;;;0;0;0;0;1
21/05/2016;18:09:00;259;Acidente com vítima;20;BR-101/ES;Sul;Queda de Moto;0;0;0;1;0;0;;;;;0;1;0;0;0
21/05/2016;18:16:00;262;Acidente com vítima;84;BR-101/ES;Norte;Colisão Lateral;0;0;10;0;0;0;;;;;3;1;0;0;0
21/05/2016;22:16:00;298;Acidente sem Vítima;269;BR-101/ES;Norte;Colisão Traseira;2;0;0;0;0;0;;;;;2;0;0;0;0
21/05/2016;23:50:00;324;Acidente com vítima;108;BR-101/ES;Sul;Queda de Moto;0;0;0;1;0;0;;;;;0;0;1;0;0
21/05/2016;12:38:00;177;Acidente com vítima;296;BR-101/ES;Sul - TRECHO CONTORNO;Colisão Lateral;2;0;0;0;0;0;;;;;2;0;1;0;0
22/05/2016;03:22:00;48;Acidente com vítima;264;BR-101/ES;Sul;Capotamento;1;0;0;0;0;0;;;;;0;0;1;0;0
22/05/2016;04:20:00;51;Acidente com vítima;119;BR-101/ES;Norte;Queda de Moto;0;0;0;1;0;0;;;;;0;0;1;0;0
22/05/2016;04:22:00;53;Acidente sem Vítima;15;BR-101/ES;Sul;Saída de Pista;1;0;1;0;0;0;;;;;1;0;0;0;0
22/05/2016;11:46:00;133;Acidente com vítima;149;BR-101/ES;Sul;Colisão Transversal;1;0;0;1;0;0;;;;;2;2;0;0;0
22/05/2016;14:37:00;188;Acidente com vítima;298;BR-101/ES;Norte;Colisão Traseira;2;0;0;0;0;0;;;;;3;2;0;0;0
22/05/2016;15:56:00;213;Acidente sem Vítima;230;BR-101/ES;Norte;Engavetamento;3;0;0;0;0;0;;;;;5;0;0;0;0
22/05/2016;16:13:00;217;Acidente sem Vítima;67;BR-101/ES;Sul;Colisão Traseira;1;0;1;0;0;0;;;;;2;0;0;0;0
22/05/2016;16:13:00;218;Acidente com vítima;135;BR-101/ES;Sul;Colisão Traseira;1;0;1;0;0;0;;;;;3;2;0;0;0
22/05/2016;17:06:00;230;Acidente com vítima;301;BR-101/ES;Norte;Colisão Traseira;1;0;0;1;0;0;;;;;3;1;0;0;0
22/05/2016;17:31:00;238;Acidente sem Vítima;324;BR-101/ES;Sul;Capotamento;1;0;0;0;0;0;;;;;4;0;0;0;0
22/05/2016;22:18:00;310;Acidente com vítima;147;BR-101/ES;Sul;Colisão Traseira;1;0;0;1;0;0;;;;;3;0;1;0;0
22/05/2016;22:53:00;324;Acidente sem Vítima;201;BR-101/ES;Norte;Saída de Pista;1;0;0;0;0;0;;;;;1;0;0;0;0
22/05/2016;21:54:00;307;Acidente sem Vítima;289;BR-101/ES;Sul - TRECHO CONTORNO;Saída de Pista;1;0;0;0;0;0;;;;;1;0;0;0;0
23/05/2016;07:58:00;101;Acidente sem Vítima;323;BR-101/ES;Sul;Colisão Traseira;0;0;0;2;0;0;;;;;2;0;0;0;0
23/05/2016;08:33:00;106;Acidente sem Vítima;263;BR-101/ES;Sul;Colisão Traseira;2;0;0;0;0;0;;;;;2;0;0;0;0
23/05/2016;09:10:00;114;Acidente com vítima;264;BR-101/ES;Sul;Colisão Traseira;1;0;0;1;0;0;;;;;3;1;0;0;0
23/05/2016;12:33:00;195;Acidente sem Vítima;18;BR-101/ES;Sul;Queda de Moto;0;0;0;1;0;0;;;;;1;0;0;0;0
23/05/2016;13:36:00;213;Acidente com vítima;145;BR-101/ES;Norte;Colisão Lateral;1;0;0;1;0;0;;;;;1;2;0;0;0
23/05/2016;14:07:00;224;Acidente com vítima;315;BR-101/ES;Norte;Colisão Transversal;1;0;0;0;0;1;;;;;4;0;2;2;0
23/05/2016;15:16:00;241;Acidente com vítima;154;BR-101/ES;Norte;Colisão Traseira;1;0;0;1;0;0;;;;;1;1;0;0;0
23/05/2016;17:42:00;274;Acidente com vítima;237;BR-101/ES;Norte;Colisão Transversal;2;0;0;0;0;0;;;;;0;0;5;0;0
23/05/2016;17:56:00;281;Acidente com vítima;421;BR-101/ES;Sul;Colisão Transversal;1;0;1;0;0;0;;;;;1;2;0;0;0
23/05/2016;18:54:00;289;Acidente sem Vítima;393;BR-101/ES;Sul;Saída de Pista;0;0;2;0;0;0;;;;;1;0;0;0;0
23/05/2016;22:06:00;331;Acidente sem Vítima;358,1;BR-101/ES;Norte;Saída de Pista;1;0;0;0;0;0;;;;;2;0;0;0;0
23/05/2016;00:24:00;8;Acidente com vítima;273;BR-101/ES;Sul - TRECHO CONTORNO;Capotamento;1;0;0;0;0;0;;;;;0;1;0;0;0
23/05/2016;06:36:00;70;Acidente com vítima;282;BR-101/ES;Norte - TRECHO CONTORNO;Colisão Traseira;2;0;0;0;0;0;;;;;0;1;1;0;0
23/05/2016;17:25:00;269;Acidente com vítima;295;BR-101/ES;Sul - TRECHO CONTORNO;Colisão Traseira;1;0;0;1;0;0;;;;;1;1;0;0;0
24/05/2016;07:35:00;98;Acidente sem Vítima;204,8;BR-101/ES;Norte;Colisão Lateral;2;0;0;0;0;0;;;;;3;0;0;0;0
24/05/2016;15:38:00;240;Acidente sem Vítima;91;BR-101/ES;Norte;Queda de Moto;0;0;0;1;0;0;;;;;1;0;0;0;0
24/05/2016;17:10:00;269;Acidente com vítima;62;BR-101/ES;Norte;Colisão Lateral;1;0;0;1;0;0;;;;;1;1;1;0;0
24/05/2016;18:03:00;285;Acidente sem Vítima;78;BR-101/ES;Norte;Queda de Moto;0;0;0;1;0;0;;;;;1;0;0;0;0
24/05/2016;18:34:00;293;Acidente com vítima;168;BR-101/ES;Norte;Queda de Moto;0;0;0;1;0;0;;;;;0;1;1;0;0
25/05/2016;05:52:00;77;Acidente sem Vítima;329;BR-101/ES;Sul;Saída de Pista;1;0;0;0;0;0;;;;;2;0;0;0;0
25/05/2016;12:55:00;206;Acidente sem Vítima;264;BR-101/ES;Norte;Engavetamento;2;0;1;0;0;0;;;;;6;0;0;0;0
25/05/2016;13:15:00;210;Acidente sem Vítima;360;BR-101/ES;Sul;Saída de Pista;1;0;0;0;0;0;;;;;1;0;0;0;0
25/05/2016;13:28:00;214;Acidente com vítima;331;BR-101/ES;Norte;Colisão Transversal;2;0;0;0;0;0;;;;;0;2;2;0;0
25/05/2016;13:54:00;227;Acidente sem Vítima;264;BR-101/ES;Norte;Colisão Lateral;1;0;3;0;0;0;;;;;4;0;0;0;0
25/05/2016;14:12:00;230;Acidente sem Vítima;150;BR-101/ES;Norte;Colisão Traseira;2;0;0;0;0;0;;;;;5;0;0;0;0
25/05/2016;16:12:00;265;Acidente sem Vítima;448,5;BR-101/ES;Sul;Colisão Lateral;2;0;0;0;0;0;;;;;5;0;0;0;0
25/05/2016;17:38:00;290;Acidente sem Vítima;143;BR-101/ES;Sul;Colisão Traseira;2;0;0;1;0;0;;;;;3;0;0;0;0
25/05/2016;21:17:00;340;Acidente sem Vítima;131;BR-101/ES;Norte;Queda de Moto;0;0;0;1;0;0;;;;;1;0;0;0;0
25/05/2016;22:10:00;353;Acidente sem Vítima;442;BR-101/ES;Sul;Colisão Transversal;1;0;1;0;0;0;;;;;4;0;0;0;0
26/05/2016;05:41:00;69;Acidente sem Vítima;263;BR-101/ES;Sul;Capotamento;1;0;0;0;0;0;;;;;1;0;0;0;0
26/05/2016;10:27:00;126;Acidente sem Vítima;263;BR-101/ES;Norte;Colisão Traseira;2;0;0;0;0;0;;;;;4;0;0;0;0
26/05/2016;10:38:00;136;Acidente com vítima;213;BR-101/ES;Sul;Colisão Transversal;1;0;0;1;0;0;;;;;1;2;0;0;0
26/05/2016;11:15:00;155;Acidente com vítima;298;BR-101/ES;Sul;Engavetamento;4;0;0;0;0;0;;;;;3;1;0;0;0
26/05/2016;11:44:00;173;Acidente sem Vítima;297;BR-101/ES;Sul;Colisão Traseira;1;0;1;0;0;0;;;;;2;0;0;0;0
26/05/2016;12:03:00;183;Acidente sem Vítima;331;BR-101/ES;Norte;Saída de Pista;1;0;0;0;0;0;;;;;4;0;0;0;0
26/05/2016;19:54:00;299;Acidente com vítima;270;BR-101/ES;Norte;Colisão Lateral;1;0;0;1;0;0;;;;;1;0;1;0;0
26/05/2016;20:00:00;302;Acidente com vítima;335,7;BR-101/ES;Norte;Queda de ciclista;0;1;0;0;0;0;;;;;0;1;0;0;0
26/05/2016;21:43:00;316;Acidente com vítima;127;BR-101/ES;Norte;Queda de ciclista;0;1;0;0;0;0;;;;;0;1;0;0;0
26/05/2016;22:05:00;322;Acidente com vítima;35;BR-101/ES;Sul;Colisão Lateral;2;0;0;0;0;0;;;;;2;1;0;0;0
26/05/2016;08:18:00;93;Acidente sem Vítima;295;BR-101/ES;Sul - TRECHO CONTORNO;Colisão Traseira;2;0;0;0;0;0;;;;;2;0;0;0;0
27/05/2016;13:31:00;211;Acidente com vítima;146;BR-101/ES;Sul;Colisão Transversal;1;0;0;1;0;0;;;;;2;0;1;0;0
27/05/2016;17:18:00;276;Acidente sem Vítima;29;BR-101/ES;Norte;Saída de Pista;1;0;0;0;0;0;;;;;3;0;0;0;0
27/05/2016;18:12:00;292;Acidente com vítima;267;BR-101/ES;Sul;Colisão Lateral;1;0;0;1;0;0;;;;;3;0;1;0;0
27/05/2016;18:17:00;294;Acidente com vítima;200;BR-101/ES;Sul;Queda de Moto;0;0;0;2;0;0;;;;;1;0;1;0;0
27/05/2016;18:47:00;301;Acidente sem Vítima;457;BR-101/ES;Sul;Saída de Pista;1;0;0;0;0;0;;;;;1;0;0;0;0
28/05/2016;07:24:00;91;Acidente sem Vítima;302;BR-101/ES;Sul;Colisão Traseira;1;0;1;0;0;0;;;;;4;0;0;0;0
28/05/2016;10:51:00;149;Acidente sem Vítima;299;BR-101/ES;Sul;Engavetamento;5;0;0;0;0;0;;;;;5;0;0;0;0
28/05/2016;11:21:00;160;Acidente sem Vítima;298,2;BR-101/ES;Sul;Colisão Traseira;2;0;0;0;0;0;;;;;2;0;0;0;0
28/05/2016;13:17:00;196;Acidente sem Vítima;233;BR-101/ES;Sul;Colisão Traseira;2;0;0;0;0;0;;;;;4;0;0;0;0
28/05/2016;15:50:00;244;Acidente com vítima;297,5;BR-101/ES;Sul;Colisão Traseira;1;0;2;0;0;0;;;;;0;0;2;0;0
28/05/2016;18:52:00;273;Acidente sem Vítima;339;BR-101/ES;Sul;Choque com Objeto Fixo;1;0;0;0;0;0;;;;;4;0;0;0;0
28/05/2016;19:18:00;278;Acidente sem Vítima;945;BR-101/BA;Sul;Saída de Pista;1;0;0;0;0;0;;;;;2;0;0;0;0
28/05/2016;20:05:00;284;Acidente com vítima;301;BR-101/ES;Norte;Colisão Traseira;1;0;0;1;0;0;;;;;3;1;0;0;0
28/05/2016;23:00:00;322;Acidente com vítima;107;BR-101/ES;Sul;Saída de Pista;1;0;0;0;0;0;;;;;0;2;1;0;0
29/05/2016;00:09:00;1;Acidente sem Vítima;265;BR-101/ES;Sul;Colisão Traseira;1;0;0;1;0;0;;;;;2;0;0;0;0
29/05/2016;01:33:00;26;Acidente com vítima;262;BR-101/ES;Norte;Saída de Pista;1;0;0;0;0;0;;;;;0;1;0;0;0
29/05/2016;03:45:00;48;Acidente com vítima;267,8;BR-101/ES;Norte;Choque com Objeto Fixo;1;0;0;0;0;0;;;;;1;0;1;0;0
29/05/2016;10:53:00;115;Acidente sem Vítima;143;BR-101/ES;Sul;Colisão Traseira;2;0;0;0;0;0;;;;;5;0;0;0;0
29/05/2016;16:15:00;219;Acidente sem Vítima;248;BR-101/ES;Sul;Colisão Traseira;2;0;0;0;0;0;;;;;4;0;0;0;0
29/05/2016;17:47:00;241;Acidente com vítima;136;BR-101/ES;Sul;Colisão Traseira;1;0;0;1;0;0;;;;;4;2;0;0;0
29/05/2016;19:07:00;261;Acidente com vítima;251;BR-101/ES;Norte;Saída de Pista;1;0;0;0;0;0;;;;;0;2;1;0;0
29/05/2016;19:24:00;265;Acidente sem Vítima;143;BR-101/ES;Norte;Colisão Traseira;0;0;0;1;1;0;;;;;12;0;0;0;0
29/05/2016;20:34:00;270;Acidente com vítima;262;BR-101/ES;Norte;Colisão Traseira;1;0;0;1;0;0;;;;;1;0;1;0;0
29/05/2016;13:14:00;171;Acidente sem Vítima;291;BR-101/ES;Norte - TRECHO CONTORNO;Saída de Pista;1;0;0;0;0;0;;;;;1;0;0;0;0
30/05/2016;08:05:00;94;Acidente com vítima;65;BR-101/ES;Norte;Engavetamento;5;0;0;0;0;0;;;;;4;1;0;0;0
30/05/2016;08:23:00;99;Acidente com vítima;268;BR-101/ES;Sul;Queda de Moto;0;0;0;1;0;0;;;;;0;0;1;0;0
30/05/2016;10:05:00;133;Acidente sem Vítima;31;BR-101/ES;Sul;Engavetamento;3;0;0;0;0;0;;;;;7;0;0;0;0
30/05/2016;13:10:00;206;Acidente com vítima;298;BR-101/ES;Sul;Colisão Lateral;1;0;0;1;0;0;;;;;1;0;1;0;0
30/05/2016;17:24:00;278;Acidente com vítima;253;BR-101/ES;Sul;Colisão Lateral;1;0;0;1;0;0;;;;;2;1;0;0;0
30/05/2016;18:25:00;292;Acidente com vítima;67;BR-101/ES;Sul;Colisão Traseira;2;0;0;0;0;0;;;;;1;1;0;0;0
30/05/2016;21:40:00;333;Acidente sem Vítima;175;BR-101/ES;Norte;Colisão Traseira;1;0;2;0;0;0;;;;;2;0;0;0;0
31/05/2016;02:26:00;41;Acidente sem Vítima;299;BR-101/ES;Sul;Colisão Traseira;1;0;1;0;0;0;;;;;2;0;0;0;0
31/05/2016;07:44:00;101;Acidente sem Vítima;270;BR-101/ES;Sul;Engavetamento;3;0;0;0;0;0;;;;;3;0;0;0;0
31/05/2016;07:51:00;103;Atropelamento sem Morte;148;BR-101/ES;Sul;Atropelamento;0;0;0;1;0;0;;;;;1;1;0;0;0
31/05/2016;08:56:00;125;Acidente sem Vítima;251;BR-101/ES;Norte;Colisão Traseira;0;0;3;0;0;0;;;;;2;0;0;0;0
31/05/2016;11:06:00;174;Acidente sem Vítima;377;BR-101/ES;Sul;Colisão Transversal;1;0;2;0;0;0;;;;;3;0;0;0;0
31/05/2016;12:21:00;205;Acidente com vítima;126;BR-101/ES;Norte;Queda de Moto;0;0;0;1;0;0;;;;;0;1;0;0;0
31/05/2016;15:00:00;268;Acidente sem Vítima;370;BR-101/ES;Sul;Colisão Lateral;2;0;0;0;0;0;;;;;2;0;0;0;0
31/05/2016;18:29:00;321;Acidente com vítima;209;BR-101/ES;Norte;Colisão Traseira;0;0;1;1;0;0;;;;;0;0;0;1;0
31/05/2016;18:35:00;324;Acidente sem Vítima;266;BR-101/ES;Sul;Colisão Lateral;1;0;0;1;0;0;;;;;2;0;0;0;0
31/05/2016;18:43:00;327;Acidente com vítima;262;BR-101/ES;Sul;Colisão Traseira;1;0;3;0;0;0;;;;;2;0;1;0;0
31/05/2016;14:22:00;254;Acidente sem Vítima;292;BR-101/ES;Norte - TRECHO CONTORNO;Colisão Traseira;0;0;2;0;0;0;;;;;2;0;0;0;0
01/06/2016;07:26:00;97;Acidente sem Vítima;67;BR-101/ES;Sul;Colisão Traseira;1;0;2;0;0;0;;;;;2;0;0;0;0
01/06/2016;07:50:00;111;Acidente com vítima;266;BR-101/ES;Sul;Colisão Traseira;0;0;0;3;0;0;;;;;0;0;3;0;0
01/06/2016;08:12:00;120;Acidente com Morte;236;BR-101/ES;Sul;Colisão Frontal;1;0;1;0;0;0;;;;;1;0;0;0;1
01/06/2016;09:43:00;146;Acidente sem Vítima;63;BR-101/ES;Norte;Choque;2;0;0;0;0;0;;;;;3;0;0;0;0
01/06/2016;10:27:00;156;Acidente sem Vítima;147;BR-101/ES;Norte;Colisão Traseira;2;0;0;0;0;0;;;;;4;0;0;0;0
01/06/2016;15:20:00;256;Acidente sem Vítima;258;BR-101/ES;Sul;Colisão Lateral;0;0;3;0;0;0;;;;;2;0;0;0;0
01/06/2016;15:37:00;261;Acidente com vítima;61,5;BR-101/ES;Norte;Colisão Transversal;1;0;0;1;0;0;;;;;2;2;0;0;0
01/06/2016;19:23:00;302;Acidente com vítima;301;BR-101/ES;Norte;Choque com Objeto Fixo;0;0;1;0;0;0;;;;;0;0;1;0;0
01/06/2016;20:19:00;316;Atropelamento com Morte;100;BR-101/ES;Sul;Atropelamento e Fuga;0;0;1;0;0;0;;;;;1;1;0;0;1
01/06/2016;08:21:00;123;Acidente com vítima;275;BR-101/ES;Norte;Choque com Objeto Fixo;0;0;2;0;0;0;;;;;0;0;1;0;0
02/06/2016;07:47:00;92;Acidente sem Vítima;352;BR-101/ES;Norte;Saída de Pista;1;0;0;0;0;0;;;;;2;0;0;0;0
02/06/2016;11:43:00;181;Acidente sem Vítima;421;BR-101/ES;Sul;Colisão Lateral;1;0;1;0;0;0;;;;;2;0;0;0;0
02/06/2016;12:52:00;204;Acidente sem Vítima;149;BR-101/ES;Sul;Colisão Lateral;1;0;1;0;0;0;;;;;2;0;0;0;0
02/06/2016;15:25:00;253;Acidente com vítima;453;BR-101/ES;Sul;Saída de Pista;0;0;1;0;0;0;;;;;2;0;1;0;0
02/06/2016;17:03:00;281;Acidente sem Vítima;344;BR-101/ES;Sul;Saída de Pista;1;0;0;0;0;0;;;;;1;0;0;0;0
02/06/2016;17:48:00;291;Acidente sem Vítima;253;BR-101/ES;Sul;Engavetamento;3;0;0;0;0;0;;;;;4;0;0;0;0
02/06/2016;20:19:00;328;Acidente sem Vítima;331;BR-101/ES;Sul;Atropelamento - Animal;1;0;0;0;0;0;;;;;1;0;0;0;0
02/06/2016;22:07:00;350;Acidente sem Vítima;240;BR-101/ES;Norte;Colisão Traseira;2;0;0;0;0;0;;;;;2;0;0;0;0
02/06/2016;09:47:00;143;Acidente sem Vítima;277;BR-101/ES;Norte;Saída de Pista;0;0;1;0;0;0;;;;;1;0;0;0;0
02/06/2016;17:49:00;292;Acidente sem Vítima;291;BR-101/ES;Norte;Colisão Lateral;1;0;0;0;1;0;;;;;3;0;0;0;0
03/06/2016;00:17:00;7;Acidente com vítima;249;BR-101/ES;Norte;Colisão Lateral;0;0;3;1;0;0;;;;;1;0;0;1;0
03/06/2016;03:52:00;47;Acidente sem Vítima;130;BR-101/ES;Norte;Atropelamento - Animal;1;0;0;0;0;0;;;;;3;0;0;0;0
03/06/2016;05:50:00;76;Acidente com vítima;227;BR-101/ES;Norte;Colisão Lateral;2;0;1;0;0;0;;;;;3;0;1;0;0
03/06/2016;07:53:00;115;Acidente sem Vítima;428;BR-101/ES;Norte;Saída de Pista;1;0;0;0;0;0;;;;;1;0;0;0;0
03/06/2016;13:15:00;231;Acidente com vítima;233;BR-101/ES;Norte;Colisão Traseira;1;0;2;0;0;0;;;;;4;1;1;0;0
03/06/2016;16:13:00;285;Acidente sem Vítima;104;BR-101/ES;Norte;Saída de Pista;1;0;0;0;0;0;;;;;1;0;0;0;0
03/06/2016;16:36:00;287;Acidente sem Vítima;241;BR-101/ES;Norte;Colisão Traseira;1;0;1;0;0;0;;;;;4;0;0;0;0
03/06/2016;16:59:00;296;Acidente com vítima;268;BR-101/ES;Sul;Queda de ciclista;0;1;0;0;0;0;;;;;0;0;1;0;0
03/06/2016;17:23:00;301;Acidente com vítima;65;BR-101/ES;Sul;Engavetamento;2;0;0;1;0;0;;;;;3;0;1;0;0
03/06/2016;17:45:00;305;Acidente com vítima;299;BR-101/ES;Norte;Engavetamento;3;0;0;0;0;0;;;;;3;1;0;0;0
03/06/2016;18:30:00;315;Acidente com vítima;374;BR-101/ES;Sul;Colisão Transversal;1;0;3;0;0;0;;;;;2;2;0;1;0
03/06/2016;19:00:00;324;Acidente sem Vítima;457;BR-101/ES;Sul;Saída de Pista;1;0;0;0;0;0;;;;;1;0;0;0;0
03/06/2016;19:31:00;338;Acidente com vítima;268;BR-101/ES;Norte;Colisão Lateral;1;1;0;0;0;0;;;;;1;1;0;0;0
03/06/2016;19:53:00;345;Acidente com vítima;145;BR-101/ES;Sul;Saída de Pista;1;0;0;0;0;0;;;;;0;1;1;0;0
03/06/2016;23:24:00;399;Acidente sem Vítima;42;BR-101/ES;Sul;Capotamento;1;0;0;0;0;0;;;;;1;0;0;0;0
03/06/2016;07:38:00;108;Acidente sem Vítima;295;BR-101/ES;Norte;Colisão Traseira;0;0;3;0;0;0;;;;;2;0;0;0;0
04/06/2016;03:39:00;53;Acidente sem Vítima;421,5;BR-101/ES;Sul;Saída de Pista;1;0;0;0;0;0;;;;;1;0;0;0;0
04/06/2016;04:06:00;56;Acidente com vítima;269;BR-101/ES;Sul;Colisão Transversal;2;0;0;0;0;0;;;;;4;2;0;0;0
04/06/2016;05:15:00;66;Acidente com vítima;270;BR-101/ES;Sul;Queda de Moto;0;0;0;1;0;0;;;;;0;0;1;0;0
04/06/2016;10:39:00;146;Acidente sem Vítima;23;BR-101/ES;Sul;Colisão Traseira;1;0;2;0;0;0;;;;;2;0;0;0;0
04/06/2016;10:45:00;149;Acidente sem Vítima;266;BR-101/ES;Sul;Colisão Transversal;1;0;2;0;0;0;;;;;4;0;0;0;0
04/06/2016;11:40:00;166;Acidente com vítima;270;BR-101/ES;Sul;Colisão Lateral;1;1;0;0;0;0;;;;;1;1;0;0;0
04/06/2016;11:46:00;169;Acidente com vítima;258;BR-101/ES;Norte;Colisão Traseira;1;0;2;0;0;0;;;;;1;0;1;0;0
04/06/2016;11:54:00;173;Acidente sem Vítima;67;BR-101/ES;Sul;Engavetamento;3;0;0;0;0;0;;;;;3;0;0;0;0
04/06/2016;12:14:00;179;Acidente sem Vítima;40;BR-101/ES;Norte;Saída de Pista;1;0;1;0;0;0;;;;;2;0;0;0;0
04/06/2016;12:42:00;189;Acidente sem Vítima;85;BR-101/ES;Norte;Colisão Traseira;1;0;1;0;0;0;;;;;5;0;0;0;0
04/06/2016;12:43:00;191;Acidente com vítima;266;BR-101/ES;Sul;Queda de Moto;1;0;0;1;0;0;;;;;1;0;2;0;0
04/06/2016;13:00:00;197;Acidente sem Vítima;266;BR-101/ES;Norte;Colisão Traseira;2;0;0;0;0;0;;;;;3;0;0;0;0
04/06/2016;14:35:00;220;Acidente sem Vítima;355;BR-101/ES;Sul;Colisão Transversal;1;0;0;1;0;0;;;;;3;0;0;0;0
04/06/2016;17:19:00;268;Acidente com vítima;174;BR-101/ES;Norte;Colisão Lateral;1;0;0;1;0;0;;;;;1;1;0;0;0
04/06/2016;18:11:00;286;Acidente sem Vítima;301;BR-101/ES;Norte;Colisão Transversal;1;0;0;0;0;0;;;;;1;0;0;0;0
04/06/2016;18:50:00;290;Acidente com Morte;12;BR-101/ES;Sul;Colisão Frontal;0;0;1;1;0;0;;;;;2;0;0;0;1
04/06/2016;19:44:00;302;Acidente com vítima;247;BR-101/ES;Norte;Queda de Moto;0;0;1;1;0;0;;;;;1;0;1;1;0
04/06/2016;19:53:00;303;Acidente sem Vítima;167;BR-101/ES;Norte;Colisão Transversal;1;0;1;0;0;0;;;;;1;0;0;0;0
04/06/2016;21:19:00;319;Acidente sem Vítima;298;BR-101/ES;Sul;Colisão Traseira;2;0;0;0;0;0;;;;;2;0;0;0;0
04/06/2016;08:10:00;101;Acidente sem Vítima;296;BR-101/ES;Norte;Colisão Traseira;2;0;0;0;0;0;;;;;3;0;0;0;0
04/06/2016;12:11:00;178;Acidente sem Vítima;291;BR-101/ES;Norte;Engavetamento;2;0;4;0;0;0;;;;;5;0;0;0;0
05/06/2016;02:31:00;36;Acidente com vítima;138;BR-101/ES;Norte;Colisão Lateral;1;0;1;0;0;0;;;;;1;1;1;0;0
05/06/2016;03:23:00;45;Acidente com Morte;221;BR-101/ES;Sul;Colisão Transversal;1;0;0;1;0;0;;;;;0;0;0;0;1
05/06/2016;05:29:00;67;Acidente com vítima;66;BR-101/ES;Norte;Colisão Transversal;1;1;0;0;0;0;;;;;1;0;1;0;0
05/06/2016;13:23:00;186;Acidente com vítima;325;BR-101/ES;Norte;Queda de Moto;1;0;0;1;0;0;;;;;2;2;0;0;0
05/06/2016;16:21:00;238;Acidente com vítima;270;BR-101/ES;Sul;Colisão Lateral;2;0;2;0;0;0;;;;;5;0;1;0;0
05/06/2016;17:58:00;274;Acidente sem Vítima;125;BR-101/ES;Norte;Colisão Lateral;2;0;0;0;0;0;;;;;4;0;0;0;0
05/06/2016;19:02:00;284;Acidente com vítima;79;BR-101/ES;Sul;Choque com Objeto Fixo;2;0;2;1;0;0;;;;;3;1;2;1;0
05/06/2016;19:56:00;297;Acidente com Morte;208;BR-101/ES;Sul;Colisão Frontal;1;0;0;1;0;0;;;;;3;0;0;0;1
05/06/2016;16:04:00;233;Acidente sem Vítima;271;BR-101/ES;Sul;Colisão Traseira;2;0;0;0;0;0;;;;;6;0;0;0;0
06/06/2016;06:08:00;75;Acidente com vítima;129;BR-101/ES;Sul;Colisão Lateral;2;0;0;0;0;0;;;;;2;1;0;0;0
06/06/2016;07:24:00;92;Acidente sem Vítima;262;BR-101/ES;Norte;Veículo em Chamas;1;0;0;0;0;0;;;;;1;0;0;0;0
06/06/2016;07:41:00;96;Acidente com vítima;268;BR-101/ES;Sul;Queda de Moto;0;0;0;1;0;0;;;;;0;1;0;0;0