data;horario;n_da_ocorrencia;tipo_de_ocorrencia;km;trecho;sentido;tipo_de_acidente;automovel;bicicleta;caminhao;moto;onibus;outros;tracao_animal;transporte_de_cargas_especiais;trator_maquinas;utilitarios;ilesos;levemente_feridos;moderadamente_feridos;gravemente_feridos;mortos
06/06/2016;08:47:00;123;Acidente com vítima;391;BR-101/ES;Sul;Atropelamento - Animal;0;0;0;1;0;0;;;;;0;1;0;0;0
06/06/2016;11:37:00;184;Acidente com vítima;238;BR-101/ES;Norte;Engavetamento;2;0;1;0;0;0;;;;;2;0;2;0;0
06/06/2016;13:29:00;219;Acidente sem Vítima;147;BR-101/ES;Sul;Colisão Transversal;2;0;0;0;0;0;;;;;5;0;0;0;0
06/06/2016;16:02:00;267;Acidente sem Vítima;315;BR-101/ES;Norte;Colisão Traseira;2;0;0;0;0;0;;;;;3;0;0;0;0
06/06/2016;16:04:00;269;Acidente com vítima;401;BR-101/ES;Sul;Queda de Moto;0;0;0;1;0;0;;;;;0;1;0;0;0
06/06/2016;16:29:00;271;Acidente com vítima;18;BR-101/ES;Sul;Engavetamento;3;0;0;0;0;0;;;;;3;1;0;0;0
06/06/2016;16:30:00;275;Acidente com vítima;269;BR-101/ES;Norte;Colisão Lateral;0;0;0;2;0;0;;;;;0;0;2;0;0
06/06/2016;17:04:00;282;Acidente sem Vítima;131;BR-101/ES;Sul;Colisão Traseira;1;0;0;0;1;0;;;;;3;0;0;0;0
06/06/2016;17:45:00;289;Acidente sem Vítima;148;BR-101/ES;Sul;Colisão Traseira;2;0;0;0;0;0;;;;;3;0;0;0;0
06/06/2016;18:07:00;295;Acidente com vítima;270;BR-101/ES;Norte;Colisão Lateral;1;0;2;0;0;0;;;;;3;1;0;0;0
06/06/2016;18:12:00;298;Acidente sem Vítima;265;BR-101/ES;Sul;Colisão Traseira;2;0;0;0;0;0;;;;;3;0;0;0;0
06/06/2016;18:55:00;305;Acidente sem Vítima;358;BR-101/ES;Norte;Saída de Pista;1;0;0;0;0;0;;;;;1;0;0;0;0
06/06/2016;20:01:00;318;Acidente sem Vítima;359,8;BR-101/ES;Norte;Choque com Objeto Fixo;1;0;0;0;0;0;;;;;1;0;0;0;0
06/06/2016;20:16:00;322;Acidente sem Vítima;144;BR-101/ES;Norte;Colisão Traseira;2;0;0;0;0;0;;;;;3;0;0;0;0
07/06/2016;06:43:00;74;Acidente com vítima;142;BR-101/ES;Sul;Colisão Lateral;0;0;0;1;1;0;;;;;2;2;0;0;0
07/06/2016;06:55:00;76;Acidente sem Vítima;117;BR-101/ES;Norte;Queda de Moto;0;0;0;1;0;0;;;;;2;0;0;0;0
07/06/2016;07:24:00;87;Acidente sem Vítima;266;BR-101/ES;Sul;Engavetamento;3;0;0;0;0;0;;;;;6;0;0;0;0
07/06/2016;09:15:00;136;Acidente sem Vítima;185;BR-101/ES;Norte;Tombamento;0;0;1;0;0;0;;;;;2;0;0;0;0
07/06/2016;09:43:00;143;Acidente com vítima;301;BR-101/ES;Sul;Engavetamento;1;0;2;0;0;0;;;;;2;2;0;0;0
07/06/2016;16:34:00;291;Acidente com vítima;145;BR-101/ES;Norte;Queda de Moto;0;0;0;1;0;0;;;;;0;1;0;0;0
07/06/2016;18:12:00;318;Acidente com vítima;93;BR-101/ES;Sul;Colisão Traseira;2;0;0;0;0;0;;;;;5;1;0;0;0
07/06/2016;20:16:00;342;Acidente sem Vítima;441;BR-101/ES;Sul;Saída de Pista;1;0;0;0;0;0;;;;;1;0;0;0;0
07/06/2016;20:52:00;352;Acidente sem Vítima;436;BR-101/ES;Norte;Saída de Pista;1;0;0;0;0;0;;;;;1;0;0;0;0
07/06/2016;22:18:00;372;Acidente com Morte;402,5;BR-101/ES;Sul;Colisão Frontal;1;0;0;0;1;0;;;;;6;0;0;0;1
07/06/2016;11:47:00;193;Acidente sem Vítima;293;BR-101/ES;Sul;Choque com Objeto Fixo;1;0;2;0;0;0;;;;;2;0;0;0;0
07/06/2016;19:02:00;329;Acidente com vítima;283;BR-101/ES;Norte;Colisão Traseira;1;0;2;0;0;0;;;;;2;0;1;0;0
07/06/2016;21:53:00;365;Acidente sem Vítima;272,5;BR-101/ES;Norte;Veículo em Chamas;1;0;0;0;0;0;;;;;1;0;0;0;0
08/06/2016;01:43:00;29;Acidente sem Vítima;317;BR-101/ES;Norte;Colisão Frontal;1;0;1;0;0;0;;;;;2;0;0;0;0
08/06/2016;03:10:00;37;Acidente com vítima;423;BR-101/ES;Sul;Saída de Pista;0;0;2;0;0;0;;;;;0;0;1;0;0
08/06/2016;11:17:00;160;Acidente com vítima;254;BR-101/ES;Sul;Saída de Pista;0;0;2;0;0;0;;;;;0;0;1;0;0
08/06/2016;14:40:00;231;Acidente sem Vítima;264;BR-101/ES;Sul;Colisão Lateral;0;0;3;0;0;0;;;;;3;0;0;0;0
08/06/2016;15:48:00;250;Acidente sem Vítima;331;BR-101/ES;Norte;Colisão Traseira;0;0;2;0;0;0;;;;;5;0;0;0;0
08/06/2016;16:15:00;258;Acidente com vítima;264;BR-101/ES;Norte;Colisão Lateral;0;0;2;1;0;0;;;;;1;0;2;0;0
08/06/2016;18:10:00;287;Acidente sem Vítima;262;BR-101/ES;Sul;Engavetamento;3;0;0;0;0;0;;;;;4;0;0;0;0
08/06/2016;20:14:00;313;Acidente sem Vítima;269;BR-101/ES;Norte;Colisão Traseira;2;0;0;0;0;0;;;;;2;0;0;0;0
08/06/2016;21:53:00;333;Acidente sem Vítima;269;BR-101/ES;Norte;Engavetamento;3;0;0;0;0;0;;;;;3;0;0;0;0
08/06/2016;19:33:00;301;Acidente sem Vítima;295;BR-101/ES;Sul;Engavetamento;2;0;0;0;1;0;;;;;3;0;0;0;0
09/06/2016;02:04:00;33;Acidente sem Vítima;401;BR-101/ES;Norte;Saída de Pista;1;0;0;0;0;0;;;;;1;0;0;0;0
09/06/2016;05:38:00;66;Acidente sem Vítima;401;BR-101/ES;Sul;Saída de Pista;1;0;0;0;0;0;;;;;2;0;0;0;0
09/06/2016;08:05:00;99;Acidente com Morte;438;BR-101/ES;Norte;Colisão Transversal;1;0;1;0;0;0;;;;;1;0;0;2;1
09/06/2016;10:00:00;121;Acidente com vítima;269;BR-101/ES;Norte;Colisão Traseira;0;0;1;1;0;0;;;;;2;0;1;0;0
09/06/2016;13:55:00;197;Acidente sem Vítima;270;BR-101/ES;Sul;Colisão Traseira;2;0;0;0;0;0;;;;;2;0;0;0;0
09/06/2016;17:05:00;246;Acidente sem Vítima;15;BR-101/ES;Sul;Colisão Transversal;2;0;0;0;0;0;;;;;3;0;0;0;0
09/06/2016;17:19:00;251;Atropelamento sem Morte;269;BR-101/ES;Norte;Atropelamento;0;0;0;1;0;0;;;;;0;1;1;0;0
09/06/2016;03:25:00;47;Acidente com vítima;294;BR-101/ES;Sul;Saída de Pista;0;0;1;0;0;0;;;;;1;0;1;0;0
09/06/2016;17:46:00;259;Acidente sem Vítima;294;BR-101/ES;Norte;Colisão Lateral;3;0;2;0;0;0;;;;;6;0;0;0;0
10/06/2016;16:56:00;277;Acidente sem Vítima;47;BR-101/ES;Norte;Saída de Pista;1;0;0;0;0;0;;;;;1;0;0;0;0
10/06/2016;17:44:00;287;Acidente sem Vítima;244;BR-101/ES;Norte;Colisão Traseira;2;0;0;0;0;0;;;;;5;0;0;0;0
10/06/2016;19:38:00;310;Acidente sem Vítima;115;BR-101/ES;Norte;Queda de Moto;0;0;0;1;0;0;;;;;1;0;0;0;0
10/06/2016;19:57:00;316;Acidente sem Vítima;377;BR-101/ES;Sul;Colisão Lateral;1;0;0;0;1;0;;;;;2;0;0;0;0
10/06/2016;20:27:00;322;Acidente com vítima;264;BR-101/ES;Norte;Colisão Traseira;2;0;0;0;0;0;;;;;1;0;1;0;0
10/06/2016;21:50:00;336;Acidente sem Vítima;297;BR-101/ES;Sul;Colisão Lateral;2;0;0;0;0;0;;;;;4;0;0;0;0
10/06/2016;19:07:00;304;Acidente sem Vítima;277;BR-101/ES;Norte;Saída de Pista;1;0;0;0;0;0;;;;;1;0;0;0;0
11/06/2016;02:03:00;39;Acidente sem Vítima;31;BR-101/ES;Norte;Saída de Pista;1;0;0;0;0;0;;;;;2;0;0;0;0
11/06/2016;03:02:00;49;Acidente com vítima;269;BR-101/ES;Norte;Queda de Moto;0;0;0;1;0;0;;;;;0;0;1;0;0
11/06/2016;07:04:00;79;Acidente sem Vítima;391;BR-101/ES;Norte;Choque com Objeto Fixo;1;0;1;0;0;0;;;;;2;0;0;0;0
11/06/2016;08:34:00;105;Acidente com vítima;98;BR-101/ES;Sul;Queda de Moto;0;0;0;1;0;0;;;;;0;0;2;0;0
11/06/2016;12:04:00;191;Acidente sem Vítima;269;BR-101/ES;Sul;Saída de Pista;1;0;0;0;0;0;;;;;3;0;0;0;0
11/06/2016;13:03:00;214;Acidente com vítima;269;BR-101/ES;Sul;Queda de Moto;0;0;0;2;0;0;;;;;1;0;1;0;0
11/06/2016;13:31:00;221;Acidente com vítima;269;BR-101/ES;Sul;Engavetamento;3;0;0;0;0;0;;;;;6;1;0;0;0
11/06/2016;15:39:00;247;Acidente com vítima;335;BR-101/ES;Sul;Queda de Moto;0;0;0;1;0;0;;;;;0;2;0;0;0
11/06/2016;14:00:00;229;Acidente com vítima;283;BR-101/ES;Norte;Queda de Moto;0;0;0;1;0;0;;;;;0;0;2;0;0
11/06/2016;14:58:00;243;Acidente com vítima;291;BR-101/ES;Sul;Colisão Traseira;1;0;0;1;0;0;;;;;1;0;2;0;0
12/06/2016;04:26:00;53;Acidente com vítima;64,5;BR-101/ES;Sul;Colisão Traseira;1;0;0;1;0;0;;;;;2;0;0;1;0
12/06/2016;12:33:00;178;Acidente sem Vítima;394;BR-101/ES;Norte;Tombamento;2;0;0;0;0;0;;;;;6;0;0;0;0
12/06/2016;16:30:00;236;Acidente sem Vítima;254,5;BR-101/ES;Sul;Colisão Traseira;2;0;0;0;0;0;;;;;6;0;0;0;0
12/06/2016;17:04:00;248;Acidente sem Vítima;254,7;BR-101/ES;Sul;Colisão Traseira;1;0;1;1;0;0;;;;;2;0;0;0;0
12/06/2016;17:28:00;260;Acidente sem Vítima;255,3;BR-101/ES;Sul;Colisão Lateral;1;1;0;0;0;0;;;;;2;0;0;0;0
12/06/2016;17:49:00;268;Acidente sem Vítima;265,5;BR-101/ES;Norte;Colisão Traseira;2;0;0;0;0;0;;;;;6;0;0;0;0
12/06/2016;18:22:00;273;Acidente sem Vítima;304;BR-101/ES;Sul;Choque com Objeto Fixo;1;0;0;0;0;0;;;;;1;0;0;0;0
12/06/2016;21:04:00;312;Acidente com vítima;126;BR-101/ES;Norte;Colisão Traseira;1;0;0;1;0;0;;;;;0;1;0;1;0
12/06/2016;23:25:00;352;Acidente com vítima;219;BR-101/ES;Sul;Queda de Moto;0;0;0;1;0;0;;;;;0;0;2;0;0
12/06/2016;20:06:00;298;Acidente com vítima;294;BR-101/ES;Norte;Queda de Moto;0;0;0;1;0;0;;;;;0;0;2;0;0
13/06/2016;06:51:00;84;Acidente sem Vítima;244;BR-101/ES;Sul;Colisão Traseira;1;0;2;0;0;0;;;;;3;0;0;0;0
13/06/2016;12:26:00;221;Acidente sem Vítima;309,6;BR-101/ES;Norte;Colisão Transversal;2;0;0;0;0;0;;;;;2;0;0;0;0
13/06/2016;13:44:00;248;Acidente com vítima;141;BR-101/ES;Norte;Queda de Moto;0;0;0;1;0;0;;;;;0;1;0;0;0
13/06/2016;14:23:00;255;Acidente sem Vítima;362;BR-101/ES;Sul;Colisão Traseira;0;0;6;0;0;0;;;;;3;0;0;0;0
13/06/2016;18:39:00;315;Acidente com vítima;146;BR-101/ES;Norte;Colisão Traseira;3;0;0;0;0;0;;;;;4;1;0;0;0
13/06/2016;20:05:00;330;Acidente sem Vítima;84;BR-101/ES;Norte;Colisão Traseira;0;0;2;0;0;0;;;;;2;0;0;0;0
13/06/2016;20:09:00;331;Acidente com vítima;352;BR-101/ES;Norte;Choque com Objeto Fixo;0;0;2;0;0;0;;;;;0;1;0;0;0
13/06/2016;20:34:00;337;Acidente com vítima;267;BR-101/ES;Norte;Colisão Transversal;1;0;0;1;0;0;;;;;1;1;1;0;0
13/06/2016;23:19:00;371;Acidente com vítima;332;BR-101/ES;Sul;Saída de Pista;1;0;0;0;0;0;;;;;0;1;0;0;0
13/06/2016;04:11:00;63;Acidente com vítima;290;BR-101/ES;Norte;Queda de Moto;0;0;0;1;0;0;;;;;0;0;1;0;0
13/06/2016;09:17:00;134;Acidente sem Vítima;285;BR-101/ES;Norte;Colisão Lateral;1;0;0;1;0;0;;;;;3;0;0;0;0
13/06/2016;11:58:00;211;Acidente com vítima;293;BR-101/ES;Norte;Colisão Lateral;0;0;2;1;0;0;;;;;1;1;0;0;0
14/06/2016;08:56:00;118;Acidente sem Vítima;267;BR-101/ES;Sul;Queda de Moto;0;0;0;1;0;0;;;;;2;0;0;0;0
14/06/2016;09:33:00;128;Acidente sem Vítima;232;BR-101/ES;Norte;Colisão Traseira;2;0;0;0;0;0;;;;;4;0;0;0;0
14/06/2016;10:23:00;143;Acidente com vítima;162;BR-101/ES;Norte;Colisão Transversal;1;0;0;1;0;0;;;;;1;1;0;0;0
14/06/2016;11:41:00;175;Acidente com vítima;376;BR-101/ES;Norte;Colisão Lateral;1;0;0;1;0;0;;;;;1;1;0;0;0
14/06/2016;16:32:00;251;Acidente sem Vítima;232;BR-101/ES;Sul;Colisão Traseira;0;0;4;0;0;0;;;;;2;0;0;0;0
14/06/2016;17:53:00;273;Acidente sem Vítima;147;BR-101/ES;Sul;Colisão Transversal;2;0;0;0;0;0;;;;;2;0;0;0;0
14/06/2016;20:08:00;291;Acidente sem Vítima;316;BR-101/ES;Norte;Saída de Pista;1;0;0;0;0;0;;;;;1;0;0;0;0
14/06/2016;23:14:00;325;Acidente com vítima;156;BR-101/ES;Norte;Colisão Frontal;2;0;1;0;0;0;;;;;0;0;2;1;0
14/06/2016;12:23:00;189;Acidente sem Vítima;292;BR-101/ES;Sul;Colisão Traseira;1;0;1;0;0;0;;;;;3;0;0;0;0
14/06/2016;16:04:00;245;Acidente com vítima;293;BR-101/ES;Sul;Colisão Traseira;1;0;2;0;0;0;;;;;3;1;0;0;0
15/06/2016;07:16:00;84;Acidente sem Vítima;305;BR-101/ES;Sul;Colisão Transversal;1;0;1;0;0;0;;;;;2;0;0;0;0
15/06/2016;07:36:00;92;Acidente com vítima;269,5;BR-101/ES;Norte;Colisão Lateral;1;0;0;1;0;0;;;;;1;0;1;0;0
15/06/2016;08:32:00;114;Acidente sem Vítima;255;BR-101/ES;Sul;Colisão Traseira;2;0;0;0;0;0;;;;;6;0;0;0;0
15/06/2016;13:24:00;223;Acidente sem Vítima;268;BR-101/ES;Sul;Colisão Lateral;0;0;0;2;0;0;;;;;3;0;0;0;0
15/06/2016;16:55:00;283;Acidente com vítima;303;BR-101/ES;Sul;Queda de Moto;0;0;0;1;0;0;;;;;1;1;0;0;0
15/06/2016;10:19:00;141;Acidente sem Vítima;272;BR-101/ES;Sul;Saída de Pista;1;0;0;0;0;0;;;;;3;0;0;0;0
15/06/2016;11:08:00;166;Acidente sem Vítima;275;BR-101/ES;Sul;Veículo em Chamas;1;0;0;0;0;0;;;;;1;0;0;0;0
15/06/2016;19:11:00;315;Acidente sem Vítima;284;BR-101/ES;Sul;Queda de Moto;1;0;0;0;0;0;;;;;2;0;0;0;0
16/06/2016;12:03:00;194;Acidente com vítima;402;BR-101/ES;Sul;Capotamento;1;0;0;0;0;0;;;;;1;0;1;0;0
16/06/2016;12:09:00;196;Acidente sem Vítima;320;BR-101/ES;Norte;Choque com Objeto Fixo;0;0;2;0;0;0;;;;;1;0;0;0;0
16/06/2016;17:16:00;275;Acidente com vítima;265;BR-101/ES;Norte;Queda de Moto;0;0;0;1;0;0;;;;;0;0;2;0;0
16/06/2016;17:50:00;285;Acidente com vítima;125,5;BR-101/ES;Norte;Colisão Traseira;1;0;0;1;0;0;;;;;2;1;0;0;0
16/06/2016;17:59:00;286;Acidente com vítima;266;BR-101/ES;Sul;Colisão Traseira;2;0;0;0;0;0;;;;;4;1;0;0;0
16/06/2016;18:47:00;291;Acidente com vítima;14;BR-101/ES;Sul;Queda de Moto;0;0;0;1;0;0;;;;;0;0;2;0;0
16/06/2016;18:50:00;292;Acidente sem Vítima;258;BR-101/ES;Norte;Colisão Lateral;0;1;0;1;0;0;;;;;2;0;0;0;0
16/06/2016;19:03:00;295;Acidente com vítima;127;BR-101/ES;Norte;Queda de Moto;0;0;0;1;0;0;;;;;0;1;0;0;0
17/06/2016;04:09:00;55;Acidente sem Vítima;57;BR-101/ES;Norte;Veículo em Chamas;0;0;2;0;0;0;;;;;1;0;0;0;0
17/06/2016;06:05:00;71;Acidente sem Vítima;942;BR-101/BA;Norte;Colisão Lateral;2;0;0;0;0;0;;;;;7;0;0;0;0
17/06/2016;07:48:00;112;Acidente sem Vítima;233;BR-101/ES;Sul;Colisão Traseira;2;0;0;0;0;0;;;;;6;0;0;0;0
17/06/2016;08:28:00;117;Acidente sem Vítima;176;BR-101/ES;Sul;Queda de Moto;0;0;0;1;0;0;;;;;1;0;0;0;0
17/06/2016;08:42:00;120;Acidente sem Vítima;301;BR-101/ES;Norte;Colisão Lateral;1;0;2;0;0;0;;;;;2;0;0;0;0
17/06/2016;09:21:00;135;Acidente sem Vítima;270;BR-101/ES;Sul;Colisão Traseira;2;0;0;0;0;0;;;;;2;0;0;0;0
17/06/2016;10:28:00;157;Acidente com vítima;266;BR-101/ES;Norte;Colisão Lateral;1;0;1;0;0;1;;;;;2;0;1;0;0
17/06/2016;11:13:00;180;Acidente com vítima;266;BR-101/ES;Norte;Engavetamento;3;0;0;0;0;0;;;;;5;0;1;0;0
17/06/2016;13:34:00;235;Acidente sem Vítima;264;BR-101/ES;Norte;Colisão Traseira;0;0;2;0;0;0;;;;;3;0;0;0;0
17/06/2016;13:45:00;240;Acidente sem Vítima;239;BR-101/ES;Sul;Queda de Moto;0;0;0;1;0;0;;;;;2;0;0;0;0
17/06/2016;16:48:00;297;Acidente sem Vítima;255;BR-101/ES;Sul;Colisão Traseira;2;0;0;0;0;0;;;;;4;0;0;0;0
17/06/2016;16:52:00;299;Acidente sem Vítima;254;BR-101/ES;Sul;Colisão Traseira;1;0;1;0;0;0;;;;;1;0;0;0;0
17/06/2016;17:44:00;318;Acidente sem Vítima;212,5;BR-101/ES;Norte;Saída de Pista;1;0;0;0;0;0;;;;;1;0;0;0;0
17/06/2016;18:21:00;326;Acidente com vítima;192;BR-101/ES;Norte;Colisão Lateral;3;0;0;0;0;0;;;;;4;3;0;0;0
17/06/2016;06:50:00;81;Acidente sem Vítima;287;BR-101/ES;Norte;Colisão Traseira;2;0;0;0;0;0;;;;;2;0;0;0;0
17/06/2016;07:41:00;110;Acidente sem Vítima;287,5;BR-101/ES;Norte;Colisão Traseira;2;0;0;0;0;0;;;;;2;0;0;0;0
18/06/2016;00:02:00;1;Acidente sem Vítima;25;BR-101/ES;Sul;Colisão Lateral;1;0;2;0;0;0;;;;;3;0;0;0;0
18/06/2016;09:19:00;126;Acidente sem Vítima;262;BR-101/ES;Norte;Colisão Traseira;2;0;0;0;0;0;;;;;2;0;0;0;0
18/06/2016;09:51:00;142;Acidente com vítima;215;BR-101/ES;Norte;Colisão Lateral;1;0;2;0;0;0;;;;;1;1;1;0;0
18/06/2016;10:13:00;149;Acidente sem Vítima;424;BR-101/ES;Norte;Tombamento;1;0;4;0;0;0;;;;;4;0;0;0;0
18/06/2016;12:59:00;205;Acidente sem Vítima;266;BR-101/ES;Sul;Engavetamento;3;0;0;0;0;0;;;;;7;0;0;0;0
18/06/2016;13:26:00;215;Acidente sem Vítima;233;BR-101/ES;Sul;Saída de Pista;1;0;0;0;0;0;;;;;2;0;0;0;0
18/06/2016;14:03:00;230;Acidente com vítima;61;BR-101/ES;Norte;Queda de Moto;0;0;0;1;0;0;;;;;0;0;2;0;0
18/06/2016;19:19:00;314;Acidente sem Vítima;180;BR-101/ES;Sul;Saída de Pista;1;0;0;0;0;0;;;;;1;0;0;0;0
18/06/2016;19:59:00;322;Acidente com vítima;191;BR-101/ES;Sul;Saída de Pista;1;0;0;0;0;0;;;;;0;1;0;1;0
18/06/2016;20:48:00;334;Acidente com vítima;298;BR-101/ES;Norte;Colisão Lateral;1;0;0;1;0;0;;;;;2;1;1;0;0
18/06/2016;21:29:00;338;Acidente com vítima;110;BR-101/ES;Sul;Colisão Traseira;1;0;4;0;0;0;;;;;1;1;0;0;0
18/06/2016;23:34:00;367;Acidente sem Vítima;171;BR-101/ES;Sul;Queda de Moto;0;0;0;1;0;0;;;;;1;0;0;0;0
18/06/2016;23:43:00;373;Acidente com vítima;125;BR-101/ES;Sul;Colisão Frontal;1;0;1;0;0;0;;;;;1;1;0;0;0
19/06/2016;16:43:00;249;Acidente com vítima;248;BR-101/ES;Norte;Colisão Traseira;1;0;0;1;0;0;;;;;1;1;0;0;0
19/06/2016;19:16:00;284;Acidente com vítima;33;BR-101/ES;Norte;Capotamento;1;0;0;0;0;0;;;;;0;0;2;0;0
19/06/2016;19:38:00;288;Acidente com vítima;150;BR-101/ES;Norte;Colisão Frontal;2;0;0;0;0;0;;;;;3;2;0;0;0
19/06/2016;21:07:00;301;Acidente sem Vítima;320;BR-101/ES;Norte;Colisão Lateral;1;0;1;0;0;0;;;;;3;0;0;0;0
19/06/2016;03:25:00;52;Acidente sem Vítima;273;BR-101/ES;Norte;Saída de Pista;1;0;0;0;0;0;;;;;2;0;0;0;0
20/06/2016;07:31:00;93;Acidente com vítima;67;BR-101/ES;Sul;Colisão Traseira;1;0;0;0;1;0;;;;;2;1;0;0;0
20/06/2016;12:34:00;205;Acidente sem Vítima;320;BR-101/ES;Sul;Colisão Lateral;2;0;0;0;0;0;;;;;4;0;0;0;0
20/06/2016;17:45:00;299;Acidente com vítima;269;BR-101/ES;Norte;Colisão Lateral;1;0;0;1;0;0;;;;;1;0;1;0;0
20/06/2016;18:10:00;302;Acidente com vítima;268;BR-101/ES;Norte;Colisão Traseira;0;0;1;1;0;0;;;;;3;0;1;0;0
20/06/2016;18:19:00;304;Acidente sem Vítima;240;BR-101/ES;Sul;Colisão Traseira;2;0;0;0;0;0;;;;;4;0;0;0;0
20/06/2016;18:33:00;306;Acidente com vítima;82;BR-101/ES;Sul;Colisão Transversal;1;0;3;0;0;0;;;;;2;1;0;0;0
20/06/2016;18:38:00;307;Acidente com vítima;242;BR-101/ES;Norte;Colisão Traseira;0;1;1;0;0;0;;;;;1;0;0;1;0
20/06/2016;19:08:00;314;Acidente sem Vítima;264;BR-101/ES;Norte;Colisão Traseira;2;0;0;0;0;0;;;;;2;0;0;0;0
20/06/2016;19:44:00;320;Acidente sem Vítima;242;BR-101/ES;Norte;Colisão Lateral;1;0;2;0;0;0;;;;;5;0;0;0;0
20/06/2016;19:49:00;322;Acidente com Morte;442,2;BR-101/ES;Norte;Colisão Traseira;0;0;2;1;0;0;;;;;1;0;0;0;1
20/06/2016;20:44:00;337;Acidente sem Vítima;265;BR-101/ES;Sul;Colisão Traseira;1;0;1;0;0;0;;;;;2;0;0;0;0
20/06/2016;21:47:00;349;Acidente sem Vítima;298;BR-101/ES;Sul;Colisão Lateral;2;0;0;0;0;0;;;;;3;0;0;0;0
21/06/2016;00:49:00;16;Acidente com vítima;29;BR-101/ES;Sul;Tombamento;0;0;2;0;0;0;;;;;0;1;0;0;0
21/06/2016;05:40:00;59;Acidente sem Vítima;138;BR-101/ES;Norte;Colisão Traseira;1;0;1;0;0;0;;;;;3;0;0;0;0
21/06/2016;05:50:00;62;Acidente sem Vítima;435;BR-101/ES;Sul;Saída de Pista;1;0;0;0;0;0;;;;;1;0;0;0;0
21/06/2016;08:58:00;132;Acidente sem Vítima;63;BR-101/ES;Norte;Colisão Traseira;2;0;0;0;0;0;;;;;3;0;0;0;0
21/06/2016;10:31:00;165;Acidente com vítima;29;BR-101/ES;Norte;Queda de Moto;0;0;0;1;0;0;;;;;0;1;0;0;0
21/06/2016;19:29:00;304;Acidente com vítima;266;BR-101/ES;Norte;Colisão;0;1;0;1;0;0;;;;;0;0;2;0;0
21/06/2016;21:20:00;319;Acidente com Morte;292;BR-101/ES;Norte;Colisão Transversal;2;0;0;0;0;0;;;;;4;0;1;1;1
22/06/2016;06:08:00;67;Acidente com vítima;147;BR-101/ES;Sul;Queda de Moto;0;0;0;1;0;0;;;;;1;1;0;0;0
22/06/2016;08:37:00;105;Acidente sem Vítima;137;BR-101/ES;Sul;Colisão Traseira;2;0;0;0;0;0;;;;;3;0;0;0;0
22/06/2016;10:14:00;129;Acidente sem Vítima;262;BR-101/ES;Sul;Queda de Moto;0;0;0;1;0;0;;;;;1;0;0;0;0
22/06/2016;12:36:00;180;Acidente com vítima;189;BR-101/ES;Norte;Colisão Transversal;2;0;0;0;0;0;;;;;4;1;0;0;0
22/06/2016;13:43:00;212;Acidente com Morte;338;BR-101/ES;Sul;Saída de Pista;1;0;0;0;0;0;;;;;0;0;0;0;1
22/06/2016;17:43:00;267;Acidente com vítima;270;BR-101/ES;Sul;Colisão Traseira;1;0;0;1;0;0;;;;;1;0;1;0;0
22/06/2016;18:14:00;277;Acidente sem Vítima;948;BR-101/BA;Norte;Colisão Traseira;2;0;0;0;0;0;;;;;2;0;0;0;0
22/06/2016;18:58:00;283;Atropelamento sem Morte;200,8;BR-101/ES;Norte;Atropelamento;1;0;0;0;0;0;;;;;1;0;1;0;0
22/06/2016;19:20:00;288;Acidente com vítima;127;BR-101/ES;Norte;Queda de ciclista;0;1;0;0;0;0;;;;;0;1;0;0;0
22/06/2016;19:53:00;296;Acidente com vítima;148;BR-101/ES;Norte;Colisão Traseira;1;0;0;1;0;0;;;;;1;1;0;0;0
22/06/2016;21:35:00;310;Acidente com vítima;264;BR-101/ES;Sul;Queda de Moto;0;0;0;1;0;0;;;;;0;0;1;0;0
22/06/2016;08:07:00;93;Acidente sem Vítima;284;BR-101/ES;Norte;Saída de Pista;1;0;0;0;0;0;;;;;1;0;0;0;0
22/06/2016;10:39:00;135;Acidente sem Vítima;279,3;BR-101/ES;Sul;Saída de Pista;0;0;2;0;0;0;;;;;1;0;0;0;0
22/06/2016;13:03:00;198;Acidente sem Vítima;276;BR-101/ES;Sul;Saída de Pista;1;0;0;0;0;0;;;;;1;0;0;0;0
22/06/2016;14:00:00;216;Acidente sem Vítima;272;BR-101/ES;Sul;Choque com Objeto Fixo;1;0;0;0;0;0;;;;;1;0;0;0;0
22/06/2016;14:23:00;220;Acidente sem Vítima;289;BR-101/ES;Sul;Colisão Traseira;1;0;1;0;0;0;;;;;3;0;0;0;0
22/06/2016;15:40:00;238;Acidente sem Vítima;272;BR-101/ES;Sul;Saída de Pista;1;0;0;0;0;0;;;;;1;0;0;0;0
23/06/2016;06:59:00;75;Acidente com vítima;401,5;BR-101/ES;Sul;Queda de Moto;0;0;0;1;0;0;;;;;0;0;1;0;0
23/06/2016;11:40:00;189;Acidente sem Vítima;264;BR-101/ES;Norte;Colisão Transversal;2;0;1;0;0;0;;;;;4;0;0;0;0
23/06/2016;17:43:00;307;Acidente sem Vítima;269;BR-101/ES;Sul;Colisão Lateral;1;0;0;1;0;0;;;;;2;0;0;0;0
23/06/2016;19:23:00;327;Acidente com vítima;7;BR-101/ES;Sul;Tombamento;0;0;1;0;0;0;;;;;0;1;0;0;0
23/06/2016;20:02:00;335;Acidente sem Vítima;98;BR-101/ES;Sul;Colisão Traseira;1;0;0;0;0;1;;;;;3;0;0;0;0
23/06/2016;05:58:00;66;Acidente com vítima;283;BR-101/ES;Norte;Queda de Moto;0;0;0;1;0;0;;;;;1;1;0;0;0