data;horario;n_da_ocorrencia;tipo_de_ocorrencia;km;trecho;sentido;tipo_de_acidente;automovel;bicicleta;caminhao;moto;onibus;outros;tracao_animal;transporte_de_cargas_especiais;trator_maquinas;utilitarios;ilesos;levemente_feridos;moderadamente_feridos;gravemente_feridos;mortos
10/07/2016;01:16:00;27;Acidente com vítima;436;BR-101/ES;Norte;Queda de Moto;0;0;0;1;0;0;;;;;0;0;1;0;0
10/07/2016;01:23:00;28;Acidente com vítima;298;BR-101/ES;Norte;Queda de Moto;0;0;0;1;0;0;;;;;0;1;0;0;0
10/07/2016;03:05:00;53;Acidente com vítima;265;BR-101/ES;Norte;Queda de Moto;0;0;0;1;0;0;;;;;0;0;0;1;0
10/07/2016;04:44:00;63;Acidente sem Vítima;15;BR-101/ES;Sul;Colisão Traseira;1;0;3;0;0;0;;;;;2;0;0;0;0
10/07/2016;05:13:00;66;Acidente sem Vítima;396;BR-101/ES;Sul;Saída de Pista;1;0;0;0;0;0;;;;;1;0;0;0;0
10/07/2016;07:35:00;88;Acidente com Morte;310,9;BR-101/ES;Norte;Saída de Pista;1;0;0;0;0;0;;;;;0;0;0;2;3
10/07/2016;11:33:00;140;Acidente sem Vítima;311;BR-101/ES;Norte;Colisão Traseira;3;0;0;0;0;0;;;;;6;0;0;0;0
10/07/2016;13:36:00;185;Acidente com vítima;179;BR-101/ES;Sul;Colisão Lateral;1;0;0;1;0;0;;;;;2;0;1;0;0
10/07/2016;18:57:00;274;Acidente com vítima;65;BR-101/ES;Norte;Colisão Transversal;0;1;0;1;0;0;;;;;0;0;2;1;0
10/07/2016;19:10:00;277;Atropelamento com Morte;175;BR-101/ES;Sul;Atropelamento;1;0;0;0;0;0;;;;;4;0;1;0;1
10/07/2016;19:13:00;278;Acidente sem Vítima;270,5;BR-101/ES;Sul;Colisão Traseira;2;0;0;0;0;0;;;;;7;0;0;0;0
10/07/2016;15:34:00;221;Acidente sem Vítima - TRECHO CONTORNO;291;BR-101/ES;Sul;Choque com Objeto Fixo;1;0;0;0;0;0;;;;;1;0;0;0;0
11/07/2016;06:54:00;78;Acidente sem Vítima;169;BR-101/ES;Sul;Colisão Lateral;4;0;2;1;0;0;;;;;16;0;0;0;0
11/07/2016;07:12:00;87;Acidente sem Vítima;399;BR-101/ES;Sul;Colisão Traseira;1;0;2;0;0;0;;;;;3;0;0;0;0
11/07/2016;11:24:00;174;Acidente sem Vítima;266;BR-101/ES;Sul;Engavetamento;4;0;0;0;0;0;;;;;6;0;0;0;0
11/07/2016;11:56:00;198;Acidente sem Vítima;266;BR-101/ES;Norte;Colisão Transversal;2;0;0;0;0;0;;;;;3;0;0;0;0
11/07/2016;12:05:00;203;Acidente sem Vítima;268;BR-101/ES;Norte;Colisão Lateral;1;0;2;0;0;0;;;;;3;0;0;0;0
11/07/2016;12:44:00;224;Acidente com vítima;263;BR-101/ES;Sul;Colisão Lateral;1;0;0;2;0;0;;;;;2;0;3;0;0
11/07/2016;13:29:00;239;Acidente sem Vítima;403;BR-101/ES;Norte;Colisão Traseira;2;0;0;0;0;0;;;;;5;0;0;0;0
11/07/2016;23:26:00;408;Acidente com vítima;141;BR-101/ES;Sul;Colisão Traseira;1;0;3;0;0;0;;;;;1;0;1;0;0
11/07/2016;23:39:00;419;Acidente com vítima;393;BR-101/ES;Norte;Tombamento;0;0;1;0;0;0;;;;;0;0;0;1;0
11/07/2016;08:32:00;118;Acidente com Vítima - TRECHO CONTORNO;285;BR-101/ES;Sul;Colisão Traseira;0;0;1;1;0;0;;;;;1;1;0;0;0
11/07/2016;17:08:00;315;Acidente sem Vítima - TRECHO CONTORNO;287,5;BR-101/ES;Norte;Colisão Traseira;3;0;0;0;0;0;;;;;3;0;0;0;0
11/07/2016;19:31:00;355;Acidente sem Vítima - TRECHO CONTORNO;295;BR-101/ES;Sul;Colisão Traseira;2;0;0;0;0;0;;;;;2;0;0;0;0
12/07/2016;07:59:00;97;Acidente com vítima;269;BR-101/ES;Norte;Colisão Lateral;1;0;0;1;0;0;;;;;1;0;1;0;0
12/07/2016;08:18:00;106;Acidente sem Vítima;125;BR-101/ES;Norte;Colisão Traseira;1;0;0;1;0;0;;;;;5;0;0;0;0
12/07/2016;10:34:00;153;Atropelamento sem Morte;267;BR-101/ES;Sul;Atropelamento;0;0;0;1;0;0;;;;;0;0;0;2;0
12/07/2016;11:39:00;183;Acidente com vítima;253;BR-101/ES;Sul;Colisão Traseira;3;0;0;0;0;0;;;;;4;1;0;0;0
12/07/2016;12:17:00;193;Acidente sem Vítima;144;BR-101/ES;Norte;Saída de Pista;1;0;0;0;0;0;;;;;1;0;0;0;0
12/07/2016;13:30:00;223;Acidente com vítima;222;BR-101/ES;Sul;Saída de Pista;0;0;0;1;0;0;;;;;0;2;0;0;0
12/07/2016;14:44:00;255;Acidente sem Vítima;62;BR-101/ES;Norte;Colisão Lateral;1;0;0;1;0;0;;;;;2;0;0;0;0
12/07/2016;15:20:00;267;Acidente com vítima;325;BR-101/ES;Sul;Queda de Moto;1;0;0;0;0;0;;;;;0;2;0;0;0
12/07/2016;15:45:00;277;Acidente com vítima;147,9;BR-101/ES;Sul;Colisão Transversal;0;0;0;1;1;0;;;;;1;1;0;0;0
12/07/2016;16:10:00;282;Acidente sem Vítima;250;BR-101/ES;Norte;Colisão Traseira;2;0;1;0;0;0;;;;;2;0;0;0;0
12/07/2016;17:44:00;312;Acidente sem Vítima;210;BR-101/ES;Norte;Colisão Lateral;2;0;0;0;0;0;;;;;3;0;0;0;0
12/07/2016;18:48:00;323;Acidente com vítima;268;BR-101/ES;Norte;Colisão;0;1;0;1;0;0;;;;;0;0;2;0;0
12/07/2016;22:29:00;362;Acidente sem Vítima;167;BR-101/ES;Sul;Veículo em Chamas;1;0;0;0;0;0;;;;;1;0;0;0;0
12/07/2016;11:34:00;179;Acidente com Vítima - TRECHO CONTORNO;296;BR-101/ES;Norte;Queda de Moto;0;0;0;1;0;0;;;;;0;0;2;0;0
13/07/2016;18:00:00;321;Acidente com vítima;377;BR-101/ES;Sul;Colisão Lateral;1;0;0;1;0;0;;;;;1;1;0;0;0
13/07/2016;18:26:00;327;Acidente com vítima;147;BR-101/ES;Norte;Colisão Traseira;1;0;0;1;0;0;;;;;2;1;0;0;0
13/07/2016;18:46:00;332;Acidente com vítima;1,5;BR-101/ES;Sul;Saída de Pista;1;0;0;0;0;0;;;;;0;1;0;0;0
13/07/2016;19:16:00;338;Acidente sem Vítima;270;BR-101/ES;Sul;Engavetamento;3;0;0;0;0;0;;;;;3;0;0;0;0
14/07/2016;04:32:00;61;Acidente com vítima;264;BR-101/ES;Sul;Colisão Lateral;0;0;0;2;0;0;;;;;2;1;0;0;0
14/07/2016;06:07:00;71;Acidente sem Vítima;210;BR-101/ES;Norte;Saída de Pista;1;0;0;0;0;0;;;;;1;0;0;0;0
14/07/2016;07:13:00;94;Acidente sem Vítima;242;BR-101/ES;Sul;Colisão Traseira;2;0;0;0;0;0;;;;;7;0;0;0;0
14/07/2016;09:44:00;153;Acidente com vítima;297,9;BR-101/ES;Norte;Colisão Frontal;0;1;0;1;0;0;;;;;1;0;1;0;0
14/07/2016;10:23:00;162;Acidente sem Vítima;253;BR-101/ES;Sul;Colisão Traseira;1;0;1;0;0;0;;;;;3;0;0;0;0
14/07/2016;10:42:00;178;Acidente sem Vítima;137;BR-101/ES;Sul;Colisão Traseira;2;0;0;0;0;0;;;;;2;0;0;0;0
14/07/2016;17:02:00;307;Acidente sem Vítima;270;BR-101/ES;Sul;Colisão Traseira;1;0;1;0;0;0;;;;;2;0;0;0;0
14/07/2016;18:14:00;330;Acidente sem Vítima;262;BR-101/ES;Norte;Colisão Traseira;1;0;0;1;0;0;;;;;2;0;0;0;0
14/07/2016;19:01:00;339;Acidente sem Vítima;250;BR-101/ES;Norte;Queda de Moto;0;0;0;1;0;0;;;;;1;0;0;0;0
14/07/2016;20:16:00;358;Acidente com vítima;233;BR-101/ES;Sul;Colisão Lateral;1;0;1;0;0;0;;;;;3;1;0;0;0
14/07/2016;22:36:00;394;Acidente sem Vítima;266;BR-101/ES;Sul;Colisão Traseira;2;0;0;0;0;0;;;;;2;0;0;0;0
14/07/2016;23:39:00;411;Acidente com vítima;222;BR-101/ES;Sul;Saída de Pista;0;0;1;0;0;0;;;;;0;0;0;1;0
14/07/2016;15:57:00;286;Acidente sem Vítima - TRECHO CONTORNO;271;BR-101/ES;Norte;Colisão Lateral;1;0;2;0;0;0;;;;;3;0;0;0;0
15/07/2016;08:14:00;110;Acidente sem Vítima;365;BR-101/ES;Norte;Engavetamento;3;0;0;0;0;0;;;;;5;0;0;0;0
15/07/2016;08:16:00;111;Acidente com vítima;265;BR-101/ES;Sul;Colisão Traseira;1;0;0;1;0;0;;;;;1;2;0;0;0
15/07/2016;11:28:00;185;Acidente sem Vítima;242;BR-101/ES;Sul;Colisão Lateral;1;0;1;0;0;0;;;;;3;0;0;0;0
15/07/2016;11:39:00;196;Acidente com vítima;107;BR-101/ES;Norte;Colisão Traseira;2;0;0;0;0;0;;;;;2;2;0;0;0
15/07/2016;13:53:00;245;Acidente sem Vítima;243;BR-101/ES;Norte;Colisão Traseira;2;0;0;0;0;0;;;;;4;0;0;0;0
15/07/2016;15:20:00;267;Acidente sem Vítima;298;BR-101/ES;Sul;Colisão Traseira;2;0;0;0;0;0;;;;;6;0;0;0;0
15/07/2016;15:37:00;272;Acidente sem Vítima;269;BR-101/ES;Sul;Engavetamento;4;0;0;0;0;0;;;;;6;0;0;0;0
15/07/2016;18:55:00;346;Acidente sem Vítima;302;BR-101/ES;Norte;Colisão Traseira;2;0;0;0;0;0;;;;;3;0;0;0;0
15/07/2016;20:41:00;374;Acidente sem Vítima;259;BR-101/ES;Norte;Colisão Lateral;0;0;0;2;0;0;;;;;2;0;0;0;0
15/07/2016;06:05:00;75;Acidente sem Vítima - TRECHO CONTORNO;281,5;BR-101/ES;Norte;Saída de Pista;1;0;0;0;0;0;;;;;1;0;0;0;0
15/07/2016;17:40:00;315;Acidente com Vítima - TRECHO CONTORNO;288;BR-101/ES;Sul;Colisão Traseira;0;0;0;2;0;0;;;;;2;0;1;0;0
15/07/2016;18:40:00;344;Acidente sem Vítima - TRECHO CONTORNO;287;BR-101/ES;Sul;Engavetamento;3;0;0;0;0;0;;;;;5;0;0;0;0
15/07/2016;20:36:00;372;Acidente com Vítima - TRECHO CONTORNO;296;BR-101/ES;Norte;Queda de ciclista;0;1;0;0;0;0;;;;;0;0;1;0;0
16/07/2016;05:47:00;76;Acidente sem Vítima;126;BR-101/ES;Norte;Colisão Traseira;2;0;0;0;0;0;;;;;2;0;0;0;0
16/07/2016;07:01:00;91;Acidente sem Vítima;208;BR-101/ES;Norte;Colisão Traseira;2;0;0;0;0;0;;;;;6;0;0;0;0
16/07/2016;07:22:00;98;Acidente com vítima;207;BR-101/ES;Sul;Queda de Moto;0;0;0;1;0;0;;;;;0;2;0;0;0
16/07/2016;07:58:00;107;Acidente sem Vítima;205;BR-101/ES;Sul;Colisão Traseira;2;0;0;0;0;0;;;;;6;0;0;0;0
16/07/2016;08:42:00;117;Acidente sem Vítima;242,6;BR-101/ES;Sul;Engavetamento;3;0;0;0;0;0;;;;;10;0;0;0;0
16/07/2016;09:16:00;127;Acidente com vítima;142;BR-101/ES;Norte;Colisão Traseira;1;0;0;1;0;0;;;;;1;1;0;0;0
16/07/2016;09:44:00;134;Acidente com vítima;387;BR-101/ES;Norte;Colisão Lateral;2;0;3;0;0;0;;;;;4;1;0;0;0
16/07/2016;12:04:00;186;Acidente sem Vítima;34;BR-101/ES;Norte;Veículo em Chamas;1;0;0;0;0;0;;;;;1;0;0;0;0
16/07/2016;12:17:00;190;Acidente com vítima;370;BR-101/ES;Norte;Queda de Moto;0;0;0;1;0;0;;;;;0;1;0;0;0
16/07/2016;15:05:00;247;Acidente sem Vítima;174;BR-101/ES;Norte;Queda de Moto;0;0;0;1;0;0;;;;;2;0;0;0;0
16/07/2016;15:12:00;250;Acidente sem Vítima;265;BR-101/ES;Sul;Veículo em Chamas;1;0;0;0;0;0;;;;;3;0;0;0;0
16/07/2016;20:10:00;338;Acidente com vítima;424;BR-101/ES;Norte;Colisão Traseira;1;0;0;1;0;0;;;;;4;0;0;1;0
16/07/2016;20:10:00;339;Acidente sem Vítima;213;BR-101/ES;Norte;Colisão Traseira;1;0;0;1;0;0;;;;;2;0;0;0;0
16/07/2016;20:52:00;346;Acidente sem Vítima;424;BR-101/ES;Norte;Colisão Lateral;1;0;0;1;0;0;;;;;3;0;0;0;0
16/07/2016;22:29:00;368;Acidente com vítima;93;BR-101/ES;Sul;Colisão Traseira;1;0;2;0;0;0;;;;;1;0;0;1;0
16/07/2016;10:01:00;140;Acidente sem Vítima - TRECHO CONTORNO;296;BR-101/ES;Sul;Colisão Traseira;1;0;4;1;0;0;;;;;6;0;0;0;0
17/07/2016;01:34:00;26;Acidente com vítima;151;BR-101/ES;Sul;Atropelamento - Bovino;1;0;0;0;0;0;;;;;0;1;0;0;0
17/07/2016;12:30:00;193;Acidente sem Vítima;257;BR-101/ES;Sul;Colisão Transversal;2;0;0;0;0;0;;;;;5;0;0;0;0
17/07/2016;13:37:00;215;Acidente sem Vítima;378;BR-101/ES;Norte;Colisão Transversal;2;0;0;0;0;0;;;;;3;0;0;0;0
17/07/2016;13:46:00;218;Acidente sem Vítima;298;BR-101/ES;Sul;Colisão Traseira;1;0;1;0;0;0;;;;;4;0;0;0;0
17/07/2016;17:27:00;277;Acidente sem Vítima;298;BR-101/ES;Norte;Colisão Lateral;1;0;0;1;0;0;;;;;5;0;0;0;0
17/07/2016;22:16:00;358;Acidente sem Vítima;242;BR-101/ES;Sul;Colisão Traseira;2;0;0;0;0;0;;;;;3;0;0;0;0
17/07/2016;03:35:00;45;Acidente com Morte - TRECHO CONTORNO;274;BR-101/ES;Sul;Saída de Pista;1;0;0;0;0;0;;;;;0;0;2;0;1
17/07/2016;22:14:00;357;Acidente sem Vítima - TRECHO CONTORNO;290,5;BR-101/ES;Norte;Saída de Pista;1;0;0;0;0;0;;;;;1;0;0;0;0
18/07/2016;07:22:00;76;Acidente com vítima;266;BR-101/ES;Sul;Engavetamento;3;0;0;0;0;0;;;;;6;2;0;0;0
18/07/2016;19:42:00;308;Acidente sem Vítima;306;BR-101/ES;Sul;Colisão Traseira;2;0;0;0;0;0;;;;;5;0;0;0;0
18/07/2016;00:29:00;3;Acidente sem Vítima - TRECHO CONTORNO;281,3;BR-101/ES;Norte;Saída de Pista;0;0;2;0;0;0;;;;;1;0;0;0;0
19/07/2016;07:37:00;100;Acidente com vítima;135;BR-101/ES;Sul;Engavetamento;3;0;0;0;0;0;;;;;4;2;0;0;0
19/07/2016;11:12:00;188;Acidente com vítima;301,5;BR-101/ES;Norte;Colisão Traseira;2;0;0;0;0;0;;;;;2;1;0;0;0
19/07/2016;17:08:00;309;Acidente sem Vítima;179;BR-101/ES;Norte;Engavetamento;1;0;7;0;0;0;;;;;13;0;0;0;0
19/07/2016;17:17:00;311;Acidente sem Vítima;267;BR-101/ES;Sul;Engavetamento;3;0;0;0;0;0;;;;;3;0;0;0;0
19/07/2016;17:24:00;319;Acidente sem Vítima;84;BR-101/ES;Sul;Colisão Transversal;1;0;0;1;0;0;;;;;2;0;0;0;0
19/07/2016;19:52:00;351;Acidente com vítima;215;BR-101/ES;Sul;Colisão Traseira;1;0;0;1;0;0;;;;;2;1;0;0;0
19/07/2016;20:08:00;355;Acidente com vítima;161;BR-101/ES;Norte;Colisão Traseira;1;0;2;0;0;0;;;;;1;0;1;0;0
19/07/2016;20:45:00;359;Acidente com vítima;424;BR-101/ES;Norte;Queda de Moto;0;0;0;1;0;0;;;;;0;0;1;0;0
19/07/2016;18:41:00;336;Acidente sem Vítima - TRECHO CONTORNO;281;BR-101/ES;Norte;Capotamento;1;0;0;0;0;0;;;;;1;0;0;0;0
20/07/2016;09:37:00;140;Acidente com vítima;65;BR-101/ES;Sul;Colisão Transversal;1;0;0;1;0;0;;;;;0;3;0;0;0
20/07/2016;10:13:00;150;Acidente com vítima;136;BR-101/ES;Sul;Colisão Lateral;1;0;1;0;0;0;;;;;6;1;0;0;0
20/07/2016;10:35:00;158;Acidente sem Vítima;384;BR-101/ES;Sul;Saída de Pista;1;0;0;0;0;0;;;;;2;0;0;0;0
20/07/2016;15:12:00;286;Acidente sem Vítima;327;BR-101/ES;Sul;Colisão Traseira;2;0;0;0;0;0;;;;;5;0;0;0;0
20/07/2016;16:09:00;303;Acidente sem Vítima;298;BR-101/ES;Norte;Colisão Traseira;2;0;0;0;0;0;;;;;2;0;0;0;0
21/07/2016;01:23:00;28;Acidente com vítima;268;BR-101/ES;Norte;Colisão Transversal;1;0;0;1;0;0;;;;;1;0;1;0;0
21/07/2016;07:03:00;78;Acidente com vítima;264;BR-101/ES;Sul;Colisão Transversal;0;0;0;3;0;0;;;;;1;0;2;0;0
21/07/2016;07:36:00;94;Acidente sem Vítima;64;BR-101/ES;Sul;Queda de Moto;0;0;0;1;0;0;;;;;2;0;0;0;0
21/07/2016;08:27:00;111;Acidente sem Vítima;130;BR-101/ES;Norte;Engavetamento;3;0;0;0;0;0;;;;;7;0;0;0;0
21/07/2016;09:18:00;131;Acidente sem Vítima;348;BR-101/ES;Sul;Atropelamento - Animal;1;0;0;0;0;0;;;;;3;0;0;0;0
21/07/2016;12:10:00;217;Acidente com vítima;266;BR-101/ES;Sul;Queda de Moto;0;0;0;1;0;0;;;;;1;1;0;0;0
21/07/2016;13:48:00;254;Atropelamento com Morte;268;BR-101/ES;Sul;Atropelamento;1;0;0;0;0;0;;;;;1;0;0;0;1
21/07/2016;18:28:00;316;Acidente com vítima;65;BR-101/ES;Norte;Queda de Moto;0;0;0;1;0;0;;;;;0;2;0;0;0
21/07/2016;19:17:00;329;Acidente sem Vítima;269,5;BR-101/ES;Sul;Colisão Traseira;2;0;0;0;0;0;;;;;2;0;0;0;0
21/07/2016;20:16:00;354;Atropelamento sem Morte;230;BR-101/ES;Sul;Atropelamento;1;0;0;0;0;0;;;;;1;0;0;1;0
21/07/2016;17:41:00;310;Acidente com Vítima - TRECHO CONTORNO;290;BR-101/ES;Sul;Colisão Traseira;1;0;0;1;0;0;;;;;1;0;1;0;0
22/07/2016;05:38:00;67;Acidente com vítima;188,5;BR-101/ES;Sul;Saída de Pista;1;0;0;0;0;0;;;;;0;3;0;0;0
22/07/2016;09:57:00;142;Acidente com vítima;445;BR-101/ES;Sul;Saída de Pista;1;0;0;0;0;0;;;;;0;1;0;0;0
22/07/2016;11:00:00;165;Acidente sem Vítima;260;BR-101/ES;Sul;Choque;1;0;4;0;0;0;;;;;3;0;0;0;0
22/07/2016;15:25:00;275;Acidente sem Vítima;438;BR-101/ES;Sul;Saída de Pista;0;0;1;0;0;0;;;;;1;0;0;0;0
22/07/2016;15:38:00;276;Acidente com vítima;380;BR-101/ES;Sul;Saída de Pista;1;0;0;0;0;0;;;;;0;1;0;0;0
22/07/2016;20:06:00;350;Acidente sem Vítima;267,5;BR-101/ES;Sul;Colisão Traseira;2;0;0;0;0;0;;;;;6;0;0;0;0
22/07/2016;20:27:00;355;Acidente sem Vítima;266,5;BR-101/ES;Norte;Colisão Transversal;1;0;0;0;1;0;;;;;1;0;0;0;0
22/07/2016;20:37:00;358;Acidente sem Vítima;340,5;BR-101/ES;Norte;Saída de Pista;1;0;0;0;0;0;;;;;2;0;0;0;0
22/07/2016;18:49:00;332;Acidente sem Vítima - TRECHO CONTORNO;293;BR-101/ES;Sul;Colisão Traseira;1;0;2;0;0;0;;;;;2;0;0;0;0
23/07/2016;03:49:00;55;Acidente sem Vítima;371;BR-101/ES;Sul;Colisão Traseira;0;0;2;0;0;0;;;;;2;0;0;0;0
23/07/2016;04:07:00;58;Acidente com vítima;18;BR-101/ES;Norte;Queda de Moto;0;0;0;1;0;0;;;;;0;0;1;0;0
23/07/2016;04:42:00;62;Acidente com vítima;147;BR-101/ES;Norte;Colisão Lateral;2;0;0;0;0;0;;;;;2;1;0;0;0
23/07/2016;10:06:00;139;Acidente sem Vítima;127;BR-101/ES;Norte;Colisão Lateral;2;0;0;0;0;0;;;;;3;0;0;0;0
23/07/2016;10:10:00;140;Acidente sem Vítima;458;BR-101/ES;Sul;Saída de Pista;1;0;0;0;0;0;;;;;5;0;0;0;0
23/07/2016;11:21:00;160;Acidente sem Vítima;298;BR-101/ES;Norte;Colisão Traseira;2;0;0;0;0;0;;;;;2;0;0;0;0
23/07/2016;12:05:00;187;Acidente com vítima;440;BR-101/ES;Norte;Saída de Pista;0;0;1;0;0;0;;;;;0;1;0;0;0
23/07/2016;13:37:00;236;Acidente sem Vítima;445;BR-101/ES;Sul;Colisão Traseira;1;0;0;1;0;0;;;;;3;0;0;0;0
23/07/2016;15:16:00;256;Acidente sem Vítima;264;BR-101/ES;Sul;Colisão Transversal;2;0;0;0;0;0;;;;;2;0;0;0;0
23/07/2016;16:44:00;287;Acidente sem Vítima;143;BR-101/ES;Norte;Colisão Lateral;2;0;0;0;0;0;;;;;2;0;0;0;0
23/07/2016;17:51:00;302;Acidente sem Vítima;301;BR-101/ES;Norte;Colisão Traseira;2;0;0;0;0;0;;;;;3;0;0;0;0
23/07/2016;18:04:00;308;Acidente com Morte;178,2;BR-101/ES;Sul;Colisão Frontal;4;0;0;0;0;0;;;;;3;2;1;0;1
23/07/2016;20:04:00;326;Acidente sem Vítima;109;BR-101/ES;Sul;Colisão Traseira;1;0;0;1;0;0;;;;;2;0;0;0;0
23/07/2016;20:35:00;330;Acidente com vítima;166;BR-101/ES;Sul;Colisão Traseira;0;0;4;0;0;0;;;;;1;0;0;1;0
23/07/2016;21:31:00;344;Acidente sem Vítima;398;BR-101/ES;Norte;Colisão Lateral;1;0;1;0;0;0;;;;;2;0;0;0;0
23/07/2016;21:55:00;348;Acidente com vítima;266;BR-101/ES;Sul;Colisão Lateral;1;0;0;1;0;0;;;;;1;1;0;0;0
23/07/2016;09:26:00;120;Acidente sem Vítima - TRECHO CONTORNO;284;BR-101/ES;Norte;Saída de Pista;1;0;2;0;0;0;;;;;2;0;0;0;0
23/07/2016;13:44:00;240;Acidente sem Vítima - TRECHO CONTORNO;287,1;BR-101/ES;Sul;Veículo em Chamas;1;0;0;0;0;0;;;;;1;0;0;0;0
24/07/2016;00:31:00;11;Acidente sem Vítima;179;BR-101/ES;Sul;Colisão Traseira;0;0;3;0;0;0;;;;;2;0;0;0;0
24/07/2016;03:47:00;51;Acidente com vítima;263;BR-101/ES;Norte;Colisão Lateral;2;0;0;0;0;0;;;;;0;0;2;0;0
24/07/2016;06:16:00;69;Acidente sem Vítima;270;BR-101/ES;Norte;Colisão Lateral;1;0;0;0;1;0;;;;;3;0;0;0;0
24/07/2016;09:00:00;93;Acidente sem Vítima;414;BR-101/ES;Sul;Colisão Traseira;2;0;0;0;0;0;;;;;2;0;0;0;0
24/07/2016;16:04:00;234;Acidente com vítima;153;BR-101/ES;Norte;Engavetamento;3;0;0;0;0;0;;;;;5;3;0;0;0
24/07/2016;17:11:00;255;Acidente sem Vítima;264;BR-101/ES;Sul;Colisão Lateral;1;0;1;0;0;0;;;;;3;0;0;0;0
24/07/2016;18:37:00;273;Acidente sem Vítima;222;BR-101/ES;Sul;Colisão Traseira;2;0;0;0;0;0;;;;;2;0;0;0;0
24/07/2016;18:43:00;275;Acidente com vítima;945;BR-101/BA;Sul;Queda de Moto;1;0;0;0;0;0;;;;;0;1;0;0;0
25/07/2016;00:19:00;4;Acidente sem Vítima;264;BR-101/ES;Sul;Colisão Transversal;2;0;0;0;0;0;;;;;2;0;0;0;0
25/07/2016;03:48:00;40;Acidente sem Vítima;422;BR-101/ES;Sul;Saída de Pista;0;0;3;0;0;0;;;;;1;0;0;0;0
25/07/2016;07:28:00;69;Acidente sem Vítima;334;BR-101/ES;Norte;Saída de Pista;1;0;1;0;0;0;;;;;4;0;0;0;0
25/07/2016;07:43:00;76;Acidente sem Vítima;268,5;BR-101/ES;Sul;Colisão Traseira;1;0;0;0;1;0;;;;;3;0;0;0;0
25/07/2016;09:38:00;103;Acidente sem Vítima;220;BR-101/ES;Norte;Colisão Traseira;2;0;0;0;0;0;;;;;2;0;0;0;0
25/07/2016;10:19:00;115;Acidente sem Vítima;254;BR-101/ES;Sul;Colisão Traseira;2;0;0;0;0;0;;;;;3;0;0;0;0
25/07/2016;11:57:00;167;Acidente sem Vítima;145;BR-101/ES;Norte;Colisão Lateral;1;0;2;0;0;0;;;;;4;0;0;0;0
25/07/2016;13:41:00;210;Acidente sem Vítima;402;BR-101/ES;Sul;Colisão Traseira;1;0;0;0;1;0;;;;;2;0;0;0;0
25/07/2016;13:54:00;216;Acidente com vítima;256;BR-101/ES;Sul;Queda de Moto;0;0;0;1;0;0;;;;;0;0;1;0;0
25/07/2016;17:51:00;288;Acidente com Morte;266;BR-101/ES;Norte;Colisão Lateral;1;0;0;1;0;0;;;;;1;0;0;0;2
25/07/2016;18:50:00;299;Acidente com vítima;328;BR-101/ES;Sul;Colisão Transversal;1;1;0;0;0;0;;;;;1;0;0;1;0
25/07/2016;19:25:00;309;Acidente com vítima;158;BR-101/ES;Sul;Colisão Traseira;1;0;0;1;0;0;;;;;1;0;2;0;0
25/07/2016;20:09:00;321;Acidente com vítima;268;BR-101/ES;Sul;Colisão Traseira;1;0;0;1;0;0;;;;;1;1;0;0;0
25/07/2016;20:19:00;325;Acidente sem Vítima;268;BR-101/ES;Sul;Queda de Moto;0;0;0;1;0;0;;;;;1;0;0;0;0
25/07/2016;00:32:00;9;Acidente sem Vítima - TRECHO CONTORNO;271;BR-101/ES;Norte;Saída de Pista;1;0;0;0;0;0;;;;;2;0;0;0;0
25/07/2016;22:31:00;357;Acidente com Vítima - TRECHO CONTORNO;293;BR-101/ES;Norte;Colisão Traseira;1;0;2;1;0;0;;;;;2;0;0;1;0
25/07/2016;22:35:00;361;Acidente com Vítima - TRECHO CONTORNO;291,5;BR-101/ES;Norte;Queda de Moto;0;0;0;1;0;0;;;;;0;0;2;0;0
26/07/2016;03:59:00;54;Acidente sem Vítima;216;BR-101/ES;Sul;Choque;1;0;0;0;0;0;;;;;1;0;0;0;0
26/07/2016;09:00:00;140;Acidente com vítima;148;BR-101/ES;Sul;Colisão Lateral;0;0;0;2;0;0;;;;;2;1;0;0;0
26/07/2016;09:43:00;154;Acidente sem Vítima;69;BR-101/ES;Norte;Colisão Traseira;2;0;0;0;0;0;;;;;4;0;0;0;0
26/07/2016;10:25:00;165;Acidente com vítima;264;BR-101/ES;Norte;Colisão Lateral;1;0;0;1;0;0;;;;;1;2;0;0;0
26/07/2016;10:38:00;175;Acidente com vítima;270;BR-101/ES;Norte;Colisão Traseira;1;0;0;1;0;0;;;;;1;0;1;0;0
26/07/2016;17:17:00;317;Acidente com vítima;135;BR-101/ES;Sul;Colisão Transversal;2;0;0;0;0;0;;;;;1;5;0;0;0
26/07/2016;17:23:00;321;Atropelamento sem Morte;66;BR-101/ES;Norte;Atropelamento;0;0;0;1;0;0;;;;;1;0;1;0;0
26/07/2016;19:55:00;360;Acidente com Morte;436;BR-101/ES;Sul;Colisão Frontal;0;0;5;0;0;0;;;;;1;0;1;0;1
27/07/2016;04:23:00;56;Acidente sem Vítima;953;BR-101/BA;Sul;Atropelamento - Animal;1;0;0;0;0;0;;;;;3;0;0;0;0
27/07/2016;05:14:00;61;Acidente com vítima;340;BR-101/ES;Norte;Capotamento;1;0;0;0;0;0;;;;;0;2;0;0;0
27/07/2016;08:38:00;121;Acidente sem Vítima;321;BR-101/ES;Norte;Colisão Traseira;0;0;3;0;0;0;;;;;4;0;0;0;0