data;horario;n_da_ocorrencia;tipo_de_ocorrencia;km;trecho;sentido;tipo_de_acidente;automovel;bicicleta;caminhao;moto;onibus;outros;tracao_animal;transporte_de_cargas_especiais;trator_maquinas;utilitarios;ilesos;levemente_feridos;moderadamente_feridos;gravemente_feridos;mortos
16/09/2016;17:53:00;318;Acidente com vítima;40;BR-101/ES;Sul;Saída de Pista;1;0;0;0;0;0;;;;;0;1;0;0;0
16/09/2016;18:28:00;330;Acidente sem vítima;227;BR-101/ES;Sul;Colisão Traseira;2;0;0;0;0;0;;;;;5;0;0;0;0
16/09/2016;19:12:00;338;Acidente com vítima;393;BR-101/ES;Norte;Capotamento;1;0;0;0;0;0;;;;;0;0;1;0;0
16/09/2016;19:30:00;343;Acidente com vítima;298;BR-101/ES;Norte;Colisão Traseira;2;0;0;0;0;0;;;;;4;0;1;0;0
16/09/2016;19:46:00;348;Acidente com vítima;144;BR-101/ES;Sul;Colisão Transversal;1;0;0;1;0;0;;;;;4;1;0;0;0
16/09/2016;06:44:00;57;Acidente com vítima;285;BR-101/ES;Sul;Queda de Moto;0;0;0;1;0;0;;;;;1;0;1;0;0
16/09/2016;12:02:00;201;Acidente sem vítima;287;BR-101/ES;Sul;Colisão Traseira;1;0;0;0;1;0;;;;;3;0;0;0;0
16/09/2016;12:34:00;216;Acidente sem vítima;279;BR-101/ES;Sul;Colisão Traseira;0;0;2;0;0;0;;;;;4;0;0;0;0
17/09/2016;00:00:00;2;Acidente sem vítima;65;BR-101/ES;Norte;Colisão Traseira;0;0;3;0;0;0;;;;;2;0;0;0;0
17/09/2016;02:12:00;41;Acidente sem vítima;270;BR-101/ES;Norte;Choque com Objeto Fixo;1;0;0;0;0;0;;;;;2;0;0;0;0
17/09/2016;02:41:00;47;Acidente sem vítima;32;BR-101/ES;Norte;Saída de Pista;1;0;0;0;0;0;;;;;1;0;0;0;0
17/09/2016;05:23:00;61;Acidente sem vítima;168;BR-101/ES;Norte;Colisão Traseira;1;0;0;1;0;0;;;;;3;0;0;0;0
17/09/2016;06:43:00;75;Acidente com vítima;143;BR-101/ES;Norte;Colisão Traseira;1;0;0;1;0;0;;;;;1;1;0;0;0
17/09/2016;08:44:00;110;Acidente com vítima;413;BR-101/ES;Norte;Choque com Objeto Fixo;1;0;1;0;0;0;;;;;0;1;0;0;0
17/09/2016;08:48:00;112;Acidente sem vítima;267,5;BR-101/ES;Sul;Colisão Traseira;2;0;0;0;0;0;;;;;2;0;0;0;0
17/09/2016;17:10:00;279;Acidente sem vítima;238;BR-101/ES;Norte;Queda de Moto;1;0;0;1;0;0;;;;;2;0;0;0;0
17/09/2016;18:08:00;294;Acidente sem vítima;321;BR-101/ES;Norte;Queda de Moto;0;0;0;1;0;0;;;;;2;0;0;0;0
17/09/2016;19:34:00;310;Acidente com vítima;385;BR-101/ES;Sul;Colisão Transversal;1;0;0;1;0;0;;;;;2;0;0;1;0
17/09/2016;19:40:00;311;Acidente sem vítima;942;BR-101/BA;Norte;Colisão Lateral;2;0;0;0;0;0;;;;;5;0;0;0;0
18/09/2016;02:43:00;38;Acidente sem vítima;219;BR-101/ES;Sul;Choque com Objeto Fixo;1;0;0;0;0;0;;;;;2;0;0;0;0
18/09/2016;03:31:00;47;Acidente sem vítima;949;BR-101/BA;Norte;Colisão Traseira;0;0;4;0;0;0;;;;;2;0;0;0;0
18/09/2016;04:57:00;56;Acidente sem vítima;225;BR-101/ES;Sul;Saída de Pista;1;0;0;0;0;0;;;;;3;0;0;0;0
18/09/2016;06:57:00;69;Acidente sem vítima;359;BR-101/ES;Norte;Colisão Lateral;4;0;0;0;0;0;;;;;6;0;0;0;0
18/09/2016;08:46:00;102;Acidente sem vítima;100;BR-101/ES;Norte;Queda de Moto;0;0;0;1;0;0;;;;;1;0;0;0;0
18/09/2016;09:10:00;110;Acidente com vítima;253;BR-101/ES;Norte;Atropelamento Animal;0;0;0;1;0;0;;;;;0;0;2;0;0
18/09/2016;09:57:00;121;Acidente sem vítima;147;BR-101/ES;Sul;Colisão Traseira;2;0;0;0;0;0;;;;;8;0;0;0;0
18/09/2016;14:33:00;230;Acidente com vítima;90,5;BR-101/ES;Norte;Colisão Transversal;0;0;0;2;0;0;;;;;0;0;2;0;0
18/09/2016;16:40:00;259;Acidente com vítima;146;BR-101/ES;Norte;Colisão Transversal;0;0;0;2;0;0;;;;;2;1;0;0;0
18/09/2016;18:26:00;282;Acidente com vítima;83;BR-101/ES;Sul;Queda de Moto;0;0;0;1;0;0;;;;;1;1;0;0;0
18/09/2016;18:29:00;284;Acidente sem vítima;200;BR-101/ES;Norte;Atropelamento de Bovino;0;0;0;0;1;0;;;;;21;0;0;0;0
18/09/2016;18:33:00;285;Acidente sem vítima;44;BR-101/ES;Norte;Capotamento;1;0;1;0;0;0;;;;;1;0;0;0;0
18/09/2016;21:23:00;313;Acidente com vítima;128;BR-101/ES;Sul;Colisão Traseira;0;0;0;1;1;0;;;;;1;0;0;1;0
19/09/2016;14:50:00;294;Acidente com vítima;265;BR-101/ES;Norte;Queda de Moto;0;0;0;1;0;0;;;;;0;1;0;0;0
19/09/2016;19:15:00;369;Acidente sem vítima;255;BR-101/ES;Norte;Colisão Transversal;1;0;2;0;0;0;;;;;2;0;0;0;0
19/09/2016;19:21:00;372;Acidente sem vítima;265;BR-101/ES;Norte;Engavetamento;3;0;0;0;0;0;;;;;4;0;0;0;0
19/09/2016;23:16:00;413;Acidente com vítima;300;BR-101/ES;Norte;Choque com Objeto Fixo;1;0;0;0;0;0;;;;;0;1;0;0;0
20/09/2016;01:17:00;19;Acidente com vítima;431;BR-101/ES;Norte;Tombamento;0;0;1;0;0;0;;;;;1;0;1;0;0
20/09/2016;02:35:00;38;Acidente sem vítima;423;BR-101/ES;Norte;Saída de Pista;1;0;0;0;0;0;;;;;1;0;0;0;0
20/09/2016;04:57:00;55;Acidente com vítima;949;BR-101/BA;Norte;Saída de Pista;0;0;1;0;0;0;;;;;0;0;1;0;0
20/09/2016;07:20:00;76;Acidente com vítima;386;BR-101/ES;Norte;Capotamento;0;0;2;0;0;0;;;;;0;1;0;0;0
20/09/2016;07:40:00;87;Acidente sem vítima;139;BR-101/ES;Norte;Engavetamento;0;0;4;0;0;0;;;;;8;0;0;0;0
20/09/2016;07:46:00;90;Acidente sem vítima;262,5;BR-101/ES;Norte;Colisão Traseira;1;0;1;0;0;0;;;;;3;0;0;0;0
20/09/2016;11:27:00;176;Acidente sem vítima;384,5;BR-101/ES;Sul;Colisão Lateral;1;0;2;0;0;0;;;;;2;0;0;0;0
20/09/2016;14:55:00;264;Acidente com vítima;51;BR-101/ES;Norte;Queda de Moto;0;0;0;1;0;0;;;;;0;0;2;0;0
20/09/2016;15:46:00;275;Acidente sem vítima;266;BR-101/ES;Norte;Colisão Lateral;1;0;1;0;0;0;;;;;2;0;0;0;0
20/09/2016;16:22:00;287;Acidente com vítima;17;BR-101/ES;Sul;Tombamento;0;0;1;0;0;0;;;;;1;0;1;0;0
20/09/2016;19:48:00;344;Acidente com vítima;141;BR-101/ES;Sul;Queda de Moto;0;0;0;1;0;0;;;;;0;1;0;0;0
20/09/2016;21:48:00;358;Acidente com morte;412,5;BR-101/ES;Norte;Colisão Frontal;0;0;2;1;0;0;;;;;1;0;0;0;1
20/09/2016;09:00:00;123;Acidente sem vítima;275;BR-101/ES;Sul;Choque;1;0;0;0;0;0;;;;;1;0;0;0;0
20/09/2016;12:25:00;208;Acidente sem vítima;294;BR-101/ES;Sul;Colisão Lateral;1;0;1;0;0;0;;;;;2;0;0;0;0
20/09/2016;22:16:00;362;Acidente sem vítima;285,5;BR-101/ES;Norte;Saída de Pista;1;0;0;0;0;0;;;;;1;0;0;0;0
21/09/2016;08:30:00;124;Acidente sem vítima;264;BR-101/ES;Norte;Colisão Traseira;3;0;0;0;0;0;;;;;3;0;0;0;0
21/09/2016;12:17:00;236;Acidente com vítima;264;BR-101/ES;Norte;Colisão Traseira;1;0;2;0;0;0;;;;;2;0;1;0;0
21/09/2016;16:28:00;326;Acidente com vítima;257;BR-101/ES;Norte;Colisão Traseira;2;0;0;0;0;0;;;;;1;1;0;0;0
21/09/2016;10:58:00;193;Acidente sem vítima;295;BR-101/ES;Norte;Colisão Traseira;1;0;1;0;0;0;;;;;3;0;0;0;0
22/09/2016;06:06:00;50;Acidente sem vítima;166;BR-101/ES;Norte;Colisão Lateral;1;0;3;0;0;0;;;;;3;0;0;0;0
22/09/2016;07:07:00;76;Acidente com vítima;66;BR-101/ES;Sul;Colisão Lateral;1;0;0;1;0;0;;;;;2;1;0;0;0
22/09/2016;10:14:00;153;Acidente sem vítima;140;BR-101/ES;Sul;Colisão Traseira;2;0;0;0;0;0;;;;;3;0;0;0;0
22/09/2016;11:41:00;201;Acidente com vítima;258;BR-101/ES;Norte;Colisão Traseira;1;0;0;1;0;0;;;;;1;0;1;0;0
22/09/2016;11:55:00;211;Acidente sem vítima;257;BR-101/ES;Norte;Colisão Traseira;2;0;0;0;0;0;;;;;3;0;0;0;0
22/09/2016;18:10:00;349;Acidente sem vítima;358;BR-101/ES;Sul;Colisão Transversal;2;0;0;0;0;0;;;;;3;0;0;0;0
22/09/2016;18:31:00;356;Acidente sem vítima;298;BR-101/ES;Norte;Engavetamento;3;0;0;0;0;0;;;;;3;0;0;0;0
22/09/2016;09:22:00;137;Acidente sem vítima;289;BR-101/ES;Norte;Queda de Moto;1;0;0;0;0;0;;;;;2;0;0;0;0
22/09/2016;18:22:00;353;Acidente sem vítima;283;BR-101/ES;Sul;Choque com Objeto Fixo;2;0;0;0;0;0;;;;;2;0;0;0;0
23/09/2016;06:31:00;63;Acidente com vítima;55;BR-101/ES;Sul;Colisão Lateral;0;0;1;1;1;0;;;;;2;0;1;0;0
23/09/2016;07:23:00;78;Acidente sem vítima;269,5;BR-101/ES;Sul;Colisão Traseira;2;0;0;0;0;0;;;;;6;0;0;0;0
23/09/2016;08:41:00;116;Acidente com vítima;268;BR-101/ES;Sul;Colisão Lateral;1;0;0;1;1;0;;;;;2;0;1;0;0
23/09/2016;11:07:00;178;Acidente com vítima;346,8;BR-101/ES;Sul;Colisão Lateral;1;0;2;0;0;0;;;;;2;0;1;0;0
23/09/2016;13:20:00;230;Acidente sem vítima;386;BR-101/ES;Sul;Saída de Pista;0;0;0;1;0;0;;;;;1;0;0;0;0
23/09/2016;13:22:00;231;Acidente sem vítima;362;BR-101/ES;Norte;Colisão Traseira;1;0;0;1;0;0;;;;;2;0;0;0;0
23/09/2016;16:05:00;286;Acidente sem vítima;143;BR-101/ES;Sul;Colisão Traseira;2;0;0;0;0;0;;;;;5;0;0;0;0
23/09/2016;17:54:00;324;Acidente sem vítima;212;BR-101/ES;Sul;Colisão Transversal;1;0;0;1;0;0;;;;;2;0;0;0;0
23/09/2016;18:53:00;340;Acidente com vítima;65;BR-101/ES;Sul;Colisão Lateral;2;0;1;1;0;0;;;;;3;0;1;0;0
23/09/2016;19:29:00;351;Acidente com vítima;270;BR-101/ES;Norte;Colisão Lateral;0;0;3;1;0;0;;;;;1;0;1;0;0
23/09/2016;20:00:00;355;Acidente sem vítima;374;BR-101/ES;Norte;Colisão Traseira;2;0;0;0;0;0;;;;;3;0;0;0;0
23/09/2016;21:39:00;378;Acidente sem vítima;242;BR-101/ES;Norte;Choque com Objeto Fixo;1;0;1;0;0;0;;;;;1;0;0;0;0
24/09/2016;02:50:00;50;Acidente com vítima;62;BR-101/ES;Norte;Queda de ciclista;0;1;0;0;0;0;;;;;0;1;0;0;0
24/09/2016;02:55:00;51;Acidente com vítima;297;BR-101/ES;Sul;Saída de Pista;0;0;2;0;0;0;;;;;0;1;0;0;0
24/09/2016;10:08:00;140;Acidente com vítima;101;BR-101/ES;Norte;Colisão Transversal;1;0;0;1;0;0;;;;;1;0;0;1;0
24/09/2016;11:30:00;169;Acidente sem vítima;377;BR-101/ES;Norte;Colisão Traseira;2;0;0;0;0;0;;;;;2;0;0;0;0
24/09/2016;13:02:00;222;Acidente sem vítima;397;BR-101/ES;Sul;Colisão Lateral;1;0;3;0;0;0;;;;;7;0;0;0;0
24/09/2016;18:35:00;338;Acidente com vítima;19;BR-101/ES;Norte;Saída de Pista;1;0;0;0;0;0;;;;;3;1;0;0;0
24/09/2016;18:45:00;340;Acidente sem vítima;170;BR-101/ES;Sul;Queda de ciclista;0;1;0;0;0;0;;;;;1;0;0;0;0
24/09/2016;19:31:00;350;Atropelamento sem morte;299;BR-101/ES;Sul;Atropelamento e Fuga;1;0;0;0;0;0;;;;;0;1;0;0;0
24/09/2016;21:22:00;369;Acidente com vítima;226;BR-101/ES;Norte;Colisão Traseira;4;0;0;0;0;0;;;;;1;2;3;0;0
24/09/2016;22:14:00;379;Acidente com vítima;203;BR-101/ES;Sul;Colisão Traseira;1;0;0;1;0;0;;;;;1;0;0;1;0
25/09/2016;05:55:00;65;Acidente sem vítima;219;BR-101/ES;Sul;Colisão Traseira;2;0;1;0;0;0;;;;;4;0;0;0;0
25/09/2016;13:43:00;232;Acidente com vítima;145;BR-101/ES;Sul;Colisão Transversal;1;0;0;1;0;0;;;;;2;0;1;0;0
25/09/2016;15:58:00;276;Acidente com vítima;269;BR-101/ES;Norte;Colisão Transversal;2;0;0;0;0;0;;;;;7;2;0;0;0
25/09/2016;19:32:00;335;Acidente sem vítima;257;BR-101/ES;Norte;Colisão Transversal;2;0;0;0;0;0;;;;;3;0;0;0;0
25/09/2016;19:42:00;338;Acidente sem vítima;335,5;BR-101/ES;Norte;Saída de Pista;1;0;0;0;0;0;;;;;1;0;0;0;0
25/09/2016;19:59:00;341;Acidente com vítima;215;BR-101/ES;Sul;Colisão Frontal;2;0;0;0;0;0;;;;;0;2;1;0;0
25/09/2016;20:08:00;342;Acidente com vítima;401;BR-101/ES;Sul;Colisão Lateral;0;0;3;0;0;0;;;;;0;2;0;0;0
25/09/2016;20:57:00;350;Acidente com vítima;461;BR-101/ES;Sul;Saída de Pista;1;0;0;0;0;0;;;;;0;0;1;0;0
25/09/2016;21:13:00;354;Acidente sem vítima;249;BR-101/ES;Norte;Saída de Pista;1;0;0;0;0;0;;;;;2;0;0;0;0
25/09/2016;21:53:00;357;Acidente com vítima;242;BR-101/ES;Sul;Queda de Moto;0;0;0;1;0;0;;;;;0;1;0;0;0
25/09/2016;20:36:00;348;Acidente sem vítima;294;BR-101/ES;Sul;Saída de Pista;0;0;1;0;0;0;;;;;1;0;0;0;0
26/09/2016;00:47:00;13;Acidente com vítima;321;BR-101/ES;Norte;Choque com Objeto Fixo;1;0;0;0;0;0;;;;;1;0;0;1;0
26/09/2016;02:22:00;30;Atropelamento com morte;331,5;BR-101/ES;Norte;Atropelamento e Fuga;1;0;0;0;0;0;;;;;0;0;0;0;1
26/09/2016;06:48:00;53;Acidente com vítima;262,8;BR-101/ES;Sul;Saída de Pista;1;0;0;0;0;0;;;;;0;0;1;0;0
26/09/2016;09:26:00;111;Acidente sem vítima;20;BR-101/ES;Sul;Saída de Pista;1;0;0;0;0;0;;;;;2;0;0;0;0
26/09/2016;13:10:00;217;Acidente com vítima;148;BR-101/ES;Norte;Colisão Lateral;1;0;0;1;0;0;;;;;1;1;0;0;0
26/09/2016;16:09:00;280;Acidente com vítima;17;BR-101/ES;Norte;Colisão Lateral;1;0;2;0;0;0;;;;;2;0;1;0;0
26/09/2016;22:30:00;368;Acidente com vítima;308;BR-101/ES;Sul;Queda de Moto;0;0;0;1;0;0;;;;;0;0;1;0;0
27/09/2016;07:30:00;90;Acidente sem vítima;255;BR-101/ES;Norte;Colisão Lateral;2;0;0;0;0;0;;;;;2;0;0;0;0
27/09/2016;09:27:00;140;Acidente sem vítima;452;BR-101/ES;Sul;Colisão Traseira;0;0;2;0;0;0;;;;;3;0;0;0;0
27/09/2016;10:12:00;158;Acidente com vítima;297,5;BR-101/ES;Sul;Engavetamento;3;0;0;0;0;0;;;;;7;1;0;0;0
27/09/2016;12:30:00;229;Acidente sem vítima;134;BR-101/ES;Norte;Queda de Moto;0;0;0;1;0;0;;;;;2;0;0;0;0
27/09/2016;13:29:00;246;Acidente sem vítima;351;BR-101/ES;Sul;Choque;0;0;4;0;0;0;;;;;2;0;0;0;0
27/09/2016;16:03:00;301;Acidente sem vítima;269;BR-101/ES;Sul;Colisão Transversal;2;0;0;0;0;0;;;;;2;0;0;0;0
27/09/2016;16:30:00;311;Acidente sem vítima;221;BR-101/ES;Norte;Saída de Pista;1;0;0;0;0;0;;;;;1;0;0;0;0
27/09/2016;17:11:00;324;Acidente sem vítima;301,5;BR-101/ES;Sul;Colisão Traseira;1;0;1;0;0;0;;;;;6;0;0;0;0
27/09/2016;17:45:00;332;Acidente com vítima;208;BR-101/ES;Sul;Colisão Frontal;2;0;0;0;0;0;;;;;0;4;0;0;0
28/09/2016;01:22:00;20;Acidente com vítima;269;BR-101/ES;Sul;Saída de Pista;1;0;0;0;0;0;;;;;1;0;1;0;0
28/09/2016;01:39:00;24;Acidente com vítima;251,9;BR-101/ES;Sul;Colisão Traseira;1;0;0;0;0;0;;;;;1;0;1;0;0
28/09/2016;05:13:00;52;Acidente com vítima;352,5;BR-101/ES;Norte;Queda de Moto;0;0;0;1;0;0;;;;;0;0;1;0;0
28/09/2016;05:26:00;55;Acidente com vítima;203;BR-101/ES;Norte;Saída de Pista;1;0;0;0;0;0;;;;;0;1;0;0;0
28/09/2016;07:49:00;86;Acidente sem vítima;269;BR-101/ES;Norte;Colisão Lateral;1;0;3;0;0;0;;;;;3;0;0;0;0
28/09/2016;13:12:00;237;Acidente com vítima;396;BR-101/ES;Sul;Queda de Moto;0;0;0;1;0;0;;;;;1;1;0;0;0
28/09/2016;17:50:00;329;Acidente sem vítima;432;BR-101/ES;Sul;Colisão Lateral;2;0;0;0;0;0;;;;;2;0;0;0;0
28/09/2016;19:20:00;348;Acidente sem vítima;217;BR-101/ES;Norte;Colisão Traseira;0;0;3;0;0;0;;;;;2;0;0;0;0
28/09/2016;06:11:00;60;Acidente sem vítima;288;BR-101/ES;Sul;Colisão Traseira;1;0;0;1;0;0;;;;;2;0;0;0;0
28/09/2016;16:15:00;292;Acidente sem vítima;293;BR-101/ES;Norte;Colisão Lateral;0;0;3;0;0;0;;;;;2;0;0;0;0
29/09/2016;01:05:00;23;Acidente sem vítima;149;BR-101/ES;Sul;Colisão Traseira;0;0;2;0;0;0;;;;;2;0;0;0;0
29/09/2016;13:18:00;268;Acidente sem vítima;320,8;BR-101/ES;Norte;Colisão Traseira;0;0;3;0;0;0;;;;;3;0;0;0;0
30/09/2016;02:49:00;41;Acidente sem vítima;423;BR-101/ES;Sul;Veículo em Chamas;0;0;2;0;0;0;;;;;1;0;0;0;0
30/09/2016;05:58:00;60;Acidente com vítima;268;BR-101/ES;Sul;Colisão;1;1;0;0;0;0;;;;;1;0;1;0;0
30/09/2016;07:18:00;89;Acidente sem vítima;304;BR-101/ES;Sul;Colisão Traseira;0;0;3;0;0;0;;;;;2;0;0;0;0
30/09/2016;10:16:00;160;Acidente com vítima;160;BR-101/ES;Sul;Colisão Transversal;1;0;0;1;0;0;;;;;1;0;1;0;0
30/09/2016;12:02:00;205;Acidente sem vítima;266;BR-101/ES;Norte;Colisão Traseira;2;0;0;0;0;0;;;;;2;0;0;0;0
30/09/2016;13:04:00;228;Acidente sem vítima;146;BR-101/ES;Norte;Colisão;0;1;0;1;0;0;;;;;3;0;0;0;0
30/09/2016;13:28:00;237;Acidente sem vítima;270;BR-101/ES;Sul;Colisão Lateral;1;0;1;0;0;0;;;;;2;0;0;0;0
30/09/2016;14:34:00;262;Acidente sem vítima;159;BR-101/ES;Sul;Colisão Lateral;2;0;0;0;0;0;;;;;4;0;0;0;0
30/09/2016;15:30:00;280;Acidente com vítima;396;BR-101/ES;Norte;Saída de Pista;1;0;0;0;0;0;;;;;0;2;0;0;0
30/09/2016;17:18:00;317;Acidente sem vítima;386;BR-101/ES;Norte;Choque;1;0;3;0;0;0;;;;;6;0;0;0;0
30/09/2016;17:34:00;324;Acidente com vítima;459,5;BR-101/ES;Sul;Saída de Pista;1;0;0;0;0;0;;;;;1;0;1;0;0
30/09/2016;18:02:00;334;Acidente com vítima;298,5;BR-101/ES;Sul;Colisão Transversal;0;0;1;0;1;0;;;;;6;1;0;0;0
30/09/2016;19:05:00;347;Acidente sem vítima;325;BR-101/ES;Sul;Colisão Lateral;2;0;0;0;0;0;;;;;6;0;0;0;0
30/09/2016;19:12:00;349;Acidente com vítima;268;BR-101/ES;Sul;Choque com Objeto Fixo;1;0;0;0;0;0;;;;;0;2;0;0;0
30/09/2016;19:13:00;350;Acidente sem vítima;64,8;BR-101/ES;Sul;Colisão Traseira;2;0;0;0;0;0;;;;;6;0;0;0;0
30/09/2016;19:51:00;359;Acidente com vítima;129;BR-101/ES;Norte;Colisão Lateral;1;0;4;0;0;0;;;;;0;5;0;2;0
30/09/2016;23:26:00;395;Acidente sem vítima;458;BR-101/ES;Sul;Saída de Pista;1;0;0;0;0;0;;;;;1;0;0;0;0
30/09/2016;23:30:00;400;Acidente sem vítima;126;BR-101/ES;Norte;Capotamento;1;0;0;0;0;0;;;;;3;0;0;0;0
30/09/2016;15:08:00;271;Acidente sem vítima;293;BR-101/ES;Sul;Colisão Traseira;0;0;3;0;0;0;;;;;3;0;0;0;0
01/10/2016;03:55:00;47;Acidente sem vítima;458;BR-101/ES;Sul;Saída de Pista;1;0;0;0;0;0;0;;;;2;0;0;0;0
01/10/2016;06:50:00;72;Acidente sem vítima;321;BR-101/ES;Norte;Colisão Traseira;1;0;2;0;0;0;0;;;;2;0;0;0;0
01/10/2016;10:01:00;135;Acidente sem vítima;448;BR-101/ES;Sul;Saída de Pista;1;0;0;0;0;0;0;;;;1;0;0;0;0
01/10/2016;10:40:00;157;Acidente com vítima;166;BR-101/ES;Sul;Colisão Lateral;1;0;0;0;1;0;0;;;;2;1;0;0;0
01/10/2016;10:40:00;158;Acidente sem vítima;377;BR-101/ES;Sul;Choque;0;0;2;0;0;0;0;;;;1;0;0;0;0
01/10/2016;12:18:00;210;Acidente sem vítima;127,8;BR-101/ES;Sul;Saída de Pista;1;0;0;0;0;0;0;;;;1;0;0;0;0
01/10/2016;13:11:00;234;Acidente com morte;222;BR-101/ES;Sul;Colisão Transversal;1;0;0;0;1;0;0;;;;0;2;0;0;1
01/10/2016;13:14:00;236;Acidente com vítima;127;BR-101/ES;Norte;Colisão;0;0;0;0;1;1;0;;;;2;1;0;0;0
01/10/2016;13:43:00;255;Acidente com vítima;271;BR-101/ES;Sul;Queda de Moto;0;0;0;0;1;0;0;;;;1;1;0;0;0
01/10/2016;16:51:00;307;Acidente sem vítima;269;BR-101/ES;Sul;Colisão Lateral;2;0;0;0;0;0;0;;;;4;0;0;0;0
01/10/2016;17:19:00;317;Acidente com vítima;429;BR-101/ES;Norte;Saída de Pista;1;0;0;0;0;0;0;;;;0;2;2;0;0
01/10/2016;17:58:00;330;Acidente sem vítima;332;BR-101/ES;Sul;Saída de Pista;0;1;0;0;0;0;0;;;;1;0;0;0;0
01/10/2016;18:25:00;334;Acidente sem vítima;29;BR-101/ES;Norte;Saída de Pista;1;0;0;0;0;0;0;;;;1;0;0;0;0
01/10/2016;18:31:00;336;Acidente sem vítima;457,5;BR-101/ES;Norte;Saída de Pista;1;0;0;0;0;0;0;;;;3;0;0;0;0
01/10/2016;18:42:00;339;Acidente sem vítima;277;BR-101/ES;Sul;Queda de Moto;0;0;0;0;1;0;0;;;;1;0;0;0;0
01/10/2016;19:04:00;343;Acidente sem vítima;273;BR-101/ES;Sul;Saída de Pista;1;0;0;0;0;0;0;;;;1;0;0;0;0
01/10/2016;20:08:00;361;Acidente sem vítima;287;BR-101/ES;Sul;Choque com Objeto Fixo;1;0;0;0;0;0;0;;;;3;0;0;0;0
01/10/2016;22:00:00;382;Acidente com vítima;147;BR-101/ES;Sul;Queda de ciclista;0;0;0;0;0;1;0;;;;0;1;0;0;0
01/10/2016;22:15:00;384;Acidente sem vítima;296;BR-101/ES;Norte;Choque com Objeto Fixo;1;0;0;0;0;0;0;;;;1;0;0;0;0
01/10/2016;23:38:00;391;Acidente com vítima;257;BR-101/ES;Sul;Colisão Traseira;1;0;0;0;1;0;0;;;;0;0;1;0;0
02/10/2016;00:56:00;12;Acidente com vítima;393;BR-101/ES;Norte;Colisão Frontal;2;0;0;1;0;0;0;;;;2;0;1;0;0
02/10/2016;06:28:00;73;Acidente sem vítima;457;BR-101/ES;Sul;Capotamento;1;0;0;0;0;0;0;;;;1;0;0;0;0
02/10/2016;08:26:00;87;Acidente sem vítima;266;BR-101/ES;Sul;Colisão Traseira;0;1;0;1;0;0;0;;;;2;0;0;0;0
02/10/2016;11:24:00;133;Acidente sem vítima;221;BR-101/ES;Norte;Saída de Pista;1;0;0;0;0;0;0;;;;4;0;0;0;0
02/10/2016;11:51:00;146;Acidente sem vítima;221;BR-101/ES;Sul;Saída de Pista;1;0;0;0;0;0;0;;;;3;0;0;0;0
02/10/2016;12:28:00;153;Acidente sem vítima;456;BR-101/ES;Sul;Saída de Pista;1;0;0;0;0;0;0;;;;1;0;0;0;0
02/10/2016;12:50:00;164;Acidente sem vítima;458;BR-101/ES;Norte;Saída de Pista;1;0;0;0;0;0;0;;;;2;0;0;0;0
02/10/2016;14:24:00;203;Acidente com morte;190;BR-101/ES;Sul;Colisão Transversal;2;0;0;0;0;0;0;;;;4;0;1;0;1
02/10/2016;19:55:00;281;Acidente sem vítima;293;BR-101/ES;Sul;Saída de Pista;1;0;0;0;0;0;0;;;;1;0;0;0;0
02/10/2016;20:15:00;283;Acidente sem vítima;378;BR-101/ES;Sul;Colisão Traseira;2;0;0;0;0;0;0;;;;2;0;0;0;0
02/10/2016;21:26:00;297;Acidente sem vítima;245;BR-101/ES;Norte;Choque com Objeto Fixo;1;0;0;0;0;0;0;;;;1;0;0;0;0
02/10/2016;21:29:00;298;Acidente sem vítima;296;BR-101/ES;Norte;Saída de Pista;1;0;0;0;0;0;0;;;;1;0;0;0;0
02/10/2016;23:35:00;315;Acidente sem vítima;267;BR-101/ES;Norte;Colisão Traseira;3;0;0;0;0;0;0;;;;5;0;0;0;0
03/10/2016;01:19:00;21;Acidente sem vítima;31,5;BR-101/ES;Sul;Saída de Pista;0;0;2;0;0;0;0;;;;1;0;0;0;0
03/10/2016;06:19:00;66;Acidente sem vítima;147;BR-101/ES;Sul;Colisão Lateral;1;1;0;0;0;0;0;;;;2;0;0;0;0
03/10/2016;07:23:00;84;Acidente sem vítima;268;BR-101/ES;Sul;Colisão Traseira;1;0;0;1;0;0;0;;;;2;0;0;0;0
03/10/2016;09:48:00;156;Acidente sem vítima;147;BR-101/ES;Norte;Colisão Traseira;0;0;0;0;1;0;0;;;;1;0;0;0;0
03/10/2016;10:59:00;186;Acidente sem vítima;270;BR-101/ES;Sul;Colisão Lateral;1;0;0;1;0;0;0;;;;2;0;0;0;0
03/10/2016;17:43:00;348;Acidente sem vítima;269;BR-101/ES;Sul;Engavetamento;4;0;0;0;0;0;0;;;;5;0;0;0;0
03/10/2016;18:49:00;361;Acidente com vítima;114,5;BR-101/ES;Norte;Tombamento;0;1;0;0;0;0;0;;;;0;1;0;0;0
03/10/2016;19:08:00;364;Acidente sem vítima;113;BR-101/ES;Norte;Saída de Pista;1;0;0;0;0;0;0;;;;2;0;0;0;0
04/10/2016;07:41:00;112;Acidente com vítima;67;BR-101/ES;Sul;Colisão Traseira;1;0;0;0;1;0;0;;;;1;1;0;0;0