data;horario;n_da_ocorrencia;tipo_de_ocorrencia;km;trecho;sentido;tipo_de_acidente;automovel;bicicleta;caminhao;moto;onibus;outros;tracao_animal;transporte_de_cargas_especiais;trator_maquinas;utilitarios;ilesos;levemente_feridos;moderadamente_feridos;gravemente_feridos;mortos
04/10/2016;09:29:00;151;Acidente com vítima;257;BR-101/ES;Sul;Colisão Traseira;1;0;0;0;1;0;0;;;;2;0;1;0;0
04/10/2016;09:54:00;161;Acidente sem vítima;280;BR-101/ES;Sul;Choque com Objeto Fixo;0;0;2;0;0;0;0;;;;1;0;0;0;0
04/10/2016;14:19:00;283;Acidente com vítima;142;BR-101/ES;Sul;Colisão Transversal;2;0;1;0;0;0;0;;;;3;1;0;0;0
04/10/2016;16:17:00;324;Acidente sem vítima;151;BR-101/ES;Norte;Colisão Lateral;1;1;0;0;0;0;0;;;;2;0;0;0;0
04/10/2016;19:02:00;371;Acidente com vítima;296;BR-101/ES;Norte;Choque com Objeto Fixo;1;0;0;0;0;0;0;;;;0;1;0;0;0
04/10/2016;20:04:00;382;Acidente com vítima;329;BR-101/ES;Sul;Queda de Moto;0;0;0;0;1;0;0;;;;0;2;0;0;0
04/10/2016;21:02:00;389;Acidente com vítima;321;BR-101/ES;Sul;Colisão Transversal;2;0;0;0;0;0;0;;;;0;2;0;0;0
05/10/2016;07:26:00;95;Acidente com vítima;257,5;BR-101/ES;Sul;Queda de Moto;1;1;0;0;1;0;0;;;;2;0;1;0;0
05/10/2016;07:50:00;113;Atropelamento sem morte;270,2;BR-101/ES;Sul;Atropelamento;1;0;0;0;1;0;0;;;;2;2;0;0;0
05/10/2016;08:50:00;142;Acidente sem vítima;278,8;BR-101/ES;Norte;Colisão Lateral;1;0;1;0;0;0;0;;;;2;0;0;0;0
05/10/2016;08:59:00;145;Acidente com vítima;67;BR-101/ES;Norte;Colisão Lateral;1;0;0;0;1;0;0;;;;1;1;0;0;0
05/10/2016;17:30:00;353;Acidente sem vítima;448;BR-101/ES;Sul;Saída de Pista;1;0;0;0;0;0;0;;;;1;0;0;0;0
05/10/2016;18:24:00;367;Acidente com vítima;67;BR-101/ES;Norte;Colisão Transversal;0;0;0;0;2;0;0;;;;0;0;1;1;0
06/10/2016;07:32:00;108;Acidente sem vítima;264;BR-101/ES;Sul;Colisão Traseira;2;0;0;0;0;0;0;;;;4;0;0;0;0
06/10/2016;09:27:00;150;Acidente sem vítima;292;BR-101/ES;Sul;Colisão Traseira;2;0;0;0;0;0;0;;;;3;0;0;0;0
06/10/2016;09:59:00;159;Acidente sem vítima;265;BR-101/ES;Sul;Colisão Traseira;2;0;0;0;0;0;0;;;;4;0;0;0;0
06/10/2016;10:48:00;184;Acidente sem vítima;297,5;BR-101/ES;Norte;Colisão Traseira;2;0;0;0;0;0;0;;;;3;0;0;0;0
06/10/2016;11:39:00;210;Acidente sem vítima;297,5;BR-101/ES;Norte;Colisão Traseira;2;0;0;0;0;0;0;;;;2;0;0;0;0
06/10/2016;11:49:00;217;Acidente sem vítima;285;BR-101/ES;Norte;Saída de Pista;0;0;2;0;0;0;0;;;;1;0;0;0;0
06/10/2016;12:11:00;223;Acidente sem vítima;266;BR-101/ES;Sul;Colisão Traseira;2;0;0;0;0;0;0;;;;2;0;0;0;0
06/10/2016;12:36:00;235;Acidente sem vítima;289;BR-101/ES;Norte;Choque com Objeto Fixo;1;0;0;0;0;0;0;;;;2;0;0;0;0
06/10/2016;13:29:00;253;Acidente sem vítima;270;BR-101/ES;Norte;Colisão Lateral;1;0;2;0;0;0;0;;;;2;0;0;0;0
06/10/2016;16:42:00;314;Acidente sem vítima;262;BR-101/ES;Norte;Colisão Lateral;0;1;0;0;1;0;0;;;;2;0;0;0;0
06/10/2016;20:09:00;358;Acidente sem vítima;213;BR-101/ES;Norte;Colisão Traseira;2;0;2;0;0;0;0;;;;1;0;0;0;0
06/10/2016;22:23:00;385;Acidente com vítima;212,7;BR-101/ES;Sul;Saída de Pista;1;0;0;0;0;0;0;;;;0;0;1;0;0
06/10/2016;23:57:00;404;Acidente sem vítima;219,9;BR-101/ES;Sul;Saída de Pista;1;0;0;0;0;0;0;;;;3;0;0;0;0
07/10/2016;00:04:00;1;Acidente com vítima;147;BR-101/ES;Sul;Queda de Moto;0;0;0;0;1;0;0;;;;0;1;0;0;0
07/10/2016;02:28:00;37;Acidente sem vítima;161;BR-101/ES;Sul;Saída de Pista;1;0;0;0;0;0;0;;;;1;0;0;0;0
07/10/2016;03:25:00;49;Acidente com vítima;414;BR-101/ES;Norte;Capotamento;0;1;0;0;0;0;0;;;;0;2;0;0;0
07/10/2016;10:44:00;191;Acidente sem vítima;140;BR-101/ES;Norte;Colisão Lateral;1;1;0;0;0;0;0;;;;5;0;0;0;0
07/10/2016;11:41:00;225;Acidente sem vítima;267;BR-101/ES;Sul;Colisão Traseira;1;1;0;0;0;0;0;;;;3;0;0;0;0
07/10/2016;12:26:00;242;Acidente sem vítima;240,5;BR-101/ES;Norte;Colisão Traseira;1;0;0;0;1;0;0;;;;2;0;0;0;0
07/10/2016;12:48:00;258;Acidente sem vítima;240,5;BR-101/ES;Sul;Engavetamento;3;0;0;0;0;0;0;;;;3;0;0;0;0
07/10/2016;15:39:00;329;Acidente sem vítima;60;BR-101/ES;Norte;Colisão Transversal;2;0;0;0;0;0;0;;;;3;0;0;0;0
07/10/2016;17:30:00;375;Acidente com vítima;441,9;BR-101/ES;Norte;Queda de Moto;0;0;0;0;1;0;0;;;;0;0;1;0;0
07/10/2016;18:36:00;393;Acidente sem vítima;146;BR-101/ES;Norte;Colisão Traseira;2;0;0;0;0;0;0;;;;2;0;0;0;0
07/10/2016;23:11:00;447;Acidente sem vítima;190;BR-101/ES;Sul;Colisão Lateral;1;1;0;0;0;0;0;;;;2;0;0;0;0
08/10/2016;01:54:00;36;Acidente sem vítima;955;BR-101/BA;Sul;Saída de Pista;1;0;0;0;0;0;0;;;;1;0;0;0;0
08/10/2016;03:40:00;59;Acidente sem vítima;360,5;BR-101/ES;Sul;Choque com Objeto Fixo;0;1;0;0;0;0;0;;;;3;0;0;0;0
08/10/2016;05:38:00;77;Acidente com vítima;293;BR-101/ES;Sul;Queda de Moto;0;0;0;0;1;0;0;;;;0;0;1;0;0
08/10/2016;06:51:00;83;Acidente sem vítima;213;BR-101/ES;Norte;Colisão Traseira;1;1;0;0;0;0;0;;;;2;0;0;0;0
08/10/2016;08:25:00;120;Acidente com morte;332,5;BR-101/ES;Norte;Colisão Transversal;2;0;3;0;0;0;0;;;;3;1;0;1;1
08/10/2016;08:48:00;133;Acidente com vítima;298;BR-101/ES;Norte;Engavetamento;4;0;0;0;0;0;0;;;;7;1;0;0;0
08/10/2016;08:52:00;134;Acidente sem vítima;376;BR-101/ES;Norte;Colisão Lateral;2;0;0;0;0;0;0;;;;2;0;0;0;0
08/10/2016;10:29:00;164;Acidente sem vítima;298,5;BR-101/ES;Norte;Colisão;1;0;2;0;0;0;0;;;;2;0;0;0;0
08/10/2016;11:22:00;187;Acidente sem vítima;127;BR-101/ES;Norte;Queda de Moto;0;0;0;0;1;0;0;;;;1;0;0;0;0
08/10/2016;15:20:00;285;Acidente sem vítima;388;BR-101/ES;Norte;Colisão Lateral;1;1;0;0;0;0;0;;;;2;0;0;0;0
08/10/2016;15:35:00;291;Acidente sem vítima;298;BR-101/ES;Norte;Colisão Traseira;2;1;0;0;0;0;0;;;;7;0;0;0;0
08/10/2016;16:00:00;298;Acidente sem vítima;380;BR-101/ES;Sul;Colisão Lateral;2;0;0;0;0;0;0;;;;5;0;0;0;0
08/10/2016;16:34:00;306;Acidente com vítima;451;BR-101/ES;Norte;Saída de Pista;1;0;0;0;0;0;0;;;;0;1;0;0;0
08/10/2016;18:25:00;340;Acidente com vítima;223,6;BR-101/ES;Sul;Saída de Pista;0;0;3;0;0;0;0;;;;0;1;0;0;0
08/10/2016;18:42:00;341;Acidente com vítima;947,5;BR-101/BA;Sul;Saída de Pista;1;0;0;0;0;0;0;;;;1;0;3;0;0
08/10/2016;19:19:00;350;Acidente com vítima;260,5;BR-101/ES;Sul;Colisão Transversal;2;0;0;0;0;0;0;;;;1;1;0;0;0
08/10/2016;20:46:00;371;Acidente com vítima;393;BR-101/ES;Norte;Colisão Lateral;1;1;0;0;0;0;0;;;;0;3;0;0;0
08/10/2016;22:19:00;388;Acidente sem vítima;294;BR-101/ES;Sul;Colisão Traseira;2;0;0;0;0;0;0;;;;2;0;0;0;0
09/10/2016;03:30:00;48;Acidente sem vítima;145;BR-101/ES;Sul;Queda de Moto;0;0;0;0;1;0;0;;;;1;0;0;0;0
09/10/2016;03:54:00;57;Acidente com vítima;233;BR-101/ES;Norte;Queda de Moto;0;0;0;0;1;0;0;;;;0;1;0;0;0
09/10/2016;04:29:00;64;Acidente sem vítima;340;BR-101/ES;Norte;Choque com Objeto Fixo;1;0;0;0;0;0;0;;;;1;0;0;0;0
09/10/2016;08:51:00;123;Acidente sem vítima;266;BR-101/ES;Norte;Colisão Traseira;1;1;0;0;0;0;0;;;;3;0;0;0;0
09/10/2016;13:24:00;231;Acidente sem vítima;292;BR-101/ES;Norte;Tombamento;0;1;0;0;0;0;0;;;;1;0;0;0;0
09/10/2016;15:02:00;263;Acidente sem vítima;266;BR-101/ES;Sul;Colisão Traseira;2;0;0;0;0;0;0;;;;2;0;0;0;0
09/10/2016;17:10:00;308;Acidente com vítima;270;BR-101/ES;Norte;Choque com Objeto Fixo;0;0;0;0;2;0;0;;;;0;2;0;0;0
09/10/2016;17:38:00;318;Acidente com vítima;138;BR-101/ES;Sul;Queda de Moto;0;0;0;0;1;0;0;;;;0;2;0;0;0
09/10/2016;17:51:00;326;Acidente sem vítima;254;BR-101/ES;Norte;Colisão Traseira;2;0;0;0;0;0;0;;;;2;0;0;0;0
09/10/2016;18:41:00;336;Acidente sem vítima;270;BR-101/ES;Sul;Colisão Traseira;2;0;0;0;0;0;0;;;;3;0;0;0;0
09/10/2016;19:55:00;349;Acidente com vítima;301;BR-101/ES;Sul;Queda de Moto;0;0;0;0;1;0;0;;;;0;0;1;0;0
09/10/2016;20:26:00;358;Acidente com vítima;268,5;BR-101/ES;Sul;Choque com Objeto Fixo;1;0;0;0;0;0;0;;;;0;0;1;0;0
09/10/2016;22:48:00;385;Acidente sem vítima;133,2;BR-101/ES;Sul;Atropelamento Animal;1;0;0;0;0;0;0;;;;1;0;0;0;0
09/10/2016;23:17:00;393;Acidente sem vítima;264;BR-101/ES;Sul;Colisão Transversal;2;0;0;0;0;0;0;;;;2;0;0;0;0
10/10/2016;00:42:00;9;Acidente sem vítima;296;BR-101/ES;Sul;Choque com Objeto Fixo;1;0;0;0;0;0;0;;;;2;0;0;0;0
10/10/2016;00:50:00;10;Acidente sem vítima;275;BR-101/ES;Sul;Saída de Pista;1;0;0;0;0;0;0;;;;1;0;0;0;0
10/10/2016;06:12:00;79;Acidente com morte;295,1;BR-101/ES;Norte;Colisão Traseira;1;1;0;0;0;0;0;;;;1;0;0;0;2
10/10/2016;06:17:00;80;Acidente sem vítima;278,5;BR-101/ES;Norte;Choque com Objeto Fixo;0;0;3;0;0;0;0;;;;1;0;0;0;0
10/10/2016;07:38:00;99;Acidente sem vítima;298;BR-101/ES;Norte;Colisão Traseira;1;1;0;0;0;0;0;;;;2;0;0;0;0
10/10/2016;09:01:00;132;Acidente com vítima;279,8;BR-101/ES;Norte;Colisão Transversal;0;1;0;0;1;0;0;;;;1;0;2;0;0
10/10/2016;09:04:00;134;Acidente sem vítima;221;BR-101/ES;Sul;Colisão Transversal;2;0;0;0;0;0;0;;;;3;0;0;0;0
10/10/2016;11:20:00;185;Acidente com vítima;285;BR-101/ES;Norte;Colisão Traseira;3;0;0;0;0;0;0;;;;2;1;0;0;0
10/10/2016;12:28:00;218;Acidente sem vítima;256;BR-101/ES;Sul;Engavetamento;2;1;0;0;0;0;0;;;;6;0;0;0;0
10/10/2016;14:01:00;252;Acidente com morte;51;BR-101/ES;Sul;Colisão Frontal;2;0;0;0;0;0;0;;;;0;0;0;3;3
10/10/2016;14:23:00;262;Acidente com vítima;283;BR-101/ES;Norte;Saída de Pista;1;0;0;0;0;0;0;;;;0;4;0;0;0
10/10/2016;16:14:00;295;Acidente sem vítima;404;BR-101/ES;Sul;Colisão Lateral;0;1;0;1;0;0;0;;;;5;0;0;0;0
10/10/2016;16:42:00;302;Acidente sem vítima;247;BR-101/ES;Norte;Colisão Traseira;2;0;0;0;0;0;0;;;;4;0;0;0;0
10/10/2016;17:01:00;310;Acidente com vítima;174;BR-101/ES;Sul;Colisão Transversal;1;0;0;0;1;0;0;;;;1;0;0;1;0
10/10/2016;17:03:00;311;Acidente sem vítima;264;BR-101/ES;Norte;Engavetamento;2;1;0;0;0;0;0;;;;5;0;0;0;0
10/10/2016;17:30:00;322;Acidente sem vítima;298;BR-101/ES;Sul;Colisão Traseira;1;1;0;0;0;0;0;;;;2;0;0;0;0
10/10/2016;17:49:00;328;Acidente sem vítima;269;BR-101/ES;Sul;Colisão Traseira;2;0;0;0;0;0;0;;;;5;0;0;0;0
10/10/2016;18:21:00;337;Acidente com vítima;151;BR-101/ES;Norte;Colisão Transversal;1;1;0;0;0;0;0;;;;2;4;1;0;0
10/10/2016;19:55:00;356;Acidente com vítima;385;BR-101/ES;Sul;Colisão Traseira;0;0;1;0;1;0;0;;;;0;0;1;0;0
11/10/2016;07:23:00;98;Acidente com vítima;270;BR-101/ES;Norte;Queda de Moto;0;0;0;0;1;0;0;;;;0;0;1;0;0
11/10/2016;07:55:00;104;Acidente com vítima;166;BR-101/ES;Norte;Queda de Moto;0;0;0;0;1;0;0;;;;0;2;0;0;0
11/10/2016;08:18:00;111;Acidente sem vítima;271;BR-101/ES;Norte;Engavetamento;3;0;0;0;0;0;0;;;;6;0;0;0;0
11/10/2016;08:36:00;118;Acidente sem vítima;219;BR-101/ES;Norte;Saída de Pista;1;0;0;0;0;0;0;;;;2;0;0;0;0
11/10/2016;10:19:00;174;Acidente sem vítima;298,9;BR-101/ES;Norte;Colisão Traseira;1;0;4;0;0;0;0;;;;3;0;0;0;0
11/10/2016;10:24:00;177;Acidente sem vítima;147;BR-101/ES;Norte;Colisão Traseira;2;0;0;0;0;0;0;;;;2;0;0;0;0
11/10/2016;15:12:00;321;Acidente com vítima;211;BR-101/ES;Norte;Colisão Lateral;2;0;0;0;0;0;0;;;;2;0;1;0;0
11/10/2016;16:02:00;334;Acidente sem vítima;270;BR-101/ES;Sul;Saída de Pista;1;0;0;0;0;0;0;;;;1;0;0;0;0
11/10/2016;19:40:00;393;Acidente sem vítima;214;BR-101/ES;Sul;Colisão Lateral;1;0;2;0;0;0;0;;;;2;0;0;0;0
12/10/2016;08:42:00;108;Acidente sem vítima;262;BR-101/ES;Sul;Engavetamento;4;0;0;0;0;0;0;;;;9;0;0;0;0
12/10/2016;09:49:00;131;Acidente sem vítima;268;BR-101/ES;Sul;Colisão Lateral;2;0;0;0;0;0;0;;;;2;0;0;0;0
12/10/2016;18:09:00;303;Acidente sem vítima;293;BR-101/ES;Norte;Colisão Traseira;1;1;0;0;0;0;0;;;;2;0;0;0;0
12/10/2016;18:14:00;305;Acidente sem vítima;189;BR-101/ES;Sul;Atropelamento de Equino;1;0;0;0;0;0;0;;;;2;0;0;0;0
12/10/2016;18:29:00;310;Acidente sem vítima;402;BR-101/ES;Sul;Colisão Lateral;1;0;2;0;0;0;0;;;;4;0;0;0;0
12/10/2016;18:33:00;312;Acidente sem vítima;440;BR-101/ES;Norte;Atropelamento Animal;1;0;0;0;0;0;0;;;;1;0;0;0;0
12/10/2016;20:02:00;323;Acidente sem vítima;366;BR-101/ES;Norte;Saída de Pista;0;0;2;0;0;0;0;;;;1;0;0;0;0
12/10/2016;21:26:00;341;Acidente sem vítima;145;BR-101/ES;Norte;Colisão Traseira;2;0;0;0;0;0;0;;;;4;0;0;0;0
12/10/2016;21:32:00;342;Acidente com vítima;260;BR-101/ES;Sul;Choque com Objeto Fixo;0;0;0;0;1;0;0;;;;0;0;0;1;0
13/10/2016;07:13:00;93;Acidente com vítima;260;BR-101/ES;Sul;Colisão Traseira;2;0;0;0;0;0;0;;;;2;1;0;0;0
13/10/2016;08:32:00;131;Acidente sem vítima;395;BR-101/ES;Norte;Colisão Lateral;0;0;4;0;0;0;0;;;;2;0;0;0;0
13/10/2016;14:50:00;307;Acidente sem vítima;147;BR-101/ES;Sul;Colisão Transversal;2;0;0;0;0;0;0;;;;2;0;0;0;0
13/10/2016;15:47:00;336;Atropelamento sem morte;299;BR-101/ES;Sul;Atropelamento;2;0;0;0;0;0;0;;;;1;0;1;0;0
13/10/2016;15:54:00;340;Acidente sem vítima;269;BR-101/ES;Norte;Colisão Lateral;1;0;2;0;0;0;0;;;;2;0;0;0;0
13/10/2016;19:17:00;399;Acidente sem vítima;293;BR-101/ES;Norte;Colisão Lateral;1;0;0;0;1;0;0;;;;2;0;0;0;0
13/10/2016;20:10:00;407;Acidente com vítima;268;BR-101/ES;Sul;Choque com Objeto Fixo;0;0;0;0;1;0;0;;;;0;2;0;0;0
14/10/2016;04:36:00;71;Acidente sem vítima;287;BR-101/ES;Norte;Choque com Objeto Fixo;1;0;0;0;0;0;0;;;;1;0;0;0;0
14/10/2016;07:09:00;102;Acidente com vítima;96;BR-101/ES;Norte;Colisão Frontal;1;0;4;0;0;0;0;;;;1;0;1;0;0
14/10/2016;07:27:00;109;Acidente sem vítima;223;BR-101/ES;Sul;Tombamento;0;0;4;0;0;0;0;;;;2;0;0;0;0
14/10/2016;14:33:00;288;Acidente com vítima;301;BR-101/ES;Norte;Colisão Transversal;1;1;0;0;0;0;0;;;;1;0;2;0;0
14/10/2016;17:09:00;341;Acidente sem vítima;216;BR-101/ES;Norte;Engavetamento;0;2;2;0;0;0;0;;;;6;0;0;0;0
14/10/2016;19:43:00;401;Acidente sem vítima;224;BR-101/ES;Norte;Colisão Traseira;3;0;0;0;0;0;0;;;;8;0;0;0;0
14/10/2016;20:43:00;414;Acidente com morte;77,2;BR-101/ES;Sul;Colisão Frontal;2;0;3;0;0;0;0;;;;1;0;4;1;1
14/10/2016;20:46:00;416;Acidente sem vítima;262;BR-101/ES;Sul;Atropelamento Animal;1;0;0;0;0;0;0;;;;1;0;0;0;0
15/10/2016;03:28:00;54;Acidente com morte;130;BR-101/ES;Sul;Colisão Transversal;1;0;0;0;1;0;0;;;;0;0;0;1;1
15/10/2016;03:43:00;62;Acidente sem vítima;136,3;BR-101/ES;Sul;Saída de Pista;1;0;0;0;0;0;0;;;;1;0;0;0;0
15/10/2016;07:47:00;109;Acidente sem vítima;293;BR-101/ES;Sul;Colisão Traseira;2;0;0;0;0;0;0;;;;8;0;0;0;0
15/10/2016;11:40:00;196;Acidente sem vítima;299;BR-101/ES;Norte;Colisão Lateral;1;1;0;0;0;0;0;;;;2;0;0;0;0
15/10/2016;14:54:00;287;Acidente sem vítima;266;BR-101/ES;Sul;Colisão Transversal;2;0;0;0;0;0;0;;;;6;0;0;0;0
15/10/2016;15:00:00;290;Acidente sem vítima;116,5;BR-101/ES;Norte;Saída de Pista;1;0;0;0;0;0;0;;;;4;0;0;0;0
15/10/2016;15:39:00;304;Acidente com vítima;98;BR-101/ES;Norte;Queda de Moto;0;0;0;0;1;0;0;;;;1;1;0;0;0
15/10/2016;22:53:00;386;Acidente com vítima;941;BR-101/BA;Sul;Colisão Traseira;0;1;0;0;1;0;0;;;;1;0;1;0;0
16/10/2016;00:03:00;3;Acidente com vítima;439;BR-101/ES;Sul;Colisão Transversal;1;0;0;0;1;0;0;;;;3;0;0;1;0
16/10/2016;08:18:00;82;Acidente com vítima;298;BR-101/ES;Norte;Queda de Moto;0;0;0;0;1;0;0;;;;0;0;1;0;0
16/10/2016;09:22:00;92;Acidente sem vítima;371;BR-101/ES;Sul;Colisão Lateral;2;0;0;0;0;0;0;;;;2;0;0;0;0
16/10/2016;13:56:00;200;Acidente com vítima;268;BR-101/ES;Sul;Colisão;0;0;0;1;0;1;0;;;;1;0;1;0;0
16/10/2016;17:40:00;254;Acidente sem vítima;208;BR-101/ES;Sul;Colisão Traseira;2;0;0;0;0;0;0;;;;3;0;0;0;0
16/10/2016;18:51:00;270;Acidente sem vítima;51,2;BR-101/ES;Sul;Veículo em Chamas;1;0;0;0;0;0;0;;;;7;0;0;0;0
16/10/2016;19:50:00;283;Acidente com vítima;293;BR-101/ES;Norte;Colisão Traseira;2;0;0;0;0;0;0;;;;1;0;2;0;0
16/10/2016;21:07:00;290;Acidente com vítima;263;BR-101/ES;Norte;Colisão Traseira;2;0;0;0;0;0;0;;;;1;0;2;0;0
16/10/2016;23:28:00;313;Acidente com vítima;299;BR-101/ES;Sul;Colisão Traseira;3;0;0;0;0;0;0;;;;5;1;0;0;0
17/10/2016;01:34:00;33;Acidente sem vítima;431;BR-101/ES;Sul;Atropelamento de Bovino;1;0;0;0;0;0;0;;;;1;0;0;0;0
17/10/2016;08:22:00;113;Acidente sem vítima;241;BR-101/ES;Sul;Engavetamento;3;0;0;0;0;0;0;;;;8;0;0;0;0
17/10/2016;08:51:00;124;Acidente com vítima;258;BR-101/ES;Norte;Colisão Transversal;1;0;0;0;1;0;0;;;;3;0;1;0;0
17/10/2016;10:09:00;157;Acidente com vítima;8;BR-101/ES;Sul;Saída de Pista;1;0;0;0;0;0;0;;;;0;1;0;0;0
17/10/2016;14:58:00;296;Acidente sem vítima;305;BR-101/ES;Sul;Colisão Lateral;1;1;0;0;0;0;0;;;;6;0;0;0;0
17/10/2016;15:37:00;315;Acidente com vítima;264;BR-101/ES;Norte;Colisão Transversal;1;0;0;0;1;0;0;;;;1;0;1;0;0
17/10/2016;16:45:00;349;Acidente com vítima;298;BR-101/ES;Sul;Queda de ciclista;0;0;0;0;0;1;0;;;;0;0;1;0;0
17/10/2016;17:53:00;385;Acidente sem vítima;147;BR-101/ES;Norte;Colisão Traseira;2;0;0;0;0;0;0;;;;3;0;0;0;0
17/10/2016;19:51:00;412;Atropelamento sem morte;266;BR-101/ES;Sul;Atropelamento;0;0;0;0;1;0;0;;;;1;0;1;0;0
17/10/2016;20:36:00;416;Acidente sem vítima;68;BR-101/ES;Sul;Tombamento;1;0;1;0;0;0;0;;;;1;0;0;0;0
17/10/2016;22:01:00;427;Acidente com vítima;180;BR-101/ES;Sul;Queda de Moto;0;0;0;0;1;0;0;;;;0;0;1;0;0
18/10/2016;03:25:00;58;Acidente sem vítima;393;BR-101/ES;Sul;Colisão Traseira;0;1;2;0;0;0;0;;;;2;0;0;0;0
18/10/2016;04:14:00;68;Acidente com morte;308;BR-101/ES;Norte;Saída de Pista;0;0;2;0;0;0;0;;;;0;0;0;0;1
18/10/2016;08:23:00;129;Acidente com morte;42,9;BR-101/ES;Norte;Colisão Frontal;1;1;0;0;0;0;0;;;;0;0;0;1;1
18/10/2016;08:35:00;131;Acidente com vítima;148,1;BR-101/ES;Sul;Colisão Traseira;1;0;0;0;1;0;0;;;;1;1;0;0;0
18/10/2016;08:39:00;132;Acidente sem vítima;206;BR-101/ES;Norte;Engavetamento;3;0;0;0;0;0;0;;;;7;0;0;0;0
18/10/2016;09:24:00;148;Acidente sem vítima;206;BR-101/ES;Norte;Engavetamento;3;0;0;0;0;0;0;;;;9;0;0;0;0
18/10/2016;09:39:00;157;Acidente sem vítima;373;BR-101/ES;Norte;Saída de Pista;1;0;0;0;0;0;0;;;;2;0;0;0;0
18/10/2016;10:31:00;173;Acidente com vítima;56,2;BR-101/ES;Norte;Queda de Moto;0;0;0;0;1;0;0;;;;0;1;1;0;0
18/10/2016;13:52:00;284;Acidente sem vítima;40,8;BR-101/ES;Sul;Colisão Traseira;2;0;0;0;0;0;0;;;;5;0;0;0;0
18/10/2016;17:05:00;352;Acidente com vítima;144;BR-101/ES;Norte;Queda de Moto;0;0;0;0;1;0;0;;;;0;0;1;0;0
18/10/2016;18:23:00;375;Acidente sem vítima;262;BR-101/ES;Norte;Colisão Traseira;1;0;0;0;1;0;0;;;;3;0;0;0;0
18/10/2016;23:14:00;422;Acidente com vítima;67;BR-101/ES;Norte;Engavetamento;1;1;2;0;0;0;0;;;;2;3;0;0;0
19/10/2016;07:12:00;94;Acidente com vítima;301;BR-101/ES;Norte;Colisão;1;0;0;0;0;1;0;;;;1;0;0;1;0
19/10/2016;07:57:00;109;Acidente sem vítima;301;BR-101/ES;Norte;Colisão Traseira;0;1;2;0;0;0;0;;;;2;0;0;0;0
19/10/2016;11:05:00;213;Acidente com vítima;255;BR-101/ES;Sul;Colisão;0;0;0;0;0;1;0;;;;0;0;1;0;0
19/10/2016;11:20:00;222;Acidente com vítima;160;BR-101/ES;Sul;Colisão Lateral;0;0;2;0;1;0;0;;;;1;1;0;0;0
19/10/2016;16:37:00;328;Acidente sem vítima;450;BR-101/ES;Sul;Saída de Pista;0;0;2;0;0;0;0;;;;1;0;0;0;0
20/10/2016;02:58:00;59;Acidente sem vítima;260;BR-101/ES;Norte;Saída de Pista;1;0;0;0;0;0;0;;;;1;0;0;0;0
20/10/2016;05:55:00;85;Acidente com vítima;253;BR-101/ES;Sul;Colisão;1;0;0;0;0;1;0;;;;0;0;0;1;0
20/10/2016;06:48:00;93;Acidente sem vítima;270;BR-101/ES;Sul;Colisão Traseira;2;0;0;0;0;0;0;;;;6;0;0;0;0
20/10/2016;11:14:00;228;Acidente sem vítima;180;BR-101/ES;Norte;Colisão Traseira;1;1;3;0;0;0;0;;;;3;0;0;0;0
20/10/2016;12:24:00;256;Acidente sem vítima;297;BR-101/ES;Norte;Colisão Lateral;1;1;0;0;0;0;0;;;;3;0;0;0;0
20/10/2016;15:03:00;318;Acidente sem vítima;270;BR-101/ES;Norte;Colisão Lateral;1;0;2;0;0;0;0;;;;2;0;0;0;0
20/10/2016;15:37:00;330;Acidente com vítima;126,3;BR-101/ES;Sul;Colisão Transversal;1;0;0;0;1;0;0;;;;2;1;0;0;0
20/10/2016;20:09:00;401;Acidente sem vítima;940;BR-101/BA;Sul;Atropelamento de Equino;0;1;0;0;0;0;0;;;;1;0;0;0;0
20/10/2016;21:23:00;409;Acidente sem vítima;448;BR-101/ES;Norte;Colisão Lateral;1;0;3;0;0;0;0;;;;3;0;0;0;0
21/10/2016;12:06:00;258;Acidente sem vítima;78;BR-101/ES;Norte;Colisão Lateral;1;0;0;1;0;0;0;;;;7;0;0;0;0
21/10/2016;14:37:00;332;Acidente sem vítima;154,2;BR-101/ES;Sul;Saída de Pista;1;0;0;0;0;0;0;;;;1;0;0;0;0
21/10/2016;15:24:00;345;Acidente sem vítima;242;BR-101/ES;Norte;Choque com Objeto Fixo;0;0;0;1;0;0;0;;;;1;0;0;0;0
21/10/2016;15:40:00;354;Acidente com vítima;118;BR-101/ES;Sul;Queda de Moto;0;0;0;0;1;0;0;;;;1;0;1;0;0
21/10/2016;17:28:00;391;Acidente sem vítima;212;BR-101/ES;Norte;Colisão Traseira;2;0;0;0;0;0;0;;;;3;0;0;0;0
21/10/2016;18:56:00;412;Acidente com vítima;355;BR-101/ES;Norte;Colisão Transversal;2;0;0;0;0;0;0;;;;0;2;1;0;0
21/10/2016;19:21:00;419;Acidente com vítima;146;BR-101/ES;Sul;Queda de Moto;0;0;0;0;1;0;0;;;;1;1;0;0;0
21/10/2016;20:23:00;438;Acidente sem vítima;268;BR-101/ES;Sul;Colisão Lateral;1;1;0;0;0;0;0;;;;4;0;0;0;0
21/10/2016;21:54:00;459;Acidente com vítima;268;BR-101/ES;Sul;Colisão Lateral;1;0;0;0;1;0;0;;;;1;1;0;0;0
21/10/2016;21:59:00;461;Acidente com vítima;296;BR-101/ES;Sul;Queda de Moto;0;0;0;0;1;0;0;;;;0;1;0;0;0