data;horario;n_da_ocorrencia;tipo_de_ocorrencia;km;trecho;sentido;tipo_de_acidente;automovel;bicicleta;caminhao;moto;onibus;outros;tracao_animal;transporte_de_cargas_especiais;trator_maquinas;utilitarios;ilesos;levemente_feridos;moderadamente_feridos;gravemente_feridos;mortos
22/10/2016;03:02:00;49;Acidente com vítima;264;BR-101/ES;Norte;Colisão Transversal;1;1;0;0;0;0;0;;;;3;0;1;0;0
22/10/2016;05:07:00;68;Acidente sem vítima;954;BR-101/BA;Sul;Atropelamento de Bovino;1;0;0;0;0;0;0;;;;4;0;0;0;0
22/10/2016;06:16:00;80;Acidente com morte;261;BR-101/ES;Sul;Colisão Transversal;1;0;0;1;0;0;0;;;;2;0;0;0;1
22/10/2016;08:24:00;112;Acidente com vítima;379;BR-101/ES;Norte;Colisão Lateral;0;2;0;0;0;0;0;;;;1;0;1;0;0
22/10/2016;09:24:00;124;Acidente com vítima;107;BR-101/ES;Sul;Queda de Moto;0;0;0;0;1;0;0;;;;0;2;0;0;0
22/10/2016;10:01:00;137;Acidente com vítima;283;BR-101/ES;Norte;Saída de Pista;1;0;0;0;0;0;0;;;;0;0;2;0;0
22/10/2016;10:20:00;145;Atropelamento sem morte;276;BR-101/ES;Sul;Atropelamento;2;0;0;0;0;0;0;;;;2;0;1;0;0
22/10/2016;11:14:00;168;Acidente com morte;280;BR-101/ES;Norte;Choque com Objeto Fixo;0;0;0;0;1;0;0;;;;0;0;0;0;1
22/10/2016;11:17:00;173;Acidente sem vítima;272;BR-101/ES;Sul;Colisão Frontal;2;0;0;0;0;0;0;;;;2;0;0;0;0
22/10/2016;11:23:00;175;Acidente sem vítima;346;BR-101/ES;Sul;Saída de Pista;1;0;0;0;0;0;0;;;;2;0;0;0;0
22/10/2016;11:24:00;176;Atropelamento sem morte;149;BR-101/ES;Norte;Atropelamento;0;0;0;0;1;0;0;;;;1;1;0;0;0
22/10/2016;13:01:00;212;Acidente sem vítima;393;BR-101/ES;Norte;Saída de Pista;1;0;0;0;0;0;0;;;;2;0;0;0;0
22/10/2016;13:36:00;221;Acidente sem vítima;377;BR-101/ES;Norte;Colisão Lateral;1;0;0;0;1;0;0;;;;2;0;0;0;0
22/10/2016;13:51:00;226;Acidente sem vítima;271;BR-101/ES;Sul;Colisão Traseira;2;0;0;0;0;0;0;;;;2;0;0;0;0
22/10/2016;14:39:00;236;Acidente com vítima;279;BR-101/ES;Norte;Tombamento;0;1;0;0;0;0;0;;;;2;0;1;0;0
22/10/2016;14:47:00;239;Acidente com vítima;145;BR-101/ES;Norte;Queda de Moto;0;0;0;0;1;0;0;;;;0;0;1;0;0
22/10/2016;16:22:00;272;Acidente com vítima;229;BR-101/ES;Norte;Choque com Objeto Fixo;0;0;0;0;1;0;0;;;;0;1;0;0;0
22/10/2016;17:34:00;299;Acidente sem vítima;146;BR-101/ES;Norte;Colisão Traseira;1;0;2;0;0;0;0;;;;3;0;0;0;0
22/10/2016;18:12:00;305;Acidente com morte;132,8;BR-101/ES;Sul;Colisão Frontal;3;0;0;0;0;0;0;;;;1;2;0;3;1
22/10/2016;19:17:00;313;Acidente sem vítima;290;BR-101/ES;Sul;Colisão Traseira;2;0;0;0;0;0;0;;;;2;0;0;0;0
22/10/2016;22:21:00;356;Atropelamento sem morte;156;BR-101/ES;Norte;Atropelamento e Fuga;1;0;0;0;0;0;0;;;;0;1;0;0;0
22/10/2016;23:07:00;365;Acidente sem vítima;142;BR-101/ES;Norte;Colisão Traseira;2;0;0;0;0;0;0;;;;8;0;0;0;0
23/10/2016;02:30:00;38;Acidente com vítima;209;BR-101/ES;Sul;Saída de Pista;1;0;0;0;0;0;0;;;;0;0;2;0;0
23/10/2016;04:57:00;70;Acidente sem vítima;271,5;BR-101/ES;Sul;Choque com Objeto Fixo;1;0;0;0;0;0;0;;;;2;0;0;0;0
23/10/2016;06:11:00;80;Acidente com vítima;150;BR-101/ES;Sul;Colisão Traseira;1;0;0;0;1;0;0;;;;1;1;0;0;0
23/10/2016;07:12:00;90;Acidente sem vítima;225;BR-101/ES;Norte;Saída de Pista;1;0;0;0;0;0;0;;;;1;0;0;0;0
23/10/2016;09:15:00;141;Acidente com vítima;354;BR-101/ES;Norte;Queda de Moto;0;0;0;0;1;0;0;;;;0;1;0;0;0
23/10/2016;11:45:00;212;Acidente com vítima;358;BR-101/ES;Sul;Queda de Moto;0;0;0;0;1;0;0;;;;0;2;0;0;0
23/10/2016;17:02:00;316;Acidente sem vítima;459;BR-101/ES;Sul;Colisão Lateral;0;2;1;0;0;0;0;;;;4;0;0;0;0
23/10/2016;17:42:00;328;Acidente sem vítima;301,9;BR-101/ES;Norte;Colisão Traseira;2;0;0;0;0;0;0;;;;4;0;0;0;0
23/10/2016;19:24:00;349;Acidente com vítima;421;BR-101/ES;Norte;Queda de Moto;0;0;0;0;1;0;0;;;;0;0;1;0;0
23/10/2016;20:01:00;357;Acidente com vítima;953;BR-101/BA;Sul;Saída de Pista;1;0;0;0;0;0;0;;;;1;0;1;0;0
23/10/2016;20:18:00;364;Acidente com vítima;139;BR-101/ES;Norte;Queda de Moto;0;0;0;0;1;0;0;;;;0;0;1;0;0
24/10/2016;06:52:00;86;Acidente com vítima;12;BR-101/ES;Sul;Queda de Moto;0;0;0;0;1;0;0;;;;0;1;0;0;0
24/10/2016;07:47:00;111;Acidente sem vítima;266;BR-101/ES;Sul;Colisão Traseira;2;0;0;0;0;0;0;;;;2;0;0;0;0
24/10/2016;09:01:00;131;Acidente sem vítima;104;BR-101/ES;Sul;Queda de Moto;0;0;0;0;1;0;0;;;;1;0;0;0;0
24/10/2016;10:31:00;188;Acidente com vítima;18;BR-101/ES;Sul;Queda de Moto;0;0;0;0;1;0;0;;;;0;0;1;0;0
24/10/2016;11:18:00;206;Acidente com vítima;270;BR-101/ES;Sul;Colisão Lateral;1;0;0;0;1;0;0;;;;1;0;1;0;0
24/10/2016;11:37:00;219;Acidente sem vítima;265;BR-101/ES;Sul;Colisão Traseira;1;1;0;0;0;0;0;;;;2;0;0;0;0
24/10/2016;15:30:00;314;Acidente com vítima;386;BR-101/ES;Sul;Tombamento;0;1;0;0;0;0;0;;;;1;1;0;0;0
24/10/2016;19:33:00;393;Acidente sem vítima;269;BR-101/ES;Norte;Colisão Lateral;1;0;2;0;0;0;0;;;;2;0;0;0;0
25/10/2016;07:17:00;85;Acidente com vítima;266;BR-101/ES;Sul;Choque;1;0;0;0;1;0;0;;;;1;0;1;0;0
25/10/2016;07:44:00;95;Acidente sem vítima;269;BR-101/ES;Norte;Veículo em Chamas;1;0;0;0;0;0;0;;;;1;0;0;0;0
25/10/2016;11:29:00;190;Acidente sem vítima;282;BR-101/ES;Sul;Choque com Objeto Fixo;1;0;0;0;0;0;0;;;;1;0;0;0;0
25/10/2016;14:06:00;279;Acidente sem vítima;386;BR-101/ES;Norte;Colisão Transversal;0;0;0;0;2;0;0;;;;2;0;0;0;0
25/10/2016;15:26:00;306;Acidente com vítima;334;BR-101/ES;Norte;Saída de Pista;0;0;2;0;0;0;0;;;;0;1;2;0;0
25/10/2016;15:39:00;309;Acidente sem vítima;334,5;BR-101/ES;Sul;Veículo em Chamas;0;1;0;0;0;0;0;;;;1;0;0;0;0
25/10/2016;19:04:00;368;Acidente sem vítima;50;BR-101/ES;Norte;Choque;2;0;3;0;0;0;0;;;;6;0;0;0;0
25/10/2016;20:19:00;384;Acidente com vítima;108;BR-101/ES;Norte;Queda de Moto;0;0;0;0;1;0;0;;;;0;1;0;0;0
25/10/2016;22:18:00;406;Acidente com vítima;67,8;BR-101/ES;Norte;Colisão Lateral;2;0;0;0;0;0;0;;;;2;1;0;0;0
25/10/2016;23:10:00;417;Acidente com vítima;298;BR-101/ES;Sul;Colisão Transversal;2;0;0;0;0;0;0;;;;1;0;3;0;0
26/10/2016;08:59:00;134;Acidente sem vítima;401;BR-101/ES;Sul;Saída de Pista;1;0;0;0;0;0;0;;;;2;0;0;0;0
26/10/2016;09:49:00;149;Atropelamento sem morte;337;BR-101/ES;Sul;Atropelamento;0;1;0;0;0;0;0;;;;2;1;0;0;0
26/10/2016;10:30:00;163;Acidente sem vítima;949;BR-101/BA;Norte;Saída de Pista;1;0;0;0;0;0;0;;;;2;0;0;0;0
26/10/2016;17:12:00;344;Acidente sem vítima;295,8;BR-101/ES;Norte;Colisão Traseira;2;0;0;0;0;0;0;;;;4;0;0;0;0
26/10/2016;17:20:00;346;Acidente com morte;64;BR-101/ES;Sul;Colisão Transversal;1;2;1;0;0;0;0;;;;0;1;1;0;2
26/10/2016;17:32:00;351;Acidente com vítima;299;BR-101/ES;Norte;Colisão Traseira;1;0;0;0;1;0;0;;;;3;0;1;0;0
26/10/2016;19:37:00;374;Atropelamento sem morte;94;BR-101/ES;Sul;Atropelamento;1;0;0;0;0;0;0;;;;1;1;0;0;0
26/10/2016;22:37:00;399;Acidente sem vítima;58;BR-101/ES;Norte;Queda de Moto;0;0;0;0;1;0;0;;;;2;0;0;0;0
26/10/2016;22:44:00;401;Acidente com vítima;268;BR-101/ES;Sul;Colisão Traseira;2;0;0;0;1;0;0;;;;1;0;1;0;0
27/10/2016;07:39:00;98;Acidente sem vítima;255;BR-101/ES;Sul;Colisão Traseira;2;0;0;1;0;0;0;;;;3;0;0;0;0
27/10/2016;07:58:00;107;Acidente sem vítima;298;BR-101/ES;Norte;Colisão Traseira;1;0;3;0;0;0;0;;;;3;0;0;0;0
27/10/2016;08:12:00;112;Acidente com vítima;299;BR-101/ES;Norte;Queda de Moto;1;0;0;0;0;0;0;;;;0;1;1;0;0
27/10/2016;08:20:00;117;Acidente sem vítima;270;BR-101/ES;Norte;Colisão Lateral;1;0;1;0;0;0;0;;;;2;0;0;0;0
27/10/2016;08:26:00;120;Acidente com vítima;36;BR-101/ES;Sul;Colisão Lateral;1;0;0;0;1;0;0;;;;3;0;1;0;0
27/10/2016;09:34:00;153;Acidente sem vítima;269;BR-101/ES;Sul;Engavetamento;3;0;0;0;0;0;0;;;;3;0;0;0;0
27/10/2016;11:27:00;213;Acidente com vítima;69,5;BR-101/ES;Norte;Queda de Moto;0;0;0;0;1;0;0;;;;0;0;1;0;0
27/10/2016;12:43:00;255;Acidente com vítima;215;BR-101/ES;Sul;Colisão Transversal;2;0;0;0;0;0;0;;;;2;1;0;0;0
27/10/2016;16:10:00;326;Acidente com vítima;14;BR-101/ES;Sul;Tombamento;0;0;2;0;0;0;0;;;;0;0;1;0;0
27/10/2016;16:39:00;337;Acidente sem vítima;205;BR-101/ES;Sul;Colisão Transversal;2;0;0;0;0;0;0;;;;5;0;0;0;0
27/10/2016;20:23:00;385;Atropelamento sem morte;267;BR-101/ES;Norte;Atropelamento;0;0;2;0;0;0;0;;;;1;0;1;0;0
28/10/2016;09:24:00;169;Acidente com vítima;267;BR-101/ES;Norte;Queda de Moto;0;0;0;0;1;0;0;;;;0;0;1;0;0
28/10/2016;10:41:00;193;Atropelamento sem morte;269;BR-101/ES;Sul;Atropelamento;0;0;0;0;1;0;0;;;;0;0;2;0;0
28/10/2016;13:39:00;298;Atropelamento sem morte;230;BR-101/ES;Sul;Atropelamento;0;0;0;0;1;0;0;;;;2;0;0;0;0
28/10/2016;16:03:00;346;Acidente com vítima;358,5;BR-101/ES;Sul;Queda de Moto;0;0;0;0;1;0;0;;;;0;0;1;0;0
28/10/2016;16:19:00;356;Acidente sem vítima;267;BR-101/ES;Norte;Colisão Traseira;0;2;0;0;0;0;0;;;;5;0;0;0;0
28/10/2016;16:47:00;365;Acidente sem vítima;425,8;BR-101/ES;Sul;Tombamento;0;0;2;0;0;0;0;;;;2;0;0;0;0
28/10/2016;17:49:00;389;Acidente sem vítima;307;BR-101/ES;Norte;Saída de Pista;1;0;0;0;0;0;0;;;;4;0;0;0;0
28/10/2016;19:24:00;413;Acidente com vítima;203;BR-101/ES;Sul;Colisão Transversal;1;1;0;0;0;0;0;;;;2;1;0;0;0
28/10/2016;21:48:00;446;Acidente com vítima;209;BR-101/ES;Sul;Queda de Moto;0;0;0;0;1;0;0;;;;1;0;1;0;0
28/10/2016;22:02:00;452;Acidente com vítima;267;BR-101/ES;Norte;Colisão Lateral;1;0;2;0;0;0;0;;;;1;1;0;0;0
28/10/2016;22:28:00;458;Acidente sem vítima;126;BR-101/ES;Norte;Colisão Traseira;2;0;0;0;0;0;0;;;;5;0;0;0;0
28/10/2016;23:50:00;472;Acidente com vítima;375;BR-101/ES;Sul;Colisão Traseira;2;0;0;0;0;0;0;;;;2;1;0;0;0
29/10/2016;03:10:00;47;Acidente sem vítima;343;BR-101/ES;Norte;Capotamento;1;0;0;0;0;0;0;;;;1;0;0;0;0
29/10/2016;04:10:00;59;Acidente com vítima;188;BR-101/ES;Sul;Choque com Objeto Fixo;1;0;0;0;0;0;0;;;;1;1;0;0;0
29/10/2016;07:22:00;88;Acidente sem vítima;403;BR-101/ES;Norte;Tombamento;0;1;1;0;0;0;0;;;;1;0;0;0;0
29/10/2016;07:31:00;91;Acidente sem vítima;262;BR-101/ES;Sul;Colisão Traseira;2;0;0;0;0;0;0;;;;4;0;0;0;0
29/10/2016;07:38:00;92;Acidente sem vítima;278;BR-101/ES;Sul;Saída de Pista;1;0;0;0;0;0;0;;;;1;0;0;0;0
29/10/2016;07:53:00;98;Acidente sem vítima;405;BR-101/ES;Norte;Colisão Traseira;0;1;2;0;0;0;0;;;;2;0;0;0;0
29/10/2016;08:19:00;107;Acidente sem vítima;278;BR-101/ES;Sul;Choque com Objeto Fixo;0;1;0;0;0;0;0;;;;2;0;0;0;0
29/10/2016;12:53:00;220;Acidente com vítima;343;BR-101/ES;Sul;Saída de Pista;1;0;0;0;0;0;0;;;;0;1;0;0;0
29/10/2016;13:29:00;226;Acidente sem vítima;210;BR-101/ES;Sul;Colisão Lateral;1;0;0;1;0;0;0;;;;5;0;0;0;0
29/10/2016;16:45:00;291;Acidente com vítima;257;BR-101/ES;Norte;Colisão Lateral;2;0;0;0;0;0;0;;;;5;0;0;1;0
29/10/2016;17:20:00;298;Acidente sem vítima;230;BR-101/ES;Sul;Engavetamento;1;1;2;0;0;0;0;;;;4;0;0;0;0
29/10/2016;18:37:00;313;Acidente sem vítima;272;BR-101/ES;Norte;Colisão Lateral;1;0;0;1;0;0;0;;;;2;0;0;0;0
29/10/2016;19:10:00;317;Acidente sem vítima;274;BR-101/ES;Sul;Saída de Pista;1;0;0;0;0;0;0;;;;4;0;0;0;0
29/10/2016;19:47:00;326;Acidente sem vítima;255;BR-101/ES;Sul;Colisão Traseira;2;0;0;0;0;0;0;;;;9;0;0;0;0
29/10/2016;21:54:00;354;Acidente sem vítima;269;BR-101/ES;Sul;Colisão Traseira;2;0;0;0;0;0;0;;;;2;0;0;0;0
30/10/2016;03:52:00;61;Acidente com vítima;295;BR-101/ES;Norte;Queda de Moto;0;0;0;0;1;0;0;;;;0;1;0;0;0
30/10/2016;03:54:00;62;Acidente sem vítima;263,5;BR-101/ES;Norte;Colisão Transversal;2;0;0;0;0;0;0;;;;2;0;0;0;0
30/10/2016;05:24:00;73;Atropelamento sem morte;268;BR-101/ES;Sul;Atropelamento;0;0;0;1;0;0;0;;;;2;0;1;0;0
30/10/2016;11:09:00;142;Acidente sem vítima;290;BR-101/ES;Norte;Saída de Pista;4;0;2;0;0;0;0;;;;8;0;0;0;0
30/10/2016;13:05:00;184;Acidente sem vítima;8;BR-101/ES;Norte;Saída de Pista;1;0;0;0;0;0;0;;;;1;0;0;0;0
30/10/2016;13:40:00;197;Acidente com vítima;386;BR-101/ES;Sul;Tombamento;1;0;0;0;0;0;0;;;;2;1;1;0;0
30/10/2016;14:11:00;207;Acidente sem vítima;300;BR-101/ES;Norte;Choque com Objeto Fixo;1;0;0;0;0;0;0;;;;2;0;0;0;0
30/10/2016;19:27:00;276;Acidente sem vítima;264;BR-101/ES;Sul;Choque com Objeto Fixo;0;1;0;0;0;0;0;;;;1;0;0;0;0
31/10/2016;10:05:00;167;Acidente sem vítima;283;BR-101/ES;Sul;Colisão Frontal;2;0;0;0;0;0;0;;;;3;0;0;0;0
31/10/2016;11:18:00;214;Acidente com vítima;292;BR-101/ES;Norte;Colisão;1;0;0;0;0;1;0;;;;3;1;0;0;0
31/10/2016;13:26:00;274;Acidente sem vítima;43;BR-101/ES;Sul;Queda de Moto;0;0;0;0;1;0;0;;;;1;0;0;0;0
31/10/2016;13:59:00;294;Acidente com vítima;265;BR-101/ES;Norte;Colisão Lateral;2;0;0;0;1;0;0;;;;3;0;1;0;0
31/10/2016;15:18:00;324;Acidente sem vítima;383,2;BR-101/ES;Sul;Saída de Pista;1;0;0;0;0;0;0;;;;1;0;0;0;0
31/10/2016;15:44:00;332;Acidente sem vítima;424;BR-101/ES;Norte;Saída de Pista;2;0;0;0;0;0;0;;;;5;0;0;0;0
31/10/2016;17:37:00;359;Acidente sem vítima;408;BR-101/ES;Sul;Tombamento;0;0;2;0;0;0;0;;;;1;0;0;0;0
31/10/2016;18:04:00;363;Acidente com morte;212;BR-101/ES;Sul;Colisão Frontal;1;0;0;1;0;0;0;;;;9;1;0;0;1
31/10/2016;21:02:00;388;Acidente sem vítima;295;BR-101/ES;Sul;Choque com Objeto Fixo;1;0;0;0;0;0;0;;;;2;0;0;0;0
01/11/2016;07:16:00;81;Acidente sem vítima;270;BR-101/ES;Norte;Colisão Traseira;1;0;3;0;0;0;0;;;;4;0;0;0;0
01/11/2016;11:51:00;220;Acidente com vítima;298;BR-101/ES;Norte;Queda de Moto;0;0;0;0;1;0;0;;;;0;0;1;0;0
01/11/2016;14:27:00;284;Acidente sem vítima;135;BR-101/ES;Norte;Colisão Traseira;1;0;2;0;0;0;0;;;;4;0;0;0;0
02/11/2016;00:01:00;1;Acidente com vítima;14;BR-101/ES;Sul;Queda de Moto;0;0;0;0;1;0;0;;;;0;0;1;0;0
02/11/2016;03:19:00;55;Acidente sem vítima;287;BR-101/ES;Norte;Saída de Pista;1;0;0;0;0;0;0;;;;1;0;0;0;0
02/11/2016;07:15:00;72;Acidente sem vítima;258;BR-101/ES;Sul;Choque com Objeto Fixo;1;0;0;0;0;0;0;;;;2;0;0;0;0
02/11/2016;08:39:00;88;Acidente com vítima;363;BR-101/ES;Norte;Colisão Lateral;1;0;2;0;0;0;0;;;;1;1;1;0;0
02/11/2016;09:33:00;96;Acidente sem vítima;259;BR-101/ES;Norte;Saída de Pista;1;0;0;0;0;0;0;;;;1;0;0;0;0
02/11/2016;09:52:00;102;Acidente sem vítima;273;BR-101/ES;Norte;Colisão Traseira;1;1;0;0;0;0;0;;;;6;0;0;0;0
02/11/2016;10:07:00;107;Acidente sem vítima;346;BR-101/ES;Sul;Colisão Lateral;1;0;2;0;0;0;0;;;;2;0;0;0;0
02/11/2016;12:08:00;153;Acidente sem vítima;335;BR-101/ES;Norte;Tombamento;0;0;2;0;0;0;0;;;;1;0;0;0;0
02/11/2016;17:23:00;242;Acidente sem vítima;135;BR-101/ES;Norte;Colisão Traseira;1;0;1;0;0;0;0;;;;2;0;0;0;0
02/11/2016;20:38:00;269;Acidente com vítima;269;BR-101/ES;Sul;Colisão Transversal;0;0;0;0;2;0;0;;;;2;0;1;0;0
03/11/2016;05:46:00;71;Acidente sem vítima;143;BR-101/ES;Sul;Colisão Transversal;2;0;0;0;0;0;0;;;;2;0;0;0;0
03/11/2016;07:56:00;97;Acidente sem vítima;270;BR-101/ES;Norte;Colisão Lateral;1;1;0;0;0;0;0;;;;3;0;0;0;0
03/11/2016;08:03:00;103;Atropelamento sem morte;335,5;BR-101/ES;Sul;Atropelamento;1;0;0;0;0;0;0;;;;3;0;0;1;0
03/11/2016;09:59:00;146;Acidente sem vítima;176;BR-101/ES;Sul;Colisão Traseira;2;1;0;0;0;0;0;;;;3;0;0;0;0
03/11/2016;10:10:00;147;Acidente sem vítima;257;BR-101/ES;Sul;Veículo em Chamas;1;0;0;0;0;0;0;;;;1;0;0;0;0
03/11/2016;12:23:00;250;Acidente sem vítima;270;BR-101/ES;Norte;Colisão Lateral;1;0;2;0;0;0;0;;;;3;0;0;0;0
03/11/2016;16:20:00;331;Acidente sem vítima;148;BR-101/ES;Norte;Colisão Lateral;2;0;0;0;0;0;0;;;;4;0;0;0;0
03/11/2016;22:14:00;394;Acidente com vítima;263;BR-101/ES;Norte;Colisão Lateral;1;0;0;0;1;0;0;;;;0;1;0;0;0
04/11/2016;11:54:00;251;Acidente sem vítima;377;BR-101/ES;Norte;Colisão Transversal;2;0;0;0;0;0;0;;;;6;0;0;0;0
04/11/2016;15:58:00;328;Acidente com morte;210;BR-101/ES;Norte;Colisão Frontal;3;0;0;0;0;0;0;;;;2;0;0;2;3
04/11/2016;16:01:00;330;Acidente sem vítima;289;BR-101/ES;Sul;Colisão Lateral;1;0;2;0;0;0;0;;;;2;0;0;0;0
04/11/2016;16:12:00;335;Acidente com vítima;147;BR-101/ES;Sul;Colisão Traseira;1;0;0;0;1;0;0;;;;1;1;0;0;0
04/11/2016;17:49:00;354;Acidente com vítima;145;BR-101/ES;Norte;Colisão Lateral;0;1;0;0;1;0;0;;;;1;1;0;0;0
04/11/2016;19:01:00;364;Acidente com vítima;288;BR-101/ES;Norte;Colisão Transversal;3;0;0;0;0;0;0;;;;3;1;0;0;0
04/11/2016;20:02:00;374;Acidente sem vítima;51;BR-101/ES;Norte;Colisão Traseira;2;0;0;0;0;0;0;;;;5;0;0;0;0
04/11/2016;20:04:00;375;Acidente sem vítima;461;BR-101/ES;Sul;Choque com Objeto Fixo;0;0;2;0;0;0;0;;;;1;0;0;0;0
04/11/2016;20:33:00;381;Acidente com vítima;289;BR-101/ES;Sul;Queda de Moto;0;0;0;0;1;0;0;;;;0;1;0;0;0
04/11/2016;23:22:00;415;Acidente sem vítima;294;BR-101/ES;Sul;Colisão Lateral;2;0;0;0;0;0;0;;;;3;0;0;0;0
05/11/2016;00:56:00;14;Acidente com vítima;145;BR-101/ES;Norte;Capotamento;1;0;0;0;0;0;0;;;;0;2;0;0;0
05/11/2016;09:41:00;132;Acidente sem vítima;271;BR-101/ES;Norte;Colisão Lateral;1;0;2;0;0;0;0;;;;2;0;0;0;0
05/11/2016;10:11:00;138;Acidente com vítima;264;BR-101/ES;Sul;Colisão Traseira;2;0;0;0;0;0;0;;;;5;1;1;0;0
05/11/2016;10:33:00;145;Acidente com vítima;233;BR-101/ES;Norte;Colisão Frontal;2;0;0;0;0;0;0;;;;0;1;4;0;0
05/11/2016;12:27:00;204;Acidente sem vítima;67;BR-101/ES;Sul;Engavetamento;3;0;0;0;0;0;0;;;;3;0;0;0;0
05/11/2016;12:43:00;210;Acidente com vítima;229;BR-101/ES;Norte;Engavetamento;3;0;0;0;0;0;0;;;;2;1;0;0;0
05/11/2016;13:04:00;219;Acidente com vítima;146;BR-101/ES;Norte;Colisão Traseira;1;0;0;0;1;0;0;;;;1;1;0;0;0
05/11/2016;18:54:00;327;Acidente com vítima;15;BR-101/ES;Norte;Queda de Moto;0;0;0;0;1;0;0;;;;0;1;0;0;0
05/11/2016;20:01:00;339;Acidente sem vítima;295;BR-101/ES;Norte;Colisão Traseira;2;0;0;0;0;0;0;;;;3;0;0;0;0
05/11/2016;21:41:00;361;Atropelamento sem morte;295;BR-101/ES;Norte;Atropelamento;0;0;0;0;1;0;0;;;;1;0;1;0;0
05/11/2016;22:35:00;370;Acidente sem vítima;286;BR-101/ES;Sul;Saída de Pista;1;0;0;0;0;0;0;;;;1;0;0;0;0
06/11/2016;03:28:00;51;Acidente com morte;89;BR-101/ES;Sul;Colisão Traseira;0;0;1;0;1;0;0;;;;0;0;0;0;1
06/11/2016;04:40:00;61;Acidente sem vítima;180;BR-101/ES;Norte;Colisão Lateral;1;0;0;1;0;0;0;;;;14;0;0;0;0
06/11/2016;05:00:00;62;Acidente com vítima;148;BR-101/ES;Norte;Queda de Moto;0;0;0;0;1;0;0;;;;0;1;0;0;0
06/11/2016;07:21:00;78;Acidente sem vítima;295,5;BR-101/ES;Sul;Colisão Traseira;2;0;0;0;0;0;0;;;;5;0;0;0;0
06/11/2016;08:11:00;87;Acidente sem vítima;259;BR-101/ES;Norte;Saída de Pista;1;0;0;0;0;0;0;;;;4;0;0;0;0
06/11/2016;15:36:00;234;Acidente com vítima;142;BR-101/ES;Norte;Queda de Moto;0;0;0;0;1;0;0;;;;1;1;0;0;0
06/11/2016;16:11:00;238;Acidente com vítima;402;BR-101/ES;Sul;Colisão Transversal;1;0;2;0;0;0;0;;;;1;1;1;0;0
06/11/2016;20:40:00;296;Acidente sem vítima;297;BR-101/ES;Norte;Veículo em Chamas;0;1;0;0;0;0;0;;;;1;0;0;0;0
07/11/2016;01:45:00;28;Acidente sem vítima;110;BR-101/ES;Sul;Queda de ciclista;0;0;0;0;0;1;0;;;;1;0;0;0;0
07/11/2016;05:13:00;59;Acidente sem vítima;258;BR-101/ES;Norte;Saída de Pista;1;0;0;0;0;0;0;;;;1;0;0;0;0
07/11/2016;05:19:00;61;Acidente sem vítima;298;BR-101/ES;Sul;Queda de Moto;1;0;0;0;1;0;0;;;;3;0;0;0;0
07/11/2016;05:26:00;64;Acidente sem vítima;206;BR-101/ES;Sul;Saída de Pista;1;0;0;0;0;0;0;;;;3;0;0;0;0
07/11/2016;06:12:00;71;Acidente sem vítima;289;BR-101/ES;Sul;Saída de Pista;1;0;0;0;0;0;0;;;;1;0;0;0;0
07/11/2016;07:16:00;87;Acidente sem vítima;223;BR-101/ES;Sul;Engavetamento;1;2;0;0;0;0;0;;;;4;0;0;0;0
07/11/2016;08:38:00;120;Acidente com vítima;2;BR-101/ES;Norte;Saída de Pista;0;0;2;0;0;0;0;;;;1;0;1;0;0
07/11/2016;10:44:00;171;Acidente sem vítima;293,5;BR-101/ES;Sul;Colisão Traseira;1;0;2;0;0;0;0;;;;3;0;0;0;0
07/11/2016;11:36:00;197;Acidente com vítima;281;BR-101/ES;Sul;Saída de Pista;1;0;0;0;0;0;0;;;;0;0;1;0;0
07/11/2016;12:16:00;215;Acidente sem vítima;68;BR-101/ES;Norte;Colisão Lateral;2;0;0;0;0;0;0;;;;2;0;0;0;0
07/11/2016;12:38:00;222;Acidente sem vítima;281;BR-101/ES;Sul;Choque com Objeto Fixo;1;0;0;0;0;0;0;;;;1;0;0;0;0
07/11/2016;13:33:00;240;Acidente com vítima;148;BR-101/ES;Norte;Colisão Lateral;2;0;0;0;1;0;0;;;;2;1;0;0;0
07/11/2016;15:19:00;295;Atropelamento sem morte;366,3;BR-101/ES;Norte;Atropelamento;0;1;0;0;0;0;0;;;;1;1;0;0;0
07/11/2016;16:25:00;333;Acidente sem vítima;939;BR-101/BA;Sul;Colisão Lateral;2;0;0;0;0;0;0;;;;4;0;0;0;0
07/11/2016;16:41:00;338;Acidente sem vítima;110;BR-101/ES;Sul;Engavetamento;1;2;1;0;0;0;0;;;;4;0;0;0;0
07/11/2016;18:31:00;367;Acidente sem vítima;149;BR-101/ES;Norte;Choque com Objeto Fixo;0;0;3;0;0;0;0;;;;1;0;0;0;0
07/11/2016;18:36:00;369;Acidente sem vítima;274;BR-101/ES;Sul;Choque;1;0;0;0;0;0;0;;;;1;0;0;0;0
07/11/2016;20:30:00;385;Acidente com vítima;259;BR-101/ES;Sul;Colisão Traseira;0;1;0;0;1;0;0;;;;1;0;0;1;0
07/11/2016;20:33:00;386;Acidente com vítima;174;BR-101/ES;Sul;Choque com Veículo Estacionado;0;0;2;0;1;0;0;;;;1;0;0;1;0
07/11/2016;23:34:00;411;Acidente sem vítima;259;BR-101/ES;Norte;Choque com Objeto Fixo;1;0;0;0;0;0;0;;;;1;0;0;0;0