data;horario;n_da_ocorrencia;tipo_de_ocorrencia;km;trecho;sentido;tipo_de_acidente;automovel;bicicleta;caminhao;moto;onibus;outros;tracao_animal;transporte_de_cargas_especiais;trator_maquinas;utilitarios;ilesos;levemente_feridos;moderadamente_feridos;gravemente_feridos;mortos
08/11/2016;06:29:00;68;Acidente sem vítima;266;BR-101/ES;Sul;Engavetamento;3;0;0;0;0;0;0;;;;9;0;0;0;0
08/11/2016;07:33:00;97;Acidente sem vítima;266;BR-101/ES;Sul;Engavetamento;3;0;0;0;0;0;0;;;;3;0;0;0;0
08/11/2016;08:06:00;105;Acidente sem vítima;255;BR-101/ES;Sul;Colisão Traseira;2;0;0;0;0;0;0;;;;1;0;0;0;0
08/11/2016;09:47:00;168;Acidente sem vítima;265;BR-101/ES;Sul;Colisão Traseira;1;0;2;0;0;0;0;;;;5;0;0;0;0
08/11/2016;11:19:00;214;Acidente com morte;147;BR-101/ES;Sul;Colisão;0;0;1;0;0;1;0;;;;0;0;0;0;1
08/11/2016;11:23:00;215;Acidente sem vítima;270;BR-101/ES;Norte;Colisão Traseira;1;1;0;0;0;0;0;;;;2;0;0;0;0
08/11/2016;12:53:00;251;Acidente sem vítima;297;BR-101/ES;Sul;Colisão Traseira;0;1;2;0;0;0;0;;;;2;0;0;0;0
08/11/2016;12:54:00;252;Acidente sem vítima;241;BR-101/ES;Sul;Saída de Pista;1;0;0;0;0;0;0;;;;3;0;0;0;0
08/11/2016;14:57:00;303;Acidente sem vítima;275;BR-101/ES;Sul;Saída de Pista;1;0;0;0;0;0;0;;;;1;0;0;0;0
08/11/2016;17:02:00;339;Acidente sem vítima;270;BR-101/ES;Sul;Colisão Traseira;2;0;0;0;0;0;0;;;;2;0;0;0;0
08/11/2016;17:11:00;341;Acidente com vítima;294;BR-101/ES;Norte;Tombamento;1;0;0;0;0;0;0;;;;1;0;1;0;0
09/11/2016;01:35:00;20;Acidente sem vítima;269;BR-101/ES;Sul;Choque com Objeto Fixo;2;0;0;0;0;0;0;;;;1;0;0;0;0
09/11/2016;03:38:00;43;Acidente sem vítima;311,6;BR-101/ES;Norte;Saída de Pista;1;0;0;0;0;0;0;;;;1;0;0;0;0
09/11/2016;07:44:00;76;Acidente sem vítima;262;BR-101/ES;Sul;Engavetamento;4;0;0;0;0;0;0;;;;4;0;0;0;0
09/11/2016;08:00:00;82;Acidente com vítima;448;BR-101/ES;Sul;Tombamento;0;0;2;0;0;0;0;;;;0;0;1;0;0
09/11/2016;08:45:00;92;Acidente sem vítima;269;BR-101/ES;Sul;Colisão Traseira;2;0;0;0;0;0;0;;;;3;0;0;0;0
09/11/2016;08:53:00;96;Acidente com vítima;230;BR-101/ES;Sul;Colisão Traseira;1;1;0;0;0;0;0;;;;4;1;0;0;0
09/11/2016;09:18:00;98;Acidente com vítima;385;BR-101/ES;Sul;Choque com Objeto Fixo;1;0;0;0;0;0;0;;;;0;0;1;0;0
09/11/2016;11:58:00;195;Acidente com vítima;65;BR-101/ES;Sul;Colisão;1;0;0;0;0;1;0;;;;1;0;1;0;0
09/11/2016;13:24:00;235;Acidente sem vítima;298;BR-101/ES;Sul;Colisão Traseira;2;0;0;0;0;0;0;;;;4;0;0;0;0
09/11/2016;14:36:00;271;Acidente sem vítima;38;BR-101/ES;Norte;Colisão Transversal;2;0;0;0;0;0;0;;;;5;0;0;0;0
09/11/2016;14:48:00;276;Acidente sem vítima;264;BR-101/ES;Sul;Colisão Lateral;3;1;0;0;0;0;0;;;;6;0;0;0;0
09/11/2016;15:56:00;291;Acidente com vítima;159;BR-101/ES;Sul;Colisão Transversal;1;0;0;0;1;0;0;;;;2;1;0;0;0
09/11/2016;21:28:00;366;Acidente sem vítima;282;BR-101/ES;Sul;Queda de Moto;0;0;0;0;1;0;0;;;;1;0;0;0;0
10/11/2016;00:48:00;9;Acidente sem vítima;237;BR-101/ES;Sul;Saída de Pista;1;0;0;0;0;0;0;;;;3;0;0;0;0
10/11/2016;06:37:00;65;Acidente com vítima;266;BR-101/ES;Sul;Colisão Lateral;2;0;0;0;0;0;0;;;;1;0;1;0;0
10/11/2016;07:04:00;72;Acidente com vítima;183,8;BR-101/ES;Norte;Colisão Frontal;1;1;4;0;0;0;0;;;;0;3;2;1;0
10/11/2016;07:56:00;87;Acidente com vítima;68;BR-101/ES;Norte;Queda de Moto;0;0;0;0;1;0;0;;;;0;1;0;0;0
10/11/2016;08:10:00;89;Acidente sem vítima;237;BR-101/ES;Norte;Saída de Pista;1;0;0;0;0;0;0;;;;1;0;0;0;0
10/11/2016;14:46:00;294;Acidente sem vítima;294;BR-101/ES;Sul;Colisão Traseira;1;1;0;0;0;0;0;;;;2;0;0;0;0
10/11/2016;19:05:00;365;Acidente sem vítima;279;BR-101/ES;Norte;Colisão Lateral;1;1;0;0;0;0;0;;;;2;0;0;0;0
10/11/2016;20:59:00;390;Acidente sem vítima;242;BR-101/ES;Norte;Choque com Objeto Fixo;0;1;0;0;0;0;0;;;;1;0;0;0;0
10/11/2016;22:38:00;403;Acidente sem vítima;270;BR-101/ES;Norte;Colisão Traseira;1;1;0;0;0;0;0;;;;5;0;0;0;0
10/11/2016;22:38:00;404;Acidente com vítima;408;BR-101/ES;Norte;Saída de Pista;0;1;0;0;0;0;0;;;;0;1;0;0;0
11/11/2016;02:20:00;31;Acidente sem vítima;289;BR-101/ES;Norte;Veículo em Chamas;1;0;0;0;0;0;0;;;;1;0;0;0;0
11/11/2016;03:13:00;42;Acidente sem vítima;270;BR-101/ES;Norte;Choque com Objeto Fixo;1;0;0;0;0;0;0;;;;1;0;0;0;0
11/11/2016;03:28:00;44;Acidente sem vítima;149;BR-101/ES;Sul;Choque com Objeto Fixo;1;0;0;0;0;0;0;;;;2;0;0;0;0
11/11/2016;05:00:00;68;Acidente com vítima;17,7;BR-101/ES;Sul;Tombamento;0;0;2;0;0;0;0;;;;0;1;0;0;0
11/11/2016;09:39:00;148;Acidente com vítima;293;BR-101/ES;Norte;Choque com Objeto Fixo;3;0;0;0;0;0;0;;;;2;1;0;0;0
11/11/2016;11:20:00;181;Acidente com vítima;127;BR-101/ES;Sul;Colisão Transversal;1;0;0;0;1;0;0;;;;1;0;1;0;0
11/11/2016;11:28:00;185;Acidente sem vítima;210;BR-101/ES;Norte;Colisão Lateral;1;0;3;0;0;0;0;;;;6;0;0;0;0
11/11/2016;12:12:00;212;Acidente sem vítima;269;BR-101/ES;Sul;Colisão Traseira;0;2;0;0;0;0;0;;;;2;0;0;0;0
11/11/2016;19:57:00;366;Acidente sem vítima;190;BR-101/ES;Sul;Capotamento;1;0;0;0;0;0;0;;;;1;0;0;0;0
11/11/2016;20:41:00;373;Acidente com vítima;414;BR-101/ES;Sul;Colisão Frontal;1;0;0;0;1;0;0;;;;1;1;1;0;0
11/11/2016;21:15:00;382;Acidente sem vítima;358;BR-101/ES;Norte;Saída de Pista;1;0;0;0;0;0;0;;;;5;0;0;0;0
12/11/2016;06:31:00;77;Acidente sem vítima;154;BR-101/ES;Sul;Saída de Pista;1;0;0;0;0;0;0;;;;3;0;0;0;0
12/11/2016;06:35:00;79;Acidente sem vítima;454;BR-101/ES;Norte;Veículo em Chamas;1;0;0;0;0;0;0;;;;4;0;0;0;0
12/11/2016;07:14:00;94;Acidente com vítima;944;BR-101/BA;Norte;Colisão Transversal;1;0;3;0;0;0;0;;;;2;3;0;0;0
12/11/2016;07:19:00;97;Acidente com vítima;119;BR-101/ES;Norte;Queda de Moto;0;0;0;0;1;0;0;;;;0;2;0;0;0
12/11/2016;09:18:00;145;Acidente com vítima;55,8;BR-101/ES;Norte;Colisão Lateral;1;0;0;0;0;0;0;;;;0;2;2;0;0
12/11/2016;09:52:00;155;Acidente sem vítima;269;BR-101/ES;Norte;Colisão Transversal;2;0;0;0;0;0;0;;;;2;0;0;0;0
12/11/2016;11:26:00;200;Acidente sem vítima;304;BR-101/ES;Sul;Colisão Traseira;2;0;0;0;0;0;0;;;;2;0;0;0;0
12/11/2016;11:53:00;217;Acidente com vítima;149;BR-101/ES;Sul;Colisão Transversal;1;0;0;0;1;0;0;;;;3;2;0;0;0
12/11/2016;13:51:00;261;Acidente sem vítima;399;BR-101/ES;Sul;Colisão Traseira;1;0;2;0;0;0;0;;;;6;0;0;0;0
12/11/2016;13:54:00;263;Acidente com vítima;37;BR-101/ES;Norte;Queda de Moto;0;0;0;0;1;0;0;;;;0;1;0;0;0
12/11/2016;14:58:00;282;Acidente sem vítima;430;BR-101/ES;Norte;Choque com Objeto Fixo;1;0;0;0;0;0;0;;;;1;0;0;0;0
12/11/2016;15:11:00;291;Acidente com vítima;438;BR-101/ES;Norte;Colisão Frontal;2;0;0;0;0;0;0;;;;1;0;2;0;0
12/11/2016;16:50:00;326;Acidente sem vítima;360,5;BR-101/ES;Sul;Saída de Pista;1;0;0;0;0;0;0;;;;2;0;0;0;0
12/11/2016;17:34:00;337;Acidente com vítima;42;BR-101/ES;Norte;Colisão Lateral;0;0;2;0;1;0;0;;;;1;0;2;0;0
12/11/2016;19:02:00;358;Acidente sem vítima;204;BR-101/ES;Norte;Colisão Transversal;1;0;0;0;1;0;0;;;;2;0;0;0;0
12/11/2016;20:04:00;374;Acidente com vítima;162;BR-101/ES;Norte;Colisão Transversal;1;0;0;0;1;0;0;;;;1;1;1;0;0
13/11/2016;00:02:00;2;Acidente sem vítima;225,3;BR-101/ES;Sul;Saída de Pista;1;0;0;0;0;0;0;;;;4;0;0;0;0
13/11/2016;05:51:00;64;Acidente com vítima;144;BR-101/ES;Norte;Colisão;0;0;0;0;1;1;0;;;;1;1;0;0;0
13/11/2016;06:03:00;67;Acidente com vítima;58;BR-101/ES;Norte;Colisão Transversal;2;0;0;0;0;0;0;;;;1;2;1;0;0
13/11/2016;06:10:00;69;Acidente sem vítima;271;BR-101/ES;Norte;Choque com Objeto Fixo;1;0;0;0;0;0;0;;;;1;0;0;0;0
13/11/2016;06:54:00;73;Acidente com vítima;393;BR-101/ES;Norte;Colisão Lateral;2;0;0;0;1;0;0;;;;1;2;0;0;0
13/11/2016;09:31:00;105;Acidente sem vítima;268;BR-101/ES;Sul;Colisão Transversal;2;0;0;0;0;0;0;;;;7;0;0;0;0
13/11/2016;10:38:00;127;Acidente sem vítima;301;BR-101/ES;Norte;Colisão Traseira;1;1;0;0;0;0;0;;;;5;0;0;0;0
13/11/2016;10:52:00;138;Acidente sem vítima;339;BR-101/ES;Norte;Saída de Pista;1;0;0;0;0;0;0;;;;1;0;0;0;0
13/11/2016;11:17:00;145;Acidente sem vítima;156;BR-101/ES;Norte;Saída de Pista;1;0;0;0;0;0;0;;;;3;0;0;0;0
13/11/2016;12:19:00;179;Acidente sem vítima;240;BR-101/ES;Norte;Saída de Pista;2;0;0;0;0;0;0;;;;3;0;0;0;0
13/11/2016;13:28:00;206;Acidente com vítima;258;BR-101/ES;Sul;Saída de Pista;1;0;0;0;0;0;0;;;;1;1;0;0;0
13/11/2016;13:39:00;216;Acidente com vítima;162;BR-101/ES;Norte;Colisão Lateral;0;0;3;0;1;0;0;;;;1;1;0;0;0
13/11/2016;14:04:00;221;Acidente sem vítima;177;BR-101/ES;Norte;Saída de Pista;1;0;0;0;0;0;0;;;;3;0;0;0;0
13/11/2016;15:08:00;241;Acidente com vítima;106;BR-101/ES;Norte;Saída de Pista;1;0;0;0;0;0;0;;;;1;0;1;0;0
13/11/2016;16:26:00;258;Acidente sem vítima;240;BR-101/ES;Norte;Saída de Pista;1;0;0;0;0;0;0;;;;3;0;0;0;0
13/11/2016;16:32:00;260;Acidente sem vítima;265;BR-101/ES;Norte;Engavetamento;3;0;0;0;0;0;0;;;;13;0;0;0;0
13/11/2016;16:43:00;265;Acidente sem vítima;276;BR-101/ES;Sul;Choque com Objeto Fixo;1;0;0;0;0;0;0;;;;1;0;0;0;0
13/11/2016;17:10:00;275;Acidente com vítima;65;BR-101/ES;Norte;Colisão Lateral;1;0;0;0;1;0;0;;;;5;1;0;0;0
13/11/2016;17:23:00;276;Acidente com vítima;374;BR-101/ES;Norte;Saída de Pista;1;0;0;0;0;0;0;;;;0;0;3;0;0
13/11/2016;17:25:00;277;Acidente sem vítima;273;BR-101/ES;Sul;Saída de Pista;1;0;0;0;0;0;0;;;;1;0;0;0;0
13/11/2016;18:11:00;293;Acidente sem vítima;154;BR-101/ES;Norte;Colisão Traseira;3;0;0;0;0;0;0;;;;10;0;0;0;0
13/11/2016;18:51:00;297;Acidente com vítima;300;BR-101/ES;Norte;Colisão Traseira;2;0;0;0;0;0;0;;;;2;3;0;0;0
13/11/2016;19:03:00;300;Acidente sem vítima;248;BR-101/ES;Sul;Queda de ciclista;0;0;0;0;0;1;0;;;;1;0;0;0;0
13/11/2016;20:27:00;313;Acidente sem vítima;264;BR-101/ES;Sul;Choque com Objeto Fixo;1;0;0;0;0;0;0;;;;3;0;0;0;0
13/11/2016;22:04:00;333;Acidente sem vítima;293;BR-101/ES;Sul;Colisão Transversal;2;0;0;0;0;0;0;;;;3;0;0;0;0
13/11/2016;23:26:00;344;Acidente com vítima;267;BR-101/ES;Norte;Colisão Traseira;2;0;0;0;0;0;0;;;;2;1;1;0;0
14/11/2016;08:28:00;102;Acidente sem vítima;143;BR-101/ES;Sul;Choque com Objeto Fixo;1;0;0;0;0;0;0;;;;1;0;0;0;0
14/11/2016;09:33:00;124;Acidente sem vítima;266;BR-101/ES;Norte;Colisão Traseira;2;0;0;0;0;0;0;;;;2;0;0;0;0
14/11/2016;10:28:00;137;Acidente com vítima;391;BR-101/ES;Norte;Atropelamento Animal;0;0;0;0;1;0;0;;;;0;1;0;0;0
14/11/2016;10:28:00;138;Acidente sem vítima;289;BR-101/ES;Sul;Queda de Moto;0;0;0;0;1;0;0;;;;2;0;0;0;0
14/11/2016;11:18:00;157;Acidente sem vítima;301;BR-101/ES;Norte;Colisão Traseira;1;0;2;0;0;0;0;;;;5;0;0;0;0
14/11/2016;14:08:00;239;Acidente com vítima;149;BR-101/ES;Sul;Colisão Transversal;2;0;0;0;0;0;0;;;;2;1;0;0;0
14/11/2016;14:24:00;243;Acidente sem vítima;401;BR-101/ES;Norte;Tombamento;0;1;0;0;0;0;0;;;;1;0;0;0;0
14/11/2016;19:59:00;333;Acidente sem vítima;206;BR-101/ES;Sul;Colisão Lateral;3;0;0;0;0;0;0;;;;10;0;0;0;0
14/11/2016;20:15:00;336;Acidente sem vítima;266;BR-101/ES;Sul;Colisão Lateral;2;0;0;0;0;0;0;;;;3;0;0;0;0
15/11/2016;03:29:00;54;Acidente sem vítima;266;BR-101/ES;Sul;Choque com Objeto Fixo;1;0;0;0;0;0;0;;;;1;0;0;0;0
15/11/2016;03:44:00;55;Acidente sem vítima;0,8;BR-101/ES;Sul;Choque com Objeto Fixo;0;0;2;0;0;0;0;;;;1;0;0;0;0
15/11/2016;03:58:00;59;Acidente sem vítima;266;BR-101/ES;Norte;Saída de Pista;1;0;0;0;0;0;0;;;;1;0;0;0;0
15/11/2016;05:57:00;69;Acidente sem vítima;258;BR-101/ES;Norte;Saída de Pista;1;0;0;0;0;0;0;;;;1;0;0;0;0
15/11/2016;06:39:00;72;Acidente sem vítima;324;BR-101/ES;Norte;Saída de Pista;0;1;0;0;0;0;0;;;;1;0;0;0;0
15/11/2016;09:53:00;112;Acidente sem vítima;420;BR-101/ES;Sul;Colisão Traseira;2;0;0;0;0;0;0;;;;6;0;0;0;0
15/11/2016;12:30:00;199;Acidente com vítima;338;BR-101/ES;Norte;Queda de Moto;0;0;0;0;1;0;0;;;;1;1;0;0;0
15/11/2016;13:11:00;218;Acidente sem vítima;399;BR-101/ES;Sul;Colisão Lateral;2;0;0;0;0;0;0;;;;1;0;0;0;0
15/11/2016;17:58:00;315;Acidente com vítima;69;BR-101/ES;Norte;Queda de Moto;0;0;0;0;1;0;0;;;;0;2;0;0;0
15/11/2016;18:42:00;329;Acidente sem vítima;146;BR-101/ES;Sul;Colisão Lateral;2;0;0;0;1;0;0;;;;10;0;0;0;0
15/11/2016;21:47:00;370;Acidente sem vítima;216;BR-101/ES;Norte;Saída de Pista;1;0;0;0;0;0;0;;;;2;0;0;0;0
15/11/2016;21:55:00;373;Acidente sem vítima;279;BR-101/ES;Sul;Choque com Objeto Fixo;1;0;0;0;0;0;0;;;;2;0;0;0;0
16/11/2016;04:11:00;79;Acidente sem vítima;448;BR-101/ES;Norte;Saída de Pista;1;0;0;0;0;0;0;;;;1;0;0;0;0
16/11/2016;05:29:00;87;Acidente sem vítima;229;BR-101/ES;Norte;Capotamento;1;0;0;0;0;0;0;;;;3;0;0;0;0
16/11/2016;07:05:00;100;Acidente sem vítima;292;BR-101/ES;Sul;Colisão Lateral;3;0;0;0;0;0;0;;;;5;0;0;0;0
16/11/2016;07:28:00;107;Acidente com vítima;267,5;BR-101/ES;Sul;Queda de Moto;0;0;0;0;1;0;0;;;;1;1;0;0;0
16/11/2016;07:58:00;120;Acidente sem vítima;291,5;BR-101/ES;Sul;Colisão Traseira;1;1;0;0;0;0;0;;;;6;0;0;0;0
16/11/2016;08:49:00;152;Acidente sem vítima;106,5;BR-101/ES;Sul;Colisão Traseira;2;2;0;0;0;0;0;;;;8;0;0;0;0
16/11/2016;09:49:00;191;Acidente sem vítima;300;BR-101/ES;Norte;Tombamento;0;0;1;0;0;0;0;;;;1;0;0;0;0
16/11/2016;10:42:00;215;Acidente com vítima;117;BR-101/ES;Sul;Colisão Transversal;2;0;0;0;0;0;0;;;;1;0;1;0;0
16/11/2016;10:51:00;220;Acidente com vítima;271;BR-101/ES;Norte;Queda de Moto;0;0;0;0;1;0;0;;;;0;0;1;0;0
16/11/2016;11:09:00;224;Acidente sem vítima;215;BR-101/ES;Norte;Colisão Traseira;2;0;0;0;0;0;0;;;;5;0;0;0;0
16/11/2016;16:39:00;381;Acidente com vítima;284;BR-101/ES;Sul;Colisão Traseira;2;0;1;0;0;0;0;;;;3;0;1;0;0
16/11/2016;18:13:00;410;Acidente com vítima;270;BR-101/ES;Sul;Colisão Lateral;1;0;0;0;1;0;0;;;;1;0;1;0;0
16/11/2016;19:21:00;422;Acidente com vítima;138;BR-101/ES;Norte;Queda de ciclista;0;0;0;0;0;1;0;;;;0;1;0;0;0
16/11/2016;20:12:00;427;Acidente com vítima;126;BR-101/ES;Norte;Colisão Transversal;1;0;0;0;1;0;0;;;;2;0;0;1;0
16/11/2016;21:47:00;440;Acidente com vítima;270;BR-101/ES;Sul;Colisão;1;0;0;0;0;1;0;;;;1;0;1;0;0
16/11/2016;22:50:00;450;Acidente sem vítima;417;BR-101/ES;Norte;Choque com Objeto Fixo;1;0;0;0;0;0;0;;;;1;0;0;0;0
16/11/2016;23:48:00;466;Acidente sem vítima;213;BR-101/ES;Sul;Colisão Traseira;1;0;1;0;0;0;0;;;;4;0;0;0;0
17/11/2016;01:18:00;16;Atropelamento sem morte;288;BR-101/ES;Norte;Atropelamento e Fuga;1;0;0;0;0;0;0;;;;0;0;0;1;0
17/11/2016;10:08:00;163;Acidente sem vítima;261;BR-101/ES;Sul;Queda de Moto;0;0;0;0;1;0;0;;;;1;0;0;0;0
17/11/2016;12:02:00;213;Acidente sem vítima;276;BR-101/ES;Sul;Choque com Objeto Fixo;0;0;2;0;0;0;0;;;;1;0;0;0;0
17/11/2016;12:29:00;224;Acidente sem vítima;399;BR-101/ES;Norte;Colisão Traseira;2;0;0;0;0;0;0;;;;3;0;0;0;0
17/11/2016;13:40:00;263;Acidente sem vítima;265;BR-101/ES;Norte;Colisão Traseira;2;0;0;0;0;0;0;;;;2;0;0;0;0
17/11/2016;14:00:00;271;Acidente com vítima;264;BR-101/ES;Norte;Colisão Traseira;1;0;0;0;1;0;0;;;;1;0;1;0;0
17/11/2016;17:10:00;337;Acidente sem vítima;258;BR-101/ES;Sul;Colisão Traseira;2;0;0;0;0;0;0;;;;4;0;0;0;0
17/11/2016;17:48:00;348;Acidente com vítima;262;BR-101/ES;Norte;Colisão Traseira;1;0;0;0;1;0;0;;;;1;0;1;0;0
17/11/2016;17:54:00;350;Acidente com vítima;269;BR-101/ES;Sul;Colisão Traseira;3;0;0;0;0;0;0;;;;2;0;1;0;0
17/11/2016;20:52:00;387;Acidente sem vítima;417;BR-101/ES;Norte;Saída de Pista;1;0;0;0;0;0;0;;;;4;0;0;0;0
18/11/2016;06:41:00;66;Acidente sem vítima;152;BR-101/ES;Norte;Colisão Traseira;1;1;0;0;0;0;0;;;;4;0;0;0;0
18/11/2016;11:40:00;268;Acidente com vítima;255,5;BR-101/ES;Norte;Choque com Objeto Fixo;1;0;0;0;0;0;0;;;;0;0;1;0;0
18/11/2016;13:02:00;311;Acidente sem vítima;350;BR-101/ES;Sul;Saída de Pista;1;0;0;0;0;0;0;;;;1;0;0;0;0
18/11/2016;14:51:00;358;Acidente sem vítima;293,5;BR-101/ES;Sul;Colisão Traseira;1;0;2;0;0;0;0;;;;2;0;0;0;0
18/11/2016;17:02:00;400;Acidente com vítima;457;BR-101/ES;Norte;Capotamento;1;0;0;0;0;0;0;;;;0;0;2;0;0
18/11/2016;17:11:00;401;Acidente sem vítima;420;BR-101/ES;Norte;Saída de Pista;1;0;0;0;0;0;0;;;;1;0;0;0;0
18/11/2016;18:21:00;418;Atropelamento sem morte;304;BR-101/ES;Sul;Atropelamento;1;0;0;0;0;0;0;;;;1;1;0;0;0
18/11/2016;20:44:00;457;Acidente com vítima;210,9;BR-101/ES;Norte;Colisão Lateral;1;0;1;0;0;0;0;;;;1;2;0;0;0
19/11/2016;01:26:00;29;Acidente sem vítima;284;BR-101/ES;Norte;Capotamento;1;0;0;0;0;0;0;;;;2;0;0;0;0
19/11/2016;03:03:00;59;Acidente sem vítima;293;BR-101/ES;Sul;Saída de Pista;1;0;0;0;0;0;0;;;;1;0;0;0;0
19/11/2016;14:32:00;315;Acidente com vítima;108;BR-101/ES;Sul;Colisão Transversal;1;0;0;0;1;0;0;;;;2;0;1;0;0
19/11/2016;15:12:00;327;Acidente sem vítima;269;BR-101/ES;Norte;Colisão Lateral;1;0;3;0;0;0;0;;;;4;0;0;0;0
19/11/2016;16:28:00;351;Acidente sem vítima;204;BR-101/ES;Sul;Colisão Transversal;2;0;0;0;0;0;0;;;;3;0;0;0;0
19/11/2016;17:57:00;375;Acidente sem vítima;150;BR-101/ES;Sul;Colisão Frontal;2;0;0;0;0;0;0;;;;4;0;0;0;0
19/11/2016;20:59:00;402;Acidente sem vítima;293;BR-101/ES;Norte;Colisão Traseira;2;0;0;0;0;0;0;;;;3;0;0;0;0
20/11/2016;01:28:00;15;Acidente com morte;178;BR-101/ES;Norte;Colisão Frontal;1;1;0;0;0;0;0;;;;1;0;0;0;1
20/11/2016;04:23:00;51;Acidente com vítima;120;BR-101/ES;Norte;Saída de Pista;1;0;0;0;0;0;0;;;;0;0;4;3;0
20/11/2016;05:52:00;60;Acidente sem vítima;374;BR-101/ES;Sul;Saída de Pista;1;0;0;0;0;0;0;;;;1;0;0;0;0
20/11/2016;08:44:00;94;Acidente sem vítima;268;BR-101/ES;Norte;Engavetamento;3;0;0;0;0;0;0;;;;6;0;0;0;0
20/11/2016;09:17:00;102;Acidente com vítima;289;BR-101/ES;Norte;Queda de Moto;0;0;0;0;1;0;0;;;;0;0;1;0;0
20/11/2016;16:37:00;244;Acidente sem vítima;130;BR-101/ES;Norte;Saída de Pista;1;0;0;0;0;0;0;;;;1;0;0;0;0
20/11/2016;20:04:00;280;Acidente sem vítima;37;BR-101/ES;Norte;Queda de ciclista;0;0;0;0;0;1;0;;;;1;0;0;0;0
20/11/2016;23:03:00;316;Acidente com vítima;149;BR-101/ES;Sul;Colisão Transversal;1;1;2;0;0;0;0;;;;3;3;0;0;0
21/11/2016;06:59:00;76;Acidente com vítima;271;BR-101/ES;Norte;Colisão Traseira;0;1;0;0;1;0;0;;;;1;0;1;0;0
21/11/2016;08:52:00;108;Acidente sem vítima;399;BR-101/ES;Norte;Colisão Traseira;0;1;2;0;0;0;0;;;;2;0;0;0;0
21/11/2016;13:24:00;248;Acidente com vítima;149;BR-101/ES;Sul;Colisão Transversal;2;0;0;0;0;0;0;;;;5;2;0;0;0
21/11/2016;14:25:00;274;Acidente sem vítima;148;BR-101/ES;Sul;Engavetamento;0;2;0;0;1;0;0;;;;3;0;0;0;0
21/11/2016;16:04:00;304;Acidente com vítima;372;BR-101/ES;Sul;Queda de Moto;0;0;0;0;1;0;0;;;;0;0;1;0;0
21/11/2016;17:54:00;338;Acidente com vítima;161;BR-101/ES;Sul;Queda de ciclista;0;0;0;0;0;1;0;;;;0;1;0;0;0
21/11/2016;19:43:00;354;Acidente sem vítima;275;BR-101/ES;Sul;Atropelamento Animal;1;0;0;0;0;0;0;;;;1;0;0;0;0
21/11/2016;19:51:00;356;Acidente sem vítima;263;BR-101/ES;Sul;Colisão Traseira;2;0;0;0;0;0;0;;;;2;0;0;0;0
21/11/2016;22:48:00;389;Acidente sem vítima;100;BR-101/ES;Norte;Atropelamento Animal;1;0;0;0;0;0;0;;;;1;0;0;0;0
22/11/2016;08:43:00;110;Acidente com vítima;149;BR-101/ES;Norte;Colisão;1;0;0;0;0;1;0;;;;1;1;0;0;0
22/11/2016;08:44:00;111;Acidente sem vítima;270;BR-101/ES;Sul;Engavetamento;2;1;0;0;0;0;0;;;;5;0;0;0;0
22/11/2016;09:28:00;179;Acidente sem vítima;230;BR-101/ES;Sul;Colisão Traseira;2;0;0;0;0;0;0;;;;4;0;0;0;0
22/11/2016;13:07:00;284;Acidente com vítima;310,8;BR-101/ES;Norte;Colisão Frontal;1;1;0;0;0;0;0;;;;2;2;0;0;0
22/11/2016;16:18:00;341;Acidente sem vítima;265;BR-101/ES;Sul;Colisão Traseira;2;0;0;0;0;0;0;;;;3;0;0;0;0
22/11/2016;16:23:00;342;Acidente com vítima;307;BR-101/ES;Norte;Queda de Moto;0;0;0;0;1;0;0;;;;0;1;1;0;0
22/11/2016;20:05:00;384;Acidente com morte;36,4;BR-101/ES;Norte;Colisão Frontal;1;0;0;0;1;0;0;;;;0;0;2;0;1
22/11/2016;22:50:00;402;Acidente sem vítima;268,5;BR-101/ES;Sul;Colisão Traseira;2;0;0;0;0;0;0;;;;2;0;0;0;0
23/11/2016;05:31:00;56;Acidente sem vítima;245;BR-101/ES;Sul;Colisão Transversal;2;1;0;0;0;0;0;;;;6;0;0;0;0
23/11/2016;05:59:00;59;Acidente com vítima;240;BR-101/ES;Sul;Saída de Pista;1;0;0;0;0;0;0;;;;1;0;2;0;0
23/11/2016;07:36:00;73;Acidente sem vítima;273;BR-101/ES;Norte;Choque com Objeto Fixo;1;0;0;0;0;0;0;;;;1;0;0;0;0
23/11/2016;08:09:00;84;Acidente sem vítima;273;BR-101/ES;Sul;Choque com Objeto Fixo;1;0;0;0;0;0;0;;;;1;0;0;0;0
23/11/2016;08:30:00;89;Acidente sem vítima;253;BR-101/ES;Norte;Saída de Pista;1;0;0;0;0;0;0;;;;1;0;0;0;0
23/11/2016;09:13:00;105;Acidente sem vítima;269;BR-101/ES;Norte;Colisão Traseira;1;0;2;0;0;0;0;;;;3;0;0;0;0
23/11/2016;11:08:00;210;Acidente com vítima;271;BR-101/ES;Norte;Saída de Pista;1;0;0;0;0;0;0;;;;1;0;1;0;0
23/11/2016;15:58:00;312;Acidente sem vítima;412;BR-101/ES;Sul;Saída de Pista;1;0;0;0;0;0;0;;;;3;0;0;0;0
24/11/2016;07:18:00;79;Acidente sem vítima;114;BR-101/ES;Sul;Colisão Traseira;1;1;0;0;0;0;0;;;;5;0;0;0;0
24/11/2016;07:23:00;80;Acidente sem vítima;156,5;BR-101/ES;Norte;Colisão Traseira;1;0;1;0;0;0;0;;;;2;0;0;0;0