data;horario;n_da_ocorrencia;tipo_de_ocorrencia;km;trecho;sentido;tipo_de_acidente;automovel;bicicleta;caminhao;moto;onibus;outros;tracao_animal;transporte_de_cargas_especiais;trator_maquinas;utilitarios;ilesos;levemente_feridos;moderadamente_feridos;gravemente_feridos;mortos
24/11/2016;07:33:00;84;Acidente com vítima;370;BR-101/ES;Sul;Colisão Transversal;1;1;1;0;0;0;0;;;;3;1;0;0;0
24/11/2016;10:51:00;194;Acidente com vítima;94;BR-101/ES;Norte;Colisão Lateral;1;0;0;0;1;0;0;;;;1;0;1;0;0
24/11/2016;12:58:00;248;Acidente sem vítima;263;BR-101/ES;Norte;Colisão Traseira;3;1;0;0;0;0;0;;;;6;0;0;0;0
24/11/2016;13:51:00;268;Acidente com vítima;53,5;BR-101/ES;Sul;Colisão Traseira;1;1;0;0;0;0;0;;;;4;0;1;0;0
24/11/2016;15:19:00;293;Atropelamento sem morte;268;BR-101/ES;Norte;Atropelamento;1;0;0;0;0;0;0;;;;2;0;1;0;0
24/11/2016;17:03:00;321;Acidente com vítima;270;BR-101/ES;Norte;Engavetamento;1;2;0;0;0;0;0;;;;4;0;1;0;0
24/11/2016;17:57:00;336;Acidente com vítima;16;BR-101/ES;Norte;Colisão Transversal;1;0;0;0;1;0;0;;;;1;0;1;0;0
25/11/2016;03:41:00;58;Acidente com vítima;150;BR-101/ES;Norte;Choque com Veículo Estacionado;2;0;0;0;0;0;0;;;;1;1;0;0;0
25/11/2016;09:17:00;121;Acidente com morte;292;BR-101/ES;Norte;Atropelamento Animal;0;0;2;0;1;0;0;;;;1;0;0;0;1
25/11/2016;12:21:00;209;Acidente com vítima;286;BR-101/ES;Norte;Colisão Lateral;1;0;2;0;1;0;0;;;;2;0;1;0;0
25/11/2016;12:32:00;213;Acidente com vítima;17;BR-101/ES;Sul;Tombamento;0;0;2;0;0;0;0;;;;0;0;1;0;0
25/11/2016;20:31:00;332;Acidente com vítima;147;BR-101/ES;Norte;Colisão;1;0;0;0;0;1;0;;;;0;1;0;0;0
25/11/2016;22:03:00;346;Acidente com vítima;292;BR-101/ES;Norte;Colisão Traseira;2;0;0;0;0;0;0;;;;2;1;0;0;0
25/11/2016;22:24:00;349;Atropelamento sem morte;377;BR-101/ES;Sul;Atropelamento;0;0;0;0;1;0;0;;;;3;0;0;0;0
26/11/2016;01:28:00;26;Acidente sem vítima;270;BR-101/ES;Sul;Colisão Transversal;1;1;0;0;0;0;0;;;;2;0;0;0;0
26/11/2016;06:30:00;83;Acidente com vítima;275;BR-101/ES;Norte;Choque com Objeto Fixo;1;0;0;0;0;0;0;;;;0;0;1;0;0
26/11/2016;10:35:00;212;Acidente sem vítima;66;BR-101/ES;Norte;Colisão Traseira;1;0;0;0;1;0;0;;;;2;0;0;0;0
26/11/2016;18:45:00;375;Acidente com vítima;389;BR-101/ES;Norte;Choque com Objeto Fixo;1;0;0;0;0;0;0;;;;0;0;1;0;0
26/11/2016;19:06:00;377;Acidente com vítima;270;BR-101/ES;Norte;Colisão Traseira;1;0;0;0;1;0;0;;;;2;1;0;0;0
26/11/2016;19:06:00;378;Acidente sem vítima;298;BR-101/ES;Norte;Colisão Transversal;2;0;0;0;0;0;0;;;;2;0;0;0;0
26/11/2016;19:33:00;381;Acidente com vítima;264;BR-101/ES;Sul;Colisão Traseira;1;0;0;0;1;0;0;;;;3;1;0;0;0
26/11/2016;21:11:00;395;Acidente sem vítima;268,1;BR-101/ES;Norte;Colisão Lateral;2;0;0;0;1;0;0;;;;4;0;0;0;0
26/11/2016;21:25:00;398;Acidente sem vítima;287;BR-101/ES;Norte;Saída de Pista;1;0;0;0;0;0;0;;;;1;0;0;0;0
26/11/2016;21:54:00;404;Acidente sem vítima;415;BR-101/ES;Norte;Colisão Traseira;2;0;0;0;0;0;0;;;;3;0;0;0;0
26/11/2016;22:17:00;407;Acidente com vítima;264;BR-101/ES;Norte;Colisão Transversal;2;0;0;0;0;0;0;;;;7;0;1;0;0
26/11/2016;22:27:00;410;Acidente com vítima;143;BR-101/ES;Norte;Saída de Pista;0;0;0;0;1;0;0;;;;0;0;1;0;0
26/11/2016;23:35:00;423;Acidente sem vítima;269,5;BR-101/ES;Norte;Colisão Traseira;2;0;0;0;0;0;0;;;;2;0;0;0;0
27/11/2016;00:26:00;11;Acidente sem vítima;373,5;BR-101/ES;Norte;Colisão Lateral;2;0;0;0;0;0;0;;;;6;0;0;0;0
27/11/2016;02:17:00;36;Acidente sem vítima;202;BR-101/ES;Norte;Saída de Pista;1;0;0;0;0;0;0;;;;1;0;0;0;0
27/11/2016;04:12:00;54;Acidente sem vítima;377;BR-101/ES;Norte;Choque com Objeto Fixo;1;0;0;0;0;0;0;;;;1;0;0;0;0
27/11/2016;05:16:00;61;Acidente sem vítima;271;BR-101/ES;Sul;Choque com Objeto Fixo;0;0;0;0;1;0;0;;;;1;0;0;0;0
27/11/2016;07:36:00;77;Acidente sem vítima;146;BR-101/ES;Norte;Colisão Traseira;0;1;1;0;0;0;0;;;;2;0;0;0;0
27/11/2016;14:53:00;295;Acidente sem vítima;270;BR-101/ES;Norte;Colisão Lateral;1;0;3;0;0;0;0;;;;4;0;0;0;0
27/11/2016;16:00:00;313;Acidente com vítima;386,5;BR-101/ES;Sul;Tombamento;0;0;2;0;0;0;0;;;;0;0;1;0;0
27/11/2016;16:05:00;314;Acidente sem vítima;298,5;BR-101/ES;Sul;Queda de Moto;0;0;0;0;1;0;0;;;;2;0;0;0;0
27/11/2016;21:57:00;397;Acidente com vítima;254;BR-101/ES;Norte;Saída de Pista;1;0;0;0;0;0;0;;;;0;1;0;0;0
28/11/2016;00:32:00;8;Acidente sem vítima;232;BR-101/ES;Norte;Choque com Objeto Fixo;1;0;0;0;0;0;0;;;;1;0;0;0;0
28/11/2016;03:49:00;49;Acidente com vítima;144;BR-101/ES;Norte;Capotamento;1;0;0;0;0;0;0;;;;0;1;1;1;0
28/11/2016;05:10:00;57;Acidente sem vítima;219;BR-101/ES;Norte;Queda de Moto;0;0;0;0;1;0;0;;;;2;0;0;0;0
28/11/2016;06:59:00;67;Atropelamento com morte;298;BR-101/ES;Norte;Atropelamento;0;0;2;0;1;0;0;;;;1;1;0;0;1
28/11/2016;07:01:00;68;Acidente sem vítima;268;BR-101/ES;Sul;Engavetamento;2;0;0;0;0;0;0;;;;3;0;0;0;0
28/11/2016;07:45:00;88;Acidente com vítima;266;BR-101/ES;Norte;Colisão Lateral;1;0;0;0;2;0;0;;;;2;0;2;0;0
28/11/2016;08:16:00;104;Acidente com vítima;266;BR-101/ES;Sul;Colisão Traseira;1;0;0;0;1;0;0;;;;1;0;1;0;0
28/11/2016;08:42:00;115;Atropelamento sem morte;265;BR-101/ES;Sul;Atropelamento;0;0;0;0;1;0;0;;;;1;0;1;0;0
28/11/2016;08:42:00;116;Acidente sem vítima;259;BR-101/ES;Sul;Colisão Traseira;2;0;0;0;0;0;0;;;;3;0;0;0;0
28/11/2016;09:28:00;128;Acidente sem vítima;94;BR-101/ES;Norte;Tombamento;0;0;2;0;0;0;0;;;;1;0;0;0;0
28/11/2016;10:37:00;160;Acidente sem vítima;220;BR-101/ES;Sul;Colisão Traseira;2;0;0;0;0;0;0;;;;4;0;0;0;0
28/11/2016;11:16:00;170;Acidente sem vítima;266;BR-101/ES;Norte;Colisão Traseira;2;0;0;0;0;0;0;;;;3;0;0;0;0
28/11/2016;11:38:00;193;Acidente sem vítima;260;BR-101/ES;Norte;Colisão Lateral;1;1;0;0;0;0;0;;;;4;0;0;0;0
28/11/2016;12:06:00;210;Acidente sem vítima;355;BR-101/ES;Sul;Colisão Transversal;2;0;0;0;0;0;0;;;;3;0;0;0;0
28/11/2016;12:16:00;214;Acidente sem vítima;340;BR-101/ES;Norte;Choque com Objeto Fixo;1;0;0;0;0;0;0;;;;1;0;0;0;0
28/11/2016;13:08:00;244;Acidente com vítima;292;BR-101/ES;Norte;Colisão Traseira;0;0;2;0;1;0;0;;;;1;0;1;0;0
28/11/2016;18:04:00;347;Acidente sem vítima;270;BR-101/ES;Norte;Colisão Lateral;1;0;2;0;0;0;0;;;;3;0;0;0;0
28/11/2016;19:01:00;352;Acidente sem vítima;271;BR-101/ES;Sul;Colisão Traseira;2;0;0;0;0;0;0;;;;2;0;0;0;0
28/11/2016;19:11:00;356;Acidente com vítima;266;BR-101/ES;Norte;Colisão Lateral;1;1;0;0;0;0;0;;;;1;1;0;0;0
28/11/2016;19:57:00;361;Acidente com vítima;295;BR-101/ES;Sul;Choque com Objeto Fixo;0;0;0;0;1;0;0;;;;0;0;2;0;0
29/11/2016;04:51:00;63;Acidente sem vítima;205;BR-101/ES;Norte;Colisão Lateral;1;1;1;0;0;0;0;;;;12;0;0;0;0
29/11/2016;08:53:00;122;Acidente sem vítima;370;BR-101/ES;Sul;Capotamento;0;1;0;0;0;0;0;;;;1;0;0;0;0
29/11/2016;11:59:00;227;Acidente sem vítima;159;BR-101/ES;Sul;Colisão Transversal;2;0;0;0;0;0;0;;;;2;0;0;0;0
29/11/2016;20:28:00;377;Acidente sem vítima;270;BR-101/ES;Norte;Colisão Lateral;1;0;2;0;0;0;0;;;;2;0;0;0;0
29/11/2016;20:55:00;385;Acidente com vítima;272;BR-101/ES;Sul;Queda de Moto;0;0;0;0;1;0;0;;;;0;1;0;0;0
29/11/2016;23:30:00;407;Atropelamento com morte;299;BR-101/ES;Norte;Atropelamento;1;0;0;0;0;0;0;;;;0;0;1;0;1
30/11/2016;01:29:00;19;Acidente com vítima;407;BR-101/ES;Sul;Tombamento;0;0;2;0;0;0;0;;;;0;0;1;0;0
30/11/2016;05:33:00;63;Acidente com vítima;419;BR-101/ES;Sul;Colisão Traseira;0;0;4;0;0;0;0;;;;0;2;0;1;0
30/11/2016;05:54:00;65;Acidente sem vítima;149;BR-101/ES;Sul;Colisão Traseira;0;1;4;0;0;0;0;;;;3;0;0;0;0
30/11/2016;06:42:00;70;Acidente sem vítima;259;BR-101/ES;Norte;Saída de Pista;1;0;0;0;0;0;0;;;;1;0;0;0;0
30/11/2016;08:36:00;95;Acidente sem vítima;265;BR-101/ES;Norte;Saída de Pista;1;0;0;0;0;0;0;;;;1;0;0;0;0
30/11/2016;10:55:00;219;Acidente sem vítima;298;BR-101/ES;Sul;Colisão Traseira;1;1;0;0;0;0;0;;;;5;0;0;0;0
30/11/2016;13:14:00;284;Acidente sem vítima;270;BR-101/ES;Norte;Colisão Traseira;2;0;0;0;0;0;0;;;;2;0;0;0;0
30/11/2016;17:17:00;351;Acidente sem vítima;278;BR-101/ES;Norte;Colisão Lateral;2;1;0;0;0;0;0;;;;3;0;0;0;0
30/11/2016;21:34:00;399;Acidente com vítima;399;BR-101/ES;Norte;Choque com Objeto Fixo;1;0;0;0;0;0;0;;;;0;2;0;0;0
01/12/2016;08:07:00;88;Acidente com vítima;297;BR-101/ES;Sul;Colisão Traseira;0;0;0;0;2;0;0;;;;1;0;1;0;0
01/12/2016;08:36:00;100;Acidente com vítima;297;BR-101/ES;Norte;Colisão Lateral;1;0;0;0;1;0;0;;;;1;0;2;0;0
01/12/2016;08:54:00;109;Acidente sem vítima;298;BR-101/ES;Norte;Engavetamento;3;0;0;0;0;0;0;;;;4;0;0;0;0
01/12/2016;10:35:00;193;Acidente sem vítima;297;BR-101/ES;Norte;Colisão Traseira;2;0;0;0;0;0;0;;;;2;0;0;0;0
01/12/2016;10:47:00;197;Acidente com vítima;270;BR-101/ES;Norte;Queda de Moto;1;0;0;0;0;0;0;;;;0;0;1;0;0
01/12/2016;12:12:00;245;Acidente com vítima;400;BR-101/ES;Sul;Atropelamento Animal;0;0;0;0;1;0;0;;;;0;1;1;0;0
01/12/2016;12:46:00;263;Acidente com vítima;94;BR-101/ES;Sul;Choque;2;0;3;0;0;0;0;;;;1;2;0;0;0
01/12/2016;14:13:00;297;Acidente com vítima;17,5;BR-101/ES;Sul;Saída de Pista;1;0;0;0;0;0;0;;;;0;0;1;0;0
01/12/2016;16:27:00;343;Acidente sem vítima;321;BR-101/ES;Sul;Saída de Pista;2;0;0;0;0;0;0;;;;4;0;0;0;0
01/12/2016;17:31:00;369;Acidente com vítima;142;BR-101/ES;Sul;Colisão Lateral;1;0;0;0;1;0;0;;;;1;2;0;0;0
01/12/2016;21:21:00;418;Acidente com vítima;175;BR-101/ES;Norte;Queda de ciclista;0;0;0;0;0;1;0;;;;0;1;0;0;0
01/12/2016;21:35:00;423;Acidente com vítima;268;BR-101/ES;Sul;Queda de ciclista;0;0;0;0;0;1;0;;;;0;0;1;0;0
02/12/2016;02:48:00;52;Acidente com vítima;203;BR-101/ES;Norte;Choque com Objeto Fixo;1;0;0;0;0;0;0;;;;0;0;0;2;0
02/12/2016;03:59:00;63;Acidente com vítima;288;BR-101/ES;Sul;Colisão Traseira;1;0;2;0;0;0;0;;;;1;1;0;0;0
02/12/2016;11:35:00;217;Acidente sem vítima;147;BR-101/ES;Norte;Queda de Moto;0;0;0;0;1;0;0;;;;1;0;0;0;0
02/12/2016;11:45:00;224;Acidente com vítima;282,1;BR-101/ES;Norte;Choque com Objeto Fixo;1;0;0;0;0;0;0;;;;0;0;2;0;0
02/12/2016;16:59:00;326;Acidente sem vítima;220;BR-101/ES;Norte;Colisão Traseira;2;0;0;0;0;0;0;;;;4;0;0;0;0
02/12/2016;17:01:00;328;Acidente sem vítima;270;BR-101/ES;Sul;Colisão Lateral;1;0;0;0;1;0;0;;;;3;0;0;0;0
02/12/2016;18:49:00;351;Acidente com vítima;266;BR-101/ES;Norte;Colisão Traseira;1;0;0;0;1;0;0;;;;1;1;0;0;0
02/12/2016;19:38:00;362;Acidente sem vítima;270;BR-101/ES;Sul;Veículo em Chamas;0;0;2;0;0;0;0;;;;1;0;0;0;0
02/12/2016;20:01:00;369;Acidente com vítima;287;BR-101/ES;Sul;Queda de Moto;0;0;0;0;1;0;0;;;;0;1;0;0;0
02/12/2016;22:02:00;391;Acidente sem vítima;399;BR-101/ES;Sul;Colisão Traseira;1;1;0;0;0;0;0;;;;5;0;0;0;0
02/12/2016;22:08:00;393;Acidente sem vítima;255;BR-101/ES;Sul;Colisão Traseira;1;1;0;0;0;0;0;;;;3;0;0;0;0
02/12/2016;23:17:00;404;Acidente sem vítima;269;BR-101/ES;Norte;Colisão Traseira;1;0;0;0;1;0;0;;;;2;0;0;0;0
03/12/2016;01:21:00;19;Acidente sem vítima;263;BR-101/ES;Norte;Colisão Traseira;2;0;0;0;0;0;0;;;;3;0;0;0;0
03/12/2016;02:50:00;48;Acidente com vítima;130;BR-101/ES;Norte;Queda de Moto;0;0;0;0;1;0;0;;;;0;1;0;0;0
03/12/2016;06:37:00;78;Acidente com vítima;399;BR-101/ES;Norte;Queda de Moto;0;0;0;0;1;0;0;;;;0;2;0;0;0
03/12/2016;07:45:00;98;Acidente sem vítima;298;BR-101/ES;Norte;Colisão Traseira;0;1;0;0;1;0;0;;;;2;0;0;0;0
03/12/2016;07:46:00;99;Acidente com vítima;266;BR-101/ES;Sul;Colisão;1;0;0;0;0;1;0;;;;1;0;0;1;0
03/12/2016;11:35:00;178;Acidente com vítima;258;BR-101/ES;Norte;Colisão Lateral;1;0;0;0;1;0;0;;;;1;1;0;0;0
03/12/2016;11:50:00;190;Acidente sem vítima;189;BR-101/ES;Norte;Capotamento;1;0;0;0;0;0;0;;;;3;0;0;0;0
03/12/2016;13:47:00;241;Acidente com vítima;11,2;BR-101/ES;Sul;Colisão Traseira;0;0;2;0;1;0;0;;;;1;0;1;0;0
03/12/2016;14:36:00;257;Acidente sem vítima;268;BR-101/ES;Sul;Colisão Traseira;2;0;0;0;0;0;0;;;;5;0;0;0;0
03/12/2016;19:24:00;317;Acidente sem vítima;145;BR-101/ES;Norte;Colisão Lateral;0;0;0;0;2;0;0;;;;2;0;0;0;0
03/12/2016;21:39:00;340;Acidente sem vítima;1,9;BR-101/ES;Sul;Atropelamento de Equino;1;0;0;0;0;0;0;;;;1;0;0;0;0
03/12/2016;23:10:00;352;Acidente com morte;100;BR-101/ES;Sul;Colisão Traseira;0;1;0;0;1;0;0;;;;1;0;0;0;1
04/12/2016;03:30:00;49;Acidente sem vítima;296;BR-101/ES;Norte;Capotamento;1;0;0;0;0;0;0;;;;1;0;0;0;0
04/12/2016;11:36:00;208;Acidente sem vítima;377;BR-101/ES;Norte;Choque com Objeto Fixo;0;1;2;0;0;0;0;;;;2;0;0;0;0
04/12/2016;15:55:00;280;Acidente sem vítima;258;BR-101/ES;Sul;Saída de Pista;1;0;0;0;0;0;0;;;;1;0;0;0;0
04/12/2016;16:49:00;291;Acidente sem vítima;293;BR-101/ES;Norte;Colisão Traseira;2;0;0;0;0;0;0;;;;2;0;0;0;0
04/12/2016;17:31:00;304;Acidente sem vítima;281;BR-101/ES;Sul;Saída de Pista;1;0;0;0;0;0;0;;;;3;0;0;0;0
04/12/2016;17:36:00;306;Acidente sem vítima;213;BR-101/ES;Norte;Colisão Traseira;2;0;0;0;0;0;0;;;;3;0;0;0;0
04/12/2016;18:23:00;320;Acidente com vítima;432;BR-101/ES;Norte;Capotamento;2;0;0;0;0;0;0;;;;3;0;1;0;0
04/12/2016;22:16:00;357;Acidente sem vítima;22;BR-101/ES;Norte;Queda de Moto;0;0;0;0;1;0;0;;;;1;0;0;0;0
04/12/2016;22:57:00;365;Acidente com vítima;264;BR-101/ES;Norte;Saída de Pista;1;0;0;0;0;0;0;;;;0;0;3;0;0
05/12/2016;04:18:00;53;Acidente sem vítima;276;BR-101/ES;Norte;Choque com Objeto Fixo;1;0;0;0;0;0;0;;;;1;0;0;0;0
05/12/2016;05:40:00;58;Acidente com vítima;276;BR-101/ES;Norte;Capotamento;1;0;0;0;0;0;0;;;;0;0;2;0;0
05/12/2016;07:14:00;75;Acidente com vítima;270,8;BR-101/ES;Sul;Queda de Moto;0;1;2;0;1;0;0;;;;1;0;0;1;0
05/12/2016;07:20:00;78;Acidente com vítima;246;BR-101/ES;Norte;Queda de ciclista;0;0;0;0;0;1;0;;;;0;1;0;0;0
05/12/2016;07:27:00;81;Acidente sem vítima;246;BR-101/ES;Norte;Colisão Lateral;2;0;0;0;0;0;0;;;;4;0;0;0;0
05/12/2016;07:53:00;87;Acidente sem vítima;190;BR-101/ES;Norte;Colisão Lateral;1;0;0;0;1;0;0;;;;3;0;0;0;0
05/12/2016;08:54:00;105;Acidente sem vítima;246;BR-101/ES;Norte;Colisão Traseira;2;0;0;0;0;0;0;;;;3;0;0;0;0
05/12/2016;10:05:00;128;Acidente com vítima;208;BR-101/ES;Norte;Queda de Moto;0;0;0;0;1;0;0;;;;0;2;0;0;0
05/12/2016;12:58:00;269;Acidente com vítima;323;BR-101/ES;Sul;Queda de Moto;0;0;0;0;1;0;0;;;;0;1;1;0;0
05/12/2016;13:03:00;272;Acidente sem vítima;412;BR-101/ES;Sul;Saída de Pista;1;0;0;0;0;0;0;;;;3;0;0;0;0
05/12/2016;14:17:00;301;Acidente sem vítima;150;BR-101/ES;Sul;Colisão Traseira;2;0;0;0;0;0;0;;;;2;0;0;0;0
05/12/2016;15:20:00;322;Acidente sem vítima;246;BR-101/ES;Norte;Colisão Traseira;1;0;2;0;0;0;0;;;;2;0;0;0;0
05/12/2016;18:44:00;405;Acidente sem vítima;51;BR-101/ES;Norte;Choque;1;0;1;0;0;0;0;;;;1;0;0;0;0
05/12/2016;19:03:00;408;Acidente sem vítima;293;BR-101/ES;Sul;Colisão Traseira;1;0;1;0;0;0;0;;;;3;0;0;0;0
05/12/2016;19:08:00;410;Acidente sem vítima;269;BR-101/ES;Norte;Colisão Traseira;2;0;0;0;0;0;0;;;;2;0;0;0;0
05/12/2016;20:51:00;438;Acidente sem vítima;66;BR-101/ES;Norte;Colisão Traseira;2;0;0;0;0;0;0;;;;4;0;0;0;0
05/12/2016;21:00:00;441;Acidente sem vítima;176;BR-101/ES;Norte;Choque com Objeto Fixo;1;0;0;0;0;0;0;;;;2;0;0;0;0
05/12/2016;21:06:00;443;Acidente sem vítima;264;BR-101/ES;Sul;Colisão Transversal;2;0;0;0;0;0;0;;;;5;0;0;0;0
06/12/2016;02:45:00;31;Acidente sem vítima;329;BR-101/ES;Sul;Saída de Pista;1;0;0;0;0;0;0;;;;1;0;0;0;0
06/12/2016;08:14:00;100;Acidente sem vítima;261;BR-101/ES;Sul;Capotamento;1;0;0;0;0;0;0;;;;1;0;0;0;0
06/12/2016;12:45:00;257;Acidente sem vítima;287;BR-101/ES;Sul;Colisão Traseira;0;1;0;1;0;0;0;;;;2;0;0;0;0
06/12/2016;13:59:00;285;Acidente sem vítima;322;BR-101/ES;Sul;Colisão Traseira;1;0;2;0;0;0;0;;;;2;0;0;0;0
06/12/2016;14:37:00;299;Acidente com vítima;266;BR-101/ES;Sul;Colisão Transversal;0;1;0;0;1;0;0;;;;1;1;0;0;0
06/12/2016;17:55:00;362;Acidente com vítima;395;BR-101/ES;Sul;Colisão Transversal;0;1;2;0;0;0;0;;;;1;1;0;0;0
06/12/2016;18:09:00;366;Acidente sem vítima;270;BR-101/ES;Sul;Engavetamento;3;0;0;0;0;0;0;;;;47;0;0;0;0
07/12/2016;07:49:00;110;Acidente sem vítima;201;BR-101/ES;Sul;Saída de Pista;1;0;0;0;0;0;0;;;;1;0;0;0;0
07/12/2016;07:56:00;114;Acidente com vítima;265;BR-101/ES;Sul;Colisão Lateral;1;0;0;0;1;0;0;;;;1;0;1;0;0
07/12/2016;09:01:00;140;Acidente sem vítima;358;BR-101/ES;Norte;Veículo em Chamas;0;0;2;0;0;0;0;;;;1;0;0;0;0
07/12/2016;10:28:00;165;Acidente com vítima;950;BR-101/BA;Sul;Saída de Pista;1;0;0;0;0;0;0;;;;0;2;0;0;0
07/12/2016;15:40:00;319;Acidente sem vítima;399;BR-101/ES;Sul;Veículo em Chamas;1;0;1;0;0;0;0;;;;1;0;0;0;0
07/12/2016;15:54:00;324;Acidente sem vítima;171,5;BR-101/ES;Norte;Colisão Lateral;1;0;3;0;0;0;0;;;;3;0;0;0;0
07/12/2016;15:58:00;328;Acidente sem vítima;68;BR-101/ES;Sul;Colisão Traseira;2;0;0;0;0;0;0;;;;3;0;0;0;0
07/12/2016;15:59:00;329;Acidente com vítima;129;BR-101/ES;Sul;Colisão Transversal;1;0;0;0;1;0;0;;;;1;1;0;0;0
07/12/2016;17:13:00;355;Acidente sem vítima;144;BR-101/ES;Sul;Colisão Lateral;1;0;0;0;1;0;0;;;;3;0;0;0;0
07/12/2016;17:58:00;370;Acidente sem vítima;110;BR-101/ES;Sul;Colisão Traseira;1;2;0;0;0;0;0;;;;4;0;0;0;0
07/12/2016;18:30:00;379;Acidente sem vítima;325;BR-101/ES;Sul;Colisão Frontal;1;0;0;0;1;0;0;;;;2;0;0;0;0
07/12/2016;20:00:00;393;Acidente com vítima;37;BR-101/ES;Sul;Queda de Moto;0;0;0;0;1;0;0;;;;0;1;0;0;0
07/12/2016;20:03:00;395;Acidente sem vítima;168;BR-101/ES;Sul;Colisão Traseira;2;0;0;0;0;0;0;;;;5;0;0;0;0
07/12/2016;21:46:00;415;Acidente com vítima;266;BR-101/ES;Sul;Colisão Lateral;1;1;0;0;0;0;0;;;;4;1;0;0;0
07/12/2016;23:15:00;433;Acidente sem vítima;288;BR-101/ES;Sul;Choque com Objeto Fixo;1;0;0;0;0;0;0;;;;1;0;0;0;0
08/12/2016;05:13:00;64;Acidente com vítima;294;BR-101/ES;Sul;Choque com Objeto Fixo;1;0;0;0;0;0;0;;;;0;0;2;0;0
08/12/2016;10:43:00;243;Acidente sem vítima;255;BR-101/ES;Sul;Colisão Traseira;1;1;0;0;0;0;0;;;;4;0;0;0;0
08/12/2016;13:01:00;304;Acidente sem vítima;107;BR-101/ES;Norte;Colisão Traseira;0;2;0;0;0;0;0;;;;2;0;0;0;0
08/12/2016;15:05:00;355;Acidente com vítima;147;BR-101/ES;Norte;Colisão Traseira;1;0;0;0;1;0;0;;;;1;0;0;1;0
08/12/2016;15:55:00;372;Acidente sem vítima;223;BR-101/ES;Sul;Saída de Pista;0;1;0;0;0;0;0;;;;1;0;0;0;0
08/12/2016;18:56:00;419;Acidente com vítima;255;BR-101/ES;Sul;Colisão Transversal;0;0;0;1;2;0;0;;;;23;1;0;0;0
08/12/2016;19:03:00;423;Acidente com vítima;270;BR-101/ES;Sul;Queda de Moto;0;0;0;0;1;0;0;;;;0;1;0;0;0
08/12/2016;22:27:00;470;Acidente com vítima;146;BR-101/ES;Norte;Colisão Traseira;1;0;0;0;1;0;0;;;;1;0;1;0;0
09/12/2016;05:32:00;67;Acidente com vítima;447;BR-101/ES;Norte;Queda de Moto;0;0;0;0;1;0;0;;;;0;1;1;0;0
09/12/2016;06:04:00;75;Acidente com vítima;102;BR-101/ES;Sul;Colisão Traseira;2;0;0;0;0;0;0;;;;0;4;2;0;0
09/12/2016;07:28:00;102;Acidente com vítima;352;BR-101/ES;Sul;Queda de Moto;0;0;0;0;1;0;0;;;;0;1;0;0;0
09/12/2016;08:31:00;138;Acidente sem vítima;91;BR-101/ES;Sul;Colisão Traseira;0;1;0;0;1;0;0;;;;2;0;0;0;0
09/12/2016;10:36:00;201;Acidente sem vítima;147;BR-101/ES;Norte;Colisão Transversal;1;1;0;0;0;0;0;;;;3;0;0;0;0
09/12/2016;12:07:00;259;Acidente sem vítima;150;BR-101/ES;Sul;Colisão Traseira;2;0;0;0;0;0;0;;;;3;0;0;0;0
09/12/2016;14:48:00;348;Acidente sem vítima;287,5;BR-101/ES;Sul;Saída de Pista;1;0;0;0;0;0;0;;;;2;0;0;0;0
09/12/2016;17:05:00;407;Acidente com vítima;242;BR-101/ES;Norte;Colisão Lateral;1;0;4;0;0;0;0;;;;2;1;0;0;0
09/12/2016;18:04:00;420;Acidente com vítima;268;BR-101/ES;Norte;Colisão Traseira;2;0;0;0;0;0;0;;;;1;0;2;0;0
09/12/2016;18:44:00;433;Acidente sem vítima;289;BR-101/ES;Sul;Saída de Pista;1;0;0;0;0;0;0;;;;2;0;0;0;0
09/12/2016;19:28:00;446;Acidente com vítima;215;BR-101/ES;Norte;Colisão Transversal;1;0;0;0;1;0;0;;;;1;0;1;0;0
09/12/2016;20:26:00;464;Acidente sem vítima;296,9;BR-101/ES;Sul;Colisão Traseira;2;0;0;0;0;0;0;;;;2;0;0;0;0
09/12/2016;20:48:00;469;Acidente com vítima;425;BR-101/ES;Norte;Choque com Objeto Fixo;1;0;0;0;0;0;0;;;;2;2;0;0;0
09/12/2016;21:29:00;484;Acidente sem vítima;430;BR-101/ES;Norte;Saída de Pista;1;0;0;0;0;0;0;;;;3;0;0;0;0
09/12/2016;22:19:00;505;Acidente sem vítima;226;BR-101/ES;Norte;Colisão Lateral;1;1;1;0;0;0;0;;;;2;0;0;0;0
09/12/2016;22:59:00;515;Acidente sem vítima;218;BR-101/ES;Norte;Choque com Objeto Fixo;1;0;0;0;0;0;0;;;;5;0;0;0;0
10/12/2016;00:06:00;1;Acidente sem vítima;155;BR-101/ES;Sul;Queda de Moto;0;0;0;0;1;0;0;;;;2;0;0;0;0
10/12/2016;00:43:00;18;Acidente sem vítima;269;BR-101/ES;Norte;Colisão Traseira;1;1;0;0;0;0;0;;;;5;0;0;0;0
10/12/2016;00:46:00;21;Acidente sem vítima;313;BR-101/ES;Sul;Saída de Pista;1;0;0;0;0;0;0;;;;2;0;0;0;0
10/12/2016;02:18:00;49;Acidente sem vítima;146,5;BR-101/ES;Norte;Colisão Traseira;2;0;0;0;0;0;0;;;;3;0;0;0;0