data;horario;n_da_ocorrencia;tipo_de_ocorrencia;km;trecho;sentido;tipo_de_acidente;automovel;bicicleta;caminhao;moto;onibus;outros;tracao_animal;transporte_de_cargas_especiais;trator_maquinas;utilitarios;ilesos;levemente_feridos;moderadamente_feridos;gravemente_feridos;mortos
25/12/2016;21:31:00;391;Acidente sem vítima;289;BR-101/ES;Sul;Queda de Moto;0;0;0;0;1;0;0;;;;1;0;0;0;0
25/12/2016;21:52:00;396;Acidente sem vítima;289;BR-101/ES;Sul;Colisão Traseira;2;0;0;0;0;0;0;;;;4;0;0;0;0
25/12/2016;22:06:00;399;Acidente sem vítima;219;BR-101/ES;Norte;Choque com Objeto Fixo;1;0;0;0;0;0;0;;;;2;0;0;0;0
26/12/2016;06:02:00;79;Acidente sem vítima;281;BR-101/ES;Sul;Saída de Pista;1;0;0;0;0;0;0;;;;5;0;0;0;0
26/12/2016;07:13:00;109;Acidente sem vítima;296;BR-101/ES;Sul;Choque com Objeto Fixo;1;0;0;0;0;0;0;;;;1;0;0;0;0
26/12/2016;09:20:00;144;Acidente sem vítima;377;BR-101/ES;Sul;Colisão Traseira;0;0;4;0;0;0;0;;;;2;0;0;0;0
26/12/2016;10:17:00;169;Acidente sem vítima;254;BR-101/ES;Sul;Engavetamento;5;0;0;0;0;0;0;;;;17;0;0;0;0
26/12/2016;10:25:00;171;Acidente sem vítima;114;BR-101/ES;Norte;Colisão Traseira;2;0;0;0;0;0;0;;;;5;0;0;0;0
26/12/2016;12:07:00;218;Acidente sem vítima;54;BR-101/ES;Sul;Colisão Traseira;2;0;0;0;0;0;0;;;;2;0;0;0;0
26/12/2016;13:26:00;258;Acidente sem vítima;228;BR-101/ES;Sul;Colisão Traseira;3;0;0;0;0;0;0;;;;7;0;0;0;0
26/12/2016;15:56:00;325;Acidente sem vítima;228,8;BR-101/ES;Sul;Colisão Traseira;2;0;0;0;0;0;0;;;;1;0;0;0;0
26/12/2016;16:26:00;339;Acidente com morte;459,2;BR-101/ES;Sul;Colisão Frontal;2;0;0;0;0;0;0;;;;0;0;2;1;2
26/12/2016;17:38:00;361;Acidente sem vítima;356;BR-101/ES;Sul;Colisão Lateral;1;1;0;0;0;0;0;;;;3;0;0;0;0
26/12/2016;17:50:00;364;Acidente sem vítima;294;BR-101/ES;Norte;Colisão Traseira;0;1;0;1;0;0;0;;;;2;0;0;0;0
27/12/2016;06:34:00;101;Acidente com vítima;78;BR-101/ES;Sul;Colisão Transversal;1;0;0;1;0;0;0;;;;1;1;1;0;0
27/12/2016;07:58:00;126;Acidente sem vítima;267;BR-101/ES;Sul;Engavetamento;7;0;0;0;0;0;0;;;;10;0;0;0;0
27/12/2016;08:44:00;141;Acidente sem vítima;231;BR-101/ES;Norte;Colisão Traseira;2;0;0;0;0;0;0;;;;3;0;0;0;0
27/12/2016;09:10:00;148;Acidente sem vítima;231;BR-101/ES;Norte;Choque;0;1;0;0;0;0;0;;;;2;0;0;0;0
27/12/2016;09:11:00;149;Acidente sem vítima;393;BR-101/ES;Norte;Colisão Traseira;3;0;0;0;0;0;0;;;;6;0;0;0;0
27/12/2016;10:57:00;205;Acidente sem vítima;292;BR-101/ES;Norte;Colisão Lateral;0;1;2;0;0;0;0;;;;2;0;0;0;0
27/12/2016;11:54:00;232;Acidente sem vítima;107;BR-101/ES;Norte;Colisão Traseira;2;0;0;0;0;0;0;;;;10;0;0;0;0
27/12/2016;13:00:00;271;Acidente com vítima;149;BR-101/ES;Norte;Colisão Traseira;2;0;0;0;0;0;0;;;;1;4;0;0;0
27/12/2016;15:06:00;320;Acidente sem vítima;267;BR-101/ES;Sul;Colisão Transversal;1;0;2;1;0;0;0;;;;6;0;0;0;0
27/12/2016;15:17:00;325;Acidente sem vítima;222;BR-101/ES;Norte;Saída de Pista;1;0;0;0;0;0;0;;;;5;0;0;0;0
27/12/2016;15:46:00;334;Acidente com vítima;269;BR-101/ES;Sul;Colisão Traseira;3;0;0;0;0;0;0;;;;3;1;0;0;0
27/12/2016;21:18:00;421;Atropelamento sem morte;266;BR-101/ES;Norte;Atropelamento;0;0;0;0;1;0;0;;;;0;0;2;0;0
28/12/2016;05:04:00;97;Acidente com vítima;207;BR-101/ES;Sul;Colisão Lateral;1;1;0;0;0;0;0;;;;3;1;0;0;0
28/12/2016;11:53:00;269;Acidente sem vítima;298;BR-101/ES;Sul;Colisão Traseira;1;1;0;0;0;0;0;;;;7;0;0;0;0
28/12/2016;18:18:00;452;Acidente sem vítima;351;BR-101/ES;Sul;Veículo em Chamas;1;0;0;0;0;0;0;;;;2;0;0;0;0
28/12/2016;20:13:00;489;Acidente com vítima;132,5;BR-101/ES;Sul;Queda de Moto;0;0;0;0;1;0;0;;;;1;1;0;0;0
28/12/2016;20:42:00;496;Acidente com vítima;184,6;BR-101/ES;Sul;Colisão Traseira;0;2;0;0;0;0;0;;;;2;0;1;0;0
28/12/2016;21:14:00;503;Acidente com vítima;270;BR-101/ES;Sul;Colisão Transversal;2;0;0;0;1;1;0;;;;4;0;2;0;0
28/12/2016;22:18:00;518;Acidente com vítima;231;BR-101/ES;Sul;Queda de Moto;0;0;0;0;1;0;0;;;;0;1;0;0;0
28/12/2016;23:10:00;535;Acidente com vítima;147,7;BR-101/ES;Norte;Colisão Transversal;1;0;0;0;1;0;0;;;;1;1;0;0;0
29/12/2016;04:43:00;73;Acidente sem vítima;210;BR-101/ES;Norte;Colisão Lateral;1;0;2;0;0;0;0;;;;8;0;0;0;0
29/12/2016;08:29:00;128;Atropelamento sem morte;146,6;BR-101/ES;Sul;Atropelamento e Fuga;0;0;0;0;1;0;0;;;;0;1;0;0;0
29/12/2016;13:38:00;304;Acidente com vítima;146;BR-101/ES;Norte;Colisão Transversal;1;1;0;0;0;0;0;;;;1;3;0;0;0
29/12/2016;16:32:00;374;Acidente sem vítima;14;BR-101/ES;Norte;Colisão Lateral;1;0;3;0;0;0;0;;;;4;0;0;0;0
29/12/2016;17:04:00;386;Acidente sem vítima;284,5;BR-101/ES;Sul;Tombamento;0;1;0;0;0;0;0;;;;2;0;0;0;0
29/12/2016;17:10:00;390;Acidente sem vítima;270;BR-101/ES;Norte;Colisão Traseira;1;0;2;0;0;0;0;;;;6;0;0;0;0
29/12/2016;17:13:00;392;Acidente sem vítima;139;BR-101/ES;Norte;Colisão Lateral;0;0;4;1;0;0;0;;;;3;0;0;0;0
29/12/2016;17:50:00;407;Acidente sem vítima;218;BR-101/ES;Norte;Colisão Traseira;2;0;0;0;0;0;0;;;;3;0;0;0;0
29/12/2016;17:52:00;409;Acidente sem vítima;61;BR-101/ES;Norte;Choque;1;0;0;0;1;0;0;;;;2;0;0;0;0
29/12/2016;19:46:00;437;Acidente sem vítima;85;BR-101/ES;Sul;Colisão Traseira;2;0;0;0;0;0;0;;;;4;0;0;0;0
30/12/2016;00:43:00;15;Acidente sem vítima;414;BR-101/ES;Norte;Saída de Pista;1;0;0;0;0;0;0;;;;2;0;0;0;0
30/12/2016;03:21:00;53;Atropelamento com morte;339;BR-101/ES;Sul;Atropelamento e Fuga;1;0;0;0;0;0;0;;;;0;0;0;0;1
30/12/2016;07:09:00;92;Acidente sem vítima;294;BR-101/ES;Norte;Queda de Moto;0;0;0;0;1;0;0;;;;2;0;0;0;0
30/12/2016;07:18:00;96;Acidente com vítima;434;BR-101/ES;Norte;Capotamento;1;0;0;0;0;0;0;;;;1;1;0;0;0
30/12/2016;07:30:00;98;Acidente sem vítima;359;BR-101/ES;Norte;Colisão Lateral;1;1;0;0;0;0;0;;;;2;0;0;0;0
30/12/2016;09:02:00;120;Acidente com vítima;293;BR-101/ES;Sul;Colisão Transversal;1;1;0;0;0;0;0;;;;2;0;1;0;0
30/12/2016;11:48:00;210;Acidente com vítima;254;BR-101/ES;Sul;Colisão Traseira;2;1;2;0;0;0;0;;;;3;2;1;0;0
30/12/2016;12:36:00;237;Acidente sem vítima;296;BR-101/ES;Sul;Veículo em Chamas;1;0;0;0;0;0;0;;;;1;0;0;0;0
30/12/2016;13:33:00;262;Acidente sem vítima;229;BR-101/ES;Sul;Colisão Traseira;2;0;0;0;0;0;0;;;;5;0;0;0;0
30/12/2016;16:07:00;328;Acidente com vítima;378;BR-101/ES;Norte;Colisão Traseira;2;0;0;0;0;0;0;;;;3;1;0;0;0
30/12/2016;16:54:00;348;Acidente com vítima;403;BR-101/ES;Norte;Colisão Traseira;2;0;0;0;0;0;0;;;;1;4;0;0;0
30/12/2016;17:08:00;357;Acidente sem vítima;382;BR-101/ES;Sul;Engavetamento;3;0;0;0;0;0;0;;;;11;0;0;0;0
30/12/2016;17:12:00;360;Acidente com vítima;294;BR-101/ES;Sul;Queda de Moto;0;0;0;0;1;0;0;;;;0;1;0;0;0
30/12/2016;20:04:00;417;Acidente com vítima;146;BR-101/ES;Norte;Colisão Transversal;2;0;0;0;0;0;0;;;;3;2;0;0;0
30/12/2016;20:05:00;419;Acidente com vítima;296;BR-101/ES;Norte;Choque com Objeto Fixo;0;0;0;0;1;0;0;;;;0;0;1;0;0
30/12/2016;20:32:00;429;Acidente sem vítima;50;BR-101/ES;Norte;Colisão Transversal;1;0;0;0;1;0;0;;;;2;0;0;0;0
30/12/2016;20:46:00;431;Acidente com vítima;268;BR-101/ES;Sul;Queda de Moto;0;0;0;0;1;0;0;;;;0;0;1;0;0
30/12/2016;21:08:00;437;Acidente com vítima;18;BR-101/ES;Sul;Queda de Moto;0;0;0;0;1;0;0;;;;1;1;0;0;0
30/12/2016;21:58:00;447;Acidente sem vítima;75;BR-101/ES;Sul;Saída de Pista;1;0;0;0;0;0;0;;;;3;0;0;0;0
31/12/2016;09:47:00;172;Acidente com vítima;359;BR-101/ES;Norte;Saída de Pista;1;0;1;0;0;0;0;;;;2;0;2;0;0
31/12/2016;10:02:00;174;Acidente com vítima;192;BR-101/ES;Sul;Colisão Traseira;2;0;0;0;0;0;0;;;;2;1;0;0;0
31/12/2016;10:44:00;185;Acidente com vítima;148;BR-101/ES;Sul;Colisão Lateral;0;0;2;0;1;0;0;;;;2;1;0;0;0
31/12/2016;15:07:00;300;Acidente sem vítima;290;BR-101/ES;Norte;Capotamento;1;0;0;0;0;0;0;;;;1;0;0;0;0
31/12/2016;20:24:00;388;Acidente sem vítima;202;BR-101/ES;Norte;Saída de Pista;1;0;0;0;0;0;0;;;;2;0;0;0;0
31/12/2016;20:30:00;389;Atropelamento sem morte;176;BR-101/ES;Norte;Atropelamento e Fuga;0;0;0;0;0;1;0;;;;0;0;1;0;0
01/01/2017;08:32:00;144;Acidente com vítima;188;BR-101/ES;Norte;Saída de Pista;1;0;0;0;0;0;0;;;;2;2;0;0;0
01/01/2017;15:10:00;310;Acidente sem vítima;270;BR-101/ES;Sul;Choque com Objeto Fixo;1;0;0;0;0;0;0;;;;1;0;0;0;0
01/01/2017;16:06:00;337;Acidente sem vítima;290;BR-101/ES;Norte;Colisão Traseira;2;0;0;0;0;0;0;;;;3;0;0;0;0
01/01/2017;16:51:00;353;Acidente sem vítima;126;BR-101/ES;Sul;Colisão Traseira;2;0;0;0;0;0;0;;;;6;0;0;0;0
01/01/2017;16:56:00;357;Acidente sem vítima;320;BR-101/ES;Sul;Colisão Traseira;2;0;0;0;0;0;0;;;;3;0;0;0;0
01/01/2017;17:08:00;361;Acidente sem vítima;254,9;BR-101/ES;Sul;Colisão Traseira;2;0;0;0;0;0;0;;;;6;0;0;0;0
01/01/2017;17:10:00;363;Acidente sem vítima;395,5;BR-101/ES;Sul;Colisão Traseira;3;0;0;0;0;0;0;;;;6;0;0;0;0
01/01/2017;17:12:00;364;Acidente sem vítima;395,5;BR-101/ES;Sul;Colisão Traseira;2;0;0;0;0;0;0;;;;2;0;0;0;0
01/01/2017;17:20:00;367;Acidente com vítima;280,5;BR-101/ES;Sul;Colisão Lateral;1;0;0;0;1;0;0;;;;2;0;2;0;0
01/01/2017;17:22:00;369;Acidente sem vítima;270;BR-101/ES;Norte;Colisão Traseira;2;0;0;0;0;0;0;;;;7;0;0;0;0
01/01/2017;17:42:00;376;Acidente sem vítima;321;BR-101/ES;Norte;Colisão Traseira;2;0;0;0;0;0;0;;;;2;0;0;0;0
01/01/2017;18:20:00;386;Acidente com vítima;302;BR-101/ES;Norte;Colisão Traseira;6;0;2;0;0;0;0;;;;15;2;0;0;0
01/01/2017;18:25:00;387;Acidente com vítima;393;BR-101/ES;Sul;Colisão Traseira;1;0;0;1;0;0;0;;;;4;1;0;0;0
01/01/2017;18:46:00;388;Acidente sem vítima;371;BR-101/ES;Sul;Colisão Transversal;2;0;0;0;0;0;0;;;;6;0;0;0;0
02/01/2017;07:40:00;92;Acidente sem vítima;292,7;BR-101/ES;Norte;Colisão Traseira;2;0;0;0;0;0;0;;;;5;0;0;0;0
02/01/2017;08:44:00;119;Acidente sem vítima;235;BR-101/ES;Sul;Colisão Lateral;2;0;0;0;0;0;0;;;;6;0;0;0;0
02/01/2017;11:43:00;210;Acidente sem vítima;253;BR-101/ES;Sul;Colisão Traseira;2;0;0;0;0;0;0;;;;7;0;0;0;0
02/01/2017;12:28:00;235;Acidente sem vítima;125;BR-101/ES;Sul;Colisão Traseira;1;1;0;0;0;0;0;;;;2;0;0;0;0
02/01/2017;13:54:00;273;Acidente com vítima;401;BR-101/ES;Sul;Queda de Moto;0;0;0;0;1;0;0;;;;0;2;0;0;0
02/01/2017;15:03:00;305;Acidente sem vítima;295;BR-101/ES;Sul;Colisão Traseira;2;0;0;0;0;0;0;;;;6;0;0;0;0
02/01/2017;15:26:00;314;Acidente sem vítima;371;BR-101/ES;Sul;Colisão Traseira;2;0;0;0;0;0;0;;;;8;0;0;0;0
02/01/2017;17:34:00;376;Acidente sem vítima;400;BR-101/ES;Norte;Colisão Traseira;2;0;0;0;0;0;0;;;;6;0;0;0;0
02/01/2017;17:42:00;380;Acidente com vítima;151;BR-101/ES;Norte;Engavetamento;2;0;0;1;0;0;0;;;;2;0;1;0;0
03/01/2017;06:53:00;76;Acidente com vítima;262;BR-101/ES;Sul;Atropelamento Animal;0;0;0;0;1;0;0;;;;0;1;0;0;0
03/01/2017;09:58:00;150;Acidente com vítima;207;BR-101/ES;Sul;Capotamento;1;0;0;0;0;0;0;;;;1;2;2;0;0
03/01/2017;10:50:00;176;Acidente com vítima;373;BR-101/ES;Sul;Colisão Traseira;1;0;0;0;1;0;0;;;;0;5;0;0;0
03/01/2017;13:53:00;253;Acidente sem vítima;436,5;BR-101/ES;Norte;Colisão Traseira;0;0;6;0;0;0;0;;;;2;0;0;0;0
03/01/2017;14:04:00;263;Acidente sem vítima;276;BR-101/ES;Norte;Engavetamento;3;0;0;0;0;0;0;;;;4;0;0;0;0
03/01/2017;14:46:00;276;Acidente com morte;114;BR-101/ES;Sul;Saída de Pista;1;0;0;0;0;0;0;;;;0;0;0;2;2
03/01/2017;14:50:00;279;Acidente com vítima;166;BR-101/ES;Sul;Colisão Traseira;1;0;0;0;1;0;0;;;;1;1;0;0;0
03/01/2017;15:31:00;293;Acidente sem vítima;267;BR-101/ES;Norte;Colisão Traseira;2;0;0;0;0;0;0;;;;2;0;0;0;0
03/01/2017;16:36:00;311;Acidente sem vítima;435;BR-101/ES;Norte;Colisão Lateral;0;0;1;1;0;0;0;;;;2;0;0;0;0
03/01/2017;16:36:00;312;Acidente sem vítima;213;BR-101/ES;Sul;Engavetamento;1;2;1;0;0;0;0;;;;4;0;0;0;0
03/01/2017;21:12:00;377;Acidente com vítima;141;BR-101/ES;Norte;Colisão;0;0;0;0;1;1;0;;;;1;1;0;0;0
04/01/2017;09:24:00;171;Acidente sem vítima;299;BR-101/ES;Norte;Choque com Objeto Fixo;2;0;0;0;0;0;0;;;;3;0;0;0;0
04/01/2017;10:40:00;206;Acidente com vítima;255;BR-101/ES;Norte;Colisão Traseira;2;0;0;0;0;0;0;;;;8;0;1;0;0
04/01/2017;10:55:00;212;Acidente sem vítima;131;BR-101/ES;Sul;Colisão Traseira;2;0;0;0;0;0;0;;;;5;0;0;0;0
04/01/2017;10:57:00;215;Acidente sem vítima;290;BR-101/ES;Norte;Queda de Moto;0;0;0;0;1;0;0;;;;2;0;0;0;0
04/01/2017;12:16:00;256;Acidente sem vítima;64;BR-101/ES;Norte;Choque;1;0;0;0;0;0;0;;;;1;0;0;0;0
04/01/2017;13:00:00;276;Acidente sem vítima;64;BR-101/ES;Norte;Colisão Traseira;2;0;0;0;0;0;0;;;;3;0;0;0;0
04/01/2017;17:41:00;380;Acidente sem vítima;255;BR-101/ES;Norte;Colisão Traseira;2;0;0;0;0;0;0;;;;2;0;0;0;0
04/01/2017;17:58:00;385;Acidente com vítima;302;BR-101/ES;Norte;Colisão Lateral;1;1;0;0;0;0;0;;;;0;6;0;0;0
04/01/2017;18:03:00;386;Acidente com vítima;298;BR-101/ES;Norte;Colisão Traseira;1;0;1;0;0;0;0;;;;1;1;0;0;0
04/01/2017;18:11:00;391;Acidente com vítima;266;BR-101/ES;Norte;Colisão Lateral;1;0;0;0;1;0;0;;;;1;0;1;0;0
04/01/2017;18:32:00;396;Acidente sem vítima;15;BR-101/ES;Norte;Colisão Transversal;2;0;0;0;0;0;0;;;;5;0;0;0;0
05/01/2017;05:05:00;75;Acidente sem vítima;242;BR-101/ES;Norte;Engavetamento;4;0;0;0;0;0;0;;;;14;0;0;0;0
05/01/2017;06:59:00;92;Acidente sem vítima;384;BR-101/ES;Sul;Saída de Pista;1;0;0;0;0;0;0;;;;2;0;0;0;0
05/01/2017;07:34:00;112;Acidente sem vítima;271;BR-101/ES;Norte;Colisão Lateral;1;0;2;0;0;0;0;;;;3;0;0;0;0
05/01/2017;08:22:00;128;Acidente com vítima;67;BR-101/ES;Sul;Colisão Lateral;1;0;0;0;1;0;0;;;;4;0;2;0;0
05/01/2017;11:40:00;208;Acidente sem vítima;268;BR-101/ES;Sul;Colisão Lateral;1;1;0;0;0;0;0;;;;2;0;0;0;0
05/01/2017;12:06:00;231;Acidente sem vítima;269,5;BR-101/ES;Sul;Engavetamento;3;0;0;0;0;0;0;;;;3;0;0;0;0
05/01/2017;14:15:00;302;Acidente com morte;306,3;BR-101/ES;Sul;Colisão Frontal;1;0;0;0;1;0;0;;;;4;0;0;0;1
05/01/2017;18:37:00;381;Acidente sem vítima;126;BR-101/ES;Sul;Colisão Lateral;2;0;0;0;0;0;0;;;;4;0;0;0;0
05/01/2017;20:23:00;410;Acidente sem vítima;386,8;BR-101/ES;Norte;Tombamento;0;0;2;0;0;0;0;;;;1;0;0;0;0
06/01/2017;07:18:00;99;Acidente sem vítima;253;BR-101/ES;Sul;Colisão Traseira;2;0;0;0;0;0;0;;;;4;0;0;0;0
06/01/2017;07:37:00;107;Acidente sem vítima;315;BR-101/ES;Norte;Colisão Lateral;1;1;0;0;0;0;0;;;;4;0;0;0;0
06/01/2017;07:43:00;109;Acidente com vítima;261;BR-101/ES;Norte;Queda de Moto;0;0;0;0;1;0;0;;;;0;2;0;0;0
06/01/2017;10:23:00;165;Acidente com vítima;90;BR-101/ES;Sul;Colisão Transversal;2;0;0;0;0;0;0;;;;4;1;1;0;0
06/01/2017;10:42:00;178;Acidente com vítima;115;BR-101/ES;Sul;Colisão Traseira;1;0;0;0;1;0;0;;;;2;1;0;0;0
06/01/2017;10:54:00;186;Acidente sem vítima;148;BR-101/ES;Sul;Colisão Traseira;1;0;1;0;0;0;0;;;;2;0;0;0;0
06/01/2017;13:39:00;281;Acidente sem vítima;285,7;BR-101/ES;Sul;Colisão Lateral;0;1;3;0;0;0;0;;;;2;0;0;0;0
06/01/2017;14:08:00;296;Acidente com vítima;142,5;BR-101/ES;Sul;Colisão Transversal;1;0;0;0;1;0;0;;;;1;0;1;0;0
06/01/2017;14:51:00;304;Acidente com vítima;146;BR-101/ES;Sul;Colisão Traseira;1;0;0;0;1;0;0;;;;1;1;0;0;0
06/01/2017;16:11:00;324;Acidente sem vítima;165;BR-101/ES;Norte;Saída de Pista;1;0;0;0;0;0;0;;;;2;0;0;0;0
06/01/2017;17:10:00;342;Acidente sem vítima;369;BR-101/ES;Sul;Colisão Lateral;0;0;4;0;0;0;0;;;;2;0;0;0;0
06/01/2017;17:20:00;347;Acidente com vítima;295;BR-101/ES;Sul;Colisão Lateral;1;0;0;0;1;0;0;;;;1;0;1;0;0
06/01/2017;18:16:00;362;Acidente com vítima;265,8;BR-101/ES;Norte;Colisão Traseira;2;0;0;0;1;0;0;;;;4;0;1;0;0
06/01/2017;18:59:00;366;Acidente sem vítima;292;BR-101/ES;Sul;Saída de Pista;1;0;0;0;0;0;0;;;;1;0;0;0;0
06/01/2017;19:00:00;367;Acidente sem vítima;176;BR-101/ES;Norte;Colisão Traseira;3;0;0;0;0;0;0;;;;6;0;0;0;0
06/01/2017;22:02:00;413;Acidente com vítima;42;BR-101/ES;Sul;Queda de Moto;0;0;0;0;1;0;0;;;;0;1;0;0;0
06/01/2017;23:09:00;432;Acidente com vítima;299;BR-101/ES;Sul;Queda de Moto;0;0;0;0;1;0;0;;;;0;1;0;0;0
06/01/2017;23:23:00;433;Acidente sem vítima;203;BR-101/ES;Sul;Choque com Objeto Fixo;1;0;0;0;0;0;0;;;;2;0;0;0;0
07/01/2017;03:44:00;62;Acidente com vítima;297;BR-101/ES;Norte;Queda de Moto;0;0;0;0;1;0;0;;;;0;0;1;1;0
07/01/2017;07:33:00;105;Acidente com morte;130;BR-101/ES;Norte;Colisão Traseira;1;0;2;0;1;0;0;;;;1;1;0;0;1
07/01/2017;07:59:00;111;Acidente sem vítima;130;BR-101/ES;Sul;Colisão Traseira;2;0;0;0;0;0;0;;;;9;0;0;0;0
07/01/2017;10:11:00;140;Acidente sem vítima;281;BR-101/ES;Sul;Veículo em Chamas;0;1;0;0;0;0;0;;;;1;0;0;0;0
07/01/2017;10:47:00;154;Acidente sem vítima;307;BR-101/ES;Sul;Colisão Frontal;2;0;0;0;0;0;0;;;;6;0;0;0;0
07/01/2017;13:07:00;226;Acidente sem vítima;297;BR-101/ES;Norte;Engavetamento;4;0;0;0;0;0;0;;;;8;0;0;0;0
07/01/2017;13:27:00;229;Acidente sem vítima;228;BR-101/ES;Norte;Colisão Traseira;1;0;0;0;1;0;0;;;;3;0;0;0;0
07/01/2017;13:38:00;236;Acidente com vítima;240;BR-101/ES;Sul;Saída de Pista;1;0;0;0;0;0;0;;;;0;0;0;1;0
07/01/2017;19:27:00;341;Acidente sem vítima;268;BR-101/ES;Sul;Colisão Lateral;1;0;1;0;0;0;0;;;;4;0;0;0;0
07/01/2017;20:50:00;358;Atropelamento com morte;257;BR-101/ES;Sul;Atropelamento e Fuga;1;0;0;0;0;0;0;;;;0;0;0;0;1
07/01/2017;21:24:00;363;Acidente com vítima;300;BR-101/ES;Sul;Queda de ciclista;0;0;0;0;0;1;0;;;;0;0;1;0;0
07/01/2017;21:30:00;364;Acidente com vítima;219;BR-101/ES;Norte;Queda de Moto;0;0;0;0;1;0;0;;;;0;0;1;0;0
07/01/2017;22:07:00;372;Acidente sem vítima;265;BR-101/ES;Sul;Veículo em Chamas;1;0;0;0;0;0;0;;;;1;0;0;0;0
07/01/2017;22:22:00;379;Acidente com vítima;298;BR-101/ES;Sul;Engavetamento;3;0;0;0;0;0;0;;;;6;1;0;0;0
07/01/2017;22:41:00;382;Acidente com vítima;142;BR-101/ES;Norte;Colisão Transversal;2;0;0;0;0;0;0;;;;0;3;0;0;0
08/01/2017;00:12:00;2;Atropelamento sem morte;94;BR-101/ES;Norte;Atropelamento;0;1;0;0;0;0;0;;;;1;0;0;1;0
08/01/2017;05:48:00;77;Acidente sem vítima;11;BR-101/ES;Sul;Colisão Traseira;0;0;4;0;0;0;0;;;;2;0;0;0;0
08/01/2017;07:59:00;99;Acidente com vítima;358;BR-101/ES;Norte;Choque com Objeto Fixo;0;0;0;0;3;0;0;;;;2;1;0;0;0
08/01/2017;08:02:00;101;Acidente sem vítima;323,8;BR-101/ES;Norte;Colisão Traseira;2;0;0;0;0;0;0;;;;3;0;0;0;0
08/01/2017;09:58:00;136;Acidente sem vítima;111;BR-101/ES;Sul;Engavetamento;3;0;0;0;0;0;0;;;;11;0;0;0;0
08/01/2017;11:50:00;176;Acidente com vítima;125;BR-101/ES;Norte;Colisão Traseira;1;0;0;0;1;0;0;;;;2;1;0;0;0
08/01/2017;13:22:00;213;Acidente com vítima;101,8;BR-101/ES;Norte;Queda de Moto;0;0;0;0;1;0;0;;;;0;0;2;0;0
08/01/2017;13:35:00;220;Acidente com morte;419,6;BR-101/ES;Sul;Colisão Frontal;2;0;0;0;0;0;0;;;;0;0;1;3;1
08/01/2017;14:40:00;234;Acidente com morte;329;BR-101/ES;Sul;Queda de Moto;0;0;0;0;1;0;0;;;;0;0;1;0;1
08/01/2017;14:48:00;236;Acidente com vítima;229;BR-101/ES;Norte;Colisão Lateral;3;0;0;0;0;0;0;;;;3;1;3;1;0
08/01/2017;15:47:00;262;Acidente com vítima;286;BR-101/ES;Sul;Colisão Traseira;1;0;2;0;0;0;0;;;;2;1;1;0;0
08/01/2017;17:44:00;295;Acidente sem vítima;241;BR-101/ES;Sul;Colisão Lateral;1;1;0;0;0;0;0;;;;4;0;0;0;0
08/01/2017;18:48:00;309;Acidente com vítima;286;BR-101/ES;Sul;Choque com Veículo Estacionado;1;0;2;0;0;0;0;;;;1;0;5;0;0
08/01/2017;20:24:00;349;Acidente com vítima;304;BR-101/ES;Sul;Colisão Frontal;0;0;0;1;0;0;0;;;;1;0;0;1;0
08/01/2017;22:32:00;380;Acidente sem vítima;61;BR-101/ES;Sul;Colisão Traseira;2;0;0;0;0;0;0;;;;1;0;0;0;0
09/01/2017;08:54:00;129;Acidente sem vítima;301;BR-101/ES;Norte;Choque com Objeto Fixo;0;0;1;0;3;0;0;;;;1;0;0;0;0
09/01/2017;09:54:00;154;Acidente sem vítima;420;BR-101/ES;Sul;Saída de Pista;1;0;0;0;0;0;0;;;;3;0;0;0;0
09/01/2017;10:08:00;158;Acidente com vítima;149;BR-101/ES;Sul;Colisão Transversal;2;0;0;0;0;0;0;;;;5;1;0;0;0
09/01/2017;10:14:00;163;Acidente sem vítima;304;BR-101/ES;Norte;Colisão Traseira;2;0;0;0;0;0;0;;;;7;0;0;0;0
09/01/2017;10:45:00;179;Acidente sem vítima;375;BR-101/ES;Sul;Engavetamento;3;0;0;0;0;0;0;;;;8;0;0;0;0
09/01/2017;10:55:00;186;Acidente sem vítima;296;BR-101/ES;Sul;Choque com Objeto Fixo;1;0;0;0;0;0;0;;;;1;0;0;0;0
09/01/2017;11:32:00;198;Acidente sem vítima;147;BR-101/ES;Norte;Colisão Traseira;1;1;0;0;0;0;0;;;;4;0;0;0;0
09/01/2017;13:36:00;276;Acidente com vítima;377;BR-101/ES;Sul;Colisão Transversal;1;0;0;0;1;0;0;;;;2;1;0;0;0
09/01/2017;13:58:00;287;Acidente sem vítima;270;BR-101/ES;Sul;Engavetamento;4;0;0;0;0;0;0;;;;4;0;0;0;0
09/01/2017;17:55:00;358;Acidente sem vítima;152;BR-101/ES;Sul;Colisão Traseira;1;0;1;0;0;0;0;;;;5;0;0;0;0
09/01/2017;18:15:00;366;Acidente com vítima;216;BR-101/ES;Norte;Colisão Lateral;1;0;0;0;1;0;0;;;;1;0;1;0;0
09/01/2017;18:16:00;367;Acidente sem vítima;269,8;BR-101/ES;Sul;Colisão Traseira;2;0;0;0;0;0;0;;;;2;0;0;0;0
09/01/2017;18:46:00;371;Acidente com vítima;296;BR-101/ES;Norte;Queda de Moto;0;0;0;0;1;0;0;;;;0;1;0;0;0