data;horario;n_da_ocorrencia;tipo_de_ocorrencia;km;trecho;sentido;tipo_de_acidente;automovel;bicicleta;caminhao;moto;onibus;outros;tracao_animal;transporte_de_cargas_especiais;trator_maquinas;utilitarios;ilesos;levemente_feridos;moderadamente_feridos;gravemente_feridos;mortos
09/01/2017;19:04:00;375;Acidente sem vítima;270;BR-101/ES;Sul;Colisão Traseira;2;0;0;0;0;0;0;;;;2;0;0;0;0
09/01/2017;20:28:00;404;Acidente com vítima;156;BR-101/ES;Norte;Colisão Lateral;0;0;1;0;1;2;0;;;;1;2;2;0;0
10/01/2017;16:05:00;345;Acidente sem vítima;259;BR-101/ES;Sul;Veículo em Chamas;1;0;0;0;0;0;0;;;;1;0;0;0;0
10/01/2017;23:25:00;467;Acidente sem vítima;282,5;BR-101/ES;Norte;Choque com Objeto Fixo;1;0;0;0;0;0;0;;;;1;0;0;0;0
11/01/2017;00:04:00;2;Acidente sem vítima;175;BR-101/ES;Norte;Saída de Pista;1;0;0;0;0;0;0;;;;1;0;0;0;0
11/01/2017;03:42:00;60;Acidente sem vítima;227;BR-101/ES;Norte;Choque;1;1;0;0;0;0;0;;;;5;0;0;0;0
11/01/2017;09:41:00;155;Acidente sem vítima;222;BR-101/ES;Norte;Saída de Pista;1;0;0;0;0;0;0;;;;1;0;0;0;0
11/01/2017;10:36:00;173;Acidente com vítima;204;BR-101/ES;Sul;Colisão Lateral;1;1;0;0;0;0;0;;;;2;0;1;0;0
11/01/2017;11:11:00;191;Acidente sem vítima;267;BR-101/ES;Norte;Colisão Lateral;1;1;0;0;0;0;0;;;;3;0;0;0;0
11/01/2017;16:21:00;296;Acidente sem vítima;272;BR-101/ES;Sul;Colisão Traseira;1;0;2;0;0;0;0;;;;3;0;0;0;0
11/01/2017;17:58:00;325;Acidente sem vítima;269;BR-101/ES;Norte;Engavetamento;3;0;0;0;0;0;0;;;;3;0;0;0;0
11/01/2017;19:54:00;356;Acidente com vítima;304;BR-101/ES;Sul;Queda de ciclista;0;0;0;0;0;1;0;;;;0;1;0;0;0
11/01/2017;20:07:00;359;Acidente sem vítima;377;BR-101/ES;Sul;Colisão Traseira;1;0;2;0;0;0;0;;;;2;0;0;0;0
11/01/2017;21:27:00;376;Acidente sem vítima;451;BR-101/ES;Sul;Saída de Pista;1;0;0;0;0;0;0;;;;3;0;0;0;0
12/01/2017;03:18:00;50;Acidente sem vítima;457;BR-101/ES;Norte;Saída de Pista;1;0;0;0;0;0;0;;;;4;0;0;0;0
12/01/2017;06:50:00;91;Acidente sem vítima;445;BR-101/ES;Norte;Choque;0;0;2;0;0;0;0;;;;1;0;0;0;0
12/01/2017;07:48:00;100;Acidente sem vítima;266;BR-101/ES;Sul;Colisão Traseira;2;0;0;0;0;0;0;;;;1;0;0;0;0
12/01/2017;09:46:00;169;Acidente com vítima;71;BR-101/ES;Sul;Colisão Traseira;1;0;0;0;1;0;0;;;;4;0;1;0;0
12/01/2017;15:35:00;279;Acidente com vítima;266;BR-101/ES;Norte;Colisão Lateral;1;0;2;0;0;0;0;;;;2;0;1;0;0
12/01/2017;16:36:00;296;Acidente com vítima;430;BR-101/ES;Norte;Saída de Pista;0;1;0;0;0;0;0;;;;1;0;1;0;0
12/01/2017;17:52:00;319;Acidente com vítima;269;BR-101/ES;Sul;Engavetamento;3;0;0;0;0;0;0;;;;4;1;0;0;0
12/01/2017;19:28:00;340;Acidente sem vítima;328;BR-101/ES;Sul;Saída de Pista;0;1;0;0;0;0;0;;;;2;0;0;0;0
12/01/2017;20:36:00;357;Acidente sem vítima;258;BR-101/ES;Norte;Tombamento;1;0;0;0;0;0;0;;;;2;0;0;0;0
12/01/2017;21:26:00;363;Acidente com vítima;127;BR-101/ES;Sul;Queda de ciclista;0;0;0;0;0;1;0;;;;0;0;1;0;0
13/01/2017;04:10:00;62;Acidente com vítima;237;BR-101/ES;Norte;Queda de Moto;0;0;0;0;1;0;0;;;;0;0;0;1;0
13/01/2017;09:14:00;145;Acidente com vítima;301;BR-101/ES;Sul;Colisão Traseira;1;0;0;0;1;0;0;;;;3;1;0;0;0
13/01/2017;11:16:00;207;Acidente com vítima;64;BR-101/ES;Norte;Queda de Moto;0;0;0;0;1;0;0;;;;0;0;2;0;0
13/01/2017;12:37:00;240;Acidente sem vítima;127;BR-101/ES;Sul;Atropelamento Animal;1;0;0;0;0;0;0;;;;1;0;0;0;0
13/01/2017;14:19:00;290;Acidente sem vítima;389;BR-101/ES;Norte;Engavetamento;3;0;0;0;0;0;0;;;;4;0;0;0;0
13/01/2017;14:24:00;293;Acidente sem vítima;437;BR-101/ES;Sul;Saída de Pista;1;0;0;0;0;0;0;;;;4;0;0;0;0
13/01/2017;14:50:00;301;Acidente sem vítima;440;BR-101/ES;Sul;Saída de Pista;1;0;0;0;0;0;0;;;;3;0;0;0;0
13/01/2017;15:03:00;307;Acidente com vítima;297;BR-101/ES;Norte;Colisão Traseira;1;0;0;0;1;0;0;;;;1;2;0;0;0
13/01/2017;15:50:00;322;Acidente com vítima;270;BR-101/ES;Sul;Colisão Traseira;1;0;0;0;1;0;0;;;;1;1;0;0;0
13/01/2017;16:19:00;327;Acidente sem vítima;459;BR-101/ES;Sul;Saída de Pista;1;0;0;0;0;0;0;;;;2;0;0;0;0
13/01/2017;16:24:00;329;Acidente sem vítima;269,7;BR-101/ES;Sul;Colisão Traseira;2;0;0;0;0;0;0;;;;2;0;0;0;0
13/01/2017;16:40:00;336;Acidente sem vítima;206;BR-101/ES;Norte;Engavetamento;3;0;0;0;0;0;0;;;;4;0;0;0;0
13/01/2017;18:22:00;372;Atropelamento sem morte;268;BR-101/ES;Sul;Atropelamento e Fuga;0;0;0;0;1;0;0;;;;0;0;1;0;0
13/01/2017;18:50:00;378;Acidente com vítima;243;BR-101/ES;Norte;Colisão Transversal;2;0;0;0;0;0;0;;;;1;0;2;0;0
13/01/2017;23:41:00;459;Atropelamento com morte;265,8;BR-101/ES;Norte;Atropelamento e Fuga;1;0;0;0;0;0;0;;;;0;0;0;0;1
14/01/2017;02:09:00;47;Acidente com morte;133;BR-101/ES;Sul;Colisão Frontal;0;1;0;0;1;0;0;;;;1;0;0;0;1
14/01/2017;03:52:00;65;Acidente sem vítima;266;BR-101/ES;Norte;Saída de Pista;1;0;0;0;0;0;0;;;;1;0;0;0;0
14/01/2017;07:31:00;121;Acidente com vítima;411;BR-101/ES;Sul;Colisão Lateral;2;0;0;0;0;0;0;;;;2;5;3;0;0
14/01/2017;08:41:00;141;Acidente sem vítima;266;BR-101/ES;Norte;Colisão Traseira;2;0;0;0;0;0;0;;;;3;0;0;0;0
14/01/2017;09:13:00;149;Acidente com vítima;399;BR-101/ES;Sul;Colisão Transversal;2;0;0;0;0;0;0;;;;2;1;4;0;0
14/01/2017;10:13:00;168;Acidente sem vítima;266;BR-101/ES;Sul;Engavetamento;3;0;0;0;0;0;0;;;;6;0;0;0;0
14/01/2017;19:00:00;333;Acidente sem vítima;306;BR-101/ES;Norte;Saída de Pista;1;0;0;0;0;0;0;;;;1;0;0;0;0
14/01/2017;22:34:00;378;Acidente com vítima;143;BR-101/ES;Norte;Queda de Moto;0;0;0;0;1;0;0;;;;1;0;1;0;0
14/01/2017;22:52:00;383;Acidente sem vítima;374;BR-101/ES;Sul;Colisão Transversal;1;1;0;0;0;0;0;;;;3;0;0;0;0
14/01/2017;23:40:00;400;Acidente com vítima;382,5;BR-101/ES;Norte;Saída de Pista;0;0;2;0;0;0;0;;;;0;0;1;0;0
15/01/2017;00:11:00;4;Atropelamento sem morte;395;BR-101/ES;Norte;Atropelamento;1;0;0;0;0;0;0;;;;3;0;0;1;0
15/01/2017;04:36:00;61;Acidente sem vítima;269;BR-101/ES;Norte;Colisão Traseira;2;0;0;0;0;0;0;;;;3;0;0;0;0
15/01/2017;08:44:00;109;Acidente sem vítima;209;BR-101/ES;Norte;Colisão Traseira;0;2;1;0;0;0;0;;;;2;0;0;0;0
15/01/2017;08:47:00;110;Acidente sem vítima;149;BR-101/ES;Sul;Colisão Transversal;2;0;0;0;0;0;0;;;;2;0;0;0;0
15/01/2017;14:12:00;241;Acidente sem vítima;393;BR-101/ES;Norte;Colisão Transversal;2;0;0;0;0;0;0;;;;7;0;0;0;0
15/01/2017;15:24:00;260;Acidente sem vítima;398;BR-101/ES;Sul;Engavetamento;5;0;0;0;0;0;0;;;;17;0;0;0;0
15/01/2017;16:56:00;284;Acidente sem vítima;396;BR-101/ES;Sul;Colisão Traseira;2;0;0;0;0;0;0;;;;7;0;0;0;0
15/01/2017;17:04:00;288;Acidente sem vítima;393;BR-101/ES;Sul;Colisão Traseira;2;0;0;0;0;0;0;;;;4;0;0;0;0
15/01/2017;20:57:00;332;Acidente com vítima;954;BR-101/BA;Norte;Queda de Moto;0;0;0;0;1;0;0;;;;0;0;1;0;0
15/01/2017;21:23:00;338;Acidente com vítima;395;BR-101/ES;Sul;Veículo em Chamas;2;0;0;0;0;0;0;;;;0;2;0;0;0
16/01/2017;05:46:00;78;Acidente com vítima;205;BR-101/ES;Sul;Colisão;1;0;0;0;0;1;0;;;;0;1;1;0;0
16/01/2017;11:16:00;218;Acidente com vítima;439;BR-101/ES;Sul;Colisão Lateral;1;0;0;0;1;0;0;;;;1;1;1;0;0
16/01/2017;11:24:00;223;Acidente com vítima;263;BR-101/ES;Norte;Colisão Lateral;1;0;2;0;0;0;0;;;;1;0;1;0;0
16/01/2017;14:12:00;292;Acidente sem vítima;221;BR-101/ES;Sul;Colisão Traseira;2;0;0;0;0;0;0;;;;4;0;0;0;0
16/01/2017;17:26:00;352;Acidente sem vítima;387;BR-101/ES;Norte;Engavetamento;1;0;2;1;0;0;0;;;;3;0;0;0;0
16/01/2017;20:25:00;402;Acidente com vítima;952;BR-101/BA;Sul;Queda de Moto;0;0;0;0;1;0;0;;;;0;1;0;0;0
17/01/2017;14:51:00;277;Acidente com vítima;275;BR-101/ES;Norte;Queda de Moto;0;0;0;0;1;0;0;;;;0;0;2;0;0
17/01/2017;15:00:00;283;Acidente com vítima;65;BR-101/ES;Sul;Colisão Transversal;1;0;4;0;0;0;0;;;;5;0;1;0;0
17/01/2017;19:56:00;366;Acidente com vítima;213;BR-101/ES;Norte;Colisão Transversal;2;0;0;0;0;0;0;;;;3;1;0;0;0
18/01/2017;02:31:00;34;Acidente sem vítima;125;BR-101/ES;Sul;Atropelamento Animal;1;0;0;0;0;0;0;;;;1;0;0;0;0
18/01/2017;07:02:00;80;Acidente sem vítima;365,3;BR-101/ES;Sul;Saída de Pista;1;0;0;0;0;0;0;;;;2;0;0;0;0
18/01/2017;07:28:00;87;Acidente sem vítima;263;BR-101/ES;Sul;Colisão Traseira;2;0;0;0;0;0;0;;;;5;0;0;0;0
18/01/2017;08:51:00;112;Acidente com vítima;279,2;BR-101/ES;Sul;Colisão Frontal;2;0;0;0;0;0;0;;;;0;0;2;1;0
18/01/2017;10:32:00;155;Acidente sem vítima;61;BR-101/ES;Sul;Colisão Traseira;2;0;0;0;0;0;0;;;;7;0;0;0;0
18/01/2017;11:33:00;212;Acidente sem vítima;377;BR-101/ES;Norte;Colisão Lateral;2;0;0;0;0;0;0;;;;2;0;0;0;0
18/01/2017;17:12:00;352;Acidente sem vítima;158;BR-101/ES;Sul;Colisão Traseira;2;0;0;0;0;0;0;;;;3;0;0;0;0
18/01/2017;19:17:00;384;Acidente sem vítima;270,5;BR-101/ES;Norte;Colisão Traseira;1;0;0;1;0;0;0;;;;4;0;0;0;0
18/01/2017;19:21:00;387;Acidente com vítima;368,5;BR-101/ES;Sul;Colisão Lateral;1;0;0;0;1;0;0;;;;2;2;0;0;0
19/01/2017;02:26:00;45;Acidente sem vítima;419;BR-101/ES;Norte;Atropelamento Animal;1;0;0;0;0;0;0;;;;1;0;0;0;0
19/01/2017;08:01:00;102;Acidente com vítima;8,4;BR-101/ES;Sul;Tombamento;0;0;2;0;0;0;0;;;;0;1;1;0;0
19/01/2017;08:25:00;109;Acidente com vítima;264;BR-101/ES;Sul;Colisão Lateral;0;0;0;1;1;0;0;;;;2;0;1;0;0
19/01/2017;09:14:00;125;Acidente sem vítima;261;BR-101/ES;Sul;Colisão Transversal;2;0;0;0;0;0;0;;;;4;0;0;0;0
19/01/2017;13:43:00;251;Acidente com morte;395;BR-101/ES;Norte;Colisão Frontal;1;0;2;0;0;0;0;;;;0;0;1;0;1
19/01/2017;20:32:00;358;Acidente sem vítima;25;BR-101/ES;Sul;Saída de Pista;1;0;0;0;0;0;0;;;;1;0;0;0;0
20/01/2017;00:30:00;6;Acidente com vítima;363;BR-101/ES;Sul;Saída de Pista;0;0;2;0;0;0;0;;;;0;0;1;0;0
20/01/2017;01:04:00;20;Acidente com vítima;131;BR-101/ES;Sul;Queda de Moto;0;0;0;0;1;0;0;;;;0;0;1;0;0
20/01/2017;06:57:00;93;Acidente sem vítima;350;BR-101/ES;Norte;Colisão Lateral;1;1;1;0;0;0;0;;;;2;0;0;0;0
20/01/2017;07:12:00;98;Acidente sem vítima;254;BR-101/ES;Sul;Engavetamento;2;1;0;0;0;0;0;;;;5;0;0;0;0
20/01/2017;07:54:00;106;Acidente sem vítima;266;BR-101/ES;Sul;Engavetamento;3;0;0;0;0;0;0;;;;7;0;0;0;0
20/01/2017;08:08:00;109;Acidente com vítima;264;BR-101/ES;Norte;Colisão Traseira;1;0;0;0;1;0;0;;;;2;0;1;0;0
20/01/2017;14:38:00;296;Acidente sem vítima;408;BR-101/ES;Norte;Colisão Lateral;1;0;3;0;0;0;0;;;;5;0;0;0;0
20/01/2017;15:51:00;334;Acidente com vítima;354;BR-101/ES;Norte;Saída de Pista;1;0;0;0;0;1;0;;;;3;0;0;1;0
20/01/2017;16:28:00;349;Acidente sem vítima;269;BR-101/ES;Sul;Colisão Traseira;2;0;0;0;0;0;0;;;;2;0;0;0;0
20/01/2017;18:30:00;370;Acidente sem vítima;67;BR-101/ES;Norte;Engavetamento;2;0;0;0;1;0;0;;;;3;0;0;0;0
20/01/2017;21:56:00;420;Acidente com vítima;266;BR-101/ES;Norte;Colisão;1;0;0;0;0;1;0;;;;1;0;1;0;0
20/01/2017;22:37:00;431;Acidente com vítima;271;BR-101/ES;Sul;Colisão;1;0;0;0;0;1;0;;;;1;1;0;0;0
21/01/2017;07:15:00;135;Acidente com vítima;298;BR-101/ES;Norte;Colisão Traseira;0;0;0;2;0;0;0;;;;5;1;0;0;0
21/01/2017;09:21:00;179;Acidente sem vítima;264;BR-101/ES;Sul;Colisão Lateral;1;0;0;0;1;0;0;;;;4;0;0;0;0
21/01/2017;10:19:00;208;Acidente sem vítima;205;BR-101/ES;Norte;Colisão Lateral;1;1;0;0;0;0;0;;;;2;0;0;0;0
21/01/2017;14:59:00;351;Acidente com vítima;203;BR-101/ES;Norte;Tombamento;0;1;0;0;0;0;0;;;;0;0;1;0;0
21/01/2017;16:45:00;391;Acidente com vítima;256;BR-101/ES;Sul;Saída de Pista;1;0;0;0;0;0;0;;;;1;0;1;0;0
21/01/2017;16:53:00;393;Acidente com vítima;157;BR-101/ES;Sul;Queda de Moto;0;0;0;0;1;0;0;;;;0;1;0;0;0
21/01/2017;18:18:00;419;Acidente com vítima;296;BR-101/ES;Norte;Choque com Objeto Fixo;1;0;0;0;0;0;0;;;;0;0;0;1;0
21/01/2017;19:30:00;436;Acidente com vítima;151;BR-101/ES;Sul;Colisão Traseira;1;1;0;0;0;0;0;;;;3;1;1;0;0
21/01/2017;19:31:00;437;Acidente com vítima;258;BR-101/ES;Norte;Colisão Traseira;2;0;0;0;0;0;0;;;;3;3;0;0;0
21/01/2017;21:23:00;456;Acidente sem vítima;324;BR-101/ES;Norte;Queda de Moto;0;0;0;0;1;0;0;;;;1;0;0;0;0
21/01/2017;22:20:00;471;Acidente com vítima;153;BR-101/ES;Sul;Saída de Pista;1;0;0;0;0;0;0;;;;0;2;0;0;0
21/01/2017;22:37:00;473;Acidente com vítima;374;BR-101/ES;Sul;Queda de Moto;0;0;0;0;1;0;0;;;;0;0;1;0;0
21/01/2017;23:09:00;479;Acidente sem vítima;266;BR-101/ES;Norte;Colisão Traseira;2;0;0;0;0;0;0;;;;3;0;0;0;0
22/01/2017;04:00:00;60;Atropelamento sem morte;138;BR-101/ES;Sul;Atropelamento e Fuga;0;0;0;0;1;0;0;;;;0;0;0;1;0
22/01/2017;13:58:00;282;Acidente sem vítima;939;BR-101/BA;Norte;Saída de Pista;1;0;0;0;0;0;0;;;;4;0;0;0;0
22/01/2017;16:40:00;326;Acidente sem vítima;293;BR-101/ES;Sul;Choque com Objeto Fixo;1;0;0;0;0;0;0;;;;3;0;0;0;0
22/01/2017;19:47:00;387;Acidente com vítima;401;BR-101/ES;Sul;Queda de Moto;0;0;0;0;1;0;0;;;;0;1;0;0;0
22/01/2017;19:53:00;389;Acidente sem vítima;63;BR-101/ES;Sul;Colisão Traseira;2;0;0;0;0;0;0;;;;2;0;0;0;0
23/01/2017;07:08:00;84;Atropelamento sem morte;298;BR-101/ES;Sul;Atropelamento e Fuga;0;0;0;0;1;0;0;;;;0;0;1;0;0
23/01/2017;08:50:00;130;Acidente sem vítima;304;BR-101/ES;Norte;Veículo em Chamas;0;0;2;0;0;0;0;;;;1;0;0;0;0
23/01/2017;13:40:00;304;Acidente com vítima;369;BR-101/ES;Norte;Choque com Objeto Fixo;3;0;0;0;0;0;0;;;;3;0;0;1;0
23/01/2017;13:50:00;311;Acidente com vítima;147,9;BR-101/ES;Sul;Colisão Lateral;1;0;0;0;1;0;0;;;;3;1;0;0;0
23/01/2017;15:44:00;337;Acidente sem vítima;336;BR-101/ES;Norte;Capotamento;1;1;0;0;0;0;0;;;;2;0;0;0;0
23/01/2017;16:43:00;346;Acidente com vítima;266;BR-101/ES;Sul;Colisão Traseira;2;0;0;0;0;0;0;;;;2;1;0;0;0
23/01/2017;20:44:00;418;Acidente sem vítima;117;BR-101/ES;Norte;Queda de Moto;0;0;0;0;1;0;0;;;;1;0;0;0;0
23/01/2017;21:18:00;432;Acidente sem vítima;222;BR-101/ES;Sul;Saída de Pista;1;0;0;0;0;0;0;;;;1;0;0;0;0
23/01/2017;22:32:00;464;Acidente sem vítima;296;BR-101/ES;Norte;Choque;2;1;1;0;0;0;0;;;;3;0;0;0;0
24/01/2017;05:30:00;98;Acidente com vítima;265;BR-101/ES;Norte;Colisão Traseira;1;0;2;0;0;0;0;;;;2;0;1;0;0
24/01/2017;07:47:00;142;Acidente com vítima;358;BR-101/ES;Sul;Colisão Lateral;2;0;0;0;0;0;0;;;;1;2;0;0;0
24/01/2017;13:50:00;368;Acidente sem vítima;8;BR-101/ES;Norte;Queda de Moto;0;0;0;0;1;0;0;;;;1;0;0;0;0
24/01/2017;14:58:00;390;Acidente com vítima;44;BR-101/ES;Sul;Queda de Moto;0;0;0;0;1;0;0;;;;0;2;0;0;0
24/01/2017;16:29:00;443;Acidente com vítima;399;BR-101/ES;Norte;Colisão Traseira;1;0;3;0;0;0;0;;;;1;2;1;0;0
24/01/2017;17:13:00;460;Acidente sem vítima;269;BR-101/ES;Norte;Colisão Traseira;2;0;0;0;0;0;0;;;;2;0;0;0;0
24/01/2017;18:56:00;490;Acidente sem vítima;270;BR-101/ES;Sul;Colisão Traseira;2;0;0;0;0;0;0;;;;2;0;0;0;0
24/01/2017;21:55:00;556;Acidente sem vítima;270;BR-101/ES;Sul;Choque com Objeto Fixo;1;0;0;0;0;0;0;;;;1;0;0;0;0
24/01/2017;22:22:00;571;Acidente com vítima;450;BR-101/ES;Norte;Tombamento;0;0;2;0;0;0;0;;;;0;0;0;1;0
25/01/2017;01:53:00;45;Acidente sem vítima;307;BR-101/ES;Norte;Choque com Objeto Fixo;1;0;0;0;0;0;0;;;;1;0;0;0;0
25/01/2017;06:43:00;117;Acidente com vítima;44;BR-101/ES;Sul;Saída de Pista;1;0;0;0;0;0;0;;;;3;1;0;0;0
25/01/2017;13:54:00;372;Acidente sem vítima;197;BR-101/ES;Norte;Saída de Pista;1;0;0;0;0;0;0;;;;1;0;0;0;0
25/01/2017;16:09:00;412;Acidente com vítima;268;BR-101/ES;Norte;Colisão Transversal;1;0;0;0;1;0;0;;;;1;0;1;0;0
25/01/2017;16:47:00;431;Acidente com vítima;122;BR-101/ES;Sul;Queda de Moto;0;0;0;0;1;0;0;;;;0;2;0;0;0
25/01/2017;17:37:00;453;Acidente com vítima;332;BR-101/ES;Norte;Queda de Moto;0;0;0;0;1;0;0;;;;0;1;0;0;0
25/01/2017;19:56:00;495;Acidente com vítima;204,8;BR-101/ES;Norte;Colisão Lateral;0;0;0;0;2;0;0;;;;1;0;1;0;0
25/01/2017;20:15:00;504;Acidente com vítima;460;BR-101/ES;Sul;Capotamento;1;0;0;0;0;0;0;;;;0;2;0;0;0
25/01/2017;20:38:00;513;Acidente com vítima;240;BR-101/ES;Sul;Colisão Traseira;1;1;0;0;0;0;0;;;;4;1;0;0;0
25/01/2017;23:30:00;572;Acidente com vítima;126;BR-101/ES;Sul;Colisão Transversal;1;1;0;0;0;0;0;;;;3;2;0;0;0
26/01/2017;07:13:00;126;Acidente sem vítima;124;BR-101/ES;Sul;Colisão Traseira;2;0;0;0;0;0;0;;;;2;0;0;0;0
26/01/2017;07:37:00;137;Acidente com vítima;264;BR-101/ES;Sul;Queda de Moto;0;0;0;0;1;0;0;;;;0;1;1;0;0
26/01/2017;09:44:00;200;Acidente sem vítima;399;BR-101/ES;Sul;Veículo em Chamas;0;1;0;0;0;0;0;;;;1;0;0;0;0
26/01/2017;09:59:00;214;Acidente com vítima;278,6;BR-101/ES;Norte;Queda de Moto;0;0;0;0;1;0;0;;;;0;0;1;0;0
26/01/2017;10:09:00;227;Acidente com vítima;70;BR-101/ES;Norte;Queda de Moto;0;0;0;0;1;0;0;;;;0;0;1;0;0
26/01/2017;10:24:00;236;Acidente sem vítima;430;BR-101/ES;Sul;Colisão Traseira;2;0;0;0;0;0;0;;;;5;0;0;0;0
26/01/2017;11:47:00;308;Acidente sem vítima;266;BR-101/ES;Sul;Colisão Traseira;2;0;0;0;0;0;0;;;;6;0;0;0;0
26/01/2017;15:56:00;427;Acidente sem vítima;140;BR-101/ES;Sul;Colisão Traseira;2;0;0;0;0;0;0;;;;2;0;0;0;0
26/01/2017;16:38:00;440;Acidente sem vítima;270;BR-101/ES;Norte;Colisão Traseira;1;0;0;0;0;1;0;;;;2;0;0;0;0
26/01/2017;16:46:00;445;Acidente com vítima;260,5;BR-101/ES;Sul;Queda de Moto;0;0;0;0;1;0;0;;;;0;1;1;0;0
26/01/2017;17:16:00;453;Acidente sem vítima;270;BR-101/ES;Norte;Colisão Lateral;1;0;0;1;0;0;0;;;;5;0;0;0;0
26/01/2017;18:11:00;478;Acidente sem vítima;285;BR-101/ES;Norte;Colisão Lateral;1;0;0;0;1;0;0;;;;3;0;0;0;0
26/01/2017;20:24:00;534;Acidente sem vítima;288;BR-101/ES;Sul;Saída de Pista;1;0;0;0;0;0;0;;;;1;0;0;0;0
26/01/2017;20:25:00;536;Atropelamento sem morte;147;BR-101/ES;Norte;Atropelamento;1;0;0;0;0;0;0;;;;1;0;0;1;0
26/01/2017;22:50:00;596;Acidente com vítima;269;BR-101/ES;Sul;Colisão Traseira;2;0;0;0;0;0;0;;;;2;0;1;0;0
27/01/2017;02:37:00;64;Acidente com vítima;80,8;BR-101/ES;Sul;Colisão Traseira;1;1;0;0;0;0;0;;;;2;0;0;1;0
27/01/2017;05:05:00;103;Acidente sem vítima;421,4;BR-101/ES;Norte;Colisão Lateral;2;0;0;0;0;0;0;;;;8;0;0;0;0
27/01/2017;06:30:00;119;Acidente com morte;59,5;BR-101/ES;Norte;Colisão Lateral;2;0;0;0;0;0;0;;;;1;0;2;2;2
27/01/2017;08:35:00;174;Acidente sem vítima;395,5;BR-101/ES;Norte;Tombamento;3;0;0;0;0;0;0;;;;5;0;0;0;0
27/01/2017;09:16:00;194;Acidente sem vítima;146,8;BR-101/ES;Sul;Colisão Traseira;2;0;0;0;0;0;0;;;;5;0;0;0;0
27/01/2017;13:25:00;356;Acidente com vítima;246;BR-101/ES;Norte;Saída de Pista;1;0;0;0;0;0;0;;;;2;1;1;0;0
27/01/2017;16:24:00;439;Acidente sem vítima;297;BR-101/ES;Sul;Capotamento;1;0;2;0;0;0;0;;;;3;0;0;0;0
27/01/2017;19:34:00;497;Acidente com vítima;181;BR-101/ES;Sul;Colisão Traseira;1;0;0;0;0;1;0;;;;3;1;0;0;0
27/01/2017;20:20:00;518;Atropelamento sem morte;254;BR-101/ES;Sul;Atropelamento;1;0;0;0;1;0;0;;;;2;3;0;0;0
27/01/2017;23:12:00;594;Acidente com vítima;32;BR-101/ES;Sul;Colisão Traseira;1;1;0;0;0;0;0;;;;2;0;1;1;0
28/01/2017;05:49:00;114;Acidente sem vítima;152;BR-101/ES;Sul;Colisão Traseira;1;1;0;0;0;0;0;;;;2;0;0;0;0
28/01/2017;07:48:00;149;Acidente sem vítima;233;BR-101/ES;Norte;Colisão Traseira;2;0;0;0;0;0;0;;;;6;0;0;0;0
28/01/2017;08:17:00;155;Acidente com morte;439;BR-101/ES;Sul;Colisão Transversal;0;0;2;0;1;0;0;;;;1;0;0;0;1
28/01/2017;09:09:00;176;Acidente com vítima;288;BR-101/ES;Norte;Colisão Lateral;2;0;0;0;0;0;0;;;;2;0;1;0;0
28/01/2017;09:42:00;189;Acidente sem vítima;229;BR-101/ES;Norte;Saída de Pista;1;0;0;0;0;0;0;;;;3;0;0;0;0
28/01/2017;19:28:00;410;Acidente com vítima;274;BR-101/ES;Norte;Queda de Moto;0;0;0;0;1;0;0;;;;0;0;1;0;0
28/01/2017;20:06:00;423;Acidente com vítima;253;BR-101/ES;Sul;Queda de Moto;0;0;0;0;1;0;0;;;;0;1;0;0;0
28/01/2017;21:52:00;465;Acidente com vítima;129;BR-101/ES;Sul;Choque com Objeto Fixo;0;0;0;0;1;0;0;;;;0;0;1;0;0
28/01/2017;23:33:00;493;Acidente sem vítima;272;BR-101/ES;Norte;Saída de Pista;1;0;0;0;0;0;0;;;;2;0;0;0;0
29/01/2017;00:54:00;22;Acidente com vítima;268;BR-101/ES;Sul;Choque com Objeto Fixo;1;0;0;0;0;0;0;;;;0;1;0;0;0
29/01/2017;06:56:00;128;Acidente sem vítima;276;BR-101/ES;Norte;Saída de Pista;1;0;0;0;0;0;0;;;;1;0;0;0;0
29/01/2017;07:25:00;138;Acidente com vítima;376;BR-101/ES;Norte;Colisão Transversal;2;0;0;1;0;0;0;;;;20;0;0;1;0
29/01/2017;11:50:00;236;Acidente sem vítima;295;BR-101/ES;Sul;Colisão Traseira;2;0;0;0;0;0;0;;;;4;0;0;0;0
29/01/2017;12:41:00;264;Acidente com vítima;146;BR-101/ES;Norte;Colisão Traseira;1;0;0;0;1;0;0;;;;4;1;0;0;0
29/01/2017;15:04:00;317;Acidente sem vítima;301;BR-101/ES;Norte;Engavetamento;4;0;0;0;0;0;0;;;;9;0;0;0;0
29/01/2017;15:58:00;331;Acidente sem vítima;457;BR-101/ES;Sul;Colisão Transversal;2;0;0;0;0;0;0;;;;6;0;0;0;0
29/01/2017;16:11:00;338;Acidente sem vítima;329;BR-101/ES;Sul;Saída de Pista;1;0;0;0;0;0;0;;;;2;0;0;0;0
29/01/2017;16:32:00;343;Atropelamento com morte;256;BR-101/ES;Norte;Atropelamento;1;0;0;0;0;0;0;;;;1;0;0;0;1
29/01/2017;17:42:00;368;Acidente sem vítima;458;BR-101/ES;Sul;Colisão Transversal;2;0;0;0;0;0;0;;;;4;0;0;0;0
29/01/2017;19:39:00;403;Acidente com vítima;201,7;BR-101/ES;Sul;Colisão Lateral;1;0;0;0;1;0;0;;;;0;0;1;0;0