data;horario;n_da_ocorrencia;tipo_de_ocorrencia;km;trecho;sentido;tipo_de_acidente;automovel;bicicleta;caminhao;moto;onibus;outros;tracao_animal;transporte_de_cargas_especiais;trator_maquinas;utilitarios;ilesos;levemente_feridos;moderadamente_feridos;gravemente_feridos;mortos
02/11/2020;16:04:00;268;Acidente sem vítima;372;BR-101/ES (Contorno de Iconha);Sul;Colisão Transversal;1;0;2;0;0;0;0;;;;2;0;0;0;0
02/11/2020;17:26:00;300;Acidente sem vítima;119,9;BR-101/ES;Sul;Colisão Traseira;2;0;0;0;0;0;0;;;;8;0;0;0;0
02/11/2020;18:04:00;312;Acidente sem vítima;246;BR-101/ES;Sul;Colisão Traseira;2;0;0;0;0;0;0;;;;5;0;0;0;0
02/11/2020;19:30:00;333;Acidente com vítima;947;BR-101/BA;Norte;Tombamento;0;0;2;0;0;0;0;;;;0;1;0;0;0
02/11/2020;22:20:00;378;Acidente sem vítima;262,5;BR-101/ES;Sul;Atropelamento Animal;1;0;0;0;0;0;0;;;;1;0;0;0;0
03/11/2020;07:33:00;148;Acidente com vítima;269,2;BR-101/ES;Sul;Colisão Lateral;1;0;0;1;0;0;0;;;;1;0;1;0;0
03/11/2020;10:23:00;219;Acidente com morte;204,05;BR-101/ES;Norte;Colisão Transversal;1;0;0;1;0;0;0;;;;1;0;0;1;1
03/11/2020;12:25:00;287;Acidente com vítima;270,9;BR-101/ES;Sul;Colisão Traseira;2;0;0;0;0;0;0;;;;1;1;0;0;0
03/11/2020;14:39:00;333;Acidente com vítima;405,7;BR-101/ES;Norte;Colisão Lateral;0;0;1;1;0;0;0;;;;0;0;0;1;0
03/11/2020;15:30:00;348;Atropelamento sem morte;270,6;BR-101/ES;Sul;Atropelamento;0;0;0;0;1;0;0;;;;1;1;0;0;0
03/11/2020;17:40:00;376;Acidente sem vítima;442,2;BR-101/ES;Sul;Colisão Traseira;0;0;2;0;0;0;0;;;;3;0;0;0;0
03/11/2020;20:02:00;405;Acidente sem vítima;309,5;BR-101/ES;Norte;Colisão Lateral;2;0;0;0;0;0;0;;;;3;0;0;0;0
03/11/2020;20:28:00;411;Acidente sem vítima;235;BR-101/ES;Sul;Atropelamento de Equino;0;0;2;0;0;0;0;;;;1;0;0;0;0
04/11/2020;01:32:00;28;Acidente sem vítima;266,3;BR-101/ES;Sul;Colisão Lateral;2;0;0;0;0;0;0;;;;2;0;0;0;0
04/11/2020;06:43:00;113;Acidente sem vítima;91,3;BR-101/ES;Norte;Saída de Pista;1;0;0;0;0;0;0;;;;4;0;0;0;0
04/11/2020;07:44:00;133;Acidente com vítima;54,1;BR-101/ES;Norte;Colisão Frontal;2;0;0;0;0;0;0;;;;1;3;0;0;0
04/11/2020;12:17:00;259;Acidente sem vítima;270;BR-101/ES;Sul;Colisão Lateral;1;0;2;0;0;0;0;;;;2;0;0;0;0
04/11/2020;12:27:00;270;Acidente com vítima;310;BR-101/ES;Sul;Colisão Lateral;1;0;1;0;0;0;0;;;;1;1;0;0;0
04/11/2020;17:01:00;353;Acidente com vítima;307;BR-101/ES;Norte;Tombamento;0;0;2;0;0;0;0;;;;0;1;0;0;0
04/11/2020;17:06:00;354;Acidente sem vítima;424,5;BR-101/ES;Sul;Saída de Pista;1;0;0;0;0;0;0;;;;1;0;0;0;0
04/11/2020;17:53:00;371;Acidente sem vítima;270,6;BR-101/ES;Norte;Colisão Traseira;1;0;0;0;0;0;0;;;;1;0;0;0;0
05/11/2020;08:16:00;151;Acidente sem vítima;438;BR-101/ES;Sul;Colisão Traseira;0;0;3;0;0;0;0;;;;2;0;0;0;0
05/11/2020;08:44:00;161;Acidente com vítima;438;BR-101/ES;Norte;Saída de Pista;0;0;2;0;0;0;0;;;;0;1;0;0;0
05/11/2020;11:49:00;238;Acidente com vítima;362,2;BR-101/ES;Sul;Colisão Traseira;1;0;2;0;0;0;0;;;;2;1;0;0;0
05/11/2020;12:25:00;261;Acidente sem vítima;294,9;BR-101/ES (Contorno de Vitória);Sul;Colisão Lateral;2;0;0;0;0;0;0;;;;4;0;0;0;0
05/11/2020;13:00:00;271;Acidente com vítima;347;BR-101/ES;Norte;Queda de Moto;0;0;0;1;0;0;0;;;;0;1;0;0;0
05/11/2020;13:15:00;279;Acidente sem vítima;68,4;BR-101/ES;Norte;Colisão Traseira;2;0;0;0;0;0;0;;;;3;0;0;0;0
05/11/2020;15:57:00;344;Acidente sem vítima;372,6;BR-101/ES (Contorno de Iconha);Sul;Choque com Veículo Estacionado;1;0;0;1;0;0;0;;;;2;0;0;0;0
05/11/2020;16:16:00;349;Acidente sem vítima;301;BR-101/ES;Norte;Colisão Traseira;1;0;2;0;0;0;0;;;;3;0;0;0;0
05/11/2020;16:40:00;352;Acidente sem vítima;356,1;BR-101/ES;Norte;Engavetamento;3;0;0;0;0;0;0;;;;7;0;0;0;0
05/11/2020;17:40:00;367;Atropelamento sem morte;253,9;BR-101/ES;Norte;Atropelamento;1;0;0;0;0;0;0;;;;3;0;1;0;0
05/11/2020;19:11:00;383;Acidente com vítima;371;BR-101/ES;Norte;Colisão Transversal;1;0;2;0;0;0;0;;;;1;1;0;0;0
05/11/2020;19:23:00;384;Acidente com vítima;332,4;BR-101/ES;Sul;Tombamento;0;0;2;0;0;0;0;;;;0;1;0;0;0
05/11/2020;19:59:00;395;Acidente sem vítima;75;BR-101/ES;Sul;Choque;1;0;0;0;0;0;0;;;;1;0;0;0;0
05/11/2020;20:01:00;396;Acidente sem vítima;74;BR-101/ES;Sul;Choque;0;0;1;0;0;0;0;;;;1;0;0;0;0
05/11/2020;20:30:00;403;Acidente sem vítima;74;BR-101/ES;Sul;Choque;1;0;0;0;0;0;0;;;;1;0;0;0;0
05/11/2020;21:04:00;406;Acidente sem vítima;324;BR-101/ES;Sul;Choque com Objeto Fixo;1;0;0;0;0;0;0;;;;1;0;0;0;0
05/11/2020;21:06:00;407;Acidente sem vítima;74;BR-101/ES;Sul;Choque;1;0;0;0;0;0;0;;;;1;0;0;0;0
06/11/2020;00:28:00;11;Acidente sem vítima;367;BR-101/ES;Norte;Choque com Objeto Fixo;1;0;0;0;0;0;0;;;;1;0;0;0;0
06/11/2020;02:26:00;83;Acidente sem vítima;355;BR-101/ES;Norte;Atropelamento Animal;1;0;0;0;0;0;0;;;;2;0;0;0;0
06/11/2020;11:34:00;257;Acidente com vítima;147,4;BR-101/ES;Sul;Colisão Transversal;0;0;0;2;0;0;0;;;;0;2;0;0;0
06/11/2020;13:28:00;304;Acidente sem vítima;271;BR-101/ES (Contorno de Vitória);Sul;Choque com Objeto Fixo;1;0;0;0;0;0;0;;;;4;0;0;0;0
06/11/2020;14:38:00;320;Acidente sem vítima;189,1;BR-101/ES;Norte;Colisão Transversal;2;0;0;0;0;0;0;;;;4;0;0;0;0
06/11/2020;17:00:00;359;Acidente sem vítima;333,7;BR-101/ES;Norte;Choque com Objeto Fixo;1;0;0;0;0;0;0;;;;1;0;0;0;0
06/11/2020;18:59:00;394;Acidente sem vítima;270;BR-101/ES;Norte;Colisão Traseira;1;0;1;0;0;0;0;;;;2;0;0;0;0
06/11/2020;19:02:00;397;Acidente sem vítima;166;BR-101/ES;Norte;Colisão Traseira;2;0;0;0;0;0;0;;;;2;0;0;0;0
06/11/2020;22:46:00;447;Acidente com vítima;296;BR-101/ES (Contorno de Vitória);Norte;Choque com Veículo Estacionado;2;0;0;0;0;0;0;;;;0;1;1;0;0
07/11/2020;03:46:00;70;Acidente sem vítima;266,3;BR-101/ES;Norte;Colisão Traseira;1;0;1;0;0;0;0;;;;2;0;0;0;0
07/11/2020;03:59:00;73;Acidente sem vítima;291,5;BR-101/ES (Contorno de Vitória);Sul;Atropelamento de Equino;1;0;0;0;0;0;0;;;;1;0;0;0;0
07/11/2020;06:18:00;99;Acidente sem vítima;357,7;BR-101/ES;Sul;Tombamento;0;0;2;0;0;0;0;;;;1;0;0;0;0
07/11/2020;07:09:00;110;Acidente com vítima;67;BR-101/ES;Norte;Colisão Transversal;1;0;0;1;0;0;0;;;;1;0;1;0;0
07/11/2020;09:12:00;155;Acidente sem vítima;137;BR-101/ES;Sul;Colisão Traseira;1;0;2;0;0;0;0;;;;2;0;0;0;0
07/11/2020;13:47:00;259;Acidente sem vítima;270,5;BR-101/ES;Norte;Colisão Lateral;2;0;0;0;0;0;0;;;;4;0;0;0;0
07/11/2020;15:52:00;293;Acidente sem vítima;125,4;BR-101/ES;Sul;Engavetamento;1;0;2;0;0;0;0;;;;5;0;0;0;0
07/11/2020;16:16:00;302;Acidente com vítima;82,5;BR-101/ES;Norte;Saída de Pista;1;0;0;0;0;0;0;;;;0;1;0;0;0
07/11/2020;19:18:00;347;Acidente com vítima;143;BR-101/ES;Norte;Colisão com ciclista;0;1;0;1;0;0;0;;;;1;1;0;0;0
07/11/2020;20:56:00;369;Acidente com vítima;222,9;BR-101/ES;Norte;Saída de Pista;0;0;1;0;0;0;0;;;;0;0;1;0;0
07/11/2020;22:23:00;391;Acidente com vítima;254;BR-101/ES;Norte;Colisão Transversal;2;0;0;0;0;0;0;;;;2;1;2;0;0
07/11/2020;22:45:00;400;Acidente com vítima;69;BR-101/ES;Sul;Colisão Transversal;1;0;0;1;0;0;0;;;;2;0;1;0;0
08/11/2020;00:17:00;3;Acidente sem vítima;260,6;BR-101/ES;Sul;Colisão Traseira;2;0;0;0;0;0;0;;;;4;0;0;0;0
08/11/2020;05:06:00;58;Acidente com morte;437,8;BR-101/ES;Sul;Colisão Frontal;1;0;1;0;0;0;0;;;;0;2;0;0;1
08/11/2020;06:36:00;76;Acidente sem vítima;302,2;BR-101/ES;Sul;Choque com Objeto Fixo;1;0;0;0;0;0;0;;;;1;0;0;0;0
08/11/2020;07:25:00;86;Acidente sem vítima;380;BR-101/ES (Contorno de Iconha);Sul;Saída de Pista;1;0;0;0;0;0;0;;;;1;0;0;0;0
08/11/2020;13:17:00;217;Acidente com vítima;137,8;BR-101/ES;Norte;Queda de Moto;0;0;0;1;0;0;0;;;;0;0;1;0;0
08/11/2020;13:40:00;223;Acidente com vítima;269;BR-101/ES;Norte;Colisão Transversal;1;0;0;1;0;0;0;;;;2;1;1;0;0
08/11/2020;15:44:00;263;Acidente com vítima;284;BR-101/ES (Contorno de Vitória);Sul;Queda de Moto;0;0;0;1;0;0;0;;;;0;1;1;0;0
08/11/2020;16:00:00;271;Acidente com vítima;264;BR-101/ES;Norte;Colisão Lateral;0;0;0;2;0;0;0;;;;1;0;2;0;0
08/11/2020;16:54:00;292;Acidente com vítima;294,7;BR-101/ES (Contorno de Vitória);Norte;Choque com Objeto Fixo;1;0;0;0;0;0;0;;;;2;0;2;0;0
08/11/2020;18:04:00;316;Acidente com morte;941,8;BR-101/BA;Sul;Colisão Traseira;1;0;0;1;0;0;0;;;;0;0;1;1;1
09/11/2020;05:10:00;58;Acidente sem vítima;358;BR-101/ES;Sul;Queda de Moto;0;0;0;1;0;0;0;;;;1;0;0;0;0
09/11/2020;08:38:00;120;Acidente com vítima;312,7;BR-101/ES;Sul;Colisão Lateral;0;0;1;1;0;0;0;;;;1;0;1;0;0
09/11/2020;09:09:00;131;Acidente sem vítima;438,6;BR-101/ES;Norte;Colisão Traseira;2;0;0;0;0;0;0;;;;2;0;0;0;0
09/11/2020;10:19:00;162;Acidente sem vítima;269,3;BR-101/ES;Sul;Colisão Traseira;1;0;1;0;0;0;0;;;;5;0;0;0;0
09/11/2020;13:28:00;244;Acidente sem vítima;213,2;BR-101/ES;Sul;Saída de Pista;1;0;0;0;0;0;0;;;;2;0;0;0;0
09/11/2020;16:05:00;280;Acidente sem vítima;344,6;BR-101/ES;Sul;Engavetamento;2;0;1;0;0;0;0;;;;3;0;0;0;0
09/11/2020;16:09:00;283;Acidente com vítima;263,1;BR-101/ES;Sul;Colisão Lateral;1;0;0;1;0;0;0;;;;1;1;0;0;0
09/11/2020;18:48:00;325;Acidente com vítima;268,6;BR-101/ES;Norte;Queda de Moto;0;0;0;1;0;0;0;;;;0;0;1;0;0
09/11/2020;18:55:00;326;Acidente sem vítima;118;BR-101/ES;Sul;Choque;1;0;0;0;0;0;0;;;;1;0;0;0;0
09/11/2020;20:12:00;353;Acidente sem vítima;163,1;BR-101/ES;Sul;Saída de Pista;0;0;1;0;0;0;0;;;;2;0;0;0;0
09/11/2020;23:01:00;399;Acidente com vítima;386,9;BR-101/ES;Sul;Tombamento;0;0;2;0;0;0;0;;;;0;0;1;0;0
10/11/2020;00:45:00;18;Acidente com vítima;368,6;BR-101/ES;Sul;Tombamento;0;0;1;0;0;0;0;;;;1;1;0;0;0
10/11/2020;07:06:00;90;Acidente sem vítima;390;BR-101/ES;Sul;Colisão Lateral;0;0;2;0;1;0;0;;;;40;0;0;0;0
10/11/2020;07:20:00;94;Acidente sem vítima;259;BR-101/ES;Sul;Colisão Lateral;1;0;1;0;0;0;0;;;;2;0;0;0;0
10/11/2020;09:07:00;137;Acidente sem vítima;262;BR-101/ES;Sul;Colisão Traseira;1;0;1;0;0;0;0;;;;1;0;0;0;0
10/11/2020;10:26:00;177;Acidente sem vítima;362,5;BR-101/ES;Norte;Colisão Lateral;0;0;4;0;0;0;0;;;;2;0;0;0;0
10/11/2020;10:51:00;189;Atropelamento sem morte;268,5;BR-101/ES;Norte;Atropelamento;0;1;0;0;0;0;0;;;;1;1;0;0;0
10/11/2020;11:11:00;198;Acidente sem vítima;6,8;BR-101/ES;Sul;Colisão Traseira;2;0;0;0;0;0;0;;;;3;0;0;0;0
10/11/2020;13:09:00;252;Acidente sem vítima;421;BR-101/ES;Sul;Saída de Pista;1;0;0;0;0;0;0;;;;1;0;0;0;0
10/11/2020;15:04:00;299;Acidente sem vítima;62,4;BR-101/ES;Norte;Engavetamento;3;0;0;0;0;0;0;;;;3;0;0;0;0
10/11/2020;17:29:00;341;Acidente sem vítima;269,8;BR-101/ES;Sul;Colisão Traseira;1;0;1;0;0;0;0;;;;2;0;0;0;0
10/11/2020;20:25:00;384;Acidente sem vítima;118;BR-101/ES;Norte;Atropelamento Animal;1;0;0;0;0;0;0;;;;1;0;0;0;0
10/11/2020;21:03:00;390;Atropelamento sem morte;72;BR-101/ES;Sul;Atropelamento;0;0;0;1;0;0;0;;;;0;0;2;0;0
10/11/2020;23:25:00;428;Acidente sem vítima;258;BR-101/ES;Norte;Colisão Frontal;2;0;0;0;0;0;0;;;;2;0;0;0;0
11/11/2020;09:58:00;188;Acidente com vítima;280,8;BR-101/ES (Contorno de Vitória);Sul;Saída de Pista;1;0;1;0;0;0;0;;;;2;0;1;0;0
11/11/2020;10:19:00;201;Acidente com vítima;262,2;BR-101/ES;Norte;Colisão Traseira;2;0;0;0;0;0;0;;;;1;0;1;0;0
11/11/2020;14:50:00;323;Acidente com morte;261;BR-101/ES;Sul;Colisão Transversal;1;0;2;1;0;0;0;;;;1;0;0;1;1
11/11/2020;18:12:00;379;Atropelamento sem morte;269,2;BR-101/ES;Sul;Atropelamento e Fuga;0;0;0;0;0;1;1;;;;0;0;1;0;0
11/11/2020;22:55:00;451;Acidente com vítima;269,4;BR-101/ES;Sul;Colisão Traseira;1;0;0;1;0;0;0;;;;1;0;1;0;0
12/11/2020;01:48:00;27;Acidente sem vítima;261;BR-101/ES;Sul;Choque com Objeto Fixo;1;0;0;0;0;0;0;;;;3;0;0;0;0
12/11/2020;03:58:00;45;Acidente com vítima;342;BR-101/ES;Norte;Choque com Objeto Fixo;1;0;0;0;0;0;0;;;;0;1;0;0;0
12/11/2020;05:32:00;63;Acidente com vítima;947,8;BR-101/BA;Norte;Tombamento;0;0;2;0;0;0;0;;;;0;1;0;0;0
12/11/2020;11:34:00;200;Acidente com vítima;331;BR-101/ES;Norte;Choque com Objeto Fixo;1;0;0;0;0;0;0;;;;0;1;0;0;0
12/11/2020;13:32:00;255;Acidente com morte;208;BR-101/ES;Sul;Colisão Lateral;1;0;4;0;0;0;0;;;;2;0;0;0;3
12/11/2020;16:42:00;307;Acidente sem vítima;288,3;BR-101/ES (Contorno de Vitória);Norte;Choque com Objeto Fixo;1;0;0;0;0;0;0;;;;3;0;0;0;0
12/11/2020;16:53:00;313;Acidente sem vítima;205;BR-101/ES;Sul;Colisão Lateral;1;0;2;0;0;0;0;;;;2;0;0;0;0
12/11/2020;17:46:00;331;Acidente sem vítima;216;BR-101/ES;Norte;Engavetamento;2;0;3;0;0;0;0;;;;4;0;0;0;0
12/11/2020;19:19:00;349;Acidente sem vítima;146;BR-101/ES;Sul;Colisão Traseira;0;0;2;0;0;0;0;;;;2;0;0;0;0
12/11/2020;19:54:00;359;Acidente sem vítima;226;BR-101/ES;Sul;Saída de Pista;0;0;2;0;0;0;0;;;;1;0;0;0;0
13/11/2020;08:30:00;125;Acidente com vítima;144,1;BR-101/ES;Norte;Colisão Lateral;1;0;0;1;0;0;0;;;;1;1;0;0;0
13/11/2020;09:02:00;131;Acidente sem vítima;294,8;BR-101/ES (Contorno de Vitória);Sul;Colisão Traseira;1;0;1;0;0;0;0;;;;5;0;0;0;0
13/11/2020;09:22:00;139;Acidente com vítima;400;BR-101/ES;Norte;Colisão Traseira;0;0;3;0;0;0;0;;;;3;0;1;0;0
13/11/2020;09:31:00;143;Acidente sem vítima;298;BR-101/ES;Norte;Engavetamento;3;0;0;0;0;0;0;;;;2;0;0;0;0
13/11/2020;10:20:00;171;Acidente sem vítima;233,3;BR-101/ES;Sul;Colisão Traseira;3;0;0;0;0;0;0;;;;3;0;0;0;0
13/11/2020;13:24:00;261;Acidente sem vítima;144,1;BR-101/ES;Norte;Colisão Traseira;2;0;0;0;0;0;0;;;;3;0;0;0;0
13/11/2020;18:01:00;353;Acidente sem vítima;150;BR-101/ES;Sul;Colisão Traseira;2;0;0;0;0;0;0;;;;5;0;0;0;0
13/11/2020;18:29:00;358;Acidente com vítima;358;BR-101/ES;Norte;Colisão Lateral;1;0;0;1;0;0;0;;;;2;0;1;0;0
13/11/2020;19:11:00;366;Acidente sem vítima;255;BR-101/ES;Norte;Colisão Transversal;2;0;0;0;0;0;0;;;;4;0;0;0;0
13/11/2020;22:48:00;440;Acidente com vítima;266;BR-101/ES;Sul;Queda de Moto;0;0;0;1;0;0;0;;;;0;0;2;0;0
14/11/2020;05:10:00;85;Acidente sem vítima;171,7;BR-101/ES;Norte;Colisão Traseira;1;0;1;0;0;0;0;;;;2;0;0;0;0
14/11/2020;08:20:00;124;Acidente com vítima;270,8;BR-101/ES;Norte;Colisão com ciclista;0;1;0;1;0;0;0;;;;0;0;2;0;0
14/11/2020;11:01:00;184;Acidente com vítima;257,9;BR-101/ES;Sul;Colisão Traseira;1;0;1;0;0;0;0;;;;2;2;0;0;0
14/11/2020;12:08:00;208;Acidente sem vítima;214,1;BR-101/ES;Sul;Colisão Lateral;2;0;0;0;0;0;0;;;;4;0;0;0;0
14/11/2020;13:40:00;237;Acidente com vítima;332,6;BR-101/ES;Sul;Saída de Pista;1;0;0;0;0;0;0;;;;0;2;0;0;0
14/11/2020;16:23:00;279;Acidente com vítima;69,8;BR-101/ES;Sul;Queda de ciclista;0;1;0;0;0;0;0;;;;0;1;0;0;0
14/11/2020;16:45:00;288;Acidente com vítima;69,8;BR-101/ES;Sul;Queda de ciclista;0;1;0;0;0;0;0;;;;0;1;0;0;0
14/11/2020;16:55:00;291;Acidente com vítima;70,1;BR-101/ES;Sul;Colisão Traseira;1;0;0;1;0;0;0;;;;1;1;0;0;0
14/11/2020;18:14:00;314;Acidente com vítima;298;BR-101/ES;Sul;Colisão Traseira;1;0;0;1;0;0;0;;;;1;0;1;0;0
14/11/2020;19:37:00;334;Acidente com morte;298,8;BR-101/ES;Sul;Choque com Objeto Fixo;0;0;0;1;0;0;0;;;;0;0;0;0;1
14/11/2020;20:13:00;342;Acidente sem vítima;297;BR-101/ES;Sul;Colisão Traseira;1;0;0;0;1;0;0;;;;2;0;0;0;0
14/11/2020;23:49:00;399;Acidente sem vítima;269,3;BR-101/ES;Sul;Veículo em Chamas;0;0;0;0;1;0;0;;;;1;0;0;0;0
15/11/2020;04:09:00;57;Acidente sem vítima;128;BR-101/ES;Norte;Colisão Frontal;1;0;2;0;0;0;0;;;;2;0;0;0;0
15/11/2020;04:30:00;60;Acidente sem vítima;222;BR-101/ES;Norte;Saída de Pista;0;0;1;0;0;0;0;;;;1;0;0;0;0
15/11/2020;06:08:00;80;Acidente com vítima;14;BR-101/ES;Sul;Queda de Moto;0;0;0;1;0;0;0;;;;0;0;1;0;0
15/11/2020;07:26:00;91;Acidente sem vítima;222;BR-101/ES;Norte;Colisão Lateral;1;0;1;0;0;0;0;;;;3;0;0;0;0
15/11/2020;09:03:00;112;Acidente com vítima;138;BR-101/ES;Norte;Colisão Traseira;1;0;0;1;0;0;0;;;;3;1;0;0;0
15/11/2020;09:51:00;125;Acidente com vítima;147;BR-101/ES;Norte;Colisão Transversal;1;0;0;1;0;0;0;;;;2;2;0;0;0
15/11/2020;13:36:00;202;Acidente com vítima;284,1;BR-101/ES (Contorno de Vitória);Sul;Queda de Moto;0;0;0;1;0;0;0;;;;0;1;1;0;0
15/11/2020;13:50:00;208;Acidente sem vítima;262;BR-101/ES;Norte;Colisão Traseira;2;0;0;0;0;0;0;;;;2;0;0;0;0
15/11/2020;14:40:00;221;Acidente sem vítima;34,4;BR-101/ES;Sul;Choque com Objeto Fixo;1;0;0;0;0;0;0;;;;1;0;0;0;0
15/11/2020;15:37:00;235;Acidente com vítima;254;BR-101/ES;Sul;Engavetamento;3;0;0;1;0;0;0;;;;6;1;0;0;0
15/11/2020;15:56:00;244;Acidente com vítima;339,6;BR-101/ES;Sul;Colisão Lateral;2;0;0;0;0;0;0;;;;1;2;0;0;0
15/11/2020;19:52:00;309;Atropelamento sem morte;143;BR-101/ES;Norte;Atropelamento e Fuga;0;0;0;0;0;1;1;;;;0;0;1;0;0
15/11/2020;19:58:00;310;Acidente sem vítima;138;BR-101/ES;Norte;Saída de Pista;1;0;0;0;0;0;0;;;;1;0;0;0;0
16/11/2020;06:44:00;89;Acidente com vítima;170,8;BR-101/ES;Norte;Queda de Moto;0;0;0;1;0;0;0;;;;1;0;1;0;0
16/11/2020;15:00:00;299;Acidente sem vítima;315;BR-101/ES;Norte;Saída de Pista;1;0;0;0;0;0;0;;;;1;0;0;0;0
16/11/2020;15:21:00;308;Acidente com vítima;228,5;BR-101/ES;Sul;Engavetamento;2;0;2;0;0;0;0;;;;5;0;1;0;0
16/11/2020;15:54:00;317;Acidente sem vítima;110,3;BR-101/ES;Sul;Colisão Traseira;1;0;2;0;0;0;0;;;;3;0;0;0;0
16/11/2020;18:49:00;388;Atropelamento sem morte;266,9;BR-101/ES;Sul;Atropelamento;2;0;0;0;0;0;0;;;;2;0;1;0;0
16/11/2020;18:58:00;390;Atropelamento sem morte;397;BR-101/ES;Sul;Atropelamento e Fuga;0;0;0;0;0;1;1;;;;0;0;0;1;0
16/11/2020;20:51:00;430;Acidente sem vítima;45,8;BR-101/ES;Norte;Atropelamento de Equino;1;0;0;0;0;0;0;;;;4;0;0;0;0
17/11/2020;06:59:00;99;Acidente sem vítima;263,9;BR-101/ES;Sul;Colisão Traseira;2;0;0;0;0;0;0;;;;6;0;0;0;0
17/11/2020;07:42:00;118;Acidente sem vítima;40,1;BR-101/ES;Norte;Colisão Lateral;2;0;0;0;0;0;0;;;;3;0;0;0;0
17/11/2020;08:41:00;135;Acidente sem vítima;939,2;BR-101/BA;Norte;Saída de Pista;1;0;0;0;0;0;0;;;;1;0;0;0;0
17/11/2020;09:44:00;154;Acidente com vítima;381;BR-101/ES (Contorno de Iconha);Norte;Saída de Pista;1;0;0;0;0;0;0;;;;0;1;0;0;0
17/11/2020;11:45:00;214;Acidente sem vítima;222,2;BR-101/ES;Sul;Colisão Traseira;2;0;0;0;0;0;0;;;;6;0;0;0;0
17/11/2020;13:46:00;258;Acidente sem vítima;264,5;BR-101/ES;Norte;Colisão Traseira;3;0;0;0;0;0;0;;;;3;0;0;0;0
17/11/2020;16:16:00;308;Acidente sem vítima;224,1;BR-101/ES;Norte;Colisão Traseira;2;0;0;0;0;0;0;;;;6;0;0;0;0
17/11/2020;18:48:00;355;Acidente sem vítima;260,8;BR-101/ES;Norte;Colisão Traseira;1;0;0;0;1;0;0;;;;3;0;0;0;0
18/11/2020;03:56:00;75;Acidente sem vítima;266,3;BR-101/ES;Norte;Queda de Moto;0;0;0;1;0;0;0;;;;2;0;0;0;0
18/11/2020;06:45:00;108;Acidente com vítima;255,7;BR-101/ES;Norte;Engavetamento;3;0;0;0;0;0;0;;;;4;1;0;0;0
18/11/2020;08:01:00;133;Acidente com vítima;176,3;BR-101/ES;Norte;Colisão Transversal;1;0;0;1;0;0;0;;;;1;1;0;0;0
18/11/2020;08:34:00;143;Acidente com vítima;297,4;BR-101/ES;Sul;Colisão Traseira;0;0;2;0;1;0;0;;;;1;2;0;0;0
18/11/2020;09:07:00;152;Acidente sem vítima;326,4;BR-101/ES;Norte;Saída de Pista;1;0;0;0;0;0;0;;;;1;0;0;0;0
18/11/2020;17:25:00;328;Acidente sem vítima;286,5;BR-101/ES (Contorno de Vitória);Sul;Colisão Lateral;1;0;2;0;0;0;0;;;;2;0;0;0;0
18/11/2020;20:22:00;368;Acidente sem vítima;149;BR-101/ES;Sul;Colisão Traseira;2;0;0;0;0;0;0;;;;2;0;0;0;0
18/11/2020;20:23:00;369;Acidente sem vítima;31;BR-101/ES;Norte;Colisão Transversal;2;0;0;0;0;0;0;;;;2;0;0;0;0
18/11/2020;22:04:00;390;Acidente com morte;156;BR-101/ES;Norte;Colisão com ciclista;1;1;1;0;0;0;0;;;;5;0;0;0;1
19/11/2020;03:34:00;58;Acidente sem vítima;320;BR-101/ES;Norte;Colisão Traseira;1;0;1;0;0;0;0;;;;2;0;0;0;0
19/11/2020;05:55:00;108;Acidente com vítima;122;BR-101/ES;Sul;Saída de Pista;1;0;0;0;0;0;0;;;;0;1;0;0;0
19/11/2020;09:52:00;179;Acidente sem vítima;265;BR-101/ES;Sul;Colisão Traseira;2;0;0;0;0;0;0;;;;2;0;0;0;0
19/11/2020;10:18:00;190;Acidente com vítima;332,6;BR-101/ES;Sul;Tombamento;0;0;2;0;0;0;0;;;;0;1;0;0;0
19/11/2020;10:22:00;191;Acidente sem vítima;247;BR-101/ES;Sul;Colisão Transversal;1;0;0;0;0;0;0;;;;2;0;0;0;0
19/11/2020;10:29:00;193;Acidente com vítima;258;BR-101/ES;Sul;Colisão Traseira;1;0;0;1;0;0;0;;;;2;0;1;0;0
19/11/2020;14:07:00;291;Acidente sem vítima;311;BR-101/ES;Sul;Engavetamento;1;0;2;0;0;0;0;;;;5;0;0;0;0
19/11/2020;14:59:00;308;Acidente com vítima;401,6;BR-101/ES;Sul;Choque;0;0;2;0;0;0;0;;;;1;0;0;1;0
19/11/2020;15:03:00;309;Acidente sem vítima;66;BR-101/ES;Sul;Colisão Lateral;2;1;1;0;0;0;0;;;;5;0;0;0;0
19/11/2020;15:08:00;312;Acidente sem vítima;45,5;BR-101/ES;Sul;Saída de Pista;1;0;0;0;0;0;0;;;;1;0;0;0;0
20/11/2020;05:05:00;63;Acidente com vítima;369;BR-101/ES;Norte;Saída de Pista;0;0;0;1;0;0;0;;;;0;0;1;0;0
20/11/2020;06:49:00;96;Acidente sem vítima;174;BR-101/ES;Norte;Saída de Pista;1;0;0;0;0;0;0;;;;1;0;0;0;0
20/11/2020;07:25:00;106;Acidente sem vítima;261;BR-101/ES;Sul;Colisão Traseira;2;0;0;0;0;0;0;;;;2;0;0;0;0