data;horario;n_da_ocorrencia;tipo_de_ocorrencia;km;trecho;sentido;tipo_de_acidente;automovel;bicicleta;caminhao;moto;onibus;outros;tracao_animal;transporte_de_cargas_especiais;trator_maquinas;utilitarios;ilesos;levemente_feridos;moderadamente_feridos;gravemente_feridos;mortos
04/12/2020;19:23:00;443;Acidente sem vítima;204;BR-101/ES;Sul;Colisão Traseira;2;0;0;0;0;0;0;;;;2;0;0;0;0
04/12/2020;20:50:00;462;Acidente sem vítima;85;BR-101/ES;Sul;Atropelamento Animal;1;0;0;0;0;0;0;;;;5;0;0;0;0
04/12/2020;21:29:00;477;Acidente com vítima;146;BR-101/ES;Norte;Colisão Transversal;0;0;0;2;0;0;0;;;;0;3;0;0;0
04/12/2020;22:00:00;487;Acidente com morte;84,1;BR-101/ES;Norte;Colisão Traseira;0;0;1;1;0;0;0;;;;1;0;0;0;1
05/12/2020;07:16:00;121;Acidente com vítima;420,8;BR-101/ES;Sul;Colisão Transversal;1;0;0;1;0;0;0;;;;1;0;0;1;0
05/12/2020;07:49:00;129;Acidente sem vítima;266;BR-101/ES;Sul;Engavetamento;3;0;0;0;0;0;0;;;;3;0;0;0;0
05/12/2020;11:25:00;219;Acidente com vítima;148;BR-101/ES;Sul;Colisão Transversal;0;0;2;1;0;0;0;;;;1;1;0;0;0
05/12/2020;11:28:00;220;Acidente com vítima;306;BR-101/ES;Sul;Choque;0;0;0;1;0;0;0;;;;0;1;0;0;0
05/12/2020;11:58:00;235;Acidente sem vítima;196,2;BR-101/ES;Norte;Saída de Pista;1;0;0;0;0;0;0;;;;3;0;0;0;0
05/12/2020;12:35:00;251;Acidente sem vítima;118,5;BR-101/ES;Norte;Saída de Pista;1;0;0;0;0;0;0;;;;2;0;0;0;0
05/12/2020;12:47:00;257;Acidente sem vítima;52,4;BR-101/ES;Norte;Danos Eventuais;1;0;1;0;0;0;0;;;;2;0;0;0;0
05/12/2020;13:34:00;278;Acidente com vítima;239,2;BR-101/ES;Norte;Colisão Lateral;1;0;0;1;0;0;0;;;;1;0;1;0;0
05/12/2020;18:21:00;376;Acidente sem vítima;268;BR-101/ES;Norte;Choque com Objeto Fixo;1;0;0;0;0;0;0;;;;1;0;0;0;0
06/12/2020;03:53:00;50;Acidente com morte;290,6;BR-101/ES (Contorno de Vitória);Norte;Choque com Objeto Fixo;0;0;0;1;0;0;0;;;;0;0;1;0;1
06/12/2020;09:58:00;136;Acidente com vítima;265;BR-101/ES;Sul;Queda de Moto;0;0;0;1;0;0;0;;;;0;0;2;0;0
06/12/2020;10:00:00;138;Acidente com vítima;239,8;BR-101/ES;Norte;Queda de Moto;0;0;0;1;0;0;0;;;;0;0;1;0;0
06/12/2020;10:13:00;140;Acidente sem vítima;239,8;BR-101/ES;Norte;Choque com Veículo Estacionado;2;0;0;0;0;0;0;;;;2;0;0;0;0
06/12/2020;10:16:00;141;Acidente com vítima;3,4;BR-101/ES;Norte;Capotamento;1;0;0;0;0;0;0;;;;0;1;0;3;0
06/12/2020;10:50:00;153;Atropelamento sem morte;239,95;BR-101/ES;Norte;Atropelamento e Fuga;0;0;1;0;0;0;0;;;;0;0;1;0;0
06/12/2020;14:27:00;225;Acidente com vítima;304;BR-101/ES;Norte;Choque com Objeto Fixo;1;0;0;0;0;0;0;;;;1;1;1;0;0
06/12/2020;16:05:00;255;Acidente com vítima;31,7;BR-101/ES;Sul;Colisão Lateral;1;0;0;1;0;0;0;;;;0;0;1;2;0
06/12/2020;18:26:00;306;Acidente com vítima;270;BR-101/ES;Norte;Colisão Lateral;1;0;0;1;0;0;0;;;;1;0;2;0;0
06/12/2020;19:22:00;321;Acidente sem vítima;197;BR-101/ES;Sul;Colisão Traseira;0;0;3;0;0;0;0;;;;2;0;0;0;0
06/12/2020;19:32:00;325;Acidente com vítima;286;BR-101/ES (Contorno de Vitória);Sul;Choque com Objeto Fixo;1;0;0;0;0;0;0;;;;0;1;0;0;0
06/12/2020;22:20:00;366;Acidente sem vítima;269;BR-101/ES;Norte;Colisão Lateral;1;0;0;1;0;0;0;;;;2;0;0;0;0
07/12/2020;05:21:00;77;Acidente com vítima;235,5;BR-101/ES;Sul;Colisão Lateral;2;0;0;0;0;0;0;;;;4;1;0;0;0
07/12/2020;05:35:00;80;Acidente sem vítima;71,4;BR-101/ES;Sul;Saída de Pista;0;0;0;1;0;0;0;;;;1;0;0;0;0
07/12/2020;08:19:00;149;Atropelamento sem morte;254,3;BR-101/ES;Norte;Atropelamento;0;0;2;0;0;0;0;;;;1;0;0;1;0
07/12/2020;09:21:00;168;Acidente com vítima;269,6;BR-101/ES;Norte;Colisão Traseira;1;0;2;0;0;0;0;;;;1;2;0;0;0
07/12/2020;11:58:00;248;Acidente sem vítima;326;BR-101/ES;Sul;Colisão Lateral;1;0;1;0;0;0;0;;;;2;0;0;0;0
07/12/2020;13:28:00;288;Acidente sem vítima;398,8;BR-101/ES;Sul;Colisão Traseira;3;0;0;0;0;0;0;;;;6;0;0;0;0
07/12/2020;17:06:00;370;Acidente com vítima;65,5;BR-101/ES;Norte;Queda de Moto;0;0;0;1;0;0;0;;;;0;2;0;0;0
07/12/2020;18:02:00;394;Acidente com vítima;62,9;BR-101/ES;Sul;Colisão Lateral;0;0;1;1;0;1;0;;;;3;0;1;0;0
07/12/2020;23:05:00;471;Acidente com vítima;276;BR-101/ES (Contorno de Vitória);Norte;Choque;0;0;0;1;0;0;0;;;;0;1;0;0;0
08/12/2020;05:16:00;106;Acidente com vítima;265,5;BR-101/ES;Sul;Queda de Moto;0;0;0;1;0;0;0;;;;0;0;2;0;0
08/12/2020;06:55:00;118;Acidente sem vítima;203,6;BR-101/ES;Norte;Tombamento;0;0;2;0;0;0;0;;;;1;0;0;0;0
08/12/2020;07:22:00;126;Acidente com vítima;19,9;BR-101/ES;Sul;Colisão Traseira;1;0;0;1;0;0;0;;;;2;1;0;0;0
08/12/2020;10:01:00;189;Atropelamento sem morte;269,9;BR-101/ES;Sul;Atropelamento;1;0;0;0;0;0;0;;;;5;0;1;0;0
08/12/2020;11:39:00;234;Acidente sem vítima;206,1;BR-101/ES;Norte;Colisão Traseira;2;0;0;0;0;0;0;;;;2;0;0;0;0
08/12/2020;12:02:00;245;Acidente sem vítima;425,2;BR-101/ES;Sul;Colisão Lateral;1;0;1;0;0;0;0;;;;3;0;0;0;0
08/12/2020;12:54:00;269;Acidente com vítima;267,8;BR-101/ES;Norte;Saída de Pista;1;0;0;0;0;0;0;;;;0;0;1;0;0
08/12/2020;16:51:00;351;Acidente sem vítima;110,2;BR-101/ES;Sul;Colisão Traseira;2;0;0;0;0;0;0;;;;3;0;0;0;0
08/12/2020;19:33:00;397;Acidente com vítima;266,3;BR-101/ES;Norte;Colisão Transversal;1;0;0;1;0;0;0;;;;1;0;1;0;0
08/12/2020;20:33:00;417;Acidente com vítima;287;BR-101/ES (Contorno de Vitória);Sul;Choque com Objeto Fixo;1;0;0;0;0;0;0;;;;1;2;0;0;0
09/12/2020;05:23:00;108;Acidente sem vítima;264;BR-101/ES;Norte;Colisão Lateral;0;0;2;0;0;0;0;;;;2;0;0;0;0
09/12/2020;08:28:00;153;Acidente sem vítima;390;BR-101/ES;Norte;Choque com Objeto Fixo;0;0;2;0;0;0;0;;;;1;0;0;0;0
09/12/2020;08:46:00;160;Acidente sem vítima;269,7;BR-101/ES;Sul;Colisão Lateral;1;0;2;0;0;0;0;;;;2;0;0;0;0
09/12/2020;10:14:00;198;Acidente sem vítima;259;BR-101/ES;Norte;Colisão Traseira;0;0;0;1;1;0;0;;;;2;0;0;0;0
09/12/2020;11:30:00;241;Acidente sem vítima;229;BR-101/ES;Sul;Colisão Lateral;1;0;1;0;0;0;0;;;;4;0;0;0;0
09/12/2020;12:18:00;265;Acidente com vítima;299,8;BR-101/ES;Sul;Queda de Moto;0;0;0;1;0;0;0;;;;0;1;0;0;0
09/12/2020;12:43:00;278;Acidente sem vítima;140;BR-101/ES;Norte;Colisão Traseira;1;0;1;0;0;0;0;;;;3;0;0;0;0
09/12/2020;13:04:00;289;Acidente com vítima;294;BR-101/ES (Contorno de Vitória);Norte;Queda de Moto;0;0;0;1;0;0;0;;;;0;0;1;0;0
09/12/2020;14:27:00;318;Acidente com vítima;242;BR-101/ES;Norte;Saída de Pista;1;0;0;0;0;0;0;;;;0;1;0;0;0
09/12/2020;14:28:00;320;Acidente sem vítima;297;BR-101/ES;Norte;Choque com Objeto Fixo;1;0;0;0;0;0;0;;;;2;0;0;0;0
09/12/2020;15:59:00;344;Acidente sem vítima;209;BR-101/ES;Norte;Colisão Lateral;1;0;4;0;0;0;0;;;;3;0;0;0;0
09/12/2020;16:49:00;359;Acidente sem vítima;265;BR-101/ES;Norte;Colisão Traseira;2;0;0;0;0;0;0;;;;3;0;0;0;0
09/12/2020;16:51:00;360;Acidente sem vítima;279;BR-101/ES (Contorno de Vitória);Norte;Colisão Traseira;1;0;1;0;0;0;0;;;;4;0;0;0;0
09/12/2020;17:12:00;367;Acidente sem vítima;264;BR-101/ES;Norte;Choque com Objeto Fixo;1;0;0;0;0;0;0;;;;1;0;0;0;0
09/12/2020;18:10:00;389;Acidente sem vítima;208;BR-101/ES;Sul;Saída de Pista;1;0;0;0;0;0;0;;;;1;0;0;0;0
09/12/2020;19:35:00;412;Acidente sem vítima;276;BR-101/ES (Contorno de Vitória);Norte;Choque;1;0;0;0;0;0;0;;;;1;0;0;0;0
09/12/2020;21:02:00;438;Acidente com vítima;219;BR-101/ES;Norte;Capotamento;0;0;1;0;0;0;0;;;;0;1;0;0;0
09/12/2020;21:37:00;446;Acidente sem vítima;269;BR-101/ES;Sul;Colisão Lateral;1;0;1;0;0;0;0;;;;4;0;0;0;0
09/12/2020;21:39:00;448;Acidente sem vítima;138;BR-101/ES;Sul;Saída de Pista;1;0;0;0;0;0;0;;;;3;0;0;0;0
10/12/2020;00:11:00;3;Acidente com vítima;199;BR-101/ES;Norte;Colisão Lateral;0;0;1;1;0;0;0;;;;1;0;1;1;0
10/12/2020;01:43:00;36;Acidente com vítima;349;BR-101/ES;Sul;Saída de Pista;1;0;0;0;0;0;0;;;;0;4;0;0;0
10/12/2020;02:26:00;43;Acidente sem vítima;143;BR-101/ES;Sul;Saída de Pista;1;0;0;0;0;0;0;;;;1;0;0;0;0
10/12/2020;02:47:00;49;Acidente sem vítima;459;BR-101/ES;Sul;Tombamento;0;0;1;0;0;0;0;;;;1;0;0;0;0
10/12/2020;04:44:00;73;Acidente com morte;210,1;BR-101/ES;Norte;Colisão Frontal;1;0;2;0;0;0;0;;;;1;0;0;0;2
10/12/2020;05:35:00;80;Acidente sem vítima;266;BR-101/ES;Norte;Colisão Traseira;2;0;0;0;0;0;0;;;;3;0;0;0;0
10/12/2020;07:05:00;115;Acidente com vítima;8,1;BR-101/ES;Sul;Tombamento;0;0;2;0;0;0;0;;;;0;2;0;0;0
10/12/2020;08:45:00;140;Acidente com vítima;157;BR-101/ES;Norte;Saída de Pista;1;0;0;0;0;0;0;;;;0;1;0;0;0
10/12/2020;09:48:00;154;Acidente sem vítima;288;BR-101/ES (Contorno de Vitória);Norte;Saída de Pista;0;0;1;0;0;0;0;;;;1;0;0;0;0
10/12/2020;12:13:00;198;Acidente sem vítima;289,5;BR-101/ES (Contorno de Vitória);Norte;Tombamento;0;0;1;0;0;0;0;;;;1;0;0;0;0
10/12/2020;12:22:00;204;Acidente sem vítima;289,6;BR-101/ES (Contorno de Vitória);Norte;Colisão Traseira;0;0;2;0;0;0;0;;;;2;0;0;0;0
10/12/2020;13:48:00;246;Acidente sem vítima;266;BR-101/ES;Sul;Colisão Traseira;1;0;1;0;0;0;0;;;;2;0;0;0;0
10/12/2020;15:33:00;277;Acidente sem vítima;267;BR-101/ES;Norte;Colisão Traseira;2;0;0;0;0;0;0;;;;2;0;0;0;0
10/12/2020;19:46:00;356;Acidente sem vítima;266;BR-101/ES;Sul;Colisão Traseira;1;0;1;0;0;0;0;;;;5;0;0;0;0
11/12/2020;04:36:00;57;Acidente sem vítima;269;BR-101/ES;Sul;Colisão Lateral;2;0;2;0;0;0;0;;;;3;0;0;0;0
11/12/2020;06:47:00;96;Acidente com vítima;145,3;BR-101/ES;Norte;Colisão Traseira;0;0;3;0;1;0;0;;;;2;2;0;0;0
11/12/2020;07:13:00;107;Acidente com vítima;145,2;BR-101/ES;Norte;Colisão Traseira;1;0;0;1;0;0;0;;;;1;1;0;0;0
11/12/2020;08:11:00;130;Acidente sem vítima;267,8;BR-101/ES;Sul;Colisão Lateral;1;0;2;0;0;0;0;;;;3;0;0;0;0
11/12/2020;13:34:00;273;Acidente com vítima;41,2;BR-101/ES;Norte;Colisão Traseira;2;0;0;0;0;0;0;;;;1;1;0;0;0
11/12/2020;13:54:00;279;Acidente sem vítima;270;BR-101/ES;Sul;Colisão Traseira;2;0;0;0;0;0;0;;;;3;0;0;0;0
11/12/2020;15:21:00;307;Acidente com vítima;144,1;BR-101/ES;Norte;Colisão com ciclista;0;1;0;1;0;1;0;;;;0;1;0;0;0
11/12/2020;15:39:00;312;Acidente sem vítima;218,95;BR-101/ES;Norte;Choque com Objeto Fixo;1;0;0;0;0;0;0;;;;1;0;0;0;0
11/12/2020;18:23:00;364;Acidente sem vítima;214,5;BR-101/ES;Norte;Choque com Objeto Fixo;1;0;0;0;0;0;0;;;;1;0;0;0;0
11/12/2020;18:55:00;373;Acidente com vítima;262;BR-101/ES;Norte;Colisão Traseira;4;0;0;0;0;0;0;;;;3;1;0;0;0
11/12/2020;18:57:00;374;Acidente sem vítima;228;BR-101/ES;Sul;Queda de Moto;0;0;0;1;0;0;0;;;;1;0;0;0;0
11/12/2020;22:45:00;452;Acidente sem vítima;241;BR-101/ES;Norte;Colisão Traseira;0;0;3;0;0;0;0;;;;2;0;0;0;0
11/12/2020;22:47:00;453;Acidente sem vítima;255;BR-101/ES;Sul;Colisão Traseira;2;0;0;0;0;0;0;;;;3;0;0;0;0
11/12/2020;23:05:00;459;Acidente sem vítima;261;BR-101/ES;Norte;Saída de Pista;1;0;0;0;0;0;0;;;;1;0;0;0;0
11/12/2020;23:36:00;478;Acidente com vítima;0,3;BR-101/ES;Sul;Queda de Moto;0;0;0;1;0;0;0;;;;0;1;0;0;0
12/12/2020;03:01:00;67;Acidente com vítima;3;BR-101/ES;Norte;Choque com Objeto Fixo;1;0;0;0;0;0;0;;;;1;1;0;0;0
12/12/2020;04:05:00;87;Acidente com vítima;186;BR-101/ES;Norte;Saída de Pista;1;0;0;0;0;0;0;;;;0;1;0;0;0
12/12/2020;05:05:00;96;Acidente sem vítima;26,5;BR-101/ES;Sul;Saída de Pista;1;0;0;0;0;0;0;;;;1;0;0;0;0
12/12/2020;05:34:00;102;Acidente com vítima;222,1;BR-101/ES;Sul;Saída de Pista;1;0;0;0;0;0;0;;;;0;0;1;0;0
12/12/2020;10:08:00;182;Acidente sem vítima;270,5;BR-101/ES;Norte;Colisão Lateral;1;0;3;0;0;0;0;;;;3;0;0;0;0
12/12/2020;13:27:00;266;Acidente sem vítima;164;BR-101/ES;Norte;Colisão Lateral;1;0;2;0;0;0;0;;;;5;0;0;0;0
12/12/2020;16:00:00;314;Acidente sem vítima;311;BR-101/ES;Sul;Colisão Traseira;1;0;1;0;0;0;0;;;;1;0;0;0;0
12/12/2020;16:32:00;326;Acidente com vítima;442,5;BR-101/ES;Norte;Saída de Pista;1;0;1;0;0;0;0;;;;4;0;0;1;0
12/12/2020;17:56:00;351;Acidente com vítima;290;BR-101/ES (Contorno de Vitória);Sul;Choque com Objeto Fixo;0;0;0;1;0;0;0;;;;0;0;1;0;0
12/12/2020;23:30:00;425;Acidente com vítima;312;BR-101/ES;Norte;Queda de Moto;1;0;0;0;0;0;0;;;;0;1;0;1;0
12/12/2020;23:46:00;434;Acidente com morte;335;BR-101/ES;Norte;Colisão Frontal;1;0;0;1;0;0;0;;;;1;0;0;0;1
13/12/2020;01:54:00;27;Acidente com vítima;402;BR-101/ES;Norte;Saída de Pista;1;0;0;0;0;0;0;;;;1;1;0;0;0
13/12/2020;07:24:00;99;Acidente com vítima;283,2;BR-101/ES (Contorno de Vitória);Sul;Choque com Objeto Fixo;1;0;0;0;0;0;0;;;;0;0;1;0;0
13/12/2020;13:08:00;231;Acidente sem vítima;288,7;BR-101/ES (Contorno de Vitória);Sul;Veículo em Chamas;1;0;0;0;0;0;0;;;;2;0;0;0;0
13/12/2020;14:32:00;247;Acidente com vítima;399;BR-101/ES;Sul;Queda de Moto;0;0;0;1;0;0;0;;;;0;1;0;0;0
13/12/2020;15:32:00;262;Acidente sem vítima;82,5;BR-101/ES;Sul;Saída de Pista;1;0;0;0;0;0;0;;;;2;0;0;0;0
13/12/2020;17:07:00;293;Acidente sem vítima;253;BR-101/ES;Sul;Engavetamento;3;0;0;0;0;0;0;;;;8;0;0;0;0
13/12/2020;19:08:00;327;Acidente com vítima;107,4;BR-101/ES;Sul;Colisão Transversal;0;0;0;2;0;0;0;;;;0;1;1;0;0
13/12/2020;21:40:00;372;Acidente com vítima;369;BR-101/ES;Sul;Choque com Objeto Fixo;1;0;0;0;0;0;0;;;;2;3;0;0;0
13/12/2020;22:19:00;379;Acidente sem vítima;271;BR-101/ES (Contorno de Vitória);Sul;Colisão Traseira;1;0;1;0;0;0;0;;;;2;0;0;0;0
14/12/2020;07:19:00;130;Acidente com vítima;289,2;BR-101/ES (Contorno de Vitória);Sul;Queda de Moto;0;0;0;1;0;0;0;;;;0;1;1;0;0
14/12/2020;09:22:00;175;Atropelamento sem morte;268,7;BR-101/ES;Sul;Atropelamento;2;0;0;1;0;0;0;;;;3;0;2;0;0
14/12/2020;10:33:00;211;Acidente sem vítima;343;BR-101/ES;Norte;Colisão Traseira;2;0;0;0;0;0;0;;;;2;0;0;0;0
14/12/2020;11:09:00;231;Acidente sem vítima;267,9;BR-101/ES;Norte;Colisão Traseira;1;0;2;0;0;0;0;;;;2;0;0;0;0
14/12/2020;12:10:00;264;Acidente sem vítima;285,1;BR-101/ES (Contorno de Vitória);Sul;Colisão Traseira;1;0;1;0;0;0;0;;;;3;0;0;0;0
14/12/2020;13:37:00;307;Acidente sem vítima;213;BR-101/ES;Norte;Colisão Traseira;2;0;0;0;0;0;0;;;;1;0;0;0;0
14/12/2020;18:25:00;409;Acidente com vítima;394;BR-101/ES;Sul;Colisão com ciclista;1;1;0;0;0;0;0;;;;1;1;0;0;0
14/12/2020;18:44:00;412;Acidente com vítima;297;BR-101/ES;Sul;Engavetamento;0;0;3;1;0;0;0;;;;2;1;0;0;0
14/12/2020;19:00:00;419;Acidente sem vítima;148,2;BR-101/ES;Sul;Danos Eventuais;0;0;2;0;0;0;0;;;;1;0;0;0;0
14/12/2020;19:35:00;429;Acidente sem vítima;291;BR-101/ES (Contorno de Vitória);Norte;Colisão Traseira;2;0;0;0;0;0;0;;;;3;0;0;0;0
15/12/2020;06:27:00;90;Acidente com vítima;145,3;BR-101/ES;Sul;Colisão Traseira;0;0;0;1;1;0;0;;;;1;0;0;1;0
15/12/2020;06:37:00;94;Acidente com vítima;125,3;BR-101/ES;Sul;Saída de Pista;1;0;0;0;0;0;0;;;;0;0;1;0;0
15/12/2020;06:49:00;98;Acidente com vítima;145;BR-101/ES;Sul;Colisão Traseira;1;0;0;1;0;0;0;;;;1;2;0;0;0
15/12/2020;07:24:00;111;Acidente com vítima;270,8;BR-101/ES;Sul;Queda de Moto;0;0;0;1;0;0;0;;;;0;0;1;0;0
15/12/2020;09:07:00;152;Acidente sem vítima;186;BR-101/ES;Norte;Saída de Pista;1;0;0;0;0;0;0;;;;2;0;0;0;0
15/12/2020;14:12:00;273;Acidente sem vítima;269;BR-101/ES;Sul;Colisão Lateral;1;0;1;0;0;0;0;;;;1;0;0;0;0
15/12/2020;14:28:00;276;Acidente sem vítima;216,3;BR-101/ES;Norte;Colisão Traseira;0;0;3;0;0;0;0;;;;2;0;0;0;0
15/12/2020;15:07:00;291;Acidente com vítima;307,3;BR-101/ES;Sul;Choque com Objeto Fixo;1;0;0;0;0;0;0;;;;0;0;1;0;0
15/12/2020;16:57:00;327;Acidente com vítima;458;BR-101/ES;Sul;Queda de Moto;0;0;0;1;0;0;0;;;;0;0;1;0;0
16/12/2020;05:30:00;78;Acidente com vítima;119;BR-101/ES;Norte;Choque;0;0;0;1;0;0;0;;;;0;0;1;0;0
16/12/2020;10:59:00;214;Acidente com vítima;184,7;BR-101/ES;Norte;Colisão Traseira;1;0;0;1;0;0;0;;;;1;0;1;0;0
16/12/2020;12:14:00;247;Acidente sem vítima;320,8;BR-101/ES;Sul;Choque com Objeto Fixo;1;0;0;0;0;0;0;;;;2;0;0;0;0
16/12/2020;14:08:00;287;Acidente sem vítima;269,3;BR-101/ES;Sul;Colisão Traseira;2;0;0;0;0;0;0;;;;2;0;0;0;0
16/12/2020;17:19:00;349;Acidente com vítima;264,1;BR-101/ES;Norte;Colisão Lateral;1;0;0;1;0;0;0;;;;1;1;0;0;0
17/12/2020;00:29:00;8;Acidente com vítima;135,7;BR-101/ES;Sul;Colisão Traseira;1;0;1;0;0;0;0;;;;1;0;1;0;0
17/12/2020;00:51:00;20;Acidente sem vítima;296;BR-101/ES (Contorno de Vitória);Norte;Choque com Objeto Fixo;0;0;1;0;0;0;0;;;;1;0;0;0;0
17/12/2020;07:12:00;135;Acidente com vítima;293,9;BR-101/ES (Contorno de Vitória);Norte;Colisão Lateral;0;1;0;1;0;0;0;;;;1;0;1;0;0
17/12/2020;09:17:00;180;Acidente sem vítima;270,2;BR-101/ES;Sul;Colisão Traseira;1;0;0;0;1;0;0;;;;2;0;0;0;0
17/12/2020;13:36:00;308;Acidente com vítima;212,5;BR-101/ES;Sul;Colisão Traseira;0;0;1;1;0;0;0;;;;1;0;0;1;0
17/12/2020;13:37:00;309;Acidente sem vítima;45,9;BR-101/ES;Sul;Colisão Traseira;0;0;1;0;0;1;0;;;;2;0;0;0;0
17/12/2020;16:38:00;377;Acidente sem vítima;304;BR-101/ES;Norte;Colisão Traseira;2;0;0;0;0;0;0;;;;3;0;0;0;0
17/12/2020;17:38:00;399;Acidente sem vítima;266,3;BR-101/ES;Sul;Colisão Lateral;1;0;1;0;0;0;0;;;;1;0;0;0;0
17/12/2020;20:40:00;453;Acidente sem vítima;242;BR-101/ES;Norte;Colisão Traseira;1;0;1;0;0;0;0;;;;3;0;0;0;0
17/12/2020;21:26:00;456;Acidente sem vítima;222;BR-101/ES;Sul;Tombamento;0;0;1;0;0;0;0;;;;1;0;0;0;0
17/12/2020;22:36:00;485;Acidente sem vítima;318;BR-101/ES;Norte;Atropelamento Animal;1;0;0;0;0;0;0;;;;1;0;0;0;0
18/12/2020;00:25:00;4;Atropelamento com morte;312,2;BR-101/ES;Sul;Atropelamento e Fuga;1;0;0;0;0;0;0;;;;1;0;0;0;1
18/12/2020;01:43:00;29;Acidente sem vítima;296;BR-101/ES (Contorno de Vitória);Sul;Choque com Objeto Fixo;1;0;0;0;0;0;0;;;;1;0;0;0;0
18/12/2020;11:33:00;229;Acidente sem vítima;296,8;BR-101/ES;Norte;Colisão Traseira;1;0;2;0;0;0;0;;;;2;0;0;0;0
18/12/2020;11:34:00;230;Acidente sem vítima;224,1;BR-101/ES;Norte;Veículo em Chamas;1;0;0;0;0;0;0;;;;1;0;0;0;0
18/12/2020;11:42:00;233;Acidente com vítima;401;BR-101/ES;Norte;Queda de Moto;0;0;0;1;0;0;0;;;;0;0;1;0;0
18/12/2020;13:16:00;279;Acidente com vítima;181;BR-101/ES;Norte;Colisão Transversal;2;0;0;0;0;0;0;;;;0;0;2;0;0
18/12/2020;13:34:00;285;Acidente sem vítima;90,4;BR-101/ES;Sul;Colisão Traseira;2;0;0;0;0;0;0;;;;2;0;0;0;0
18/12/2020;14:18:00;305;Acidente sem vítima;224;BR-101/ES;Sul;Engavetamento;3;0;0;0;0;0;0;;;;5;0;0;0;0
18/12/2020;16:01:00;336;Acidente com vítima;17;BR-101/ES;Norte;Colisão Transversal;1;0;0;1;0;0;0;;;;1;0;1;0;0
18/12/2020;16:02:00;337;Acidente sem vítima;171;BR-101/ES;Norte;Colisão Traseira;1;0;1;0;0;0;0;;;;1;0;0;0;0
18/12/2020;16:12:00;342;Acidente sem vítima;271;BR-101/ES (Contorno de Vitória);Sul;Colisão Transversal;1;0;1;0;0;0;0;;;;3;0;0;0;0
18/12/2020;17:07:00;358;Acidente sem vítima;214;BR-101/ES;Sul;Colisão Transversal;1;0;1;0;0;0;0;;;;3;0;0;0;0
18/12/2020;19:43:00;405;Acidente sem vítima;266,5;BR-101/ES;Norte;Colisão Traseira;1;0;3;0;0;0;0;;;;2;0;0;0;0
18/12/2020;23:41:00;476;Acidente sem vítima;358;BR-101/ES;Sul;Choque com Objeto Fixo;1;0;0;0;0;0;0;;;;5;0;0;0;0
19/12/2020;00:35:00;13;Acidente sem vítima;946,9;BR-101/BA;Sul;Tombamento;0;0;3;0;0;0;0;;;;2;0;0;0;0
19/12/2020;02:36:00;40;Acidente sem vítima;273;BR-101/ES (Contorno de Vitória);Sul;Saída de Pista;1;0;0;0;0;0;0;;;;1;0;0;0;0
19/12/2020;04:05:00;49;Acidente sem vítima;179;BR-101/ES;Sul;Saída de Pista;0;0;2;0;0;0;0;;;;1;0;0;0;0
19/12/2020;07:29:00;82;Acidente com vítima;277,5;BR-101/ES (Contorno de Vitória);Norte;Saída de Pista;1;0;0;0;0;0;0;;;;0;0;2;0;0
19/12/2020;10:22:00;139;Atropelamento sem morte;208;BR-101/ES;Sul;Atropelamento e Fuga;1;0;0;0;0;0;0;;;;0;0;1;0;0
19/12/2020;10:28:00;140;Acidente sem vítima;452;BR-101/ES;Sul;Colisão Traseira;0;0;4;0;0;0;0;;;;3;0;0;0;0
19/12/2020;10:46:00;153;Acidente sem vítima;229,3;BR-101/ES;Norte;Colisão Traseira;2;0;0;0;0;0;0;;;;2;0;0;0;0
19/12/2020;12:46:00;200;Acidente sem vítima;234;BR-101/ES;Norte;Colisão Traseira;2;0;0;0;0;0;0;;;;3;0;0;0;0
19/12/2020;14:01:00;233;Acidente sem vítima;228;BR-101/ES;Sul;Colisão Traseira;3;0;0;0;0;0;0;;;;2;0;0;0;0
19/12/2020;18:06:00;318;Acidente sem vítima;253;BR-101/ES;Sul;Saída de Pista;1;0;0;0;0;1;0;;;;2;0;0;0;0
19/12/2020;18:16:00;320;Acidente sem vítima;282,5;BR-101/ES (Contorno de Vitória);Sul;Saída de Pista;1;0;0;0;0;0;0;;;;1;0;0;0;0
19/12/2020;18:19:00;321;Acidente sem vítima;390;BR-101/ES;Sul;Colisão Frontal;2;0;0;0;0;0;0;;;;3;0;0;0;0
19/12/2020;20:30:00;324;Acidente sem vítima;140,54;BR-101/ES;Norte;Engavetamento;3;0;0;0;0;0;0;;;;7;0;0;0;0
19/12/2020;20:34:00;326;Acidente com vítima;233;BR-101/ES;Norte;Colisão Traseira;0;0;2;1;0;0;0;;;;1;0;1;0;0
19/12/2020;20:47:00;331;Acidente sem vítima;170;BR-101/ES;Sul;Choque;1;0;2;0;0;0;0;;;;3;0;0;0;0
19/12/2020;22:52:00;377;Acidente sem vítima;457;BR-101/ES;Norte;Colisão Transversal;2;0;0;0;0;0;0;;;;3;0;0;0;0
20/12/2020;01:03:00;26;Acidente sem vítima;369;BR-101/ES;Norte;Atropelamento de Bovino;1;0;0;0;0;0;0;;;;5;0;0;0;0