data;horario;n_da_ocorrencia;tipo_de_ocorrencia;km;trecho;sentido;tipo_de_acidente;automovel;bicicleta;caminhao;moto;onibus;outros;tracao_animal;transporte_de_cargas_especiais;trator_maquinas;utilitarios;ilesos;levemente_feridos;moderadamente_feridos;gravemente_feridos;mortos
20/12/2020;05:07:00;81;Acidente sem vítima;266,5;BR-101/ES;Sul;Colisão Transversal;2;0;0;0;0;0;0;;;;1;0;0;0;0
20/12/2020;11:24:00;193;Acidente sem vítima;255;BR-101/ES;Sul;Colisão Traseira;2;0;0;0;0;0;0;;;;2;0;0;0;0
20/12/2020;14:04:00;259;Acidente com vítima;211,8;BR-101/ES;Norte;Saída de Pista;1;0;0;0;0;0;0;;;;0;1;1;0;0
20/12/2020;18:37:00;337;Acidente sem vítima;302;BR-101/ES;Norte;Choque com Objeto Fixo;0;0;1;0;0;0;0;;;;1;0;0;0;0
20/12/2020;19:55:00;355;Acidente sem vítima;261,4;BR-101/ES;Sul;Saída de Pista;1;0;0;0;0;0;0;;;;1;0;0;0;0
20/12/2020;20:47:00;360;Acidente com vítima;166;BR-101/ES;Sul;Colisão Transversal;1;0;0;1;0;0;0;;;;1;0;1;0;0
21/12/2020;06:31:00;121;Acidente sem vítima;149,5;BR-101/ES;Sul;Colisão Lateral;1;0;1;0;0;0;0;;;;4;0;0;0;0
21/12/2020;06:31:00;122;Acidente com vítima;274;BR-101/ES (Contorno de Vitória);Norte;Queda de Moto;0;0;0;1;0;0;0;;;;0;1;1;0;0
21/12/2020;07:04:00;129;Acidente com vítima;269,8;BR-101/ES;Sul;Colisão Traseira;1;0;0;1;0;0;0;;;;1;1;0;0;0
21/12/2020;07:55:00;150;Acidente sem vítima;255;BR-101/ES;Sul;Engavetamento;3;0;0;0;0;0;0;;;;3;0;0;0;0
21/12/2020;10:05:00;213;Acidente sem vítima;228;BR-101/ES;Sul;Colisão Traseira;2;0;0;0;0;0;0;;;;3;0;0;0;0
21/12/2020;11:23:00;265;Acidente com vítima;371,5;BR-101/ES;Sul;Colisão Lateral;1;0;3;0;0;0;0;;;;4;0;1;0;0
21/12/2020;11:54:00;280;Acidente com vítima;145;BR-101/ES;Norte;Colisão Traseira;1;0;0;1;0;0;0;;;;1;0;1;0;0
21/12/2020;14:39:00;342;Acidente com vítima;269;BR-101/ES;Norte;Colisão Traseira;1;0;0;1;0;0;0;;;;3;0;1;0;0
21/12/2020;15:45:00;359;Acidente sem vítima;270,7;BR-101/ES;Norte;Colisão Lateral;1;0;3;0;0;0;0;;;;2;0;0;0;0
21/12/2020;17:27:00;397;Acidente com vítima;271;BR-101/ES (Contorno de Vitória);Norte;Colisão com ciclista;0;2;0;0;0;0;0;;;;1;1;0;0;0
21/12/2020;19:45:00;433;Acidente com vítima;269,5;BR-101/ES;Norte;Colisão Transversal;1;0;0;1;0;0;0;;;;1;0;1;0;0
22/12/2020;07:05:00;129;Acidente com vítima;147,1;BR-101/ES;Sul;Colisão Transversal;2;0;0;0;0;0;0;;;;2;1;0;0;0
22/12/2020;09:14:00;175;Acidente sem vítima;255;BR-101/ES;Norte;Choque;1;0;2;0;0;0;0;;;;2;0;0;0;0
22/12/2020;13:51:00;308;Acidente sem vítima;147,3;BR-101/ES;Norte;Colisão Traseira;2;0;0;0;0;0;0;;;;2;0;0;0;0
22/12/2020;14:07:00;316;Acidente sem vítima;285,8;BR-101/ES (Contorno de Vitória);Norte;Choque;0;0;0;1;0;1;0;;;;2;0;0;0;0
22/12/2020;15:34:00;351;Acidente sem vítima;239;BR-101/ES;Norte;Colisão Lateral;0;0;2;0;0;0;0;;;;2;0;0;0;0
22/12/2020;16:36:00;381;Acidente com vítima;272,8;BR-101/ES (Contorno de Vitória);Norte;Colisão Transversal;1;0;0;1;0;0;0;;;;1;1;0;0;0
22/12/2020;17:14:00;398;Acidente com vítima;212,8;BR-101/ES;Sul;Engavetamento;4;0;0;0;0;0;0;;;;4;1;0;0;0
22/12/2020;17:21:00;401;Acidente sem vítima;284;BR-101/ES (Contorno de Vitória);Norte;Saída de Pista;1;0;0;0;0;0;0;;;;1;0;0;0;0
23/12/2020;04:55:00;65;Acidente sem vítima;176;BR-101/ES;Sul;Colisão Traseira;2;0;0;0;0;0;0;;;;6;0;0;0;0
23/12/2020;05:55:00;81;Acidente com vítima;362,2;BR-101/ES;Sul;Saída de Pista;1;0;0;0;0;0;0;;;;3;1;0;0;0
23/12/2020;05:59:00;83;Acidente com vítima;394,5;BR-101/ES;Norte;Queda de Moto;1;0;0;0;0;0;0;;;;0;0;1;0;0
23/12/2020;06:29:00;90;Acidente sem vítima;268,3;BR-101/ES;Norte;Colisão Lateral;1;0;0;0;1;0;0;;;;4;0;0;0;0
23/12/2020;07:09:00;97;Acidente sem vítima;266,4;BR-101/ES;Sul;Engavetamento;3;0;0;0;0;0;0;;;;3;0;0;0;0
23/12/2020;08:37:00;123;Acidente com vítima;284,9;BR-101/ES (Contorno de Vitória);Norte;Choque com Objeto Fixo;1;0;0;0;0;0;0;;;;0;1;0;0;0
23/12/2020;09:41:00;136;Acidente sem vítima;239;BR-101/ES;Norte;Danos Eventuais;0;0;1;0;0;0;0;;;;1;0;0;0;0
23/12/2020;11:07:00;175;Acidente sem vítima;423,9;BR-101/ES;Sul;Colisão Traseira;2;0;0;0;0;0;0;;;;4;0;0;0;0
23/12/2020;12:25:00;211;Acidente com vítima;383,7;BR-101/ES;Sul;Colisão Traseira;2;0;0;0;0;0;0;;;;1;0;1;0;0
23/12/2020;12:43:00;220;Acidente com morte;325,3;BR-101/ES;Sul;Colisão Traseira;0;0;4;0;0;0;0;;;;1;0;0;0;1
23/12/2020;14:42:00;254;Acidente sem vítima;254,5;BR-101/ES;Sul;Colisão Traseira;2;0;0;0;0;0;0;;;;3;0;0;0;0
23/12/2020;15:13:00;267;Acidente sem vítima;307,4;BR-101/ES;Norte;Capotamento;1;0;0;0;0;0;0;;;;1;0;0;0;0
23/12/2020;15:25:00;272;Acidente sem vítima;215;BR-101/ES;Sul;Colisão Transversal;0;0;1;1;0;0;0;;;;2;0;0;0;0
23/12/2020;16:28:00;295;Acidente com vítima;363,2;BR-101/ES;Sul;Saída de Pista;1;0;0;0;0;0;0;;;;0;1;0;0;0
23/12/2020;17:20:00;309;Acidente com morte;401,5;BR-101/ES;Sul;Colisão Transversal;0;0;4;0;0;0;0;;;;1;0;0;0;1
23/12/2020;18:18:00;331;Acidente sem vítima;245;BR-101/ES;Sul;Colisão Lateral;2;0;0;0;0;0;0;;;;3;0;0;0;0
23/12/2020;18:34:00;334;Acidente com vítima;288;BR-101/ES (Contorno de Vitória);Sul;Colisão Lateral;0;0;2;1;0;0;0;;;;1;0;0;1;0
23/12/2020;18:36:00;336;Acidente sem vítima;203,6;BR-101/ES;Norte;Tombamento;0;0;1;0;0;0;0;;;;1;0;0;0;0
23/12/2020;19:17:00;347;Acidente sem vítima;176;BR-101/ES;Sul;Saída de Pista;0;0;1;0;0;0;0;;;;1;0;0;0;0
23/12/2020;19:50:00;358;Acidente sem vítima;263;BR-101/ES;Norte;Colisão Lateral;1;0;1;0;0;0;0;;;;2;0;0;0;0
24/12/2020;01:34:00;34;Acidente com vítima;459;BR-101/ES;Sul;Capotamento;1;0;0;0;0;0;0;;;;1;0;2;0;0
24/12/2020;02:15:00;46;Acidente sem vítima;208,5;BR-101/ES;Sul;Saída de Pista;1;0;0;0;0;0;0;;;;2;0;0;0;0
24/12/2020;04:15:00;68;Acidente sem vítima;417,8;BR-101/ES;Sul;Colisão Lateral;0;0;4;0;0;0;0;;;;2;0;0;0;0
24/12/2020;04:17:00;69;Acidente sem vítima;289;BR-101/ES (Contorno de Vitória);Sul;Saída de Pista;1;0;0;0;0;0;0;;;;1;0;0;0;0
24/12/2020;04:23:00;71;Acidente sem vítima;117;BR-101/ES;Sul;Colisão Traseira;1;0;1;0;0;0;0;;;;6;0;0;0;0
24/12/2020;05:39:00;87;Acidente sem vítima;201;BR-101/ES;Sul;Colisão Lateral;2;0;0;0;0;0;0;;;;4;0;0;0;0
24/12/2020;06:40:00;94;Acidente sem vítima;257;BR-101/ES;Norte;Colisão Traseira;2;0;0;0;0;0;0;;;;3;0;0;0;0
24/12/2020;07:48:00;120;Acidente sem vítima;261;BR-101/ES;Sul;Colisão Traseira;1;0;2;0;0;0;0;;;;2;0;0;0;0
24/12/2020;08:07:00;125;Acidente com vítima;231,5;BR-101/ES;Norte;Colisão Traseira;2;0;0;0;0;0;0;;;;4;0;1;0;0
24/12/2020;10:46:00;211;Acidente com vítima;299,9;BR-101/ES;Norte;Colisão Traseira;2;0;0;0;0;0;0;;;;1;0;1;0;0
24/12/2020;12:06:00;251;Acidente sem vítima;275,9;BR-101/ES (Contorno de Vitória);Norte;Choque com Objeto Fixo;1;0;0;0;0;0;0;;;;1;0;0;0;0
24/12/2020;12:28:00;261;Acidente com vítima;188,1;BR-101/ES;Sul;Tombamento;0;0;2;0;0;0;0;;;;0;1;0;0;0
24/12/2020;14:21:00;302;Acidente com vítima;296,4;BR-101/ES;Sul;Colisão Lateral;1;0;0;1;0;0;0;;;;1;0;1;0;0
24/12/2020;14:43:00;313;Acidente com vítima;270,1;BR-101/ES;Sul;Colisão com ciclista;1;1;0;0;0;0;0;;;;1;0;0;1;0
24/12/2020;14:48:00;315;Acidente com morte;256,7;BR-101/ES;Norte;Colisão Traseira;1;0;1;1;0;0;0;;;;2;1;0;0;1
24/12/2020;15:41:00;334;Acidente sem vítima;258,5;BR-101/ES;Norte;Colisão Traseira;2;0;0;0;0;0;0;;;;2;0;0;0;0
24/12/2020;18:11:00;383;Acidente com vítima;126,1;BR-101/ES;Sul;Colisão Lateral;1;0;0;1;0;0;0;;;;1;0;0;1;0
24/12/2020;18:34:00;388;Acidente sem vítima;231,3;BR-101/ES;Norte;Saída de Pista;1;0;0;0;0;0;0;;;;1;0;0;0;0
24/12/2020;18:41:00;391;Acidente com vítima;255;BR-101/ES;Sul;Colisão Traseira;1;0;0;1;0;0;0;;;;1;0;1;0;0
24/12/2020;18:42:00;392;Acidente sem vítima;381;BR-101/ES (Contorno de Iconha);Sul;Saída de Pista;1;0;0;0;0;0;0;;;;2;0;0;0;0
24/12/2020;20:09:00;413;Acidente com vítima;146;BR-101/ES;Norte;Colisão Traseira;2;0;0;0;0;0;0;;;;1;1;0;0;0
24/12/2020;22:03:00;438;Acidente com morte;292,3;BR-101/ES (Contorno de Vitória);Sul;Tombamento;0;0;1;0;0;0;0;;;;0;0;0;0;1
25/12/2020;00:03:00;2;Acidente com vítima;270;BR-101/ES;Sul;Atropelamento Animal;1;0;0;1;0;0;0;;;;2;0;1;0;0
25/12/2020;03:06:00;37;Acidente com morte;297;BR-101/ES;Norte;Choque com Objeto Fixo;0;0;0;1;0;0;0;;;;0;0;0;0;1
25/12/2020;03:30:00;42;Acidente sem vítima;434,3;BR-101/ES;Norte;Saída de Pista;1;0;0;0;0;0;0;;;;1;0;0;0;0
25/12/2020;10:13:00;110;Acidente sem vítima;429,1;BR-101/ES;Norte;Atropelamento Animal;1;0;0;0;0;0;0;;;;1;0;0;0;0
25/12/2020;14:18:00;198;Acidente sem vítima;203;BR-101/ES;Sul;Colisão Transversal;1;0;2;0;0;0;0;;;;2;0;0;0;0
25/12/2020;22:43:00;317;Acidente com vítima;940,4;BR-101/BA;Norte;Colisão Lateral;1;0;0;1;0;0;0;;;;1;0;1;0;0
26/12/2020;10:50:00;138;Acidente sem vítima;156;BR-101/ES;Sul;Colisão Lateral;2;0;0;0;0;0;0;;;;4;0;0;0;0
26/12/2020;11:57:00;172;Acidente sem vítima;398,9;BR-101/ES;Sul;Colisão Traseira;0;0;4;0;0;0;0;;;;2;0;0;0;0
26/12/2020;13:18:00;214;Acidente com vítima;42;BR-101/ES;Sul;Colisão com ciclista;1;1;0;0;0;0;0;;;;2;0;1;0;0
26/12/2020;13:36:00;224;Acidente com vítima;298;BR-101/ES;Norte;Colisão Lateral;1;0;0;1;0;0;0;;;;1;0;1;0;0
26/12/2020;14:35:00;241;Acidente com vítima;267,7;BR-101/ES;Sul;Colisão Traseira;1;0;0;1;0;0;0;;;;1;0;1;0;0
26/12/2020;17:13:00;286;Acidente com vítima;314;BR-101/ES;Sul;Saída de Pista;1;0;0;0;0;0;0;;;;0;0;1;0;0
26/12/2020;18:01:00;303;Acidente sem vítima;293,4;BR-101/ES (Contorno de Vitória);Norte;Colisão Traseira;1;0;0;0;0;0;0;;;;1;0;0;0;0
27/12/2020;02:18:00;38;Acidente sem vítima;296,4;BR-101/ES;Sul;Choque com Objeto Fixo;1;0;0;0;0;0;0;;;;1;0;0;0;0
27/12/2020;08:43:00;107;Acidente com vítima;245,9;BR-101/ES;Sul;Capotamento;1;0;0;0;0;0;0;;;;2;2;0;0;0
27/12/2020;09:20:00;118;Acidente com vítima;285,1;BR-101/ES (Contorno de Vitória);Sul;Colisão Lateral;2;0;0;0;0;0;0;;;;1;1;1;0;0
27/12/2020;09:41:00;120;Acidente sem vítima;166,9;BR-101/ES;Sul;Colisão Lateral;1;0;1;0;0;0;0;;;;2;0;0;0;0
27/12/2020;16:34:00;293;Acidente sem vítima;165,9;BR-101/ES;Sul;Engavetamento;3;0;0;0;0;0;0;;;;3;0;0;0;0
27/12/2020;17:54:00;334;Acidente com vítima;102,8;BR-101/ES;Sul;Engavetamento;3;0;0;0;0;0;0;;;;4;2;2;0;0
27/12/2020;18:42:00;352;Acidente sem vítima;247;BR-101/ES;Sul;Colisão Traseira;1;0;0;1;0;0;0;;;;2;0;0;0;0
27/12/2020;19:32:00;369;Acidente com vítima;157;BR-101/ES;Norte;Saída de Pista;1;0;0;0;0;0;0;;;;0;2;0;0;0
28/12/2020;02:34:00;46;Acidente com vítima;387;BR-101/ES;Sul;Tombamento;0;0;2;0;0;0;0;;;;0;0;1;0;0
28/12/2020;06:15:00;105;Acidente com vítima;67,5;BR-101/ES;Norte;Colisão Transversal;2;0;0;0;0;0;0;;;;2;0;1;0;0
28/12/2020;07:10:00;113;Acidente com vítima;291,6;BR-101/ES (Contorno de Vitória);Norte;Queda de Moto;0;0;0;1;0;0;0;;;;0;0;1;0;0
28/12/2020;09:36:00;168;Atropelamento sem morte;173,7;BR-101/ES;Sul;Atropelamento;0;0;0;0;1;0;0;;;;18;0;1;0;0
28/12/2020;10:22:00;191;Acidente sem vítima;401;BR-101/ES;Norte;Capotamento;1;0;0;0;0;0;0;;;;6;0;0;0;0
28/12/2020;10:34:00;201;Acidente sem vítima;203;BR-101/ES;Norte;Colisão Traseira;2;0;0;0;0;0;0;;;;2;0;0;0;0
28/12/2020;11:35:00;221;Acidente com vítima;351;BR-101/ES;Norte;Colisão Frontal;2;0;0;0;0;0;0;;;;0;5;1;0;0
28/12/2020;12:20:00;254;Acidente com vítima;229,8;BR-101/ES;Sul;Choque com Objeto Fixo;1;0;0;0;0;0;0;;;;0;1;0;0;0
28/12/2020;12:55:00;263;Acidente sem vítima;343,8;BR-101/ES;Norte;Colisão Traseira;2;0;3;0;0;0;0;;;;7;0;0;0;0
28/12/2020;17:06:00;344;Acidente com vítima;15,7;BR-101/ES;Norte;Colisão Traseira;0;0;2;1;0;0;0;;;;1;1;0;0;0
28/12/2020;18:32:00;364;Acidente com vítima;159;BR-101/ES;Sul;Colisão Transversal;2;0;0;0;0;0;0;;;;3;1;0;0;0
28/12/2020;20:19:00;387;Acidente com vítima;297,5;BR-101/ES;Sul;Colisão Lateral;1;0;0;1;0;0;0;;;;1;0;1;0;0
29/12/2020;01:05:00;35;Acidente sem vítima;67;BR-101/ES;Sul;Colisão Lateral;1;0;1;0;0;0;0;;;;2;0;0;0;0
29/12/2020;08:10:00;144;Acidente com vítima;241,7;BR-101/ES;Sul;Colisão Lateral;1;0;2;0;0;0;0;;;;1;0;1;0;0
29/12/2020;08:42:00;155;Acidente sem vítima;271,6;BR-101/ES (Contorno de Vitória);Sul;Colisão Traseira;2;0;0;0;0;0;0;;;;2;0;0;0;0
29/12/2020;09:49:00;175;Acidente com vítima;315,7;BR-101/ES;Norte;Colisão Lateral;1;0;1;0;0;0;0;;;;2;2;0;0;0
29/12/2020;11:05:00;210;Acidente sem vítima;242;BR-101/ES;Norte;Colisão Traseira;2;0;0;0;0;0;0;;;;4;0;0;0;0
29/12/2020;13:19:00;267;Acidente com vítima;46,4;BR-101/ES;Sul;Queda de Moto;0;0;0;1;0;0;0;;;;0;0;2;0;0
29/12/2020;15:02:00;287;Acidente com vítima;111;BR-101/ES;Norte;Colisão Traseira;2;0;0;0;0;0;0;;;;5;1;0;0;0
29/12/2020;16:54:00;324;Acidente sem vítima;273;BR-101/ES (Contorno de Vitória);Norte;Choque;1;0;1;0;0;0;0;;;;4;0;0;0;0
29/12/2020;18:42:00;354;Acidente com vítima;181;BR-101/ES;Sul;Colisão Transversal;1;0;3;0;0;0;0;;;;2;1;0;0;0
29/12/2020;21:42:00;403;Acidente com vítima;290;BR-101/ES (Contorno de Vitória);Sul;Colisão Traseira;1;0;1;0;0;0;0;;;;1;0;1;0;0
29/12/2020;22:23:00;406;Acidente sem vítima;212,9;BR-101/ES;Sul;Saída de Pista;1;0;0;0;0;0;0;;;;1;0;0;0;0
30/12/2020;00:51:00;16;Acidente sem vítima;215,5;BR-101/ES;Sul;Saída de Pista;1;0;0;0;0;0;0;;;;1;0;0;0;0
30/12/2020;03:53:00;58;Acidente sem vítima;275,4;BR-101/ES (Contorno de Vitória);Sul;Tombamento;0;0;2;0;0;0;0;;;;1;0;0;0;0
30/12/2020;06:18:00;87;Acidente sem vítima;6;BR-101/ES;Norte;Colisão Traseira;1;0;1;0;0;0;0;;;;5;0;0;0;0
30/12/2020;06:42:00;91;Acidente sem vítima;4;BR-101/ES;Norte;Colisão Lateral;2;0;0;0;0;0;0;;;;2;0;0;0;0
30/12/2020;07:31:00;103;Acidente com vítima;281;BR-101/ES (Contorno de Vitória);Norte;Queda de Moto;0;0;0;1;0;0;0;;;;0;0;1;0;0
30/12/2020;09:15:00;123;Acidente sem vítima;255;BR-101/ES;Sul;Engavetamento;3;0;0;0;0;0;0;;;;3;0;0;0;0
30/12/2020;09:28:00;125;Acidente com vítima;270,1;BR-101/ES;Sul;Queda de Moto;0;0;0;1;0;0;0;;;;0;0;1;0;0
30/12/2020;14:10:00;250;Acidente com vítima;266;BR-101/ES;Sul;Colisão Traseira;1;0;0;1;0;0;0;;;;1;0;1;0;0
30/12/2020;15:47:00;284;Acidente sem vítima;50,6;BR-101/ES;Sul;Engavetamento;3;0;0;0;0;0;0;;;;6;0;0;0;0
30/12/2020;17:48:00;333;Acidente com vítima;270;BR-101/ES;Norte;Queda de Moto;0;0;0;1;0;0;0;;;;0;1;0;0;0
30/12/2020;18:53:00;346;Acidente sem vítima;939;BR-101/BA;Norte;Colisão Transversal;1;0;1;0;0;0;0;;;;9;0;0;0;0
30/12/2020;21:33:00;388;Acidente com vítima;208;BR-101/ES;Sul;Queda de Moto;0;0;0;1;0;0;0;;;;0;1;1;0;0
31/12/2020;05:50:00;84;Acidente com vítima;354,3;BR-101/ES;Sul;Colisão Frontal;2;0;1;0;0;0;0;;;;0;16;5;2;0
31/12/2020;07:40:00;99;Acidente com vítima;312,8;BR-101/ES;Sul;Colisão Traseira;0;0;1;1;0;0;0;;;;2;0;1;0;0
31/12/2020;14:29:00;249;Acidente sem vítima;207,9;BR-101/ES;Sul;Colisão Lateral;2;0;0;0;0;0;0;;;;3;0;0;0;0
31/12/2020;15:49:00;277;Acidente sem vítima;213;BR-101/ES;Sul;Engavetamento;3;0;0;0;0;0;0;;;;2;0;0;0;0
31/12/2020;16:41:00;297;Acidente sem vítima;267,8;BR-101/ES;Sul;Colisão Traseira;2;0;0;0;0;0;0;;;;1;0;0;0;0
31/12/2020;19:18:00;340;Acidente sem vítima;146;BR-101/ES;Norte;Colisão Traseira;2;0;0;0;0;0;0;;;;4;0;0;0;0
31/12/2020;21:04:00;370;Acidente sem vítima;205;BR-101/ES;Sul;Atropelamento Animal;1;0;0;0;0;0;0;;;;4;0;0;0;0
31/12/2020;21:41:00;384;Acidente com vítima;149;BR-101/ES;Norte;Colisão Lateral;1;0;;1;0;0;0;;;;2;1;0;0;0
01/01/2021;03:23:00;57;Acidente sem vítima;272;BR-101/ES (Contorno de Vitória);Norte;Choque com Objeto Fixo;1;0;0;0;0;0;0;;;;1;0;0;0;0
01/01/2021;03:23:00;58;Acidente sem vítima;172,3;BR-101/ES;Sul;Atropelamento de Bovino;1;0;0;0;0;0;0;;;;2;0;0;0;0
01/01/2021;03:39:00;61;Acidente sem vítima;52,8;BR-101/ES;Sul;Colisão Traseira;2;0;0;0;0;0;0;;;;4;0;0;0;0
01/01/2021;06:59:00;89;Acidente com vítima;20,9;BR-101/ES;Sul;Choque com Objeto Fixo;1;0;0;0;0;0;0;;;;0;0;0;1;0
01/01/2021;12:36:00;187;Acidente sem vítima;355;BR-101/ES;Sul;Colisão Lateral;2;0;0;0;0;0;0;;;;7;0;0;0;0
01/01/2021;19:22:00;275;Acidente com vítima;446;BR-101/ES;Norte;Queda de ciclista;0;1;0;0;0;0;0;;;;0;1;0;0;0
01/01/2021;19:26:00;279;Acidente com vítima;84,3;BR-101/ES;Norte;Queda de Moto;0;0;0;1;0;0;0;;;;0;0;1;0;0
01/01/2021;19:41:00;282;Acidente sem vítima;49;BR-101/ES;Norte;Atropelamento Animal;1;0;0;0;0;0;0;;;;1;0;0;0;0
01/01/2021;21:23:00;300;Acidente sem vítima;348,5;BR-101/ES;Norte;Saída de Pista;1;0;0;0;0;0;0;;;;1;0;0;0;0
02/01/2021;00:10:00;6;Acidente com vítima;293;BR-101/ES (Contorno de Vitória);Norte;Choque com Objeto Fixo;1;0;0;0;0;0;0;;;;0;0;1;0;0
02/01/2021;03:10:00;48;Acidente sem vítima;402;BR-101/ES;Norte;Choque com Objeto Fixo;1;0;0;0;0;0;0;;;;2;0;0;0;0
02/01/2021;06:13:00;75;Acidente sem vítima;455,2;BR-101/ES;Sul;Tombamento;0;0;2;0;0;0;0;;;;1;0;0;0;0
02/01/2021;11:38:00;163;Acidente com vítima;141,4;BR-101/ES;Norte;Colisão Transversal;2;0;0;0;0;0;0;;;;0;3;2;1;0
02/01/2021;16:05:00;245;Acidente sem vítima;242,7;BR-101/ES;Sul;Choque com Objeto Fixo;1;0;0;0;0;0;0;;;;1;0;0;0;0
02/01/2021;18:04:00;284;Acidente sem vítima;407,9;BR-101/ES;Sul;Colisão Lateral;2;0;2;0;0;0;0;;;;11;0;0;0;0
02/01/2021;19:16:00;305;Acidente sem vítima;66,5;BR-101/ES;Norte;Colisão Traseira;2;0;0;0;0;0;0;;;;2;0;0;0;0
02/01/2021;19:16:00;306;Acidente com vítima;191;BR-101/ES;Sul;Colisão Transversal;2;0;0;0;0;0;0;;;;3;2;0;0;0
02/01/2021;19:52:00;311;Acidente com vítima;419;BR-101/ES;Sul;Colisão Frontal;3;0;0;0;0;0;0;;;;1;1;0;2;0
02/01/2021;23:10:00;361;Acidente sem vítima;293;BR-101/ES (Contorno de Vitória);Norte;Saída de Pista;1;0;0;0;0;0;0;;;;1;0;0;0;0
03/01/2021;00:32:00;13;Acidente sem vítima;76,8;BR-101/ES;Sul;Atropelamento Animal;1;0;0;0;0;0;0;;;;3;0;0;0;0
03/01/2021;06:24:00;81;Acidente sem vítima;223;BR-101/ES;Norte;Capotamento;1;0;0;0;0;0;0;;;;2;0;0;0;0
03/01/2021;08:04:00;95;Acidente sem vítima;197,1;BR-101/ES;Sul;Saída de Pista;1;0;0;0;0;0;0;;;;1;0;0;0;0
03/01/2021;08:53:00;106;Acidente sem vítima;278;BR-101/ES (Contorno de Vitória);Norte;Choque com Objeto Fixo;1;0;0;0;0;0;0;;;;1;0;0;0;0
03/01/2021;08:57:00;108;Acidente sem vítima;268;BR-101/ES;Sul;Engavetamento;3;0;0;0;0;0;0;;;;3;0;0;0;0
03/01/2021;08:58:00;109;Acidente sem vítima;368;BR-101/ES;Sul;Saída de Pista;1;0;0;0;0;0;0;;;;1;0;0;0;0
03/01/2021;10:22:00;134;Acidente sem vítima;398;BR-101/ES;Norte;Colisão Traseira;2;0;0;0;0;0;0;;;;6;0;0;0;0
03/01/2021;11:08:00;159;Acidente com vítima;183,6;BR-101/ES;Norte;Queda de Moto;0;0;0;1;0;0;0;;;;0;0;1;0;0
03/01/2021;11:25:00;168;Acidente sem vítima;224;BR-101/ES;Sul;Colisão Traseira;2;0;0;0;0;0;0;;;;2;0;0;0;0
03/01/2021;11:56:00;191;Acidente com vítima;277,2;BR-101/ES (Contorno de Vitória);Norte;Queda de Moto;0;0;0;1;0;0;0;;;;0;0;2;0;0
03/01/2021;12:40:00;209;Acidente sem vítima;183,6;BR-101/ES;Norte;Queda de Moto;0;0;0;1;0;0;0;;;;1;0;0;0;0
03/01/2021;12:40:00;210;Acidente sem vítima;183,6;BR-101/ES;Norte;Saída de Pista;1;0;0;0;0;0;0;;;;3;0;0;0;0
03/01/2021;13:24:00;222;Acidente sem vítima;264;BR-101/ES;Norte;Colisão Traseira;2;0;0;0;0;0;0;;;;2;0;0;0;0
03/01/2021;13:35:00;231;Acidente sem vítima;397;BR-101/ES;Sul;Colisão Traseira;2;0;0;0;0;0;0;;;;2;0;0;0;0
03/01/2021;14:32:00;253;Acidente sem vítima;226,1;BR-101/ES;Sul;Engavetamento;3;0;0;0;0;0;0;;;;3;0;0;0;0
03/01/2021;14:51:00;259;Acidente sem vítima;395,9;BR-101/ES;Sul;Colisão Traseira;1;0;1;0;0;0;0;;;;2;0;0;0;0
03/01/2021;15:30:00;274;Acidente com vítima;198,8;BR-101/ES;Sul;Saída de Pista;0;0;1;0;0;0;0;;;;0;1;0;0;0
03/01/2021;15:57:00;285;Acidente com vítima;310;BR-101/ES;Norte;Colisão Traseira;2;0;0;0;0;0;0;;;;7;1;0;0;0
03/01/2021;16:13:00;294;Acidente sem vítima;85;BR-101/ES;Sul;Colisão Traseira;3;0;0;0;0;0;0;;;;8;0;0;0;0
03/01/2021;17:14:00;315;Acidente sem vítima;222,9;BR-101/ES;Sul;Colisão Traseira;2;0;0;0;0;0;0;;;;5;0;0;0;0
03/01/2021;17:30:00;322;Acidente com vítima;13,5;BR-101/ES;Sul;Saída de Pista;1;0;0;0;0;0;0;;;;0;1;1;0;0
03/01/2021;17:46:00;333;Acidente com vítima;269;BR-101/ES;Sul;Colisão Transversal;2;0;0;0;0;0;0;;;;5;0;1;0;0
03/01/2021;18:23:00;347;Acidente sem vítima;276,4;BR-101/ES (Contorno de Vitória);Norte;Saída de Pista;1;0;0;0;0;0;0;;;;1;0;0;0;0
03/01/2021;18:39:00;352;Acidente sem vítima;206;BR-101/ES;Norte;Colisão Traseira;2;0;0;0;0;0;0;;;;3;0;0;0;0
03/01/2021;20:35:00;375;Acidente com vítima;270;BR-101/ES;Sul;Colisão Traseira;2;0;0;0;0;0;0;;;;3;0;1;0;0
03/01/2021;21:14:00;380;Atropelamento sem morte;270;BR-101/ES;Sul;Atropelamento;1;0;0;0;0;0;0;;;;1;1;0;0;0
03/01/2021;21:38:00;383;Acidente sem vítima;315;BR-101/ES;Sul;Atropelamento Animal;1;0;0;0;0;0;0;;;;3;0;0;0;0
03/01/2021;22:48:00;406;Acidente sem vítima;188;BR-101/ES;Norte;Saída de Pista;1;0;0;0;0;0;0;;;;2;0;0;0;0
03/01/2021;23:00:00;408;Acidente com vítima;181;BR-101/ES;Sul;Colisão Lateral;1;0;0;1;0;0;0;;;;3;1;1;0;0