data;horario;n_da_ocorrencia;tipo_de_ocorrencia;km;trecho;sentido;tipo_de_acidente;automovel;bicicleta;caminhao;moto;onibus;outros;tracao_animal;transporte_de_cargas_especiais;trator_maquinas;utilitarios;ilesos;levemente_feridos;moderadamente_feridos;gravemente_feridos;mortos
01/03/2021;17:18:00;358;Acidente sem vítima;214;BR-101/ES;Norte;Colisão Traseira;1;0;1;0;0;0;0;;;;4;0;0;0;0
01/03/2021;20:03:00;396;Acidente com vítima;222,8;BR-101/ES;Norte;Saída de Pista;1;0;0;0;0;0;0;;;;0;1;1;0;0
01/03/2021;20:22:00;399;Acidente com vítima;441,9;BR-101/ES;Sul;Saída de Pista;1;0;0;0;0;0;0;;;;0;0;1;0;0
01/03/2021;23:42:00;459;Acidente sem vítima;300;BR-101/ES;Sul;Queda de Moto;0;0;0;1;0;0;0;;;;1;0;0;0;0
02/03/2021;00:41:00;12;Acidente sem vítima;383,8;BR-101/ES;Sul;Saída de Pista;1;0;1;0;0;0;0;;;;2;0;0;0;0
02/03/2021;07:21:00;122;Acidente sem vítima;442;BR-101/ES;Sul;Colisão Lateral;0;0;3;0;0;0;0;;;;2;0;0;0;0
02/03/2021;12:16:00;225;Acidente sem vítima;264;BR-101/ES;Norte;Colisão Traseira;1;0;1;0;0;0;0;;;;2;0;0;0;0
02/03/2021;12:51:00;234;Acidente sem vítima;452;BR-101/ES;Sul;Colisão Traseira;1;0;2;0;0;0;0;;;;2;0;0;0;0
02/03/2021;15:50:00;288;Acidente sem vítima;262;BR-101/ES;Sul;Colisão Traseira;2;0;0;0;0;0;0;;;;2;0;0;0;0
02/03/2021;20:29:00;356;Acidente sem vítima;111,5;BR-101/ES;Norte;Saída de Pista;1;0;0;0;0;0;0;;;;1;0;0;0;0
03/03/2021;06:38:00;119;Acidente sem vítima;317,7;BR-101/ES;Sul;Veículo em Chamas;1;0;0;0;0;0;0;;;;3;0;0;0;0
03/03/2021;10:37:00;226;Acidente com vítima;292,1;BR-101/ES;Norte;Colisão Traseira;1;0;0;1;0;0;0;;;;1;1;0;0;0
03/03/2021;11:27:00;253;Acidente sem vítima;264;BR-101/ES;Norte;Colisão Transversal;2;0;0;0;0;0;0;;;;2;0;0;0;0
03/03/2021;11:51:00;260;Acidente sem vítima;206,7;BR-101/ES;Norte;Choque com Objeto Fixo;0;0;2;0;0;0;0;;;;1;0;0;0;0
03/03/2021;11:56:00;264;Acidente sem vítima;222,6;BR-101/ES;Sul;Colisão Traseira;2;0;0;0;0;0;0;;;;6;0;0;0;0
03/03/2021;12:25:00;274;Acidente sem vítima;298,6;BR-101/ES;Sul;Choque com Objeto Fixo;0;0;2;0;0;0;0;;;;1;0;0;0;0
03/03/2021;12:29:00;280;Acidente com vítima;279,7;BR-101/ES;Norte;Colisão Transversal;1;0;0;1;0;0;0;;;;1;0;1;0;0
03/03/2021;12:52:00;289;Acidente com vítima;266,3;BR-101/ES;Norte;Colisão Transversal;1;0;0;1;0;0;0;;;;4;0;1;0;0
03/03/2021;17:18:00;378;Atropelamento sem morte;270,1;BR-101/ES;Sul;Atropelamento;0;0;0;1;0;0;0;;;;1;0;2;0;0
03/03/2021;18:39:00;397;Acidente sem vítima;213;BR-101/ES;Sul;Queda de Moto;0;0;0;1;0;0;0;;;;1;0;0;0;0
03/03/2021;22:52:00;461;Acidente com vítima;139;BR-101/ES;Norte;Queda de Moto;0;0;0;1;0;0;0;;;;0;1;0;0;0
04/03/2021;00:20:00;10;Acidente sem vítima;48;BR-101/ES;Sul;Choque com Objeto Fixo;1;0;0;0;0;0;0;;;;1;0;0;0;0
04/03/2021;03:55:00;65;Acidente com vítima;402,8;BR-101/ES;Norte;Queda de Moto;0;0;0;1;0;0;0;;;;0;1;0;0;0
04/03/2021;06:59:00;124;Acidente sem vítima;272,8;BR-101/ES;Norte;Choque com Objeto Fixo;1;0;0;0;0;0;0;;;;2;0;0;0;0
04/03/2021;07:16:00;132;Acidente sem vítima;266;BR-101/ES;Sul;Colisão Lateral;1;0;2;0;0;0;0;;;;2;0;0;0;0
04/03/2021;07:28:00;136;Acidente com vítima;266,3;BR-101/ES;Sul;Colisão Lateral;0;0;0;2;0;0;0;;;;1;0;1;0;0
04/03/2021;12:16:00;242;Acidente sem vítima;422;BR-101/ES;Norte;Colisão Traseira;1;0;2;0;0;0;0;;;;3;0;0;0;0
04/03/2021;13:24:00;264;Acidente sem vítima;273,5;BR-101/ES;Sul;Queda de Moto;0;0;0;1;0;0;0;;;;2;0;0;0;0
04/03/2021;14:10:00;275;Acidente sem vítima;273,5;BR-101/ES;Sul;Queda de Moto;0;0;0;1;0;0;0;;;;1;0;0;0;0
04/03/2021;14:50:00;291;Acidente sem vítima;146,5;BR-101/ES;Norte;Colisão Traseira;0;0;0;1;1;0;0;;;;2;0;0;0;0
04/03/2021;16:48:00;336;Acidente sem vítima;269;BR-101/ES;Sul;Engavetamento;3;0;2;0;0;0;0;;;;4;0;0;0;0
04/03/2021;17:35:00;352;Atropelamento sem morte;268;BR-101/ES;Sul;Atropelamento;0;0;0;1;0;0;0;;;;1;0;1;0;0
04/03/2021;17:43:00;354;Acidente com vítima;92,1;BR-101/ES;Norte;Colisão Traseira;1;0;4;0;0;0;0;;;;1;1;0;0;0
04/03/2021;18:11:00;359;Acidente sem vítima;140,5;BR-101/ES;Norte;Engavetamento;2;0;0;0;0;0;0;;;;4;0;0;0;0
05/03/2021;02:10:00;47;Acidente sem vítima;310,8;BR-101/ES;Norte;Choque;1;0;0;0;0;0;0;;;;1;0;0;0;0
05/03/2021;03:21:00;59;Acidente com vítima;380;BR-101/ES;Sul;Saída de Pista;1;0;0;0;0;0;0;;;;0;1;1;0;0
05/03/2021;10:12:00;205;Acidente sem vítima;221;BR-101/ES;Norte;Colisão Traseira;2;0;0;0;0;0;0;;;;4;0;0;0;0
05/03/2021;15:25:00;322;Acidente sem vítima;353,4;BR-101/ES;Sul;Colisão Traseira;2;0;0;0;0;0;0;;;;2;0;0;0;0
05/03/2021;17:51:00;375;Acidente sem vítima;146;BR-101/ES;Sul;Colisão Traseira;2;0;0;0;0;0;0;;;;2;0;0;0;0
05/03/2021;17:59:00;379;Acidente sem vítima;262,5;BR-101/ES;Norte;Engavetamento;3;0;0;0;0;0;0;;;;3;0;0;0;0
05/03/2021;19:50:00;416;Acidente com vítima;209,887;BR-101/ES;Sul;Choque com Veículo Estacionado;0;0;4;0;0;0;0;;;;2;0;1;1;0
05/03/2021;20:02:00;420;Atropelamento sem morte;266;BR-101/ES;Sul;Atropelamento;1;0;0;0;0;0;0;;;;3;0;1;0;0
05/03/2021;20:56:00;432;Acidente com vítima;238;BR-101/ES;Norte;Colisão Lateral;1;0;0;1;0;0;0;;;;1;0;1;0;0
06/03/2021;00:37:00;10;Acidente sem vítima;376;BR-101/ES;Sul;Choque com Veículo Estacionado;1;0;2;0;0;0;0;;;;2;0;0;0;0
06/03/2021;10:17:00;156;Acidente com vítima;135,9;BR-101/ES;Sul;Colisão Transversal;2;0;0;0;0;0;0;;;;1;0;1;0;0
06/03/2021;11:35:00;186;Acidente sem vítima;146,2;BR-101/ES;Norte;Engavetamento;3;0;0;0;0;0;0;;;;5;0;0;0;0
06/03/2021;12:23:00;208;Acidente com vítima;297,5;BR-101/ES;Norte;Colisão Lateral;1;0;4;0;0;0;0;;;;1;1;0;0;0
07/03/2021;00:59:00;21;Acidente sem vítima;355,1;BR-101/ES;Norte;Colisão Frontal;2;0;0;0;0;0;0;;;;4;0;0;0;0
07/03/2021;03:18:00;52;Acidente com vítima;67;BR-101/ES;Norte;Colisão Transversal;1;0;2;0;0;0;0;;;;1;0;1;0;0
07/03/2021;04:21:00;65;Acidente sem vítima;3;BR-101/ES;Norte;Saída de Pista;1;0;0;0;0;0;0;;;;1;0;0;0;0
07/03/2021;05:07:00;74;Acidente sem vítima;286;BR-101/ES;Norte;Choque com Objeto Fixo;1;0;0;0;0;0;0;;;;1;0;0;0;0
07/03/2021;06:18:00;99;Acidente sem vítima;149;BR-101/ES;Norte;Colisão Transversal;1;0;1;0;0;0;0;;;;4;0;0;0;0
07/03/2021;13:14:00;229;Acidente com vítima;324,1;BR-101/ES;Norte;Queda de Moto;0;0;0;1;0;0;0;;;;1;1;0;0;0
07/03/2021;13:40:00;235;Acidente sem vítima;171,8;BR-101/ES;Sul;Choque com Objeto Fixo;0;0;3;0;0;0;0;;;;1;0;0;0;0
07/03/2021;17:04:00;293;Acidente com vítima;277,8;BR-101/ES;Norte;Choque com Objeto Fixo;1;0;0;0;0;0;0;;;;0;0;2;0;0
07/03/2021;17:48:00;308;Acidente com vítima;289;BR-101/ES;Norte;Saída de Pista;1;0;0;0;0;0;0;;;;1;1;0;0;0
07/03/2021;20:19:00;347;Acidente sem vítima;313;BR-101/ES;Sul;Saída de Pista;1;0;0;0;0;0;0;;;;2;0;0;0;0
07/03/2021;20:46:00;356;Acidente sem vítima;334;BR-101/ES;Norte;Choque com Objeto Fixo;0;0;2;0;0;0;0;;;;1;0;0;0;0
07/03/2021;21:41:00;385;Acidente sem vítima;264;BR-101/ES;Norte;Colisão Transversal;1;0;1;0;0;0;0;;;;2;0;0;0;0
07/03/2021;23:08:00;409;Acidente com vítima;72;BR-101/ES;Sul;Colisão Transversal;2;0;0;0;0;0;0;;;;1;1;0;0;0
08/03/2021;02:27:00;46;Acidente com vítima;343;BR-101/ES;Norte;Saída de Pista;0;0;2;0;0;0;0;;;;0;1;0;0;0
08/03/2021;04:08:00;59;Acidente sem vítima;313;BR-101/ES;Norte;Saída de Pista;1;0;0;0;0;0;0;;;;1;0;0;0;0
08/03/2021;06:53:00;115;Atropelamento sem morte;270;BR-101/ES;Norte;Atropelamento;1;0;0;1;0;0;0;;;;1;1;2;0;0
08/03/2021;08:14:00;148;Acidente com vítima;268;BR-101/ES;Sul;Colisão Lateral;1;0;0;1;0;0;0;;;;1;1;0;0;0
08/03/2021;12:50:00;267;Acidente sem vítima;264;BR-101/ES;Norte;Colisão Transversal;2;0;0;0;0;0;0;;;;2;0;0;0;0
08/03/2021;14:03:00;298;Acidente com vítima;40,9;BR-101/ES;Norte;Queda de Moto;0;0;0;1;0;0;0;;;;0;2;0;0;0
08/03/2021;14:42:00;303;Acidente sem vítima;265,7;BR-101/ES;Sul;Colisão Traseira;2;0;0;0;0;0;0;;;;2;0;0;0;0
08/03/2021;16:13:00;320;Acidente sem vítima;415;BR-101/ES;Sul;Saída de Pista;0;0;1;0;0;0;0;;;;1;0;0;0;0
08/03/2021;16:49:00;334;Acidente sem vítima;442;BR-101/ES;Sul;Colisão Lateral;0;0;2;0;0;0;0;;;;2;0;0;0;0
08/03/2021;17:54:00;357;Acidente com vítima;270,3;BR-101/ES;Norte;Colisão Traseira;1;0;1;0;0;0;0;;;;2;0;1;0;0
08/03/2021;18:45:00;370;Acidente com morte;310,5;BR-101/ES;Norte;Colisão Frontal;1;0;1;1;0;0;0;;;;2;0;0;0;1
08/03/2021;18:56:00;371;Acidente com vítima;298;BR-101/ES;Norte;Colisão Traseira;5;0;1;1;0;0;0;;;;6;1;0;0;0
08/03/2021;23:46:00;434;Acidente com vítima;161,5;BR-101/ES;Norte;Colisão Frontal;1;0;0;1;0;0;0;;;;1;1;0;0;0
09/03/2021;07:28:00;125;Acidente com vítima;266,1;BR-101/ES;Sul;Colisão Traseira;1;0;0;1;0;0;0;;;;2;1;0;0;0
09/03/2021;09:21:00;162;Acidente com vítima;100;BR-101/ES;Sul;Queda de Moto;0;0;0;1;0;0;0;;;;0;1;0;0;0
09/03/2021;10:19:00;185;Acidente sem vítima;269;BR-101/ES;Sul;Saída de Pista;1;0;0;0;0;0;0;;;;1;0;0;0;0
09/03/2021;13:09:00;264;Acidente com vítima;147;BR-101/ES;Sul;Colisão Traseira;1;0;0;1;0;0;0;;;;1;0;1;0;0
09/03/2021;14:28:00;287;Acidente sem vítima;286;BR-101/ES;Norte;Choque com Objeto Fixo;1;0;0;0;0;0;0;;;;1;0;0;0;0
09/03/2021;14:45:00;291;Acidente sem vítima;286;BR-101/ES;Norte;Choque com Objeto Fixo;0;0;1;0;0;0;0;;;;1;0;0;0;0
09/03/2021;14:50:00;293;Acidente sem vítima;362;BR-101/ES;Norte;Colisão Traseira;1;0;1;0;0;1;0;;;;6;0;0;0;0
09/03/2021;15:14:00;302;Acidente sem vítima;283;BR-101/ES;Sul;Saída de Pista;0;0;1;0;0;0;0;;;;1;0;0;0;0
09/03/2021;15:31:00;305;Acidente sem vítima;256;BR-101/ES;Norte;Colisão Traseira;1;0;1;0;0;0;0;;;;2;0;0;0;0
09/03/2021;16:36:00;320;Acidente com morte;949;BR-101/BA;Norte;Colisão Frontal;1;0;2;0;0;0;0;;;;1;0;1;0;1
09/03/2021;19:45:00;370;Acidente sem vítima;303;BR-101/ES;Sul;Choque com Objeto Fixo;1;0;0;0;0;0;0;;;;1;0;0;0;0
09/03/2021;20:22:00;379;Acidente sem vítima;294,5;BR-101/ES;Norte;Saída de Pista;1;0;0;0;0;0;0;;;;2;0;0;0;0
09/03/2021;20:28:00;380;Acidente sem vítima;145,9;BR-101/ES;Norte;Colisão Traseira;2;0;0;0;0;0;0;;;;2;0;0;0;0
09/03/2021;20:59:00;390;Acidente com vítima;362;BR-101/ES;Norte;Saída de Pista;1;0;0;0;0;0;0;;;;1;2;0;0;0
10/03/2021;02:49:00;93;Acidente sem vítima;316;BR-101/ES;Norte;Veículo em Chamas;1;0;0;0;0;0;0;;;;1;0;0;0;0
10/03/2021;05:47:00;123;Acidente sem vítima;233;BR-101/ES;Norte;Veículo em Chamas;0;0;2;0;0;0;0;;;;1;0;0;0;0
10/03/2021;06:27:00;129;Acidente com vítima;352;BR-101/ES;Sul;Colisão Traseira;1;0;1;0;0;0;0;;;;2;1;0;1;0
10/03/2021;06:38:00;132;Acidente sem vítima;292;BR-101/ES;Sul;Choque com Objeto Fixo;0;0;2;0;0;0;0;;;;1;0;0;0;0
10/03/2021;06:45:00;136;Acidente sem vítima;290;BR-101/ES;Sul;Colisão Traseira;2;0;0;0;0;0;0;;;;2;0;0;0;0
10/03/2021;07:51:00;154;Acidente com vítima;66;BR-101/ES;Norte;Colisão Traseira;1;0;1;0;0;0;0;;;;1;1;0;0;0
10/03/2021;09:19:00;177;Acidente sem vítima;282;BR-101/ES;Norte;Engavetamento;2;0;0;0;2;0;0;;;;4;0;0;0;0
10/03/2021;12:41:00;263;Acidente sem vítima;394;BR-101/ES;Sul;Colisão Traseira;2;0;0;0;0;0;0;;;;4;0;0;0;0
10/03/2021;13:07:00;276;Atropelamento sem morte;295,5;BR-101/ES;Norte;Atropelamento;1;0;0;0;0;0;0;;;;1;0;0;1;0
10/03/2021;14:29:00;300;Acidente sem vítima;146;BR-101/ES;Sul;Colisão Traseira;2;0;0;0;0;0;0;;;;4;0;0;0;0
10/03/2021;19:05:00;372;Acidente sem vítima;272;BR-101/ES;Sul;Colisão Traseira;0;0;2;0;0;0;0;;;;2;0;0;0;0
10/03/2021;20:57:00;391;Acidente com vítima;298;BR-101/ES;Sul;Choque;0;0;0;1;0;0;0;;;;0;0;1;0;0
10/03/2021;21:21:00;396;Acidente sem vítima;7;BR-101/ES (Contorno Iconha);Norte;Choque com Objeto Fixo;1;0;0;0;0;0;0;;;;1;0;0;0;0
10/03/2021;22:20:00;417;Acidente sem vítima;284;BR-101/ES;Norte;Saída de Pista;1;0;0;0;0;0;0;;;;1;0;0;0;0
10/03/2021;23:40:00;450;Acidente sem vítima;335;BR-101/ES;Sul;Saída de Pista;1;0;0;0;0;0;0;;;;1;0;0;0;0
11/03/2021;00:03:00;2;Acidente com vítima;197;BR-101/ES;Norte;Saída de Pista;1;0;0;0;0;0;0;;;;0;4;1;0;0
11/03/2021;01:01:00;18;Acidente sem vítima;261;BR-101/ES;Norte;Saída de Pista;1;0;0;0;0;0;0;;;;2;0;0;0;0
11/03/2021;07:53:00;144;Acidente sem vítima;267,8;BR-101/ES;Norte;Colisão Traseira;2;0;0;0;0;0;0;;;;2;0;0;0;0
11/03/2021;10:24:00;193;Acidente sem vítima;164;BR-101/ES;Sul;Tombamento;0;0;1;0;0;0;0;;;;1;0;0;0;0
11/03/2021;13:50:00;279;Acidente com vítima;71;BR-101/ES;Sul;Colisão Transversal;2;0;0;1;0;0;0;;;;2;1;0;0;0
11/03/2021;17:03:00;341;Acidente sem vítima;255,3;BR-101/ES;Sul;Colisão Traseira;2;0;0;0;0;0;0;;;;2;0;0;0;0
11/03/2021;18:13:00;362;Acidente com vítima;68;BR-101/ES;Sul;Colisão Transversal;1;0;0;1;1;0;0;;;;5;1;0;0;0
11/03/2021;18:14:00;363;Acidente sem vítima;230,1;BR-101/ES;Sul;Engavetamento;3;0;0;0;0;0;0;;;;5;0;0;0;0
11/03/2021;18:35:00;367;Acidente com vítima;310,8;BR-101/ES;Sul;Colisão Frontal;1;0;1;0;0;0;0;;;;1;1;0;0;0
11/03/2021;18:53:00;374;Acidente sem vítima;263;BR-101/ES;Norte;Choque com Objeto Fixo;1;0;0;0;0;0;0;;;;1;0;0;0;0
11/03/2021;19:47:00;385;Atropelamento sem morte;256;BR-101/ES;Norte;Atropelamento;1;0;0;0;0;0;0;;;;1;1;1;0;0
11/03/2021;21:03:00;406;Acidente sem vítima;173;BR-101/ES;Norte;Colisão Traseira;0;0;4;0;0;0;0;;;;3;0;0;0;0
11/03/2021;21:52:00;418;Acidente sem vítima;267,9;BR-101/ES;Sul;Colisão Traseira;2;0;0;0;0;0;0;;;;2;0;0;0;0
11/03/2021;23:39:00;447;Acidente sem vítima;81,8;BR-101/ES;Norte;Saída de Pista;1;0;0;0;0;0;0;;;;1;0;0;0;0
11/03/2021;23:58:00;456;Acidente sem vítima;270,5;BR-101/ES;Sul;Colisão Transversal;2;0;0;0;0;0;0;;;;2;0;0;0;0
12/03/2021;04:17:00;51;Acidente sem vítima;295;BR-101/ES;Sul;Veículo em Chamas;1;0;0;0;0;0;0;;;;1;0;0;0;0
12/03/2021;05:43:00;101;Acidente sem vítima;290;BR-101/ES;Sul;Colisão Traseira;2;0;0;0;0;0;0;;;;2;0;0;0;0
12/03/2021;06:21:00;110;Acidente sem vítima;262,3;BR-101/ES;Sul;Colisão Transversal;2;0;0;0;0;0;0;;;;3;0;0;0;0
12/03/2021;06:35:00;111;Acidente sem vítima;2,1;BR-101/ES (Contorno Iconha);Sul;Choque com Objeto Fixo;0;0;2;0;0;0;0;;;;1;0;0;0;0
12/03/2021;07:36:00;129;Acidente sem vítima;174,6;BR-101/ES;Norte;Colisão Transversal;2;0;0;0;0;0;0;;;;3;0;0;0;0
12/03/2021;08:05:00;135;Acidente sem vítima;257,9;BR-101/ES;Sul;Colisão Lateral;2;0;0;0;0;0;0;;;;2;0;0;0;0
12/03/2021;08:39:00;146;Acidente sem vítima;258,1;BR-101/ES;Norte;Colisão Lateral;1;0;1;0;0;0;0;;;;2;0;0;0;0
12/03/2021;09:42:00;169;Acidente sem vítima;101,8;BR-101/ES;Sul;Choque;0;0;3;0;0;0;0;;;;1;0;0;0;0
12/03/2021;10:27:00;180;Acidente sem vítima;295;BR-101/ES;Norte;Colisão Traseira;1;0;1;0;0;0;0;;;;1;0;0;0;0
12/03/2021;12:04:00;233;Acidente sem vítima;214,9;BR-101/ES;Norte;Colisão Traseira;2;0;0;0;0;0;0;;;;2;0;0;0;0
12/03/2021;17:24:00;343;Acidente sem vítima;270;BR-101/ES;Sul;Colisão Lateral;1;0;2;0;0;0;0;;;;2;0;0;0;0
12/03/2021;19:48:00;388;Acidente com vítima;147;BR-101/ES;Norte;Colisão Transversal;1;0;1;0;0;0;0;;;;2;1;0;0;0
12/03/2021;20:13:00;392;Acidente com vítima;252,95;BR-101/ES;Norte;Colisão Traseira;1;0;0;1;0;0;0;;;;1;1;1;0;0
12/03/2021;23:21:00;452;Acidente com vítima;296;BR-101/ES;Norte;Queda de Moto;1;0;1;2;0;0;0;;;;2;0;3;0;0
13/03/2021;05:34:00;79;Acidente sem vítima;289,9;BR-101/ES;Sul;Colisão Traseira;1;0;1;0;0;0;0;;;;2;0;0;0;0
13/03/2021;06:21:00;88;Acidente sem vítima;320;BR-101/ES;Sul;Colisão Transversal;1;0;0;0;1;0;0;;;;2;0;0;0;0
13/03/2021;08:03:00;111;Acidente sem vítima;265;BR-101/ES;Norte;Colisão Lateral;2;0;0;0;0;0;0;;;;3;0;0;0;0
13/03/2021;09:38:00;141;Atropelamento com morte;260,1;BR-101/ES;Norte;Atropelamento;0;0;2;0;0;0;0;;;;1;0;0;0;1
13/03/2021;10:56:00;160;Acidente com vítima;297,3;BR-101/ES;Sul;Colisão Lateral;1;0;0;1;0;0;0;;;;1;1;0;0;0
13/03/2021;12:47:00;218;Acidente sem vítima;8;BR-101/ES;Sul;Choque com Objeto Fixo;1;0;0;0;0;0;0;;;;1;0;0;0;0
13/03/2021;13:14:00;236;Acidente com vítima;341;BR-101/ES;Norte;Queda de Moto;0;0;0;1;0;0;0;;;;0;1;0;0;0
13/03/2021;16:08:00;278;Acidente com vítima;184;BR-101/ES;Norte;Saída de Pista;0;0;2;0;0;0;0;;;;0;1;0;0;0
14/03/2021;19:38:00;304;Acidente sem vítima;293;BR-101/ES;Sul;Saída de Pista;1;0;0;0;0;0;0;;;;1;0;0;0;0
15/03/2021;06:49:00;100;Acidente sem vítima;117;BR-101/ES;Norte;Queda de Moto;0;0;0;1;0;0;0;;;;2;0;0;0;0
15/03/2021;06:53:00;102;Acidente com vítima;159,2;BR-101/ES;Norte;Colisão Transversal;1;0;0;1;0;0;0;;;;1;0;1;0;0
15/03/2021;07:20:00;110;Acidente sem vítima;262,7;BR-101/ES;Sul;Engavetamento;1;0;3;0;1;0;0;;;;4;0;0;0;0
15/03/2021;07:46:00;124;Acidente sem vítima;262,7;BR-101/ES;Norte;Colisão Traseira;2;0;0;0;0;0;0;;;;2;0;0;0;0
15/03/2021;08:43:00;138;Acidente com vítima;338;BR-101/ES;Sul;Choque com Veículo Estacionado;2;0;0;0;0;0;0;;;;1;1;0;0;0
15/03/2021;08:59:00;146;Acidente com vítima;255,3;BR-101/ES;Norte;Colisão Transversal;1;0;3;0;0;0;0;;;;2;0;1;0;0
15/03/2021;14:28:00;266;Acidente com vítima;229;BR-101/ES;Norte;Colisão Traseira;1;0;0;1;0;0;0;;;;2;1;0;0;0
16/03/2021;08:12:00;119;Acidente sem vítima;267;BR-101/ES;Sul;Queda de Moto;0;0;1;1;0;0;0;;;;2;0;0;0;0
16/03/2021;22:36:00;402;Acidente sem vítima;299;BR-101/ES;Norte;Colisão Traseira;1;0;1;0;0;0;0;;;;2;0;0;0;0
16/03/2021;23:09:00;409;Acidente com vítima;69,2;BR-101/ES;Sul;Atropelamento Animal;0;0;0;1;0;0;0;;;;0;0;2;0;0
17/03/2021;04:42:00;55;Acidente sem vítima;269,5;BR-101/ES;Sul;Colisão Traseira;0;0;2;0;0;0;0;;;;2;0;0;0;0
17/03/2021;06:35:00;103;Acidente com vítima;262;BR-101/ES;Sul;Colisão Lateral;1;0;0;1;0;0;0;;;;2;1;0;0;0
17/03/2021;07:26:00;118;Acidente com vítima;297,5;BR-101/ES;Sul;Colisão Traseira;1;0;1;0;0;0;0;;;;1;0;1;0;0
17/03/2021;08:14:00;130;Acidente sem vítima;461;BR-101/ES;Sul;Saída de Pista;0;0;2;0;0;0;0;;;;1;0;0;0;0
17/03/2021;11:07:00;198;Acidente sem vítima;232;BR-101/ES;Norte;Engavetamento;4;0;0;0;0;0;0;;;;8;0;0;0;0
17/03/2021;11:53:00;218;Acidente sem vítima;262;BR-101/ES;Sul;Colisão Traseira;1;0;1;0;0;0;0;;;;2;0;0;0;0
17/03/2021;14:04:00;253;Acidente com vítima;166;BR-101/ES;Norte;Colisão Traseira;0;0;2;1;0;0;0;;;;1;1;0;0;0
17/03/2021;15:40:00;275;Acidente sem vítima;291;BR-101/ES;Norte;Veículo em Chamas;1;0;0;0;0;0;0;;;;2;0;0;0;0
17/03/2021;18:46:00;314;Acidente sem vítima;396;BR-101/ES;Sul;Colisão Traseira;4;0;0;0;0;0;0;;;;9;0;0;0;0
17/03/2021;19:09:00;323;Acidente com vítima;293;BR-101/ES;Sul;Queda de Moto;0;0;0;1;0;0;0;;;;0;0;1;0;0
17/03/2021;21:58:00;358;Acidente sem vítima;236,2;BR-101/ES;Sul;Choque;0;0;1;0;0;0;0;;;;1;0;0;0;0
18/03/2021;08:18:00;150;Acidente sem vítima;110;BR-101/ES;Sul;Engavetamento;1;0;5;0;0;0;0;;;;8;0;0;0;0
18/03/2021;08:37:00;155;Acidente sem vítima;264;BR-101/ES;Norte;Colisão Transversal;0;0;4;0;0;0;0;;;;2;0;0;0;0
18/03/2021;10:30:00;189;Acidente sem vítima;356;BR-101/ES;Norte;Choque;1;0;2;0;0;0;0;;;;2;0;0;0;0
18/03/2021;10:43:00;195;Acidente sem vítima;266;BR-101/ES;Sul;Engavetamento;1;0;0;0;0;0;0;;;;1;0;0;0;0
18/03/2021;11:31:00;219;Acidente com vítima;270;BR-101/ES;Sul;Queda de Moto;0;0;0;1;0;0;0;;;;0;1;0;0;0
18/03/2021;13:17:00;264;Acidente sem vítima;266,4;BR-101/ES;Sul;Tombamento;0;0;2;0;0;0;0;;;;1;0;0;0;0
18/03/2021;14:28:00;281;Acidente sem vítima;953;BR-101/BA;Norte;Choque com Objeto Fixo;1;0;0;0;0;0;0;;;;4;0;0;0;0
18/03/2021;16:15:00;300;Acidente com vítima;145,7;BR-101/ES;Sul;Colisão Traseira;0;0;1;1;0;0;0;;;;1;1;0;0;0
19/03/2021;09:11:00;154;Acidente sem vítima;252,1;BR-101/ES;Sul;Colisão Traseira;1;0;3;0;0;0;0;;;;2;0;0;0;0
19/03/2021;13:38:00;261;Acidente sem vítima;264,1;BR-101/ES;Sul;Saída de Pista;0;0;1;0;0;0;0;;;;1;0;0;0;0
19/03/2021;13:41:00;263;Acidente com morte;243,7;BR-101/ES;Norte;Colisão Frontal;2;0;0;0;0;0;0;;;;0;1;1;0;1
19/03/2021;15:14:00;289;Acidente sem vítima;270;BR-101/ES;Norte;Choque com Objeto Fixo;1;0;0;0;0;0;0;;;;2;0;0;0;0
19/03/2021;17:39:00;342;Acidente com vítima;317,6;BR-101/ES;Norte;Queda de Moto;0;0;0;1;0;0;0;;;;0;1;0;0;0
19/03/2021;17:49:00;345;Atropelamento sem morte;269;BR-101/ES;Sul;Atropelamento;0;0;0;1;0;0;0;;;;1;0;1;0;0
19/03/2021;17:56:00;346;Acidente com vítima;241,4;BR-101/ES;Sul;Colisão Lateral;1;0;0;2;0;0;0;;;;1;1;1;0;0
19/03/2021;19:29:00;370;Acidente sem vítima;179;BR-101/ES;Norte;Saída de Pista;1;0;0;0;0;0;0;;;;1;0;0;0;0
19/03/2021;20:16:00;379;Acidente com vítima;147;BR-101/ES;Sul;Colisão Transversal;1;0;0;1;0;0;0;;;;1;1;0;0;0
19/03/2021;20:28:00;385;Acidente com vítima;261,9;BR-101/ES;Norte;Colisão Transversal;1;0;0;1;0;0;0;;;;1;0;1;0;0
20/03/2021;03:48:00;46;Acidente sem vítima;209;BR-101/ES;Norte;Colisão Traseira;0;0;3;0;0;0;0;;;;2;0;0;0;0
20/03/2021;04:15:00;50;Acidente com vítima;387,1;BR-101/ES;Norte;Tombamento;0;0;2;0;0;0;0;;;;0;1;0;0;0
20/03/2021;05:38:00;84;Atropelamento sem morte;376;BR-101/ES;Norte;Atropelamento e Fuga;1;0;0;0;0;0;0;;;;0;1;0;0;0