data;horario;n_da_ocorrencia;tipo_de_ocorrencia;km;trecho;sentido;tipo_de_acidente;automovel;bicicleta;caminhao;moto;onibus;outros;tracao_animal;transporte_de_cargas_especiais;trator_maquinas;utilitarios;ilesos;levemente_feridos;moderadamente_feridos;gravemente_feridos;mortos
20/03/2021;08:43:00;132;Acidente com vítima;64;BR-101/ES;Sul;Engavetamento;1;0;3;0;0;0;0;;;;2;1;1;0;0
20/03/2021;08:45:00;134;Acidente com vítima;295;BR-101/ES;Sul;Colisão Traseira;0;0;1;1;0;0;0;;;;1;0;1;0;0
20/03/2021;13:10:00;228;Acidente com vítima;190,3;BR-101/ES;Norte;Queda de Moto;0;0;0;1;0;0;0;;;;0;1;0;0;0
20/03/2021;14:42:00;258;Acidente com vítima;272,4;BR-101/ES;Norte;Colisão com ciclista;0;1;0;1;0;0;0;;;;0;0;1;1;0
20/03/2021;16:25:00;292;Acidente sem vítima;55;BR-101/ES;Sul;Colisão Lateral;2;0;0;0;0;0;0;;;;2;0;0;0;0
20/03/2021;20:03:00;347;Acidente com morte;288,9;BR-101/ES;Norte;Saída de Pista;1;0;0;0;0;0;0;;;;0;0;2;4;2
20/03/2021;23:44:00;405;Acidente sem vítima;281,8;BR-101/ES;Sul;Choque com Objeto Fixo;1;0;0;0;0;0;0;;;;1;0;0;0;0
20/03/2021;23:46:00;407;Acidente sem vítima;135;BR-101/ES;Norte;Saída de Pista;1;0;0;0;0;0;0;;;;1;0;0;0;0
21/03/2021;02:13:00;38;Acidente com vítima;939,5;BR-101/BA;Norte;Saída de Pista;0;0;0;1;0;0;0;;;;0;0;1;0;0
21/03/2021;07:06:00;81;Acidente com vítima;369,2;BR-101/ES;Sul;Capotamento;1;0;0;0;0;0;0;;;;0;1;0;0;0
21/03/2021;21:52:00;319;Acidente sem vítima;275;BR-101/ES;Norte;Saída de Pista;1;0;0;0;0;0;0;;;;1;0;0;0;0
22/03/2021;06:45:00;122;Acidente com vítima;138,8;BR-101/ES;Sul;Queda de Moto;0;0;0;1;0;0;0;;;;0;1;0;0;0
22/03/2021;07:19:00;131;Acidente com vítima;145,9;BR-101/ES;Sul;Colisão Traseira;2;0;2;0;1;0;0;;;;3;2;0;0;0
22/03/2021;11:17:00;212;Acidente com vítima;146;BR-101/ES;Norte;Colisão Traseira;1;0;0;1;0;0;0;;;;2;1;0;0;0
22/03/2021;12:02:00;230;Acidente sem vítima;8,2;BR-101/ES;Sul;Tombamento;0;0;3;0;0;0;0;;;;1;0;0;0;0
22/03/2021;14:49:00;289;Acidente com vítima;298;BR-101/ES;Sul;Colisão Lateral;0;0;0;1;0;0;0;;;;0;1;0;0;0
22/03/2021;16:26:00;309;Acidente sem vítima;263;BR-101/ES;Norte;Saída de Pista;1;0;0;0;0;0;0;;;;2;0;0;0;0
22/03/2021;17:17:00;321;Acidente com vítima;270;BR-101/ES;Norte;Colisão com ciclista;0;1;0;0;1;0;0;;;;1;0;1;0;0
23/03/2021;11:05:00;209;Acidente sem vítima;269;BR-101/ES;Sul;Colisão Traseira;1;0;2;0;0;0;0;;;;2;0;0;0;0
23/03/2021;14:59:00;284;Acidente com vítima;134,7;BR-101/ES;Norte;Queda de Moto;0;0;0;1;0;0;0;;;;0;1;0;0;0
23/03/2021;16:39:00;310;Acidente sem vítima;288;BR-101/ES;Sul;Colisão Lateral;1;0;1;0;0;0;0;;;;2;0;0;0;0
23/03/2021;17:38:00;329;Acidente sem vítima;66;BR-101/ES;Sul;Colisão Transversal;1;0;1;0;0;0;0;;;;2;0;0;0;0
23/03/2021;18:28:00;340;Acidente sem vítima;287;BR-101/ES;Sul;Atropelamento Animal;0;0;0;1;0;0;0;;;;1;0;0;0;0
23/03/2021;22:04:00;395;Acidente com vítima;265,7;BR-101/ES;Norte;Choque com Objeto Fixo;0;0;0;1;0;0;0;;;;0;0;1;0;0
23/03/2021;23:39:00;421;Acidente sem vítima;273;BR-101/ES;Norte;Colisão Transversal;2;0;0;0;0;0;0;;;;2;0;0;0;0
24/03/2021;07:05:00;125;Acidente com vítima;334;BR-101/ES;Norte;Colisão Lateral;1;0;0;1;0;0;0;;;;2;0;1;0;0
24/03/2021;09:24:00;188;Acidente sem vítima;275;BR-101/ES;Sul;Colisão Traseira;0;0;2;0;0;0;0;;;;3;0;0;0;0
24/03/2021;10:46:00;216;Acidente com vítima;292,8;BR-101/ES;Sul;Choque com Objeto Fixo;0;0;0;1;0;0;0;;;;0;0;1;0;0
24/03/2021;11:01:00;224;Acidente com vítima;264;BR-101/ES;Norte;Colisão Transversal;0;0;1;0;1;0;0;;;;3;4;1;0;0
24/03/2021;13:01:00;262;Acidente sem vítima;250,8;BR-101/ES;Norte;Queda de Moto;0;0;0;1;0;0;0;;;;1;0;0;0;0
24/03/2021;15:55:00;322;Acidente com vítima;273;BR-101/ES;Norte;Colisão Lateral;1;0;0;1;0;0;0;;;;1;1;0;0;0
24/03/2021;17:27:00;344;Acidente com vítima;316,2;BR-101/ES;Sul;Queda de Moto;0;0;0;1;0;0;0;;;;0;0;1;0;0
24/03/2021;18:51:00;361;Acidente com vítima;263,4;BR-101/ES;Sul;Choque com Veículo Estacionado;2;0;0;0;0;0;0;;;;1;0;1;0;0
24/03/2021;20:37:00;382;Acidente sem vítima;282;BR-101/ES;Sul;Atropelamento Animal;1;0;0;0;0;0;0;;;;1;0;0;0;0
24/03/2021;21:02:00;391;Acidente com vítima;63,3;BR-101/ES;Sul;Colisão Frontal;0;0;1;1;0;0;0;;;;1;0;0;1;0
25/03/2021;04:50:00;57;Acidente sem vítima;201;BR-101/ES;Sul;Colisão Traseira;1;0;1;0;0;0;0;;;;2;0;0;0;0
25/03/2021;07:05:00;108;Acidente sem vítima;277;BR-101/ES;Norte;Colisão Traseira;0;0;3;0;0;0;0;;;;2;0;0;0;0
25/03/2021;08:06:00;118;Acidente sem vítima;343,7;BR-101/ES;Sul;Colisão Traseira;0;0;5;0;0;0;0;;;;2;0;0;0;0
25/03/2021;09:08:00;140;Acidente sem vítima;344;BR-101/ES;Norte;Colisão Traseira;0;0;2;0;0;0;0;;;;2;0;0;0;0
25/03/2021;10:30:00;159;Acidente sem vítima;34;BR-101/ES;Sul;Colisão Traseira;2;0;0;0;0;0;0;;;;4;0;0;0;0
25/03/2021;16:09:00;279;Acidente sem vítima;343;BR-101/ES;Norte;Colisão Traseira;0;0;4;0;0;0;0;;;;2;0;0;0;0
25/03/2021;21:28:00;367;Acidente sem vítima;401;BR-101/ES;Norte;Colisão Lateral;0;0;3;0;0;0;0;;;;2;0;0;0;0
26/03/2021;08:54:00;141;Acidente sem vítima;263;BR-101/ES;Sul;Colisão Traseira;2;0;0;0;0;0;0;;;;1;0;0;0;0
26/03/2021;13:31:00;254;Acidente sem vítima;267;BR-101/ES;Sul;Engavetamento;2;0;1;0;0;0;0;;;;3;0;0;0;0
26/03/2021;17:13:00;310;Acidente com vítima;269;BR-101/ES;Sul;Colisão Lateral;1;0;0;1;0;0;0;;;;1;0;1;0;0
26/03/2021;19:10:00;342;Acidente com vítima;290;BR-101/ES;Sul;Colisão Lateral;0;0;1;1;0;0;0;;;;1;1;0;0;0
27/03/2021;10:04:00;160;Acidente com vítima;269,9;BR-101/ES;Norte;Colisão Transversal;1;0;0;1;0;0;0;;;;0;1;1;0;0
27/03/2021;14:23:00;261;Acidente sem vítima;270,6;BR-101/ES;Norte;Colisão Transversal;1;0;1;0;0;0;0;;;;4;0;0;0;0
27/03/2021;16:17:00;293;Acidente com vítima;135;BR-101/ES;Norte;Choque com Veículo Estacionado;1;0;2;0;0;0;0;;;;1;0;1;0;0
27/03/2021;18:33:00;327;Acidente sem vítima;380,8;BR-101/ES;Norte;Tombamento;0;0;3;0;0;0;0;;;;1;0;0;0;0
27/03/2021;18:58:00;333;Acidente com vítima;269;BR-101/ES;Sul;Colisão Transversal;0;0;0;2;0;0;0;;;;0;0;2;0;0
27/03/2021;19:42:00;342;Acidente com vítima;138;BR-101/ES;Sul;Colisão Traseira;2;0;0;0;0;0;0;;;;3;1;0;0;0
28/03/2021;01:09:00;20;Acidente sem vítima;213,7;BR-101/ES;Sul;Choque com Objeto Fixo;1;0;0;0;0;0;0;;;;1;0;0;0;0
28/03/2021;05:25:00;57;Acidente sem vítima;235,5;BR-101/ES;Norte;Choque com Objeto Fixo;1;0;0;0;0;0;0;;;;1;0;0;0;0
28/03/2021;13:36:00;197;Acidente sem vítima;335,5;BR-101/ES;Norte;Choque com Objeto Fixo;1;0;0;0;0;0;0;;;;1;0;0;0;0
28/03/2021;14:34:00;211;Acidente com vítima;230;BR-101/ES;Norte;Colisão Transversal;1;0;0;1;0;0;0;;;;2;0;2;0;0
28/03/2021;15:54:00;229;Acidente com vítima;408;BR-101/ES;Sul;Saída de Pista;1;0;0;0;0;0;0;;;;0;0;2;0;0
28/03/2021;16:28:00;240;Acidente sem vítima;399;BR-101/ES;Sul;Colisão Traseira;2;0;0;0;0;0;0;;;;2;0;0;0;0
28/03/2021;18:25:00;282;Atropelamento sem morte;219;BR-101/ES;Sul;Atropelamento e Fuga;1;0;0;0;0;0;0;;;;1;0;1;0;0
28/03/2021;20:07:00;297;Acidente com vítima;345,1;BR-101/ES;Norte;Saída de Pista;1;0;0;0;0;0;0;;;;0;1;1;0;0
28/03/2021;23:34:00;350;Acidente com morte;29,6;BR-101/ES;Sul;Colisão Traseira;0;0;0;2;0;0;0;;;;0;0;0;1;1
29/03/2021;04:36:00;57;Acidente com vítima;142,6;BR-101/ES;Sul;Colisão Traseira;0;0;5;0;0;0;0;;;;1;1;0;0;0
29/03/2021;09:59:00;167;Acidente sem vítima;27;BR-101/ES;Norte;Colisão Lateral;1;0;1;0;0;0;0;;;;2;0;0;0;0
29/03/2021;10:13:00;172;Acidente sem vítima;262;BR-101/ES;Sul;Colisão Traseira;1;0;1;0;0;0;0;;;;3;0;0;0;0
29/03/2021;11:26:00;206;Acidente sem vítima;266;BR-101/ES;Norte;Engavetamento;0;0;3;0;0;0;0;;;;3;0;0;0;0
29/03/2021;13:26:00;245;Acidente sem vítima;267,8;BR-101/ES;Sul;Engavetamento;6;0;0;0;0;0;0;;;;6;0;0;0;0
29/03/2021;16:38:00;285;Acidente sem vítima;266;BR-101/ES;Norte;Colisão Lateral;1;0;1;0;0;0;0;;;;2;0;0;0;0
29/03/2021;17:19:00;294;Acidente com vítima;283;BR-101/ES;Sul;Colisão Traseira;0;0;0;2;0;0;0;;;;0;0;2;0;0
29/03/2021;19:28:00;317;Acidente sem vítima;275;BR-101/ES;Norte;Capotamento;1;0;0;0;0;0;0;;;;1;0;0;0;0
30/03/2021;04:01:00;90;Acidente sem vítima;51;BR-101/ES;Sul;Atropelamento Animal;1;0;0;0;0;0;0;;;;2;0;0;0;0
30/03/2021;07:04:00;119;Acidente com vítima;6,9;BR-101/ES (Contorno Iconha);Sul;Colisão Lateral;0;0;7;0;0;0;0;;;;2;2;0;0;0
30/03/2021;07:52:00;134;Acidente com vítima;292;BR-101/ES;Sul;Colisão Transversal;1;0;0;1;0;0;0;;;;1;0;1;0;0
30/03/2021;11:12:00;188;Acidente sem vítima;257;BR-101/ES;Norte;Colisão Lateral;1;0;1;0;0;0;0;;;;2;0;0;0;0
30/03/2021;16:40:00;292;Acidente com vítima;253;BR-101/ES;Sul;Colisão com ciclista;1;1;0;0;0;0;0;;;;1;0;1;0;0
30/03/2021;17:42:00;313;Acidente com vítima;268,4;BR-101/ES;Norte;Colisão Lateral;1;0;0;1;0;0;0;;;;1;0;1;0;0
30/03/2021;18:33:00;322;Acidente sem vítima;303;BR-101/ES;Norte;Colisão Lateral;1;0;2;0;0;0;0;;;;2;0;0;0;0
31/03/2021;04:25:00;96;Acidente sem vítima;313;BR-101/ES;Norte;Saída de Pista;1;0;0;0;0;0;0;;;;3;0;0;0;0
31/03/2021;05:24:00;107;Acidente sem vítima;299;BR-101/ES;Norte;Colisão Traseira;0;0;3;0;0;0;0;;;;2;0;0;0;0
31/03/2021;08:46:00;162;Acidente com morte;351;BR-101/ES;Sul;Tombamento;0;0;2;0;0;0;0;;;;0;0;1;0;1
31/03/2021;10:02:00;193;Acidente com vítima;292,3;BR-101/ES;Sul;Colisão Lateral;0;0;1;1;0;0;0;;;;0;0;1;0;0
31/03/2021;10:29:00;206;Acidente sem vítima;293,9;BR-101/ES;Norte;Colisão Traseira;0;0;2;0;0;0;0;;;;1;0;0;0;0
31/03/2021;15:12:00;305;Acidente sem vítima;286;BR-101/ES;Sul;Engavetamento;2;0;4;0;0;0;0;;;;5;0;0;0;0
31/03/2021;16:24:00;323;Acidente sem vítima;275,2;BR-101/ES;Norte;Saída de Pista;0;0;1;0;0;0;0;;;;1;0;0;0;0
31/03/2021;16:44:00;331;Acidente sem vítima;275,5;BR-101/ES;Sul;Colisão Traseira;0;0;5;0;0;0;0;;;;2;0;0;0;0
31/03/2021;17:17:00;346;Acidente com vítima;269;BR-101/ES;Norte;Colisão Traseira;0;0;0;2;0;0;0;;;;1;0;1;0;0
31/03/2021;18:00:00;362;Acidente sem vítima;290;BR-101/ES;Norte;Saída de Pista;1;0;0;0;0;0;0;;;;2;0;0;0;0
31/03/2021;21:02:00;395;Acidente sem vítima;149;BR-101/ES;Sul;Colisão Transversal;1;0;0;1;0;0;0;;;;6;0;0;0;0
01/04/2021;07:09:00;108;Atropelamento sem morte;270;BR-101/ES;Sul;Atropelamento;1;0;0;0;0;0;0;0;;;2;0;0;0;0
01/04/2021;09:53:00;162;Acidente sem vítima;297,7;BR-101/ES;Sul;Engavetamento;3;0;1;1;0;0;0;0;;;3;0;0;0;0
01/04/2021;12:36:00;242;Acidente com vítima;292;BR-101/ES;Norte;Queda de Moto;0;0;0;1;0;0;0;0;;;0;0;1;0;0
01/04/2021;13:11:00;257;Acidente sem vítima;123,1;BR-101/ES;Norte;Atropelamento Animal;1;0;0;0;0;0;0;0;;;1;0;0;0;0
01/04/2021;14:02:00;270;Acidente sem vítima;148,9;BR-101/ES;Norte;Colisão Traseira;2;0;0;0;0;0;0;0;;;2;0;0;0;0
01/04/2021;15:04:00;293;Acidente sem vítima;417,2;BR-101/ES;Sul;Saída de Pista;1;0;0;0;0;0;0;0;;;2;0;0;0;0
01/04/2021;15:55:00;311;Acidente sem vítima;42,3;BR-101/ES;Sul;Veículo em Chamas;0;0;1;0;0;0;0;0;;;1;0;0;0;0
01/04/2021;16:20:00;318;Acidente com vítima;149,5;BR-101/ES;Sul;Colisão Traseira;0;0;0;2;0;0;0;0;;;2;1;0;0;0
01/04/2021;16:36:00;326;Acidente com vítima;310,95;BR-101/ES;Sul;Queda de Moto;0;0;0;1;0;0;0;0;;;0;0;0;1;0
01/04/2021;18:20:00;360;Acidente com vítima;238,7;BR-101/ES;Norte;Colisão Transversal;1;0;0;1;0;0;0;0;;;0;1;0;2;0
01/04/2021;23:33:00;442;Acidente sem vítima;264,3;BR-101/ES;Norte;Colisão Transversal;1;0;0;1;0;0;0;0;;;2;0;0;0;0
02/04/2021;07:41:00;83;Acidente com vítima;369,2;BR-101/ES;Sul;Tombamento;0;0;2;0;0;0;0;0;;;0;0;1;0;0
02/04/2021;12:15:00;171;Acidente com vítima;294,1;BR-101/ES;Norte;Colisão Traseira;1;0;2;0;0;0;0;0;;;1;0;1;0;0
02/04/2021;14:16:00;198;Acidente sem vítima;299;BR-101/ES;Sul;Colisão Transversal;1;0;1;0;0;0;0;0;;;2;0;0;0;0
03/04/2021;08:54:00;113;Acidente com vítima;268;BR-101/ES;Norte;Colisão Transversal;1;0;0;1;0;0;0;0;;;1;1;0;0;0
03/04/2021;10:56:00;145;Acidente com vítima;90,2;BR-101/ES;Norte;Colisão Lateral;1;0;0;1;0;0;0;0;;;0;0;1;0;0
03/04/2021;14:43:00;218;Atropelamento sem morte;84;BR-101/ES;Norte;Atropelamento;1;0;0;0;0;0;0;0;;;4;0;0;1;0
03/04/2021;17:56:00;266;Acidente com vítima;125,8;BR-101/ES;Norte;Colisão Transversal;1;0;1;0;0;0;0;0;;;3;2;1;0;0
03/04/2021;18:49:00;272;Acidente com morte;22;BR-101/ES;Sul;Colisão Frontal;1;0;0;1;0;0;0;0;;;1;0;0;0;1
03/04/2021;18:53:00;273;Acidente com vítima;307,5;BR-101/ES;Sul;Queda de Moto;0;0;0;1;0;0;0;0;;;1;1;0;0;0
03/04/2021;20:05:00;282;Acidente sem vítima;269;BR-101/ES;Norte;Colisão Lateral;2;0;0;0;0;0;0;0;;;2;0;0;0;0
03/04/2021;20:53:00;291;Acidente sem vítima;375,6;BR-101/ES;Sul;Choque com Objeto Fixo;1;0;0;0;0;0;0;0;;;1;0;0;0;0
04/04/2021;01:20:00;23;Acidente sem vítima;88;BR-101/ES;Sul;Colisão Transversal;1;0;1;0;0;0;0;0;;;4;0;0;0;0
04/04/2021;03:37:00;41;Acidente sem vítima;429,7;BR-101/ES;Sul;Colisão Traseira;0;0;4;0;0;0;0;0;;;2;0;0;0;0
04/04/2021;15:29:00;222;Acidente sem vítima;398,9;BR-101/ES;Norte;Veículo em Chamas;1;0;0;0;0;0;0;0;;;3;0;0;0;0
04/04/2021;16:57:00;255;Acidente com vítima;263,9;BR-101/ES;Norte;Colisão Traseira;1;0;0;1;0;0;0;0;;;1;0;1;0;0
04/04/2021;18:50:00;287;Acidente com vítima;259;BR-101/ES;Norte;Colisão Lateral;3;0;0;0;0;0;0;0;;;2;0;1;0;0
04/04/2021;19:39:00;298;Acidente sem vítima;247;BR-101/ES;Sul;Colisão Traseira;2;0;0;0;0;0;0;0;;;2;0;0;0;0
04/04/2021;22:51:00;354;Acidente com vítima;109;BR-101/ES;Sul;Choque com Objeto Fixo;1;0;0;0;0;0;0;0;;;3;1;0;0;0
05/04/2021;04:09:00;46;Acidente com vítima;267,8;BR-101/ES;Sul;Colisão Transversal;0;0;3;0;0;0;0;0;;;1;0;1;0;0
05/04/2021;07:36:00;108;Atropelamento sem morte;265,6;BR-101/ES;Sul;Atropelamento;1;0;0;1;0;0;0;0;;;2;1;0;0;0
05/04/2021;08:11:00;119;Acidente com vítima;270;BR-101/ES;Sul;Colisão Traseira;0;0;0;1;0;0;0;0;;;0;0;1;0;0
05/04/2021;08:20:00;125;Acidente sem vítima;303;BR-101/ES;Sul;Colisão Lateral;1;0;2;0;0;0;0;0;;;4;0;0;0;0
05/04/2021;08:38:00;131;Acidente sem vítima;273;BR-101/ES;Norte;Engavetamento;3;0;4;0;0;0;0;0;;;7;0;0;0;0
05/04/2021;10:09:00;171;Acidente com vítima;423,5;BR-101/ES;Norte;Queda de Moto;0;0;0;1;0;0;0;0;;;0;0;0;1;0
05/04/2021;13:23:00;248;Acidente com vítima;375,9;BR-101/ES;Norte;Colisão Transversal;2;0;0;0;0;0;0;0;;;1;0;2;0;0
05/04/2021;13:50:00;257;Acidente sem vítima;283;BR-101/ES;Sul;Choque com Objeto Fixo;1;0;0;0;0;0;0;0;;;1;0;0;0;0
05/04/2021;16:32:00;293;Acidente com vítima;147;BR-101/ES;Sul;Colisão Lateral;1;0;0;1;0;0;0;0;;;1;1;1;0;0
05/04/2021;19:03:00;327;Acidente com morte;189;BR-101/ES;Norte;Colisão Frontal;0;0;1;1;0;0;0;0;;;1;0;0;0;1
05/04/2021;19:54:00;342;Acidente com vítima;112,9;BR-101/ES;Sul;Queda de Moto;0;0;0;1;0;0;0;0;;;0;0;1;0;0
06/04/2021;06:57:00;101;Acidente sem vítima;269,5;BR-101/ES;Sul;Engavetamento;3;0;0;0;0;0;0;0;;;3;0;0;0;0
06/04/2021;09:54:00;173;Acidente com vítima;265,7;BR-101/ES;Sul;Colisão Lateral;1;0;0;1;0;0;0;0;;;1;1;0;0;0
06/04/2021;14:47:00;285;Acidente sem vítima;1,3;BR-101/ES;Norte;Saída de Pista;1;0;0;0;0;0;0;0;;;1;0;0;0;0
06/04/2021;16:30:00;304;Acidente com vítima;61,95;BR-101/ES;Norte;Colisão Lateral;1;0;0;1;0;0;0;0;;;1;1;1;0;0
06/04/2021;17:39:00;327;Acidente sem vítima;294;BR-101/ES;Norte;Engavetamento;2;0;2;0;0;0;0;0;;;5;0;0;0;0
06/04/2021;18:48:00;345;Acidente com vítima;263;BR-101/ES;Norte;Colisão Traseira;2;0;0;0;0;0;0;0;;;1;0;1;0;0
07/04/2021;02:43:00;41;Acidente com vítima;273,9;BR-101/ES;Norte;Colisão Traseira;0;0;4;0;0;0;0;0;;;1;0;1;0;0
07/04/2021;12:17:00;228;Acidente sem vítima;414;BR-101/ES;Sul;Tombamento;0;0;2;0;0;0;0;0;;;1;0;0;0;0
07/04/2021;13:14:00;248;Acidente sem vítima;292,9;BR-101/ES;Sul;Choque com Objeto Fixo;1;0;1;0;0;0;0;0;;;2;0;0;0;0
07/04/2021;14:39:00;266;Acidente sem vítima;284,1;BR-101/ES;Norte;Saída de Pista;1;0;0;0;0;0;0;0;;;1;0;0;0;0
07/04/2021;15:26:00;277;Acidente com vítima;264,4;BR-101/ES;Sul;Colisão Lateral;1;0;1;0;0;0;0;0;;;1;0;1;0;0
07/04/2021;16:21:00;295;Acidente com vítima;159;BR-101/ES;Norte;Colisão Transversal;1;0;2;0;0;0;0;0;;;1;0;2;0;0
07/04/2021;17:06:00;304;Acidente com vítima;269;BR-101/ES;Norte;Queda de Moto;0;0;0;1;0;0;0;0;;;0;0;1;0;0
07/04/2021;20:57:00;347;Acidente sem vítima;198;BR-101/ES;Sul;Saída de Pista;1;0;0;0;0;0;0;0;;;1;0;0;0;0
08/04/2021;04:23:00;64;Acidente sem vítima;303,1;BR-101/ES;Sul;Tombamento;0;0;1;0;0;0;0;0;;;1;0;0;0;0
08/04/2021;05:16:00;80;Acidente com vítima;298;BR-101/ES;Norte;Colisão com ciclista;0;1;0;1;0;0;0;0;;;1;1;0;0;0
08/04/2021;07:32:00;116;Acidente com vítima;279,2;BR-101/ES;Norte;Colisão Lateral;2;0;0;2;0;0;0;0;;;3;0;1;0;0
08/04/2021;07:49:00;122;Acidente com vítima;279;BR-101/ES;Norte;Queda de Moto;1;0;0;1;0;0;0;0;;;0;1;1;0;0
08/04/2021;08:06:00;132;Acidente com vítima;254,8;BR-101/ES;Norte;Queda de Moto;0;0;0;1;0;0;0;0;;;0;0;1;0;0
08/04/2021;17:25:00;326;Acidente sem vítima;144,5;BR-101/ES;Norte;Colisão Traseira;2;0;0;0;0;0;0;0;;;2;0;0;0;0
08/04/2021;17:28:00;327;Acidente com vítima;290;BR-101/ES;Norte;Colisão com ciclista;1;1;0;0;0;0;0;0;;;0;0;1;0;0
08/04/2021;22:09:00;397;Acidente sem vítima;73,4;BR-101/ES;Sul;Queda de Moto;0;0;0;1;0;0;0;0;;;2;0;0;0;0
08/04/2021;22:11:00;398;Acidente com vítima;381;BR-101/ES;Norte;Colisão Lateral;0;0;2;1;0;0;0;0;;;1;0;0;1;0
09/04/2021;08:17:00;160;Acidente sem vítima;259,8;BR-101/ES;Norte;Engavetamento;3;0;0;0;0;0;0;0;;;3;0;0;0;0
09/04/2021;13:44:00;296;Acidente sem vítima;176,7;BR-101/ES;Norte;Colisão Traseira;2;0;0;0;0;0;0;0;;;2;0;0;0;0
09/04/2021;16:33:00;355;Acidente sem vítima;111,6;BR-101/ES;Norte;Colisão Traseira;2;0;0;0;0;0;0;0;;;3;0;0;0;0
09/04/2021;19:09:00;409;Acidente com vítima;39;BR-101/ES;Sul;Queda de Moto;0;0;0;1;0;0;0;0;;;0;2;0;0;0
09/04/2021;19:23:00;416;Acidente sem vítima;213;BR-101/ES;Norte;Colisão Traseira;1;0;0;1;0;0;0;0;;;2;0;0;0;0
09/04/2021;19:56:00;428;Acidente com vítima;231;BR-101/ES;Sul;Queda de Moto;0;0;0;1;0;0;0;0;;;0;1;0;0;0
09/04/2021;21:11:00;448;Acidente com vítima;15,2;BR-101/ES;Sul;Colisão Frontal;2;0;0;0;0;0;0;0;;;2;3;3;0;0
09/04/2021;23:39:00;490;Acidente com vítima;148,6;BR-101/ES;Norte;Colisão Transversal;1;0;0;1;0;0;0;0;;;1;0;1;0;0
10/04/2021;03:16:00;52;Acidente sem vítima;263,9;BR-101/ES;Sul;Colisão Lateral;2;0;0;0;0;0;0;0;;;3;0;0;0;0
10/04/2021;06:21:00;92;Acidente sem vítima;285,3;BR-101/ES;Sul;Colisão Traseira;1;0;3;0;0;0;0;0;;;3;0;0;0;0
10/04/2021;08:40:00;135;Acidente sem vítima;275;BR-101/ES;Norte;Colisão Lateral;1;0;2;0;0;0;0;0;;;5;0;0;0;0
10/04/2021;08:42:00;138;Acidente sem vítima;173,9;BR-101/ES;Sul;Veículo em Chamas;0;0;0;0;1;0;0;0;;;1;0;0;0;0
10/04/2021;11:29:00;194;Acidente sem vítima;361,1;BR-101/ES;Sul;Colisão Lateral;1;0;1;0;0;0;0;0;;;4;0;0;0;0
10/04/2021;18:13:00;302;Acidente sem vítima;7;BR-101/ES;Norte;Choque com Objeto Fixo;1;0;0;0;0;0;0;0;;;1;0;0;0;0
10/04/2021;18:21:00;305;Acidente sem vítima;266;BR-101/ES;Norte;Colisão Traseira;2;0;0;0;0;0;0;0;;;5;0;0;0;0
10/04/2021;18:31:00;306;Acidente com vítima;383;BR-101/ES;Sul;Saída de Pista;1;0;0;0;0;0;0;0;;;0;0;1;0;0
10/04/2021;18:52:00;310;Acidente com morte;63,2;BR-101/ES;Norte;Colisão Lateral;1;0;3;0;0;0;0;0;;;1;0;0;0;1
10/04/2021;21:59:00;343;Atropelamento sem morte;85,1;BR-101/ES;Sul;Atropelamento;1;0;0;0;0;0;0;0;;;0;1;0;1;0
10/04/2021;22:29:00;352;Acidente com vítima;188,5;BR-101/ES;Sul;Tombamento;0;0;2;0;0;0;0;0;;;0;2;1;0;0
11/04/2021;07:10:00;75;Acidente com vítima;267,7;BR-101/ES;Norte;Queda de Moto;0;0;0;1;0;0;0;0;;;0;0;1;0;0
11/04/2021;19:03:00;269;Acidente sem vítima;287;BR-101/ES;Sul;Veículo em Chamas;1;0;0;0;0;0;0;0;;;1;0;0;0;0
11/04/2021;20:05:00;276;Acidente com vítima;77,7;BR-101/ES;Sul;Colisão Traseira;2;0;0;0;0;0;0;0;;;2;2;0;0;0
11/04/2021;23:31:00;328;Acidente com vítima;269;BR-101/ES;Sul;Colisão Lateral;1;0;0;1;0;0;0;0;;;0;0;1;0;0
12/04/2021;04:31:00;62;Acidente sem vítima;203;BR-101/ES;Sul;Saída de Pista;1;0;0;0;0;0;0;0;;;1;0;0;0;0
12/04/2021;12:47:00;224;Acidente com vítima;274,8;BR-101/ES;Sul;Choque com Objeto Fixo;1;0;0;0;0;0;0;0;;;0;0;2;0;0
12/04/2021;13:33:00;236;Acidente com vítima;263,95;BR-101/ES;Sul;Colisão Traseira;2;0;0;0;0;0;0;0;;;2;0;1;0;0
12/04/2021;16:21:00;284;Acidente com vítima;35;BR-101/ES;Norte;Queda de Bicicleta;0;1;0;0;0;0;0;0;;;0;0;0;1;0
12/04/2021;18:20:00;319;Acidente com vítima;203;BR-101/ES;Norte;Colisão Traseira;1;0;1;0;0;0;0;0;;;1;1;0;0;0
12/04/2021;18:40:00;323;Acidente com vítima;208;BR-101/ES;Norte;Capotamento;1;0;0;0;0;0;0;0;;;0;0;5;0;0
13/04/2021;04:18:00;50;Acidente sem vítima;329;BR-101/ES;Norte;Atropelamento de Bovino;1;0;0;0;0;0;0;0;;;2;0;0;0;0
13/04/2021;07:33:00;109;Acidente sem vítima;297,8;BR-101/ES;Norte;Colisão Lateral;3;0;2;0;0;0;0;0;;;5;0;0;0;0
13/04/2021;07:39:00;112;Acidente sem vítima;266,2;BR-101/ES;Sul;Colisão Lateral;2;0;0;1;0;0;0;0;;;3;0;0;0;0