data;horario;n_da_ocorrencia;tipo_de_ocorrencia;km;trecho;sentido;tipo_de_acidente;automovel;bicicleta;caminhao;moto;onibus;outros;tracao_animal;transporte_de_cargas_especiais;trator_maquinas;utilitarios;ilesos;levemente_feridos;moderadamente_feridos;gravemente_feridos;mortos
18/05/2021;14:48:00;306;Acidente com vítima;126;BR-101/ES;Sul;Colisão Lateral;0;0;0;2;0;0;0;0;;;0;1;1;0;0
18/05/2021;15:20:00;317;Acidente com vítima;102,8;BR-101/ES;Sul;Tombamento;0;0;1;0;0;0;0;0;;;0;1;0;0;0
18/05/2021;19:02:00;379;Acidente sem vítima;452;BR-101/ES;Norte;Colisão Traseira;1;0;1;0;0;0;0;0;;;3;0;0;0;0
18/05/2021;19:35:00;387;Acidente sem vítima;366;BR-101/ES;Sul;Colisão Traseira;2;0;0;0;0;0;0;0;;;2;0;0;0;0
18/05/2021;19:45:00;393;Acidente com vítima;267,9;BR-101/ES;Sul;Colisão Transversal;0;0;0;3;0;0;0;0;;;2;1;0;0;0
18/05/2021;21:16:00;413;Acidente sem vítima;273;BR-101/ES;Norte;Colisão Transversal;2;0;0;0;0;0;0;0;;;2;0;0;0;0
18/05/2021;23:45:00;455;Acidente com vítima;297,9;BR-101/ES;Sul;Queda de Moto;1;0;0;0;0;0;0;0;;;1;0;1;0;0
19/05/2021;01:09:00;19;Acidente com vítima;273,95;BR-101/ES;Sul;Colisão Traseira;1;0;1;0;0;0;0;0;;;1;0;1;0;0
19/05/2021;11:11:00;209;Acidente com vítima;270,6;BR-101/ES;Norte;Colisão Transversal;0;0;1;1;1;0;0;0;;;2;0;1;0;0
19/05/2021;11:11:00;211;Atropelamento sem morte;204,4;BR-101/ES;Norte;Atropelamento;1;0;0;0;0;0;0;0;;;1;0;0;1;0
19/05/2021;11:25:00;216;Acidente com vítima;79,2;BR-101/ES;Norte;Colisão Traseira;1;0;1;0;0;0;0;0;;;6;1;2;0;0
19/05/2021;14:41:00;302;Acidente sem vítima;118,5;BR-101/ES;Norte;Tombamento;0;0;1;0;0;0;0;0;;;2;0;0;0;0
19/05/2021;17:52:00;363;Acidente sem vítima;401;BR-101/ES;Sul;Colisão Traseira;0;0;6;0;0;0;0;0;;;4;0;0;0;0
19/05/2021;18:02:00;369;Acidente com vítima;122,6;BR-101/ES;Sul;Colisão Traseira;0;0;1;1;0;0;0;0;;;1;0;0;1;0
19/05/2021;18:14:00;377;Atropelamento sem morte;381;BR-101/ES;Norte;Atropelamento;0;0;0;1;0;0;0;0;;;0;1;1;0;0
19/05/2021;21:08:00;420;Atropelamento sem morte;146,7;BR-101/ES;Sul;Atropelamento;0;0;0;1;0;0;0;0;;;0;0;2;0;0
20/05/2021;03:54:00;44;Acidente com vítima;137,8;BR-101/ES;Sul;Colisão Transversal;1;0;0;2;0;0;0;0;;;1;2;0;1;0
20/05/2021;06:36:00;99;Acidente sem vítima;939,4;BR-101/BA;Norte;Colisão Transversal;0;0;6;0;0;0;0;0;;;2;0;0;0;0
20/05/2021;07:11:00;113;Acidente sem vítima;429;BR-101/ES;Norte;Veículo em Chamas;1;0;0;0;0;0;0;0;;;1;0;0;0;0
20/05/2021;07:19:00;116;Acidente sem vítima;29,4;BR-101/ES;Sul;Colisão Lateral;1;0;2;0;0;0;0;0;;;4;0;0;0;0
20/05/2021;09:21:00;163;Acidente com vítima;291,9;BR-101/ES;Norte;Capotamento;1;0;0;0;0;0;0;0;;;1;2;0;0;0
20/05/2021;09:32:00;167;Acidente com vítima;135,6;BR-101/ES;Sul;Colisão Traseira;1;0;0;1;0;0;0;0;;;1;1;1;0;0
20/05/2021;11:57:00;218;Acidente sem vítima;399;BR-101/ES;Sul;Veículo em Chamas;1;0;0;0;0;0;0;0;;;1;0;0;0;0
20/05/2021;12:01:00;220;Acidente sem vítima;253;BR-101/ES;Norte;Veículo em Chamas;0;0;0;0;0;1;0;0;;;1;0;0;0;0
20/05/2021;13:27:00;247;Acidente com vítima;149,6;BR-101/ES;Sul;Colisão Transversal;2;0;0;0;0;0;0;0;;;2;1;0;0;0
20/05/2021;13:34:00;249;Acidente sem vítima;289,2;BR-101/ES;Sul;Colisão Lateral;0;0;1;1;0;0;0;0;;;5;0;0;0;0
20/05/2021;18:11:00;319;Acidente com vítima;109;BR-101/ES;Sul;Colisão Traseira;1;0;1;0;0;0;0;0;;;1;1;0;0;0
20/05/2021;18:53:00;331;Acidente com vítima;355;BR-101/ES;Norte;Queda de Moto;0;0;0;1;0;0;0;0;;;0;0;1;0;0
20/05/2021;19:27:00;339;Acidente sem vítima;365;BR-101/ES;Sul;Choque com Objeto Fixo;0;0;0;1;0;0;0;0;;;1;0;0;0;0
20/05/2021;20:33:00;359;Acidente sem vítima;6;BR-101/ES;Sul;Choque;1;0;0;0;0;0;0;0;;;1;0;0;0;0
21/05/2021;05:32:00;87;Acidente sem vítima;402;BR-101/ES;Norte;Veículo em Chamas;0;0;2;0;0;0;0;0;;;1;0;0;0;0
21/05/2021;06:53:00;101;Acidente com vítima;135,9;BR-101/ES;Sul;Colisão Transversal;0;0;0;2;0;0;0;0;;;0;2;0;0;0
21/05/2021;06:59:00;103;Acidente sem vítima;312,7;BR-101/ES;Sul;Colisão Lateral;2;0;0;0;0;0;0;0;;;2;0;0;0;0
21/05/2021;07:03:00;105;Acidente sem vítima;204,8;BR-101/ES;Norte;Colisão Lateral;1;0;0;1;0;0;0;0;;;3;0;0;0;0
21/05/2021;07:18:00;111;Acidente com vítima;137,4;BR-101/ES;Norte;Colisão Traseira;0;0;1;1;0;0;0;0;;;1;0;1;0;0
21/05/2021;07:26:00;114;Acidente com vítima;357,7;BR-101/ES;Sul;Colisão Lateral;0;0;1;1;0;0;0;0;;;1;0;1;0;0
21/05/2021;08:29:00;134;Acidente sem vítima;17,2;BR-101/ES;Sul;Tombamento;0;0;3;0;0;0;0;0;;;1;0;0;0;0
21/05/2021;12:56:00;236;Acidente sem vítima;270,4;BR-101/ES;Norte;Colisão Lateral;1;0;2;0;0;0;0;0;;;2;0;0;0;0
21/05/2021;13:25:00;246;Acidente com vítima;314,1;BR-101/ES;Norte;Queda de Moto;0;0;0;1;0;0;0;0;;;0;1;0;0;0
21/05/2021;14:19:00;257;Acidente com vítima;149;BR-101/ES;Norte;Colisão Lateral;1;0;0;1;0;0;0;0;;;1;1;0;0;0
21/05/2021;14:21:00;258;Acidente sem vítima;284,6;BR-101/ES;Sul;Colisão Traseira;1;0;1;0;0;0;0;0;;;2;0;0;0;0
21/05/2021;14:42:00;261;Acidente sem vítima;264,6;BR-101/ES;Norte;Colisão Lateral;1;0;1;0;0;0;0;0;;;2;0;0;0;0
21/05/2021;16:24:00;292;Acidente sem vítima;251,4;BR-101/ES;Sul;Engavetamento;3;0;0;0;0;0;0;0;;;3;0;0;0;0
21/05/2021;16:30:00;294;Acidente com vítima;264,6;BR-101/ES;Norte;Colisão Lateral;1;0;0;1;0;0;0;0;;;0;0;1;0;0
22/05/2021;03:00:00;49;Acidente sem vítima;275;BR-101/ES;Norte;Saída de Pista;1;0;0;0;0;0;0;0;;;1;0;0;0;0
22/05/2021;06:36:00;108;Acidente sem vítima;247;BR-101/ES;Sul;Colisão Traseira;1;0;2;0;0;0;0;0;;;4;0;0;0;0
22/05/2021;06:56:00;111;Acidente sem vítima;262;BR-101/ES;Norte;Veículo em Chamas;1;0;0;0;0;0;0;0;;;1;0;0;0;0
22/05/2021;08:57:00;147;Acidente com vítima;266,5;BR-101/ES;Sul;Colisão Traseira;1;0;0;1;0;0;0;0;;;2;0;1;0;0
22/05/2021;09:46:00;165;Acidente com vítima;124,9;BR-101/ES;Sul;Colisão Traseira;0;0;0;1;1;0;0;0;;;1;1;0;0;0
22/05/2021;11:02:00;189;Acidente sem vítima;253;BR-101/ES;Sul;Colisão Traseira;2;0;0;0;0;0;0;0;;;8;0;0;0;0
22/05/2021;11:47:00;223;Acidente com vítima;276,3;BR-101/ES;Sul;Saída de Pista;0;0;1;0;0;0;0;0;;;2;0;1;0;0
22/05/2021;21:13:00;373;Acidente com vítima;281,9;BR-101/ES;Sul;Colisão Lateral;1;0;1;0;0;0;0;0;;;2;0;1;0;0
22/05/2021;21:27:00;378;Acidente sem vítima;281,8;BR-101/ES;Sul;Colisão Traseira;1;0;0;1;0;0;0;0;;;2;0;0;0;0
23/05/2021;06:12:00;78;Acidente sem vítima;46;BR-101/ES;Sul;Saída de Pista;1;0;0;0;0;0;0;0;;;1;0;0;0;0
23/05/2021;11:48:00;191;Acidente sem vítima;65,7;BR-101/ES;Sul;Colisão Traseira;1;0;2;0;0;0;0;0;;;2;0;0;0;0
23/05/2021;12:32:00;211;Acidente sem vítima;285;BR-101/ES;Sul;Veículo em Chamas;1;0;0;0;0;0;0;0;;;1;0;0;0;0
23/05/2021;13:14:00;225;Acidente sem vítima;267,9;BR-101/ES;Norte;Capotamento;1;0;0;0;0;0;0;0;;;1;0;0;0;0
23/05/2021;15:25:00;262;Acidente com vítima;137,8;BR-101/ES;Sul;Queda de Moto;0;0;0;1;0;0;0;0;;;0;1;0;0;0
23/05/2021;16:40:00;290;Atropelamento sem morte;255;BR-101/ES;Sul;Atropelamento;0;0;0;1;0;0;0;0;;;2;0;1;0;0
23/05/2021;18:43:00;329;Acidente com vítima;309;BR-101/ES;Sul;Colisão Transversal;1;0;0;1;0;0;0;0;;;1;0;1;0;0
23/05/2021;18:55:00;331;Acidente sem vítima;247,2;BR-101/ES;Sul;Colisão Traseira;2;0;0;0;0;0;0;0;;;2;0;0;0;0
23/05/2021;18:56:00;332;Acidente sem vítima;259;BR-101/ES;Sul;Atropelamento de Equino;1;0;0;0;0;0;0;0;;;1;0;0;0;0
24/05/2021;03:32:00;45;Acidente sem vítima;236,5;BR-101/ES;Norte;Tombamento;0;0;2;0;0;0;0;0;;;1;0;0;0;0
24/05/2021;06:24:00;104;Acidente com vítima;296,6;BR-101/ES;Norte;Queda de Moto;0;0;0;1;0;0;0;0;;;0;0;1;0;0
24/05/2021;06:54:00;107;Acidente sem vítima;297,1;BR-101/ES;Norte;Colisão Traseira;2;0;0;0;0;0;0;0;;;2;0;0;0;0
24/05/2021;07:21:00;118;Acidente sem vítima;339;BR-101/ES;Norte;Colisão Traseira;1;0;1;0;0;0;0;0;;;2;0;0;0;0
24/05/2021;07:53:00;132;Acidente com vítima;272,5;BR-101/ES;Norte;Queda de Moto;0;0;0;1;0;0;0;0;;;0;0;1;0;0
24/05/2021;08:07:00;136;Acidente com vítima;298,4;BR-101/ES;Norte;Colisão Traseira;1;0;0;1;0;0;0;0;;;1;0;0;1;0
24/05/2021;14:41:00;274;Acidente com vítima;146,95;BR-101/ES;Norte;Colisão Traseira;0;0;0;2;0;0;0;0;;;0;2;0;0;0
24/05/2021;16:14:00;301;Acidente sem vítima;270,46;BR-101/ES;Norte;Colisão Lateral;1;0;1;0;0;0;0;0;;;2;0;0;0;0
24/05/2021;17:08:00;323;Acidente com vítima;282,5;BR-101/ES;Norte;Queda de Moto;0;0;0;1;0;0;0;0;;;0;0;1;0;0
24/05/2021;18:19:00;336;Acidente com morte;95,6;BR-101/ES;Sul;Colisão com ciclista;1;1;0;0;0;1;0;0;;;1;0;0;0;1
24/05/2021;21:23:00;374;Acidente sem vítima;308;BR-101/ES;Sul;Choque com Veículo Estacionado;0;0;2;0;0;0;0;0;;;2;0;0;0;0
25/05/2021;06:47:00;132;Acidente com vítima;298,1;BR-101/ES;Norte;Colisão Traseira;0;0;0;1;1;0;0;0;;;1;0;1;0;0
25/05/2021;07:19:00;147;Acidente com vítima;368,8;BR-101/ES;Sul;Colisão Lateral;0;0;4;0;0;0;0;0;;;1;1;0;0;0
25/05/2021;08:17:00;164;Acidente com vítima;268,9;BR-101/ES;Sul;Colisão Lateral;1;0;0;1;0;0;0;0;;;1;0;1;0;0
25/05/2021;08:43:00;174;Acidente sem vítima;262,6;BR-101/ES;Sul;Engavetamento;2;0;1;0;0;0;0;0;;;4;0;0;0;0
25/05/2021;09:18:00;187;Acidente sem vítima;259,5;BR-101/ES;Sul;Colisão Lateral;1;0;1;0;0;0;0;0;;;4;0;0;0;0
25/05/2021;09:20:00;188;Acidente sem vítima;6,5;BR-101/ES;Norte;Choque com Objeto Fixo;1;0;0;0;0;0;0;0;;;4;0;0;0;0
25/05/2021;14:02:00;282;Acidente com vítima;335,1;BR-101/ES;Sul;Colisão Lateral;1;0;0;1;0;0;0;0;;;0;1;0;0;0
25/05/2021;16:46:00;319;Acidente sem vítima;213,4;BR-101/ES;Sul;Colisão Traseira;1;0;2;0;0;0;0;0;;;8;0;0;0;0
25/05/2021;18:41:00;344;Acidente com vítima;162;BR-101/ES;Sul;Colisão Lateral;2;0;0;0;0;0;0;0;;;4;1;1;0;0
25/05/2021;19:31:00;355;Acidente com vítima;287;BR-101/ES;Sul;Capotamento;1;0;0;0;0;0;0;0;;;0;0;1;0;0
25/05/2021;19:43:00;356;Acidente com vítima;65;BR-101/ES;Norte;Colisão com ciclista;0;1;0;1;0;0;0;0;;;0;0;1;1;0
25/05/2021;23:19:00;415;Atropelamento sem morte;296;BR-101/ES;Sul;Atropelamento e Fuga;1;0;0;0;0;0;0;0;;;1;0;1;0;0
26/05/2021;02:52:00;49;Acidente sem vítima;150;BR-101/ES;Norte;Saída de Pista;1;0;0;0;0;0;0;0;;;1;0;0;0;0
26/05/2021;06:32:00;120;Acidente sem vítima;280,9;BR-101/ES;Norte;Queda de Moto;0;0;0;1;0;0;0;0;;;1;0;0;0;0
26/05/2021;11:56:00;259;Acidente com vítima;68;BR-101/ES;Sul;Colisão Transversal;0;0;1;1;0;0;0;0;;;1;1;0;0;0
26/05/2021;15:40:00;318;Acidente sem vítima;265,6;BR-101/ES;Sul;Colisão Traseira;2;0;0;0;0;1;0;0;;;2;0;0;0;0
26/05/2021;17:44:00;366;Acidente com vítima;298,2;BR-101/ES;Norte;Engavetamento;4;0;0;0;0;0;0;0;;;5;1;0;0;0
26/05/2021;18:07:00;372;Acidente com vítima;302;BR-101/ES;Sul;Queda de Moto;0;0;0;1;0;0;0;0;;;0;0;1;0;0
26/05/2021;18:14:00;374;Atropelamento sem morte;257,2;BR-101/ES;Sul;Atropelamento;1;0;0;0;0;0;0;0;;;1;0;0;1;0
26/05/2021;21:10:00;413;Acidente sem vítima;257,5;BR-101/ES;Norte;Choque com Objeto Fixo;0;0;2;0;0;0;0;0;;;1;0;0;0;0
27/05/2021;06:36:00;96;Acidente com vítima;346,2;BR-101/ES;Norte;Saída de Pista;0;0;1;0;0;0;0;0;;;0;0;1;0;0
27/05/2021;07:04:00;104;Acidente com vítima;270,5;BR-101/ES;Sul;Colisão Traseira;1;0;0;1;0;0;0;0;;;1;1;0;0;0
27/05/2021;07:10:00;107;Acidente sem vítima;67,6;BR-101/ES;Norte;Colisão Traseira;2;0;0;0;0;0;0;0;;;2;0;0;0;0
27/05/2021;11:33:00;214;Acidente com vítima;435,5;BR-101/ES;Sul;Capotamento;1;0;0;0;0;0;0;0;;;0;0;1;0;0
27/05/2021;13:18:00;253;Acidente sem vítima;257;BR-101/ES;Norte;Colisão Lateral;1;0;1;0;0;0;0;0;;;4;0;0;0;0
27/05/2021;13:25:00;256;Acidente com vítima;373;BR-101/ES;Norte;Saída de Pista;0;0;0;1;0;0;0;0;;;0;1;0;0;0
27/05/2021;16:16:00;301;Acidente com vítima;70;BR-101/ES;Norte;Colisão Transversal;1;0;0;1;0;0;0;0;;;1;0;1;0;0
27/05/2021;16:34:00;307;Acidente com vítima;204;BR-101/ES;Norte;Colisão Lateral;1;0;0;1;0;0;0;0;;;1;1;0;0;0
27/05/2021;16:48:00;310;Acidente sem vítima;270,1;BR-101/ES;Sul;Queda de Moto;1;0;0;0;0;0;0;0;;;1;0;0;0;0
27/05/2021;17:20:00;318;Acidente sem vítima;269;BR-101/ES;Sul;Colisão Traseira;1;0;0;0;1;0;0;0;;;2;0;0;0;0
27/05/2021;17:37:00;324;Acidente com vítima;270;BR-101/ES;Sul;Queda de Moto;0;0;0;1;0;0;0;0;;;0;0;2;0;0
27/05/2021;19:23:00;345;Acidente com vítima;264;BR-101/ES;Norte;Queda de Bicicleta;0;1;0;0;0;0;0;0;;;0;0;1;0;0
28/05/2021;07:00:00;113;Acidente com vítima;268,2;BR-101/ES;Sul;Colisão Lateral;1;0;0;1;0;0;0;0;;;1;0;1;0;0
28/05/2021;10:15:00;181;Acidente com vítima;159,95;BR-101/ES;Norte;Colisão Lateral;0;0;2;1;0;0;0;0;;;1;0;1;0;0
28/05/2021;10:23:00;190;Acidente com vítima;284,5;BR-101/ES;Sul;Queda de Moto;0;0;0;1;0;0;0;0;;;0;1;0;0;0
28/05/2021;11:12:00;205;Acidente com vítima;289,1;BR-101/ES;Sul;Colisão Lateral;0;0;2;1;0;0;0;0;;;1;0;0;1;0
28/05/2021;13:19:00;257;Acidente com vítima;255,5;BR-101/ES;Norte;Queda de Moto;0;0;0;1;0;0;0;0;;;0;1;0;0;0
28/05/2021;15:08:00;292;Acidente sem vítima;292;BR-101/ES;Sul;Colisão Traseira;1;0;2;0;0;0;0;0;;;2;0;0;0;0
29/05/2021;01:16:00;16;Acidente com vítima;146;BR-101/ES;Norte;Colisão Traseira;1;0;0;1;0;0;0;0;;;1;2;0;0;0
29/05/2021;07:51:00;114;Acidente com vítima;265,75;BR-101/ES;Sul;Colisão Lateral;3;0;0;1;0;0;0;0;;;1;0;1;0;0
29/05/2021;10:49:00;178;Acidente sem vítima;315,8;BR-101/ES;Norte;Choque com Objeto Fixo;1;0;0;0;0;0;0;0;;;2;0;0;0;0
29/05/2021;12:58:00;227;Acidente sem vítima;321,9;BR-101/ES;Norte;Veículo em Chamas;0;0;1;0;0;0;0;0;;;1;0;0;0;0
29/05/2021;17:47:00;309;Acidente sem vítima;199,4;BR-101/ES;Sul;Colisão Lateral;2;0;0;0;0;0;0;0;;;5;0;0;0;0
29/05/2021;18:00:00;310;Atropelamento sem morte;235;BR-101/ES;Norte;Atropelamento;1;0;0;0;0;0;0;0;;;2;0;0;1;0
29/05/2021;18:45:00;320;Acidente com vítima;141;BR-101/ES;Norte;Queda de Bicicleta;0;1;0;0;0;0;0;0;;;0;1;0;0;0
29/05/2021;20:10:00;335;Acidente sem vítima;326;BR-101/ES;Norte;Choque;1;0;0;0;0;0;0;0;;;1;0;0;0;0
29/05/2021;20:31:00;344;Acidente sem vítima;7;BR-101/ES;Norte;Colisão Traseira;1;0;1;0;0;0;0;0;;;3;0;0;0;0
29/05/2021;20:54:00;351;Acidente com vítima;124;BR-101/ES;Sul;Queda de Moto;0;0;0;1;0;0;0;0;;;1;1;0;0;0
29/05/2021;21:17:00;358;Acidente sem vítima;327;BR-101/ES;Norte;Choque;1;0;0;0;0;0;0;0;;;3;0;0;0;0
30/05/2021;07:19:00;90;Acidente com vítima;151,5;BR-101/ES;Sul;Queda de ciclista;0;1;0;0;0;0;0;0;;;0;0;1;0;0
30/05/2021;09:42:00;118;Acidente com vítima;50;BR-101/ES;Norte;Queda de Moto;0;0;0;1;0;0;0;0;;;0;1;0;0;0
30/05/2021;12:02:00;173;Acidente com vítima;11,5;BR-101/ES;Norte;Queda de Moto;0;0;0;1;0;0;0;0;;;0;0;0;1;0
30/05/2021;13:56:00;203;Atropelamento sem morte;67;BR-101/ES;Sul;Atropelamento;1;0;0;0;0;0;0;0;;;0;0;0;1;0
30/05/2021;16:45:00;244;Acidente sem vítima;282;BR-101/ES;Sul;Choque com Objeto Fixo;1;0;0;0;0;0;0;0;;;1;0;0;0;0
30/05/2021;18:07:00;270;Acidente sem vítima;93;BR-101/ES;Sul;Saída de Pista;1;0;3;0;0;0;0;0;;;4;0;0;0;0
30/05/2021;18:36:00;279;Acidente com vítima;213;BR-101/ES;Norte;Colisão Transversal;1;0;0;1;0;0;0;0;;;1;0;1;0;0
30/05/2021;19:44:00;289;Acidente com vítima;183,7;BR-101/ES;Sul;Capotamento;0;0;1;0;0;0;0;0;;;0;0;0;3;0
30/05/2021;20:58:00;308;Acidente com vítima;372,7;BR-101/ES;Sul;Colisão com ciclista;1;1;0;0;0;0;0;0;;;1;0;0;1;0
30/05/2021;22:32:00;326;Acidente sem vítima;140;BR-101/ES;Sul;Saída de Pista;1;0;0;0;0;0;0;0;;;5;0;0;0;0
30/05/2021;23:18:00;338;Acidente sem vítima;266,3;BR-101/ES;Sul;Choque com Objeto Fixo;1;0;0;0;0;0;0;0;;;1;0;0;0;0
31/05/2021;06:59:00;123;Acidente sem vítima;1;BR-101/ES;Norte;Choque com Objeto Fixo;1;0;0;0;0;0;0;0;;;1;0;0;0;0
31/05/2021;07:11:00;131;Acidente sem vítima;949;BR-101/BA;Norte;Colisão Traseira;1;0;1;0;0;0;0;0;;;4;0;0;0;0
31/05/2021;09:27:00;188;Acidente com vítima;256,9;BR-101/ES;Norte;Colisão com ciclista;0;2;0;0;0;0;0;0;;;0;0;2;0;0
31/05/2021;10:47:00;216;Acidente com vítima;62,8;BR-101/ES;Sul;Colisão Transversal;2;0;0;0;0;0;0;0;;;1;3;1;0;0
31/05/2021;12:44:00;262;Acidente com vítima;68;BR-101/ES;Norte;Colisão com ciclista;0;1;0;1;0;0;0;0;;;0;2;0;0;0
31/05/2021;13:41:00;279;Acidente com vítima;91,5;BR-101/ES;Norte;Colisão Transversal;2;0;0;0;0;0;0;0;;;1;1;0;1;0
31/05/2021;15:19:00;304;Acidente com vítima;22,5;BR-101/ES;Sul;Saída de Pista;0;0;1;0;0;0;0;0;;;0;0;0;1;0
31/05/2021;16:06:00;316;Acidente sem vítima;267,8;BR-101/ES;Norte;Colisão Transversal;1;0;2;0;0;0;0;0;;;2;0;0;0;0
31/05/2021;17:24:00;340;Acidente com vítima;266,4;BR-101/ES;Sul;Colisão Lateral;1;0;0;1;0;0;0;0;;;1;0;2;0;0
31/05/2021;18:03:00;354;Acidente sem vítima;54;BR-101/ES;Sul;Colisão Lateral;3;0;0;0;1;0;0;0;;;4;0;0;0;0
31/05/2021;18:09:00;355;Acidente com morte;249,9;BR-101/ES;Norte;Colisão Frontal;1;0;0;1;0;0;0;0;;;1;0;0;0;1
31/05/2021;18:55:00;366;Atropelamento sem morte;66;BR-101/ES;Sul;Atropelamento;1;0;0;0;0;0;0;0;;;1;1;0;0;0
01/06/2021;06:22:00;103;Acidente sem vítima;286,8;BR-101/ES;Sul;Saída de Pista;1;0;0;0;0;0;0;0;;;1;0;0;0;0
01/06/2021;16:32:00;323;Acidente sem vítima;147,15;BR-101/ES;Norte;Colisão Transversal;2;0;0;0;0;0;0;0;;;5;0;0;0;0
01/06/2021;19:22:00;369;Acidente sem vítima;269;BR-101/ES;Sul;Colisão Lateral;1;0;1;0;0;0;0;0;;;2;0;0;0;0
01/06/2021;19:42:00;374;Acidente sem vítima;284,9;BR-101/ES;Sul;Choque com Objeto Fixo;1;0;1;0;0;0;0;0;;;2;0;0;0;0
01/06/2021;20:38:00;384;Acidente sem vítima;281;BR-101/ES;Sul;Choque;0;0;1;0;0;0;0;0;;;1;0;0;0;0
02/06/2021;03:06:00;80;Acidente sem vítima;956,9;BR-101/BA;Sul;Veículo em Chamas;0;0;3;0;0;0;0;0;;;1;0;0;0;0
02/06/2021;06:37:00;123;Acidente sem vítima;165;BR-101/ES;Norte;Colisão Lateral;2;0;0;0;0;0;0;0;;;3;0;0;0;0
02/06/2021;07:17:00;129;Acidente com vítima;266,3;BR-101/ES;Sul;Colisão Lateral;1;0;0;1;0;0;0;0;;;1;0;1;0;0
02/06/2021;12:04:00;232;Acidente com morte;271,2;BR-101/ES;Sul;Colisão com ciclista;1;1;0;0;0;0;0;0;;;1;0;0;0;1
02/06/2021;14:18:00;274;Acidente sem vítima;269,3;BR-101/ES;Sul;Colisão Traseira;2;0;0;0;0;0;0;0;;;2;0;0;0;0
02/06/2021;14:38:00;286;Acidente com vítima;4,8;BR-101/ES;Sul;Tombamento;0;0;3;0;0;0;0;0;;;0;0;1;0;0
02/06/2021;15:42:00;297;Acidente sem vítima;146,43;BR-101/ES;Sul;Colisão Traseira;0;0;2;0;0;0;0;0;;;2;0;0;0;0
02/06/2021;18:32:00;333;Acidente sem vítima;949;BR-101/BA;Sul;Colisão Traseira;1;0;1;0;0;0;0;0;;;2;0;0;0;0
02/06/2021;18:41:00;335;Acidente sem vítima;269,1;BR-101/ES;Sul;Colisão Traseira;1;0;1;0;0;0;0;0;;;2;0;0;0;0
02/06/2021;19:23:00;354;Acidente com vítima;147;BR-101/ES;Sul;Colisão Lateral;1;0;0;1;0;0;0;0;;;1;0;1;0;0
02/06/2021;19:54:00;363;Acidente sem vítima;310;BR-101/ES;Norte;Choque;0;0;0;1;0;0;0;0;;;1;0;0;0;0
02/06/2021;20:35:00;374;Acidente sem vítima;310;BR-101/ES;Sul;Choque;1;0;0;0;0;0;0;0;;;1;0;0;0;0
02/06/2021;21:37:00;392;Acidente sem vítima;116;BR-101/ES;Sul;Atropelamento Animal;1;0;0;0;0;0;0;0;;;1;0;0;0;0
02/06/2021;23:54:00;431;Acidente sem vítima;127;BR-101/ES;Sul;Saída de Pista;1;0;0;0;0;0;0;0;;;1;0;0;0;0
03/06/2021;00:51:00;17;Acidente sem vítima;307;BR-101/ES;Sul;Choque;1;0;0;0;0;0;0;0;;;3;0;0;0;0
03/06/2021;05:54:00;100;Acidente com vítima;276;BR-101/ES;Norte;Queda de Moto;0;0;0;1;0;0;0;0;;;0;1;0;0;0
03/06/2021;09:47:00;163;Acidente sem vítima;65,4;BR-101/ES;Norte;Colisão Lateral;2;0;0;0;0;0;0;0;;;6;0;0;0;0
03/06/2021;11:43:00;229;Acidente sem vítima;267,6;BR-101/ES;Sul;Choque com Objeto Fixo;1;0;0;0;0;0;0;0;;;1;0;0;0;0
03/06/2021;14:29:00;279;Acidente com vítima;310;BR-101/ES;Norte;Colisão com ciclista;0;1;0;1;0;0;0;0;;;0;2;0;0;0
03/06/2021;18:13:00;342;Acidente com morte;303;BR-101/ES;Sul;Colisão Traseira;0;0;2;1;0;0;0;0;;;1;0;0;0;1
03/06/2021;19:01:00;353;Acidente com vítima;287;BR-101/ES;Norte;Queda de Moto;0;0;0;1;0;0;0;0;;;0;0;1;0;0
03/06/2021;20:10:00;367;Acidente com vítima;350;BR-101/ES;Norte;Colisão Frontal;2;0;0;0;0;0;0;0;;;2;1;1;1;0
03/06/2021;22:40:00;398;Acidente com vítima;266;BR-101/ES;Sul;Colisão Traseira;0;0;0;1;1;0;0;0;;;1;0;1;0;0
04/06/2021;04:21:00;54;Acidente sem vítima;945;BR-101/BA;Sul;Colisão Transversal;0;0;6;0;0;0;0;0;;;2;0;0;0;0
04/06/2021;05:28:00;70;Acidente sem vítima;945;BR-101/BA;Sul;Choque com Objeto Fixo;1;0;0;0;0;0;0;0;;;1;0;0;0;0
04/06/2021;05:32:00;76;Acidente sem vítima;437,9;BR-101/ES;Sul;Saída de Pista;0;0;3;0;0;0;0;0;;;1;0;0;0;0
04/06/2021;07:15:00;113;Acidente sem vítima;268;BR-101/ES;Sul;Colisão Lateral;1;0;0;1;0;0;0;0;;;1;0;0;0;0
04/06/2021;13:52:00;248;Atropelamento sem morte;227,4;BR-101/ES;Norte;Atropelamento;0;0;1;0;0;0;0;0;;;3;0;0;1;0
04/06/2021;13:55:00;249;Acidente com vítima;264;BR-101/ES;Norte;Colisão Lateral;0;0;1;1;0;0;0;0;;;1;1;0;0;0
04/06/2021;14:28:00;254;Acidente sem vítima;146,6;BR-101/ES;Sul;Colisão Lateral;1;0;0;1;0;0;0;0;;;2;0;0;0;0
04/06/2021;15:32:00;273;Acidente sem vítima;206;BR-101/ES;Norte;Capotamento;1;0;0;0;0;1;0;0;;;1;0;0;0;0