data;horario;n_da_ocorrencia;tipo_de_ocorrencia;km;trecho;sentido;tipo_de_acidente;automovel;bicicleta;caminhao;moto;onibus;outros;tracao_animal;transporte_de_cargas_especiais;trator_maquinas;utilitarios;ilesos;levemente_feridos;moderadamente_feridos;gravemente_feridos;mortos
04/06/2021;15:50:00;276;Acidente sem vítima;321;BR-101/ES;Sul;Choque com Objeto Fixo;0;0;2;0;0;0;0;0;;;2;0;0;0;0
04/06/2021;16:46:00;301;Acidente sem vítima;83;BR-101/ES;Norte;Veículo em Chamas;0;0;2;0;0;0;0;0;;;1;0;0;0;0
04/06/2021;18:19:00;333;Acidente com vítima;125;BR-101/ES;Norte;Colisão Lateral;0;0;0;2;0;0;0;0;;;1;1;0;0;0
04/06/2021;18:37:00;339;Acidente com vítima;74,6;BR-101/ES;Sul;Colisão Lateral;1;0;0;1;0;0;0;0;;;2;0;1;0;0
04/06/2021;19:03:00;343;Acidente sem vítima;131,3;BR-101/ES;Sul;Colisão Traseira;1;0;1;0;0;0;0;0;;;2;0;0;0;0
04/06/2021;19:42:00;355;Acidente com vítima;240,9;BR-101/ES;Sul;Colisão Traseira;0;0;1;1;0;0;0;0;;;1;0;0;1;0
05/06/2021;01:11:00;29;Acidente sem vítima;6;BR-101/ES;Norte;Choque com Veículo Estacionado;0;0;3;0;0;0;0;0;;;2;0;0;0;0
05/06/2021;05:09:00;66;Acidente com vítima;65,8;BR-101/ES;Norte;Choque com Objeto Fixo;1;0;0;0;0;0;0;0;;;0;0;0;1;0
05/06/2021;07:16:00;104;Acidente sem vítima;406,8;BR-101/ES;Sul;Saída de Pista;1;0;0;0;0;0;0;0;;;1;0;0;0;0
05/06/2021;07:23:00;107;Acidente com vítima;261,2;BR-101/ES;Norte;Queda de Moto;0;0;0;1;0;0;0;0;;;0;1;0;0;0
05/06/2021;07:37:00;108;Acidente com vítima;297,8;BR-101/ES;Norte;Colisão Traseira;2;0;0;0;0;0;0;0;;;1;0;2;0;0
05/06/2021;08:28:00;120;Acidente com vítima;292,1;BR-101/ES;Norte;Colisão Traseira;2;0;0;0;0;0;0;0;;;1;0;2;0;0
05/06/2021;09:08:00;131;Acidente sem vítima;268;BR-101/ES;Sul;Colisão Traseira;2;0;0;0;0;0;0;0;;;3;0;0;0;0
05/06/2021;09:49:00;141;Acidente com vítima;281,8;BR-101/ES;Sul;Capotamento;1;0;0;0;0;0;0;0;;;0;2;0;0;0
05/06/2021;09:51:00;142;Acidente sem vítima;155,7;BR-101/ES;Sul;Saída de Pista;0;0;1;0;0;0;0;0;;;1;0;0;0;0
05/06/2021;10:09:00;149;Acidente com vítima;188,2;BR-101/ES;Sul;Tombamento;0;0;1;0;0;0;0;0;;;0;3;0;0;0
05/06/2021;12:01:00;180;Acidente sem vítima;284,1;BR-101/ES;Norte;Saída de Pista;1;0;0;0;0;0;0;0;;;1;0;0;0;0
05/06/2021;13:07:00;201;Acidente sem vítima;368,3;BR-101/ES;Norte;Saída de Pista;0;0;2;0;0;0;0;0;;;1;0;0;0;0
05/06/2021;15:16:00;230;Acidente com morte;178,5;BR-101/ES;Sul;Colisão Transversal;1;0;0;1;0;0;0;0;;;0;1;0;0;1
05/06/2021;17:24:00;258;Acidente com vítima;401;BR-101/ES;Sul;Queda de Moto;0;0;0;1;0;0;0;0;;;1;0;1;0;0
05/06/2021;17:35:00;261;Acidente com vítima;264,6;BR-101/ES;Norte;Colisão Lateral;1;0;0;1;0;0;0;0;;;1;0;1;0;0
05/06/2021;17:36:00;262;Atropelamento sem morte;241;BR-101/ES;Sul;Atropelamento;0;0;1;0;0;0;0;0;;;1;0;0;1;0
05/06/2021;18:28:00;270;Acidente sem vítima;345;BR-101/ES;Norte;Colisão Traseira;2;0;0;0;0;0;0;0;;;3;0;0;0;0
05/06/2021;18:43:00;272;Acidente com vítima;146;BR-101/ES;Norte;Engavetamento;4;0;0;0;0;0;0;0;;;5;1;1;0;0
05/06/2021;19:36:00;275;Acidente sem vítima;358;BR-101/ES;Sul;Colisão Transversal;2;0;0;0;0;0;0;0;;;5;0;0;0;0
05/06/2021;22:00:00;310;Acidente sem vítima;251;BR-101/ES;Sul;Saída de Pista;1;0;0;0;0;0;0;0;;;2;0;0;0;0
06/06/2021;02:09:00;53;Acidente com vítima;945;BR-101/BA;Norte;Colisão Traseira;1;0;1;0;0;0;0;0;;;1;0;0;2;0
06/06/2021;06:33:00;85;Acidente sem vítima;277,6;BR-101/ES;Sul;Saída de Pista;1;0;0;0;0;0;0;0;;;1;0;0;0;0
06/06/2021;08:07:00;103;Acidente sem vítima;304,4;BR-101/ES;Norte;Choque com Veículo Estacionado;1;0;2;0;0;0;0;0;;;2;0;0;0;0
06/06/2021;10:15:00;126;Acidente com vítima;88,9;BR-101/ES;Sul;Capotamento;1;0;0;0;0;0;0;0;;;0;5;0;0;0
06/06/2021;13:21:00;206;Acidente com vítima;239;BR-101/ES;Norte;Queda de Moto;0;0;0;1;0;0;0;0;;;0;0;1;0;0
06/06/2021;13:22:00;207;Acidente com vítima;295,8;BR-101/ES;Sul;Queda de Moto;0;0;0;1;0;0;0;0;;;0;1;1;0;0
06/06/2021;14:00:00;219;Acidente sem vítima;269,9;BR-101/ES;Sul;Choque com Objeto Fixo;1;0;0;0;0;0;0;0;;;1;0;0;0;0
06/06/2021;14:07:00;223;Acidente sem vítima;254,4;BR-101/ES;Sul;Engavetamento;3;0;0;0;0;0;0;0;;;8;0;0;0;0
06/06/2021;14:54:00;232;Acidente sem vítima;112,6;BR-101/ES;Sul;Engavetamento;4;0;0;0;0;0;0;0;;;4;0;0;0;0
06/06/2021;15:38:00;246;Atropelamento sem morte;253,9;BR-101/ES;Sul;Atropelamento e Fuga;1;0;0;0;0;0;0;0;;;0;0;1;0;0
06/06/2021;17:29:00;282;Acidente sem vítima;110,1;BR-101/ES;Norte;Colisão Lateral;1;0;1;0;0;0;0;0;;;4;0;0;0;0
06/06/2021;19:55:00;318;Acidente sem vítima;247;BR-101/ES;Sul;Colisão Transversal;1;0;0;1;0;0;0;0;;;2;0;0;0;0
06/06/2021;21:17:00;340;Acidente com vítima;229;BR-101/ES;Sul;Colisão Transversal;1;0;0;1;0;0;0;0;;;1;1;0;0;0
06/06/2021;21:40:00;351;Acidente sem vítima;261;BR-101/ES;Sul;Saída de Pista;1;0;0;0;0;0;0;0;;;1;0;0;0;0
06/06/2021;22:31:00;365;Acidente com vítima;299;BR-101/ES;Sul;Colisão Lateral;0;0;0;1;1;0;0;0;;;1;0;1;0;0
07/06/2021;05:18:00;77;Acidente sem vítima;140;BR-101/ES;Sul;Queda de Moto;0;0;0;1;0;0;0;0;;;1;0;0;0;0
07/06/2021;07:58:00;117;Acidente com vítima;146,7;BR-101/ES;Sul;Colisão Lateral;2;0;0;0;0;0;0;0;;;1;0;1;0;0
07/06/2021;08:46:00;134;Acidente com vítima;297,2;BR-101/ES;Norte;Colisão Lateral;1;0;0;1;0;0;0;0;;;1;0;1;0;0
07/06/2021;10:37:00;181;Acidente sem vítima;227;BR-101/ES;Sul;Colisão Traseira;1;0;0;0;0;0;0;0;;;1;0;0;0;0
07/06/2021;10:51:00;196;Acidente sem vítima;269,9;BR-101/ES;Norte;Engavetamento;3;0;0;0;0;0;0;0;;;5;0;0;0;0
07/06/2021;11:45:00;217;Acidente com vítima;283,4;BR-101/ES;Sul;Choque com Objeto Fixo;1;0;0;0;0;0;0;0;;;0;0;1;0;0
07/06/2021;12:39:00;240;Acidente sem vítima;99;BR-101/ES;Norte;Colisão com ciclista;1;1;0;0;0;0;0;0;;;2;0;0;0;0
07/06/2021;13:00:00;247;Acidente com vítima;141;BR-101/ES;Norte;Queda de ciclista;0;1;0;0;0;0;0;0;;;0;1;0;0;0
07/06/2021;14:43:00;273;Acidente sem vítima;270,8;BR-101/ES;Norte;Colisão Lateral;1;0;1;0;0;0;0;0;;;3;0;0;0;0
07/06/2021;15:11:00;279;Acidente sem vítima;128;BR-101/ES;Sul;Veículo em Chamas;1;0;0;0;0;0;0;0;;;1;0;0;0;0
07/06/2021;18:03:00;326;Acidente com vítima;141,7;BR-101/ES;Norte;Colisão Traseira;1;0;0;1;0;0;0;0;;;1;0;1;0;0
07/06/2021;19:19:00;336;Acidente sem vítima;257,9;BR-101/ES;Sul;Colisão Traseira;1;0;2;0;0;0;0;0;;;2;0;0;0;0
08/06/2021;10:28:00;203;Acidente com vítima;321;BR-101/ES;Norte;Queda de Moto;0;0;0;1;0;0;0;0;;;0;0;1;0;0
08/06/2021;11:04:00;227;Acidente sem vítima;321;BR-101/ES;Norte;Choque com Objeto Fixo;1;0;0;0;0;0;0;0;;;1;0;0;0;0
08/06/2021;11:58:00;255;Acidente sem vítima;298;BR-101/ES;Sul;Choque com Objeto Fixo;0;0;3;0;0;0;0;0;;;1;0;0;0;0
08/06/2021;12:15:00;264;Acidente sem vítima;267;BR-101/ES;Norte;Colisão Lateral;1;0;2;0;0;0;0;0;;;2;0;0;0;0
08/06/2021;12:55:00;277;Acidente sem vítima;414;BR-101/ES;Norte;Tombamento;0;0;3;0;0;0;0;0;;;1;0;0;0;0
08/06/2021;16:10:00;330;Acidente com vítima;266;BR-101/ES;Sul;Colisão Transversal;1;0;0;1;0;0;0;0;;;1;1;0;0;0
08/06/2021;17:55:00;366;Acidente sem vítima;267;BR-101/ES;Norte;Colisão Lateral;1;0;0;0;1;0;0;0;;;2;0;0;0;0
08/06/2021;19:31:00;381;Acidente com vítima;215,2;BR-101/ES;Sul;Saída de Pista;1;0;0;0;0;0;0;0;;;4;0;1;0;0
08/06/2021;19:36:00;383;Acidente sem vítima;90;BR-101/ES;Sul;Atropelamento Animal;1;0;0;0;0;0;0;0;;;1;0;0;0;0
08/06/2021;19:44:00;385;Acidente com vítima;297;BR-101/ES;Sul;Colisão com ciclista;1;1;0;0;0;0;0;0;;;0;0;1;0;0
08/06/2021;20:07:00;389;Acidente sem vítima;265;BR-101/ES;Norte;Colisão Lateral;1;0;0;1;0;0;0;0;;;2;0;0;0;0
08/06/2021;20:13:00;390;Acidente com vítima;266;BR-101/ES;Sul;Colisão com ciclista;1;1;0;0;0;0;0;0;;;1;0;1;0;0
08/06/2021;21:45:00;412;Acidente sem vítima;171;BR-101/ES;Sul;Queda de Moto;0;0;0;1;0;0;0;0;;;1;0;0;0;0
09/06/2021;13:17:00;235;Acidente sem vítima;233;BR-101/ES;Norte;Colisão Lateral;1;0;2;0;0;0;0;0;;;3;0;0;0;0
09/06/2021;13:39:00;241;Acidente sem vítima;437;BR-101/ES;Norte;Colisão Lateral;0;0;4;0;0;0;0;0;;;3;0;0;0;0
09/06/2021;14:31:00;251;Acidente sem vítima;268;BR-101/ES;Norte;Colisão Traseira;1;0;2;0;0;0;0;0;;;2;0;0;0;0
09/06/2021;17:10:00;293;Acidente com vítima;292,2;BR-101/ES;Norte;Colisão Traseira;1;0;0;1;0;0;0;0;;;2;0;1;0;0
09/06/2021;18:47:00;316;Acidente com vítima;66;BR-101/ES;Norte;Colisão com ciclista;1;1;0;0;0;0;0;0;;;1;1;0;0;0
09/06/2021;18:56:00;318;Acidente sem vítima;287;BR-101/ES;Norte;Choque com Objeto Fixo;1;0;0;0;0;0;0;0;;;1;0;0;0;0
10/06/2021;09:40:00;177;Acidente com vítima;272,4;BR-101/ES;Norte;Saída de Pista;1;0;0;0;0;0;0;0;;;0;0;1;0;0
10/06/2021;15:03:00;296;Acidente sem vítima;270,5;BR-101/ES;Norte;Colisão Lateral;1;0;1;0;0;0;0;0;;;2;0;0;0;0
10/06/2021;15:05:00;297;Acidente com vítima;292,7;BR-101/ES;Sul;Choque com Objeto Fixo;2;0;0;0;0;0;0;0;;;1;1;0;0;0
10/06/2021;16:46:00;327;Acidente sem vítima;270,5;BR-101/ES;Norte;Saída de Pista;1;0;0;0;0;0;0;0;;;1;0;0;0;0
10/06/2021;18:45:00;355;Acidente sem vítima;209,1;BR-101/ES;Sul;Colisão Traseira;3;0;0;0;0;0;0;0;;;3;0;0;0;0
10/06/2021;18:49:00;357;Acidente sem vítima;366,5;BR-101/ES;Sul;Colisão Transversal;1;0;2;0;0;0;0;0;;;2;0;0;0;0
10/06/2021;19:16:00;361;Acidente com vítima;162;BR-101/ES;Sul;Colisão Transversal;2;0;0;0;0;0;0;0;;;2;1;2;0;0
10/06/2021;19:50:00;368;Acidente com vítima;276;BR-101/ES;Sul;Saída de Pista;1;0;0;0;0;0;0;0;;;0;1;0;0;0
10/06/2021;20:23:00;376;Acidente sem vítima;286;BR-101/ES;Sul;Colisão Lateral;3;0;0;0;0;0;0;0;;;6;0;0;0;0
10/06/2021;22:04:00;403;Acidente sem vítima;258;BR-101/ES;Sul;Choque com Objeto Fixo;1;0;0;0;0;0;0;0;;;3;0;0;0;0
11/06/2021;05:10:00;100;Acidente com vítima;299,9;BR-101/ES;Norte;Tombamento;0;0;1;0;0;0;0;0;;;0;1;0;0;0
11/06/2021;06:51:00;113;Acidente sem vítima;221,6;BR-101/ES;Sul;Saída de Pista;1;0;0;0;0;0;0;0;;;1;0;0;0;0
11/06/2021;07:32:00;133;Acidente com vítima;296,4;BR-101/ES;Norte;Queda de Moto;0;0;0;1;0;0;0;0;;;0;0;1;0;0
11/06/2021;08:46:00;171;Acidente sem vítima;110,3;BR-101/ES;Sul;Engavetamento;3;0;0;0;0;0;0;0;;;3;0;0;0;0
11/06/2021;09:09:00;186;Acidente sem vítima;266,5;BR-101/ES;Sul;Choque com Objeto Fixo;1;0;0;0;0;0;0;0;;;1;0;0;0;0
11/06/2021;09:38:00;196;Acidente com vítima;146,6;BR-101/ES;Norte;Colisão Traseira;1;0;0;1;0;0;0;0;;;1;1;0;0;0
11/06/2021;10:32:00;220;Acidente sem vítima;232,8;BR-101/ES;Sul;Colisão Traseira;2;0;0;0;0;0;0;0;;;5;0;0;0;0
11/06/2021;11:34:00;258;Acidente com vítima;270;BR-101/ES;Sul;Colisão Lateral;1;0;0;0;1;0;0;0;;;2;2;0;0;0
11/06/2021;16:35:00;363;Acidente com vítima;291;BR-101/ES;Norte;Colisão Traseira;0;0;0;1;0;0;0;0;;;0;0;1;0;0
11/06/2021;18:19:00;399;Acidente com vítima;292;BR-101/ES;Sul;Colisão Transversal;0;0;1;1;0;0;0;0;;;2;1;0;0;0
11/06/2021;18:30:00;401;Acidente com vítima;93;BR-101/ES;Sul;Queda de Moto;0;0;0;1;0;0;0;0;;;0;0;1;0;0
11/06/2021;23:06:00;473;Acidente com vítima;159;BR-101/ES;Sul;Colisão Traseira;1;0;0;1;0;0;0;0;;;3;0;1;0;0
12/06/2021;05:04:00;55;Acidente com vítima;57;BR-101/ES;Sul;Queda de Moto;0;0;0;1;0;0;0;0;;;0;0;1;0;0
12/06/2021;05:31:00;60;Acidente sem vítima;184,1;BR-101/ES;Norte;Saída de Pista;0;0;2;0;0;0;0;0;;;1;0;0;0;0
12/06/2021;09:25:00;129;Acidente com vítima;320,8;BR-101/ES;Norte;Colisão Traseira;0;0;3;0;0;0;0;0;;;1;0;2;0;0
12/06/2021;10:12:00;143;Acidente sem vítima;446;BR-101/ES;Norte;Atropelamento Animal;1;0;0;0;0;0;0;0;;;1;0;0;0;0
12/06/2021;13:21:00;228;Acidente com vítima;295,7;BR-101/ES;Norte;Colisão Traseira;1;0;2;0;0;0;0;0;;;1;0;1;0;0
12/06/2021;13:26:00;230;Acidente com vítima;257,6;BR-101/ES;Sul;Colisão com ciclista;0;1;0;1;0;0;0;0;;;0;0;2;0;0
12/06/2021;16:52:00;281;Acidente sem vítima;74,5;BR-101/ES;Sul;Capotamento;1;0;0;0;0;0;0;0;;;1;0;0;0;0
12/06/2021;17:26:00;287;Acidente com morte;124,5;BR-101/ES;Norte;Colisão Frontal;1;0;0;1;0;0;0;0;;;0;1;0;0;1
12/06/2021;17:53:00;295;Acidente sem vítima;151;BR-101/ES;Sul;Colisão Lateral;2;0;0;0;0;0;0;0;;;8;0;0;0;0
13/06/2021;04:39:00;44;Acidente sem vítima;293,9;BR-101/ES;Sul;Colisão Lateral;1;0;2;0;0;0;0;0;;;4;0;0;0;0
13/06/2021;10:42:00;119;Acidente com vítima;142,9;BR-101/ES;Norte;Colisão Traseira;1;0;0;1;0;0;0;0;;;1;1;1;0;0
13/06/2021;13:34:00;179;Acidente sem vítima;384,5;BR-101/ES;Sul;Saída de Pista;1;0;0;0;0;0;0;0;;;4;0;0;0;0
13/06/2021;14:56:00;204;Acidente sem vítima;67,4;BR-101/ES;Norte;Colisão Traseira;0;0;8;0;0;0;0;0;;;2;0;0;0;0
14/06/2021;06:23:00;92;Acidente com vítima;337,3;BR-101/ES;Sul;Tombamento;0;0;2;0;0;0;0;0;;;0;1;0;0;0
14/06/2021;06:32:00;94;Acidente com vítima;60,3;BR-101/ES;Sul;Colisão Transversal;1;0;0;1;0;0;0;0;;;1;1;0;0;0
14/06/2021;07:15:00;109;Acidente com morte;339,1;BR-101/ES;Sul;Colisão Traseira;2;0;2;0;0;0;0;0;;;3;1;1;2;1
14/06/2021;07:55:00;122;Acidente com vítima;269,8;BR-101/ES;Norte;Colisão Traseira;0;0;1;1;0;0;0;0;;;0;1;1;0;0
14/06/2021;08:17:00;126;Acidente com vítima;67;BR-101/ES;Sul;Colisão Lateral;0;0;1;1;0;0;0;0;;;1;0;1;0;0
14/06/2021;10:19:00;167;Acidente sem vítima;267,7;BR-101/ES;Sul;Colisão Lateral;1;0;2;0;0;0;0;0;;;2;0;0;0;0
14/06/2021;14:27:00;253;Acidente sem vítima;130,9;BR-101/ES;Norte;Queda de Moto;0;0;0;1;0;0;0;0;;;2;0;0;0;0
14/06/2021;15:27:00;268;Acidente com vítima;286,8;BR-101/ES;Norte;Queda de Moto;0;0;0;1;0;0;0;0;;;0;2;0;0;0
14/06/2021;17:40:00;304;Acidente com vítima;266,7;BR-101/ES;Norte;Colisão Lateral;1;0;0;1;0;0;0;0;;;1;1;0;0;0
14/06/2021;18:52:00;318;Acidente com vítima;414;BR-101/ES;Norte;Queda de Moto;0;0;0;1;0;0;0;0;;;0;1;0;0;0
14/06/2021;21:50:00;357;Acidente sem vítima;227;BR-101/ES;Sul;Saída de Pista;1;0;0;0;0;0;0;0;;;2;0;0;0;0
15/06/2021;06:08:00;120;Acidente sem vítima;335,1;BR-101/ES;Norte;Choque com Objeto Fixo;1;0;0;0;0;0;0;0;;;3;0;0;0;0
15/06/2021;06:56:00;126;Acidente sem vítima;270,7;BR-101/ES;Norte;Engavetamento;2;0;3;0;0;0;0;0;;;4;0;0;0;0
15/06/2021;07:44:00;146;Acidente sem vítima;270,7;BR-101/ES;Sul;Colisão Traseira;1;0;2;0;0;0;0;0;;;3;0;0;0;0
15/06/2021;08:11:00;153;Acidente com vítima;269;BR-101/ES;Norte;Colisão com ciclista;0;1;0;1;0;0;0;0;;;0;1;2;0;0
15/06/2021;10:40:00;224;Acidente sem vítima;394;BR-101/ES;Sul;Saída de Pista;0;0;1;0;0;0;0;0;;;1;0;0;0;0
15/06/2021;18:06:00;369;Acidente sem vítima;85,8;BR-101/ES;Norte;Colisão Traseira;2;0;0;0;0;0;0;0;;;2;0;0;0;0
15/06/2021;18:07:00;370;Acidente sem vítima;253;BR-101/ES;Sul;Engavetamento;3;0;1;0;0;0;0;0;;;5;0;0;0;0
15/06/2021;20:37:00;397;Acidente sem vítima;137,8;BR-101/ES;Norte;Saída de Pista;1;0;0;0;0;0;0;0;;;2;0;0;0;0
16/06/2021;06:32:00;108;Acidente com vítima;262,2;BR-101/ES;Sul;Queda de Moto;0;0;0;1;0;0;0;0;;;0;1;0;0;0
16/06/2021;06:37:00;109;Acidente sem vítima;109,9;BR-101/ES;Sul;Saída de Pista;1;0;0;0;0;0;0;0;;;1;0;0;0;0
16/06/2021;09:00:00;139;Acidente com vítima;263,9;BR-101/ES;Sul;Colisão Lateral;1;0;0;1;0;0;0;0;;;1;1;0;0;0
16/06/2021;21:31:00;402;Acidente sem vítima;310,5;BR-101/ES;Sul;Capotamento;1;0;0;0;0;0;0;0;;;2;0;0;0;0
17/06/2021;06:52:00;115;Acidente sem vítima;119,7;BR-101/ES;Norte;Colisão Traseira;1;0;1;0;0;0;0;0;;;2;0;0;0;0
17/06/2021;08:12:00;149;Acidente com vítima;268,4;BR-101/ES;Sul;Colisão Lateral;1;0;0;1;0;0;0;0;;;2;0;1;0;0
17/06/2021;10:32:00;211;Acidente com vítima;396;BR-101/ES;Norte;Queda de ciclista;0;1;0;0;0;0;0;0;;;0;1;0;0;0
17/06/2021;13:11:00;285;Acidente com vítima;65,3;BR-101/ES;Sul;Colisão Lateral;1;0;0;1;0;0;0;0;;;1;0;1;0;0
17/06/2021;16:33:00;356;Acidente sem vítima;125,9;BR-101/ES;Norte;Colisão Traseira;1;0;1;0;0;0;0;0;;;2;0;0;0;0
17/06/2021;21:52:00;445;Acidente com vítima;65;BR-101/ES;Norte;Colisão Traseira;1;0;0;1;0;0;0;0;;;1;0;0;1;0
18/06/2021;07:34:00;127;Acidente sem vítima;293,2;BR-101/ES;Norte;Colisão Traseira;1;0;1;0;0;0;0;0;;;2;0;0;0;0
18/06/2021;11:31:00;227;Acidente sem vítima;448,1;BR-101/ES;Sul;Capotamento;1;0;0;0;0;0;0;0;;;1;0;0;0;0
18/06/2021;11:58:00;236;Acidente sem vítima;297,6;BR-101/ES;Norte;Colisão Traseira;1;0;1;0;0;0;0;0;;;2;0;0;0;0
18/06/2021;17:22:00;377;Atropelamento sem morte;269;BR-101/ES;Sul;Atropelamento;0;0;0;1;0;0;0;0;;;0;1;1;0;0
18/06/2021;18:19:00;391;Acidente sem vítima;267,5;BR-101/ES;Sul;Engavetamento;3;0;0;0;0;0;0;0;;;3;0;0;0;0
18/06/2021;18:35:00;395;Acidente com vítima;228;BR-101/ES;Norte;Colisão Frontal;1;0;1;0;0;0;0;0;;;1;1;0;0;0
18/06/2021;20:24:00;423;Atropelamento sem morte;100;BR-101/ES;Norte;Atropelamento e Fuga;1;0;0;0;0;0;0;0;;;1;0;0;1;0
19/06/2021;02:34:00;65;Acidente com morte;413,1;BR-101/ES;Sul;Colisão com ciclista;1;1;0;0;0;0;0;0;;;1;0;0;0;1
19/06/2021;02:58:00;69;Acidente sem vítima;279,7;BR-101/ES;Sul;Saída de Pista;1;0;0;0;0;0;0;0;;;1;0;0;0;0
19/06/2021;03:18:00;72;Acidente sem vítima;266;BR-101/ES;Norte;Colisão Traseira;2;0;0;0;0;1;0;0;;;2;0;0;0;0
19/06/2021;04:31:00;82;Acidente com vítima;137;BR-101/ES;Sul;Colisão Traseira;1;0;0;1;0;0;0;0;;;1;0;1;0;0
19/06/2021;07:08:00;104;Acidente sem vítima;945;BR-101/BA;Sul;Saída de Pista;1;0;0;0;0;0;0;0;;;5;0;0;0;0
19/06/2021;07:09:00;105;Acidente com vítima;126;BR-101/ES;Sul;Queda de Moto;0;0;0;1;0;0;0;0;;;0;1;0;0;0
19/06/2021;13:21:00;236;Acidente sem vítima;259,7;BR-101/ES;Sul;Colisão Lateral;2;0;0;0;0;0;0;0;;;2;0;0;0;0
19/06/2021;14:43:00;259;Acidente com vítima;267,8;BR-101/ES;Norte;Colisão com ciclista;1;1;0;0;0;0;0;0;;;1;1;0;0;0
19/06/2021;14:51:00;263;Acidente com vítima;289;BR-101/ES;Sul;Tombamento;0;0;2;0;0;0;0;0;;;0;1;0;0;0
19/06/2021;17:16:00;301;Acidente sem vítima;68,2;BR-101/ES;Norte;Colisão Traseira;2;0;0;0;0;0;0;0;;;2;0;0;0;0
19/06/2021;23:33:00;398;Acidente sem vítima;452,5;BR-101/ES;Sul;Saída de Pista;1;0;0;0;0;0;0;0;;;3;0;0;0;0
20/06/2021;00:09:00;1;Acidente sem vítima;307;BR-101/ES;Sul;Choque com Objeto Fixo;1;0;0;0;0;0;0;0;;;1;0;0;0;0
20/06/2021;01:51:00;36;Acidente sem vítima;206;BR-101/ES;Norte;Choque com Objeto Fixo;1;0;0;0;0;0;0;0;;;1;0;0;0;0
20/06/2021;04:22:00;59;Acidente com vítima;441;BR-101/ES;Sul;Queda de Moto;0;0;0;1;0;0;0;0;;;0;0;1;0;0
20/06/2021;07:34:00;109;Acidente sem vítima;149;BR-101/ES;Norte;Saída de Pista;1;0;0;0;0;0;0;0;;;1;0;0;0;0
20/06/2021;11:00:00;200;Acidente sem vítima;368,5;BR-101/ES;Sul;Queda de Moto;0;0;1;1;0;0;0;0;;;2;0;0;0;0
20/06/2021;12:41:00;241;Acidente sem vítima;301;BR-101/ES;Norte;Colisão Lateral;1;0;1;0;0;0;0;0;;;2;0;0;0;0
20/06/2021;14:01:00;262;Acidente sem vítima;55;BR-101/ES;Norte;Colisão Lateral;2;0;0;0;0;0;0;0;;;2;0;0;0;0
20/06/2021;15:57:00;294;Acidente sem vítima;254;BR-101/ES;Sul;Engavetamento;3;0;0;0;0;0;0;0;;;3;0;0;0;0
20/06/2021;18:18:00;357;Acidente sem vítima;291;BR-101/ES;Norte;Atropelamento Animal;0;0;0;1;0;0;0;0;;;1;0;0;0;0
20/06/2021;21:30:00;408;Acidente com vítima;298;BR-101/ES;Norte;Colisão Transversal;2;0;0;0;0;0;0;0;;;2;1;1;0;0
20/06/2021;23:58:00;447;Acidente com vítima;293;BR-101/ES;Norte;Queda de ciclista;0;1;0;0;0;0;0;0;;;0;0;1;0;0
21/06/2021;09:07:00;156;Acidente sem vítima;287,5;BR-101/ES;Sul;Colisão Traseira;2;0;2;0;0;0;0;0;;;3;0;0;0;0
21/06/2021;12:20:00;256;Acidente com vítima;269,8;BR-101/ES;Norte;Colisão Traseira;1;0;0;1;0;0;0;0;;;3;1;0;0;0
21/06/2021;12:51:00;267;Acidente com vítima;213,4;BR-101/ES;Sul;Queda de Moto;0;0;0;1;0;0;0;0;;;0;1;1;0;0
21/06/2021;15:13:00;299;Acidente com vítima;305,7;BR-101/ES;Norte;Choque com Objeto Fixo;1;0;0;0;0;0;0;0;;;0;1;0;0;0
21/06/2021;17:33:00;330;Acidente sem vítima;264,4;BR-101/ES;Sul;Colisão Traseira;2;0;0;0;0;0;0;0;;;2;0;0;0;0
21/06/2021;17:55:00;337;Acidente com vítima;176,4;BR-101/ES;Sul;Colisão Frontal;2;0;0;0;0;0;0;0;;;2;0;1;0;0
21/06/2021;19:58:00;356;Acidente sem vítima;277;BR-101/ES;Norte;Colisão Transversal;1;0;2;0;0;0;0;0;;;2;0;0;0;0
21/06/2021;20:36:00;364;Acidente sem vítima;255;BR-101/ES;Sul;Colisão Traseira;2;0;0;0;0;0;0;0;;;2;0;0;0;0
21/06/2021;20:41:00;367;Acidente sem vítima;277;BR-101/ES;Norte;Colisão Traseira;1;0;2;0;0;0;0;0;;;3;0;0;0;0
21/06/2021;23:29:00;416;Acidente sem vítima;372;BR-101/ES;Norte;Saída de Pista;1;0;0;0;0;0;0;0;;;2;0;0;0;0
22/06/2021;06:29:00;98;Acidente com vítima;361;BR-101/ES;Sul;Tombamento;0;0;7;0;0;0;0;0;;;3;0;0;1;0
22/06/2021;07:00:00;115;Acidente com vítima;142,9;BR-101/ES;Norte;Queda de Moto;0;0;0;1;0;0;0;0;;;0;0;1;0;0
22/06/2021;08:31:00;139;Acidente sem vítima;258,4;BR-101/ES;Sul;Colisão Traseira;3;0;0;0;0;0;0;0;;;5;0;0;0;0
22/06/2021;08:46:00;145;Acidente com vítima;277,9;BR-101/ES;Norte;Colisão Transversal;0;0;0;1;1;0;0;0;;;1;0;0;1;0
22/06/2021;12:59:00;245;Acidente com vítima;288,9;BR-101/ES;Norte;Queda de Moto;0;0;0;1;0;0;0;0;;;0;1;0;0;0
22/06/2021;17:09:00;318;Acidente com vítima;266,4;BR-101/ES;Sul;Colisão Traseira;0;0;1;1;0;0;0;0;;;1;0;1;0;0