data;horario;n_da_ocorrencia;tipo_de_ocorrencia;km;trecho;sentido;tipo_de_acidente;automovel;bicicleta;caminhao;moto;onibus;outros;tracao_animal;transporte_de_cargas_especiais;trator_maquinas;utilitarios;ilesos;levemente_feridos;moderadamente_feridos;gravemente_feridos;mortos
22/06/2021;23:42:00;420;Acidente sem vítima;111;BR-101/ES;Norte;Choque;1;0;0;0;0;0;0;0;;;3;0;0;0;0
23/06/2021;08:13:00;148;Acidente sem vítima;180,3;BR-101/ES;Norte;Colisão Traseira;2;0;0;0;0;0;0;0;;;2;0;0;0;0
23/06/2021;09:26:00;177;Acidente sem vítima;305;BR-101/ES;Sul;Colisão Transversal;1;0;2;0;0;0;0;0;;;2;0;0;0;0
23/06/2021;10:00:00;193;Acidente sem vítima;229;BR-101/ES;Sul;Engavetamento;2;0;2;0;0;0;0;0;;;3;0;0;0;0
23/06/2021;10:19:00;201;Acidente com vítima;284,5;BR-101/ES;Sul;Queda de Moto;0;0;0;1;0;0;0;0;;;0;1;1;0;0
23/06/2021;12:08:00;262;Acidente sem vítima;268;BR-101/ES;Norte;Colisão Traseira;2;0;0;0;0;0;0;0;;;3;0;0;0;0
23/06/2021;13:57:00;294;Acidente sem vítima;298,4;BR-101/ES;Norte;Colisão Lateral;1;0;3;0;0;0;0;0;;;4;0;0;0;0
23/06/2021;14:04:00;298;Acidente com vítima;21;BR-101/ES;Sul;Choque com Objeto Fixo;1;0;0;0;0;0;0;0;;;0;1;0;0;0
23/06/2021;15:04:00;316;Acidente sem vítima;85,8;BR-101/ES;Sul;Colisão Traseira;2;0;0;0;0;0;0;0;;;3;0;0;0;0
23/06/2021;17:10:00;363;Acidente sem vítima;101,3;BR-101/ES;Norte;Colisão Traseira;1;0;1;0;0;0;0;0;;;2;0;0;0;0
23/06/2021;17:31:00;371;Acidente sem vítima;291,3;BR-101/ES;Sul;Queda de Moto;0;0;0;1;0;0;0;0;;;1;0;0;0;0
23/06/2021;17:40:00;374;Acidente com vítima;124,1;BR-101/ES;Sul;Colisão com ciclista;0;1;0;1;0;0;0;0;;;1;1;0;0;0
23/06/2021;19:59:00;397;Atropelamento com morte;285,3;BR-101/ES;Norte;Atropelamento;0;0;0;1;0;0;0;0;;;0;0;0;1;1
24/06/2021;05:45:00;106;Acidente sem vítima;212;BR-101/ES;Sul;Colisão Traseira;1;0;5;0;0;0;0;0;;;3;0;0;0;0
24/06/2021;07:05:00;118;Acidente com vítima;264,3;BR-101/ES;Norte;Colisão com ciclista;0;1;0;1;0;0;0;0;;;1;0;1;0;0
24/06/2021;11:14:00;222;Acidente sem vítima;215;BR-101/ES;Sul;Colisão Transversal;2;0;0;0;0;0;0;0;;;4;0;0;0;0
24/06/2021;12:44:00;258;Acidente com vítima;268,5;BR-101/ES;Sul;Choque com Objeto Fixo;1;0;0;0;0;0;0;0;;;1;0;1;0;0
24/06/2021;15:37:00;316;Acidente sem vítima;139,5;BR-101/ES;Sul;Colisão Lateral;1;0;1;0;0;0;0;0;;;5;0;0;0;0
24/06/2021;17:55:00;357;Acidente sem vítima;314;BR-101/ES;Norte;Engavetamento;3;0;0;0;0;0;0;0;;;6;0;0;0;0
24/06/2021;19:41:00;383;Acidente sem vítima;232,9;BR-101/ES;Norte;Saída de Pista;1;0;0;0;0;0;0;0;;;1;0;0;0;0
25/06/2021;02:26:00;41;Acidente sem vítima;437;BR-101/ES;Sul;Atropelamento de Bovino;0;0;2;0;0;0;0;0;;;1;0;0;0;0
25/06/2021;04:48:00;56;Acidente sem vítima;267,5;BR-101/ES;Sul;Capotamento;1;0;0;0;0;0;0;0;;;1;0;0;0;0
25/06/2021;06:18:00;104;Acidente sem vítima;371;BR-101/ES;Norte;Veículo em Chamas;0;0;1;0;0;0;0;0;;;1;0;0;0;0
25/06/2021;09:34:00;169;Acidente sem vítima;269;BR-101/ES;Sul;Colisão Traseira;1;0;0;0;1;0;0;0;;;2;0;0;0;0
25/06/2021;13:19:00;247;Acidente sem vítima;269,7;BR-101/ES;Norte;Colisão Lateral;1;0;2;0;0;0;0;0;;;2;0;0;0;0
25/06/2021;13:47:00;256;Acidente com vítima;264,5;BR-101/ES;Norte;Colisão Traseira;1;0;0;1;0;0;0;0;;;1;1;0;0;0
25/06/2021;15:14:00;278;Acidente sem vítima;205,6;BR-101/ES;Norte;Colisão Traseira;2;0;0;0;0;0;0;0;;;2;0;0;0;0
25/06/2021;15:54:00;290;Acidente com vítima;159,9;BR-101/ES;Sul;Colisão Transversal;1;0;0;1;0;0;0;0;;;2;0;0;1;0
25/06/2021;18:11:00;330;Acidente sem vítima;262;BR-101/ES;Sul;Colisão Traseira;2;0;0;0;0;0;0;0;;;2;0;0;0;0
25/06/2021;18:31:00;333;Acidente com vítima;201,5;BR-101/ES;Sul;Colisão Lateral;1;0;2;0;0;0;0;0;;;1;0;2;0;0
25/06/2021;18:52:00;338;Acidente sem vítima;290;BR-101/ES;Norte;Capotamento;1;0;0;0;0;0;0;0;;;1;0;0;0;0
25/06/2021;19:17:00;343;Acidente com vítima;285;BR-101/ES;Sul;Colisão Transversal;2;0;0;0;0;0;0;0;;;2;0;2;0;0
25/06/2021;20:19:00;356;Atropelamento sem morte;270;BR-101/ES;Norte;Atropelamento;0;0;0;1;0;0;0;0;;;1;0;1;0;0
25/06/2021;20:29:00;360;Acidente sem vítima;257;BR-101/ES;Sul;Colisão Traseira;2;0;0;0;0;0;0;0;;;2;0;0;0;0
26/06/2021;07:04:00;94;Acidente sem vítima;282;BR-101/ES;Norte;Choque;0;0;0;1;0;0;0;0;;;1;0;0;0;0
26/06/2021;07:42:00;105;Acidente sem vítima;340,1;BR-101/ES;Sul;Choque;1;0;0;0;0;0;0;0;;;1;0;0;0;0
26/06/2021;15:27:00;263;Acidente com vítima;285,1;BR-101/ES;Sul;Colisão Transversal;1;0;0;1;0;0;0;0;;;1;1;1;0;0
26/06/2021;18:15:00;307;Acidente com vítima;176;BR-101/ES;Sul;Colisão Lateral;1;0;0;1;0;0;0;0;;;1;0;1;0;0
26/06/2021;19:09:00;319;Acidente sem vítima;346;BR-101/ES;Sul;Colisão Transversal;0;0;0;2;0;0;0;0;;;3;0;0;0;0
26/06/2021;23:22:00;403;Acidente com vítima;268;BR-101/ES;Sul;Choque com Objeto Fixo;1;0;0;0;0;0;0;0;;;0;1;0;0;0
27/06/2021;02:22:00;51;Acidente com morte;136;BR-101/ES;Norte;Capotamento;1;0;0;0;0;0;0;0;;;0;0;0;0;1
27/06/2021;08:22:00;96;Acidente com vítima;13,5;BR-101/ES;Norte;Queda de Moto;0;0;0;1;0;0;0;0;;;0;0;0;1;0
27/06/2021;11:16:00;162;Acidente sem vítima;248,9;BR-101/ES;Norte;Saída de Pista;1;0;0;0;0;0;0;0;;;2;0;0;0;0
27/06/2021;14:19:00;225;Acidente sem vítima;59,9;BR-101/ES;Norte;Saída de Pista;1;0;0;0;0;0;0;0;;;3;0;0;0;0
27/06/2021;17:24:00;286;Acidente sem vítima;312,4;BR-101/ES;Sul;Tombamento;1;0;0;0;0;1;0;0;;;1;0;0;0;0
27/06/2021;19:06:00;309;Acidente com vítima;301,8;BR-101/ES;Sul;Colisão Traseira;1;0;0;1;0;0;0;0;;;4;0;1;0;0
27/06/2021;22:16:00;356;Acidente sem vítima;270;BR-101/ES;Norte;Colisão Lateral;1;0;1;0;0;0;0;0;;;2;0;0;0;0
28/06/2021;02:36:00;34;Acidente sem vítima;272,2;BR-101/ES;Norte;Choque com Objeto Fixo;1;0;0;0;0;0;0;0;;;1;0;0;0;0
28/06/2021;03:10:00;45;Acidente com vítima;269,5;BR-101/ES;Norte;Colisão Transversal;1;0;1;0;0;0;0;0;;;1;0;1;0;0
28/06/2021;04:50:00;55;Acidente com vítima;231,7;BR-101/ES;Sul;Colisão Lateral;0;0;2;1;0;0;0;0;;;1;0;0;1;0
28/06/2021;05:46:00;63;Acidente sem vítima;86,1;BR-101/ES;Sul;Saída de Pista;0;0;1;0;0;0;0;0;;;1;0;0;0;0
28/06/2021;05:49:00;64;Acidente com vítima;285;BR-101/ES;Norte;Colisão Lateral;1;0;0;1;0;0;0;0;;;1;0;1;0;0
28/06/2021;07:57:00;123;Acidente sem vítima;951,4;BR-101/BA;Sul;Saída de Pista;1;0;0;0;0;0;0;0;;;2;0;0;0;0
28/06/2021;08:28:00;134;Acidente com vítima;291,2;BR-101/ES;Norte;Colisão Transversal;0;0;0;2;0;0;0;0;;;0;0;2;0;0
28/06/2021;11:27:00;211;Acidente sem vítima;242;BR-101/ES;Norte;Choque;1;0;0;0;0;0;0;0;;;1;0;0;0;0
28/06/2021;12:04:00;225;Acidente sem vítima;257;BR-101/ES;Norte;Colisão Traseira;2;0;0;0;0;0;0;0;;;2;0;0;0;0
28/06/2021;12:04:00;226;Acidente com vítima;294,6;BR-101/ES;Norte;Colisão Traseira;0;0;1;1;0;0;0;0;;;0;0;2;0;0
28/06/2021;12:52:00;242;Acidente com vítima;139,4;BR-101/ES;Sul;Colisão Transversal;0;0;2;0;0;0;0;0;;;3;1;0;0;0
28/06/2021;15:02:00;280;Acidente sem vítima;79;BR-101/ES;Norte;Colisão Traseira;1;0;1;0;0;0;0;0;;;2;0;0;0;0
28/06/2021;15:26:00;289;Acidente sem vítima;68,6;BR-101/ES;Norte;Choque com Veículo Estacionado;1;0;1;0;0;0;0;0;;;2;0;0;0;0
28/06/2021;15:57:00;300;Acidente sem vítima;149,1;BR-101/ES;Sul;Colisão Transversal;2;0;0;1;0;0;0;0;;;3;0;0;0;0
28/06/2021;16:00:00;302;Acidente com vítima;302,6;BR-101/ES;Sul;Queda de Moto;0;0;0;1;0;0;0;0;;;0;0;1;0;0
28/06/2021;17:08:00;322;Acidente sem vítima;150;BR-101/ES;Sul;Colisão Lateral;1;0;1;0;0;0;0;0;;;6;0;0;0;0
28/06/2021;17:12:00;324;Acidente com vítima;395;BR-101/ES;Norte;Colisão Transversal;2;0;0;0;0;0;0;0;;;6;4;1;0;0
28/06/2021;22:37:00;403;Acidente com morte;235;BR-101/ES;Sul;Colisão Lateral;0;0;1;1;0;0;0;0;;;1;0;0;0;1
29/06/2021;03:03:00;44;Acidente com vítima;939;BR-101/BA;Norte;Tombamento;0;0;3;0;0;0;0;0;;;0;0;1;0;0
29/06/2021;07:50:00;126;Acidente com vítima;266,5;BR-101/ES;Sul;Colisão Traseira;1;0;0;1;0;0;0;0;;;0;0;1;0;0
29/06/2021;10:45:00;185;Acidente com vítima;226;BR-101/ES;Sul;Engavetamento;2;0;5;0;0;0;0;0;;;11;0;1;0;0
29/06/2021;12:22:00;216;Acidente com vítima;147,7;BR-101/ES;Norte;Colisão Transversal;2;0;0;0;0;0;0;0;;;0;1;0;0;0
29/06/2021;17:08:00;280;Acidente sem vítima;351;BR-101/ES;Sul;Colisão Traseira;2;0;0;0;0;0;0;0;;;2;0;0;0;0
29/06/2021;18:50:00;300;Atropelamento sem morte;270;BR-101/ES;Norte;Atropelamento;0;0;0;0;1;0;0;0;;;1;0;1;0;0
29/06/2021;18:55:00;302;Acidente sem vítima;288;BR-101/ES;Sul;Choque;0;0;2;0;0;0;0;0;;;1;0;0;0;0
29/06/2021;19:34:00;308;Acidente sem vítima;189;BR-101/ES;Norte;Colisão Lateral;1;0;1;0;0;0;0;0;;;2;0;0;0;0
30/06/2021;06:28:00;105;Acidente sem vítima;361;BR-101/ES;Sul;Colisão Lateral;1;0;1;0;0;0;0;0;;;1;0;0;0;0
30/06/2021;07:09:00;113;Acidente com vítima;267,5;BR-101/ES;Norte;Queda de Moto;0;0;0;1;0;0;0;0;;;0;1;1;0;0
30/06/2021;16:11:00;282;Acidente sem vítima;354;BR-101/ES;Sul;Colisão Lateral;1;0;1;0;0;0;0;0;;;4;0;0;0;0
30/06/2021;18:27:00;319;Acidente sem vítima;359;BR-101/ES;Norte;Choque com Objeto Fixo;1;0;0;0;0;0;0;0;;;2;0;0;0;0
30/06/2021;18:35:00;320;Acidente com vítima;270,5;BR-101/ES;Norte;Colisão Traseira;1;0;0;1;0;0;0;0;;;1;1;0;0;0
30/06/2021;21:24:00;363;Acidente sem vítima;288;BR-101/ES;Sul;Capotamento;1;0;0;0;0;0;0;0;;;1;0;0;0;0
01/07/2021;07:11:00;96;Acidente sem vítima;260;BR-101/ES;Sul;Queda de Moto;0;0;0;1;0;0;0;0;;;1;0;0;0;0
01/07/2021;07:15:00;99;Acidente sem vítima;67;BR-101/ES;Norte;Colisão Lateral;0;0;1;0;1;0;0;0;;;4;0;0;0;0
01/07/2021;07:40:00;109;Acidente com vítima;148;BR-101/ES;Norte;Colisão Lateral;0;0;2;1;0;0;0;0;;;1;1;0;0;0
01/07/2021;09:02:00;150;Acidente sem vítima;41,5;BR-101/ES;Norte;Colisão Traseira;1;0;2;0;0;0;0;0;;;2;0;0;0;0
01/07/2021;09:36:00;163;Acidente com vítima;253;BR-101/ES;Sul;Colisão Transversal;1;0;0;1;0;0;0;0;;;1;0;1;0;0
01/07/2021;12:59:00;274;Acidente com vítima;246,9;BR-101/ES;Norte;Queda de Moto;0;0;0;1;0;0;0;0;;;0;2;0;0;0
01/07/2021;13:57:00;292;Acidente com vítima;297,3;BR-101/ES;Sul;Colisão Traseira;1;0;0;1;0;0;0;0;;;2;1;0;0;0
01/07/2021;16:17:00;347;Acidente sem vítima;255,3;BR-101/ES;Sul;Colisão Traseira;2;0;0;0;0;0;0;0;;;2;0;0;0;0
01/07/2021;17:57:00;372;Atropelamento sem morte;270,8;BR-101/ES;Norte;Atropelamento;1;0;0;1;0;0;0;0;;;2;1;1;0;0
01/07/2021;18:14:00;375;Acidente sem vítima;946;BR-101/BA;Norte;Atropelamento de Equino;1;0;0;0;0;0;0;0;;;4;0;0;0;0
01/07/2021;18:24:00;377;Acidente sem vítima;266,3;BR-101/ES;Norte;Colisão Lateral;0;0;0;2;0;0;0;0;;;2;0;0;0;0
01/07/2021;18:56:00;380;Atropelamento sem morte;38;BR-101/ES;Sul;Atropelamento e Fuga;1;0;0;0;0;0;0;0;;;1;0;0;1;0
01/07/2021;19:22:00;384;Acidente sem vítima;295,6;BR-101/ES;Norte;Engavetamento;3;0;0;0;0;0;0;0;;;1;0;0;0;0
01/07/2021;22:40:00;436;Acidente sem vítima;414,2;BR-101/ES;Sul;Tombamento;0;0;1;0;0;0;0;0;;;1;0;0;0;0
01/07/2021;22:56:00;438;Acidente sem vítima;6;BR-101/ES;Norte;Colisão Lateral;1;0;1;0;0;0;0;0;;;2;0;0;0;0
01/07/2021;23:16:00;445;Acidente sem vítima;207;BR-101/ES;Sul;Colisão Traseira;0;0;2;0;0;0;0;0;;;2;0;0;0;0
02/07/2021;06:30:00;97;Acidente sem vítima;130;BR-101/ES;Sul;Colisão Lateral;1;0;3;0;0;0;0;0;;;2;0;0;0;0
02/07/2021;06:51:00;107;Acidente com vítima;400;BR-101/ES;Sul;Colisão Transversal;0;0;1;1;0;0;0;0;;;2;0;1;1;0
02/07/2021;09:12:00;163;Acidente sem vítima;293;BR-101/ES;Sul;Choque com Objeto Fixo;0;0;2;0;0;0;0;0;;;1;0;0;0;0
02/07/2021;10:59:00;214;Acidente sem vítima;268;BR-101/ES;Norte;Colisão Traseira;1;0;2;0;0;0;0;0;;;2;0;0;0;0
02/07/2021;17:10:00;377;Acidente com morte;286,9;BR-101/ES;Sul;Colisão Transversal;1;0;0;1;0;0;0;0;;;1;0;1;0;1
02/07/2021;19:30:00;408;Acidente com vítima;125,4;BR-101/ES;Sul;Queda de Moto;1;0;0;1;0;0;0;0;;;1;1;0;0;0
02/07/2021;19:53:00;414;Acidente sem vítima;243,4;BR-101/ES;Sul;Colisão Traseira;1;0;1;0;0;0;0;0;;;6;0;0;0;0
02/07/2021;20:18:00;419;Acidente sem vítima;396;BR-101/ES;Norte;Colisão Traseira;2;0;0;0;0;0;0;0;;;1;0;0;0;0
02/07/2021;20:23:00;420;Acidente sem vítima;321;BR-101/ES;Sul;Colisão Traseira;0;0;4;0;0;0;0;0;;;3;0;0;0;0
02/07/2021;21:47:00;435;Atropelamento sem morte;66,5;BR-101/ES;Norte;Atropelamento;0;0;0;1;0;0;0;0;;;0;2;0;0;0
02/07/2021;23:07:00;459;Acidente sem vítima;15,6;BR-101/ES;Sul;Colisão Lateral;1;0;3;0;0;0;0;0;;;2;0;0;0;0
03/07/2021;00:25:00;7;Acidente com vítima;296;BR-101/ES;Sul;Choque com Objeto Fixo;0;0;0;1;0;0;0;0;;;0;0;2;0;0
03/07/2021;03:56:00;54;Acidente sem vítima;292;BR-101/ES;Sul;Choque com Objeto Fixo;1;0;0;0;0;0;0;0;;;1;0;0;0;0
03/07/2021;05:48:00;89;Acidente com vítima;220,3;BR-101/ES;Sul;Queda de ciclista;0;1;0;0;0;0;0;0;;;0;0;1;0;0
03/07/2021;10:10:00;176;Acidente com vítima;95,5;BR-101/ES;Sul;Queda de Moto;0;0;0;1;0;0;0;0;;;0;0;1;0;0
03/07/2021;12:58:00;252;Acidente sem vítima;294;BR-101/ES;Norte;Colisão Traseira;1;0;1;0;0;0;0;0;;;2;0;0;0;0
03/07/2021;14:29:00;278;Acidente com morte;101,85;BR-101/ES;Sul;Saída de Pista;1;0;0;0;0;0;0;0;;;0;0;0;0;1
03/07/2021;17:54:00;332;Acidente com vítima;153,6;BR-101/ES;Sul;Queda de Moto;0;0;0;1;0;0;0;0;;;0;0;2;0;0
03/07/2021;19:08:00;350;Acidente sem vítima;213;BR-101/ES;Norte;Colisão Traseira;2;0;0;0;0;0;0;0;;;2;0;0;0;0
03/07/2021;19:37:00;355;Acidente sem vítima;141;BR-101/ES;Norte;Colisão Traseira;1;0;4;0;0;0;0;0;;;2;0;0;0;0
03/07/2021;21:36:00;392;Acidente sem vítima;295;BR-101/ES;Sul;Choque;1;0;0;0;0;0;0;0;;;1;0;0;0;0
04/07/2021;03:31:00;61;Acidente com vítima;425;BR-101/ES;Norte;Saída de Pista;0;0;2;0;0;0;0;0;;;0;1;0;0;0
04/07/2021;04:28:00;70;Acidente sem vítima;0,8;BR-101/ES;Sul;Choque;1;0;0;0;0;0;0;0;;;1;0;0;0;0
04/07/2021;08:33:00;105;Acidente com vítima;219,5;BR-101/ES;Norte;Colisão Lateral;1;0;0;1;0;0;0;0;;;3;1;1;0;0
04/07/2021;16:26:00;276;Acidente sem vítima;262,2;BR-101/ES;Sul;Choque com Objeto Fixo;1;0;0;0;0;0;0;0;;;1;0;0;0;0
04/07/2021;17:07:00;302;Acidente sem vítima;255,1;BR-101/ES;Sul;Engavetamento;3;0;0;0;0;0;0;0;;;7;0;0;0;0
04/07/2021;22:14:00;369;Acidente sem vítima;948;BR-101/BA;Norte;Colisão Traseira;2;0;0;0;0;0;0;0;;;3;0;0;0;0
04/07/2021;22:17:00;370;Acidente com vítima;78;BR-101/ES;Norte;Colisão Traseira;1;0;2;0;0;0;0;0;;;4;0;1;0;0
04/07/2021;22:29:00;378;Acidente com vítima;258;BR-101/ES;Norte;Colisão Traseira;1;0;0;1;0;0;0;0;;;2;0;1;0;0
05/07/2021;06:32:00;101;Atropelamento com morte;385,8;BR-101/ES;Norte;Atropelamento e Fuga;1;0;0;0;0;0;0;0;;;0;0;0;0;1
05/07/2021;06:49:00;108;Acidente sem vítima;276;BR-101/ES;Norte;Engavetamento;2;0;0;0;0;1;0;0;;;6;0;0;0;0
05/07/2021;10:31:00;187;Acidente com vítima;211,3;BR-101/ES;Norte;Colisão Traseira;0;0;1;1;0;0;0;0;;;1;0;1;0;0
05/07/2021;10:34:00;196;Acidente sem vítima;329;BR-101/ES;Norte;Choque com Veículo Estacionado;1;0;0;0;0;0;0;0;;;1;0;0;0;0
05/07/2021;11:49:00;228;Acidente com vítima;146;BR-101/ES;Norte;Engavetamento;2;0;0;1;0;0;0;0;;;2;1;0;0;0
05/07/2021;15:22:00;296;Acidente sem vítima;162,3;BR-101/ES;Sul;Engavetamento;3;0;1;0;0;0;0;0;;;4;0;0;0;0
05/07/2021;17:42:00;346;Acidente com vítima;291;BR-101/ES;Sul;Colisão Traseira;0;0;0;1;0;0;0;0;;;0;1;0;0;0
05/07/2021;17:57:00;352;Atropelamento sem morte;269,3;BR-101/ES;Sul;Atropelamento;0;0;0;1;0;0;0;0;;;1;0;1;0;0
06/07/2021;02:35:00;42;Atropelamento com morte;224;BR-101/ES;Norte;Atropelamento e Fuga;1;0;0;0;0;0;0;0;;;1;0;0;0;1
06/07/2021;09:18:00;180;Acidente com vítima;174;BR-101/ES;Sul;Colisão Transversal;1;0;0;1;0;0;0;0;;;1;1;0;0;0
06/07/2021;14:37:00;324;Acidente sem vítima;315,5;BR-101/ES;Sul;Veículo em Chamas;0;0;2;0;0;0;0;0;;;1;0;0;0;0
06/07/2021;14:41:00;327;Acidente sem vítima;164;BR-101/ES;Sul;Colisão Transversal;0;0;2;0;1;0;0;0;;;2;0;0;0;0
06/07/2021;15:11:00;335;Acidente sem vítima;275,6;BR-101/ES;Sul;Colisão Lateral;0;0;3;0;0;0;0;0;;;3;0;0;0;0
06/07/2021;16:56:00;362;Atropelamento sem morte;302;BR-101/ES;Norte;Atropelamento;0;0;0;1;0;0;0;0;;;0;1;1;0;0
06/07/2021;16:56:00;363;Acidente com vítima;269,6;BR-101/ES;Norte;Colisão Traseira;1;0;0;1;0;0;0;0;;;2;0;1;0;0
06/07/2021;17:18:00;366;Acidente sem vítima;292;BR-101/ES;Sul;Colisão Traseira;2;0;0;0;0;0;0;0;;;1;0;0;0;0
06/07/2021;20:38:00;406;Acidente com vítima;8,2;BR-101/ES;Sul;Tombamento;0;0;3;0;0;0;0;0;;;1;0;1;0;0
07/07/2021;04:58:00;78;Acidente sem vítima;242;BR-101/ES;Sul;Atropelamento Animal;1;0;0;0;0;0;0;0;;;1;0;0;0;0
07/07/2021;06:33:00;88;Acidente com vítima;292,1;BR-101/ES;Norte;Colisão Traseira;1;0;0;1;0;0;0;0;;;2;0;1;0;0
07/07/2021;11:43:00;188;Acidente com vítima;286,9;BR-101/ES;Norte;Colisão Lateral;0;0;1;1;0;0;0;0;;;1;1;0;0;0
07/07/2021;14:43:00;241;Acidente sem vítima;266,3;BR-101/ES;Norte;Colisão Lateral;1;0;1;0;0;0;0;0;;;2;0;0;0;0
07/07/2021;16:37:00;281;Acidente sem vítima;287;BR-101/ES;Sul;Choque;1;0;0;0;0;0;0;0;;;4;0;0;0;0
07/07/2021;17:00:00;285;Acidente com vítima;159,1;BR-101/ES;Sul;Colisão Transversal;1;0;0;1;0;0;0;0;;;1;0;1;0;0
07/07/2021;17:06:00;288;Acidente com vítima;284,3;BR-101/ES;Sul;Colisão Traseira;1;0;0;1;0;0;0;0;;;2;0;1;0;0
07/07/2021;18:16:00;309;Acidente com vítima;264,5;BR-101/ES;Norte;Colisão Traseira;1;0;0;1;0;0;0;0;;;1;1;0;0;0
07/07/2021;18:22:00;310;Acidente sem vítima;291;BR-101/ES;Norte;Saída de Pista;1;0;0;0;0;0;0;0;;;2;0;0;0;0
07/07/2021;18:30:00;311;Acidente sem vítima;279;BR-101/ES;Sul;Colisão Traseira;0;0;3;0;0;0;0;0;;;2;0;0;0;0
07/07/2021;19:09:00;318;Acidente sem vítima;291;BR-101/ES;Sul;Colisão Lateral;1;0;0;0;1;0;0;0;;;2;0;0;0;0
07/07/2021;19:26:00;320;Atropelamento sem morte;271;BR-101/ES;Sul;Atropelamento;1;0;0;0;0;0;0;0;;;2;1;0;0;0
08/07/2021;00:10:00;3;Acidente sem vítima;215;BR-101/ES;Sul;Choque;1;0;0;0;0;0;0;0;;;1;0;0;0;0
08/07/2021;02:58:00;37;Acidente sem vítima;208;BR-101/ES;Sul;Saída de Pista;0;0;2;0;0;0;0;0;;;1;0;0;0;0
08/07/2021;04:42:00;51;Acidente sem vítima;264;BR-101/ES;Sul;Colisão Transversal;1;0;1;0;0;0;0;0;;;2;0;0;0;0
08/07/2021;06:16:00;105;Acidente sem vítima;265;BR-101/ES;Norte;Engavetamento;3;0;0;0;0;0;0;0;;;5;0;0;0;0
08/07/2021;07:25:00;122;Acidente sem vítima;269,7;BR-101/ES;Sul;Engavetamento;3;0;0;0;0;0;0;0;;;4;0;0;0;0
08/07/2021;11:29:00;238;Acidente sem vítima;204,8;BR-101/ES;Sul;Colisão Lateral;2;0;0;0;0;0;0;0;;;2;0;0;0;0
08/07/2021;12:34:00;264;Acidente com vítima;301,9;BR-101/ES;Sul;Colisão Lateral;1;0;0;1;0;0;0;0;;;1;0;1;0;0
08/07/2021;14:08:00;295;Acidente sem vítima;257,5;BR-101/ES;Norte;Colisão Traseira;1;0;2;0;0;0;0;0;;;2;0;0;0;0
08/07/2021;16:39:00;335;Acidente com morte;148,8;BR-101/ES;Sul;Colisão com ciclista;0;1;3;0;0;0;0;0;;;0;1;0;0;1
08/07/2021;18:32:00;365;Acidente sem vítima;298;BR-101/ES;Norte;Colisão Traseira;2;0;0;0;0;0;0;0;;;2;0;0;0;0
08/07/2021;18:36:00;367;Atropelamento sem morte;255;BR-101/ES;Norte;Atropelamento;1;0;0;0;0;0;0;0;;;2;0;1;0;0
08/07/2021;23:29:00;443;Acidente sem vítima;135,9;BR-101/ES;Sul;Saída de Pista;1;0;0;0;0;0;0;0;;;1;0;0;0;0
09/07/2021;00:20:00;8;Acidente com vítima;349;BR-101/ES;Norte;Colisão Frontal;2;0;0;0;0;0;0;0;;;5;0;2;0;0
09/07/2021;00:51:00;18;Acidente sem vítima;263;BR-101/ES;Sul;Colisão Lateral;2;0;0;0;0;0;0;0;;;2;0;0;0;0
09/07/2021;06:32:00;100;Acidente com morte;338,1;BR-101/ES;Norte;Colisão Lateral;1;0;1;0;0;0;0;0;;;1;2;1;0;1
09/07/2021;09:23:00;143;Acidente sem vítima;268,8;BR-101/ES;Sul;Colisão Traseira;2;0;0;0;0;0;0;0;;;2;0;0;0;0
09/07/2021;10:24:00;172;Acidente sem vítima;61;BR-101/ES;Norte;Colisão Lateral;1;0;2;0;0;0;0;0;;;3;0;0;0;0
09/07/2021;11:35:00;213;Acidente sem vítima;281;BR-101/ES;Sul;Choque;1;0;0;0;0;0;0;0;;;1;0;0;0;0
09/07/2021;13:16:00;251;Acidente sem vítima;269,6;BR-101/ES;Sul;Engavetamento;2;0;1;0;0;0;0;0;;;4;0;0;0;0
09/07/2021;13:18:00;252;Acidente sem vítima;151,7;BR-101/ES;Norte;Colisão Transversal;1;0;0;1;0;0;0;0;;;2;0;0;0;0
09/07/2021;13:50:00;265;Acidente com morte;2,5;BR-101/ES;Norte;Colisão com ciclista;0;1;0;1;0;0;0;0;;;0;0;0;0;2
09/07/2021;15:59:00;307;Acidente sem vítima;358;BR-101/ES;Sul;Colisão Traseira;2;0;0;0;0;0;0;0;;;2;0;0;0;0
09/07/2021;18:42:00;349;Acidente sem vítima;32;BR-101/ES;Sul;Tombamento;0;0;2;0;0;0;0;0;;;1;0;0;0;0
09/07/2021;19:05:00;353;Acidente sem vítima;276;BR-101/ES;Norte;Colisão Traseira;0;0;2;0;0;0;0;0;;;2;0;0;0;0
09/07/2021;20:46:00;386;Acidente sem vítima;32;BR-101/ES;Norte;Colisão Traseira;1;0;0;1;0;0;0;0;;;2;0;0;0;0
10/07/2021;00:45:00;11;Acidente com vítima;296,2;BR-101/ES;Norte;Choque com Objeto Fixo;1;0;0;0;0;0;0;0;;;0;0;4;1;0
10/07/2021;02:11:00;39;Acidente sem vítima;274;BR-101/ES;Norte;Atropelamento Animal;1;0;0;0;0;0;0;0;;;2;0;0;0;0
10/07/2021;09:01:00;152;Acidente sem vítima;250;BR-101/ES;Norte;Saída de Pista;1;0;0;0;0;0;0;0;;;2;0;0;0;0
10/07/2021;13:19:00;259;Acidente com vítima;6;BR-101/ES;Sul;Colisão Lateral;1;0;1;0;0;0;0;0;;;1;0;1;0;0