data;horario;n_da_ocorrencia;tipo_de_ocorrencia;km;trecho;sentido;tipo_de_acidente;automovel;bicicleta;caminhao;moto;onibus;outros;tracao_animal;transporte_de_cargas_especiais;trator_maquinas;utilitarios;ilesos;levemente_feridos;moderadamente_feridos;gravemente_feridos;mortos
29/07/2021;05:13:00;83;Acidente sem vítima;294;BR-101/ES;Norte;Atropelamento de Equino;0;0;1;0;0;0;0;0;;;1;0;0;0;0
29/07/2021;11:21:00;206;Acidente com vítima;3,5;BR-101/ES;Sul;Choque com Objeto Fixo;1;0;0;0;0;0;0;0;;;1;1;0;0;0
29/07/2021;14:01:00;255;Acidente com vítima;217,5;BR-101/ES;Norte;Colisão Lateral;2;0;0;0;0;0;0;0;;;0;4;0;0;0
29/07/2021;18:15:00;332;Acidente sem vítima;289,8;BR-101/ES;Sul;Engavetamento;2;0;1;0;0;0;0;0;;;3;0;0;0;0
29/07/2021;18:26:00;334;Acidente com vítima;224,2;BR-101/ES;Sul;Engavetamento;1;0;4;0;0;0;0;0;;;1;3;0;0;0
29/07/2021;23:13:00;390;Acidente com vítima;270,1;BR-101/ES;Sul;Colisão Traseira;0;0;0;1;1;0;0;0;;;1;0;1;0;0
30/07/2021;05:38:00;87;Acidente sem vítima;264,4;BR-101/ES;Sul;Colisão Transversal;2;0;0;0;0;0;0;0;;;1;0;0;0;0
30/07/2021;07:42:00;112;Acidente com vítima;317;BR-101/ES;Sul;Colisão Traseira;1;0;3;0;0;0;0;0;;;1;1;0;0;0
30/07/2021;08:19:00;132;Acidente sem vítima;293,6;BR-101/ES;Sul;Colisão Lateral;0;0;2;0;0;0;0;0;;;2;0;0;0;0
30/07/2021;10:23:00;184;Acidente sem vítima;149;BR-101/ES;Norte;Colisão Traseira;1;0;0;1;0;0;0;0;;;2;0;0;0;0
30/07/2021;10:31:00;190;Acidente sem vítima;287,1;BR-101/ES;Sul;Colisão Lateral;1;0;0;0;1;0;0;0;;;3;0;0;0;0
30/07/2021;13:46:00;271;Acidente sem vítima;420,1;BR-101/ES;Sul;Colisão Traseira;1;0;0;0;1;0;0;0;;;6;0;0;0;0
30/07/2021;13:55:00;277;Acidente sem vítima;214,6;BR-101/ES;Sul;Colisão Traseira;2;0;0;0;0;0;0;0;;;7;0;0;0;0
30/07/2021;15:18:00;310;Acidente com vítima;266;BR-101/ES;Sul;Colisão Traseira;1;0;0;1;0;0;0;0;;;1;0;1;0;0
30/07/2021;16:44:00;333;Atropelamento sem morte;269,9;BR-101/ES;Norte;Atropelamento;1;0;0;1;0;0;0;0;;;3;0;0;0;0
30/07/2021;18:22:00;366;Acidente com vítima;263;BR-101/ES;Norte;Colisão Traseira;1;0;0;1;0;0;0;0;;;1;0;1;0;0
30/07/2021;18:55:00;371;Acidente com vítima;264,6;BR-101/ES;Sul;Queda de Moto;0;0;0;1;0;0;0;0;;;1;1;0;0;0
30/07/2021;19:37:00;384;Acidente com vítima;79;BR-101/ES;Sul;Choque com Objeto Fixo;1;0;0;0;0;0;0;0;;;0;4;0;0;0
30/07/2021;21:34:00;406;Acidente sem vítima;271;BR-101/ES;Sul;Colisão Lateral;0;0;3;0;0;0;0;0;;;2;0;0;0;0
30/07/2021;21:48:00;410;Acidente sem vítima;94,2;BR-101/ES;Sul;Colisão Transversal;0;0;3;0;0;0;0;0;;;2;0;0;0;0
31/07/2021;06:47:00;90;Acidente com vítima;77,9;BR-101/ES;Norte;Colisão Traseira;1;0;0;1;0;0;0;0;;;1;0;0;2;0
31/07/2021;07:10:00;95;Acidente sem vítima;16,6;BR-101/ES;Sul;Colisão Transversal;2;0;0;0;0;0;0;0;;;5;0;0;0;0
31/07/2021;07:41:00;105;Acidente com vítima;118,3;BR-101/ES;Norte;Colisão Traseira;0;0;1;1;0;0;0;0;;;2;0;1;0;0
31/07/2021;13:04:00;209;Acidente sem vítima;49,1;BR-101/ES;Norte;Colisão Traseira;2;0;0;0;0;0;0;0;;;5;0;0;0;0
31/07/2021;13:59:00;227;Acidente sem vítima;85,8;BR-101/ES;Norte;Colisão Lateral;1;0;1;0;0;0;0;0;;;4;0;0;0;0
31/07/2021;15:01:00;241;Acidente com vítima;298,3;BR-101/ES;Norte;Colisão Lateral;0;0;2;1;0;0;0;0;;;1;1;1;0;0
31/07/2021;17:31:00;272;Acidente sem vítima;264;BR-101/ES;Norte;Engavetamento;3;0;0;0;0;0;0;0;;;3;0;0;0;0
31/07/2021;18:59:00;303;Acidente sem vítima;265;BR-101/ES;Sul;Colisão Transversal;2;0;0;0;0;0;0;0;;;2;0;0;0;0
31/07/2021;19:13:00;304;Acidente sem vítima;321;BR-101/ES;Norte;Choque com Objeto Fixo;1;0;0;0;0;0;0;0;;;3;0;0;0;0
31/07/2021;19:53:00;309;Acidente sem vítima;208;BR-101/ES;Sul;Colisão Transversal;2;0;0;0;0;0;0;0;;;2;0;0;0;0
31/07/2021;23:36:00;361;Acidente com morte;376;BR-101/ES;Norte;Queda de Moto;0;0;0;1;0;0;0;0;;;0;1;0;0;1
01/08/2021;00:31:00;6;Acidente sem vítima;147;BR-101/ES;Sul;Colisão Traseira;2;0;0;0;0;0;0;0;;;3;0;0;0;0
01/08/2021;01:58:00;27;Acidente com vítima;942;BR-101/BA;Norte;Colisão Traseira;2;0;0;0;0;0;0;0;;;1;0;2;0;0
01/08/2021;05:17:00;59;Acidente sem vítima;291;BR-101/ES;Sul;Atropelamento de Equino;1;0;0;0;0;0;0;0;;;2;0;0;0;0
01/08/2021;12:31:00;191;Acidente com vítima;146,7;BR-101/ES;Norte;Queda de Moto;0;0;0;1;0;0;0;0;;;0;1;0;0;0
01/08/2021;12:51:00;198;Acidente sem vítima;266,5;BR-101/ES;Norte;Colisão Traseira;2;0;0;0;0;0;0;0;;;3;0;0;0;0
01/08/2021;16:48:00;257;Acidente com vítima;114,3;BR-101/ES;Norte;Saída de Pista;1;0;0;0;0;0;0;0;;;0;0;1;0;0
01/08/2021;20:01:00;296;Acidente sem vítima;294;BR-101/ES;Sul;Saída de Pista;1;0;0;0;0;0;0;0;;;1;0;0;0;0
02/08/2021;05:44:00;76;Acidente com vítima;939,4;BR-101/BA;Sul;Colisão Transversal;1;0;0;1;0;0;0;0;;;5;1;0;0;0
02/08/2021;07:18:00;95;Acidente sem vítima;152,2;BR-101/ES;Norte;Colisão Traseira;1;0;0;0;1;0;0;0;;;2;0;0;0;0
02/08/2021;08:20:00;119;Acidente sem vítima;188,1;BR-101/ES;Norte;Saída de Pista;1;0;0;0;0;0;0;0;;;1;0;0;0;0
02/08/2021;09:30:00;145;Acidente com vítima;290,5;BR-101/ES;Sul;Colisão Transversal;1;0;1;0;0;0;0;0;;;2;2;1;0;0
02/08/2021;13:10:00;241;Acidente com vítima;388,7;BR-101/ES;Norte;Tombamento;0;0;3;0;0;0;0;0;;;0;1;0;0;0
02/08/2021;15:42:00;292;Acidente sem vítima;359;BR-101/ES;Norte;Choque;1;0;0;0;0;0;0;0;;;1;0;0;0;0
02/08/2021;16:29:00;302;Acidente sem vítima;149,2;BR-101/ES;Sul;Colisão Traseira;1;0;1;0;0;0;0;0;;;2;0;0;0;0
02/08/2021;18:05:00;327;Acidente sem vítima;388,9;BR-101/ES;Sul;Colisão Lateral;1;0;5;0;0;0;0;0;;;7;0;0;0;0
02/08/2021;18:19:00;330;Acidente sem vítima;213,5;BR-101/ES;Sul;Colisão Lateral;1;0;0;1;0;0;0;0;;;2;0;0;0;0
02/08/2021;19:47:00;341;Acidente com vítima;295,5;BR-101/ES;Norte;Colisão Traseira;0;0;1;1;0;0;0;0;;;1;0;1;0;0
03/08/2021;11:53:00;245;Acidente com vítima;65,5;BR-101/ES;Sul;Colisão Traseira;1;0;0;1;0;0;0;0;;;1;0;1;0;0
03/08/2021;11:56:00;246;Acidente sem vítima;276,3;BR-101/ES;Sul;Colisão Traseira;1;0;2;0;0;0;0;0;;;2;0;0;0;0
03/08/2021;13:40:00;286;Acidente sem vítima;398,9;BR-101/ES;Norte;Colisão Traseira;1;0;1;0;0;0;0;0;;;3;0;0;0;0
03/08/2021;14:17:00;297;Acidente com vítima;132;BR-101/ES;Sul;Colisão Traseira;1;0;0;1;0;0;0;0;;;1;0;1;0;0
03/08/2021;14:42:00;309;Acidente com vítima;147,1;BR-101/ES;Sul;Engavetamento;4;0;0;0;0;0;0;0;;;3;1;0;0;0
03/08/2021;17:15:00;363;Acidente com vítima;255;BR-101/ES;Sul;Colisão Transversal;1;0;0;1;0;0;0;0;;;1;0;1;0;0
03/08/2021;17:19:00;364;Acidente com vítima;135,9;BR-101/ES;Sul;Colisão Traseira;3;0;0;0;0;0;0;0;;;5;1;1;0;0
03/08/2021;19:34:00;388;Acidente sem vítima;322;BR-101/ES;Sul;Queda de Moto;0;0;0;1;0;0;0;0;;;2;0;0;0;0
03/08/2021;20:01:00;392;Atropelamento sem morte;299,2;BR-101/ES;Norte;Atropelamento;1;0;0;0;0;0;0;0;;;1;0;1;0;0
04/08/2021;03:46:00;48;Acidente com vítima;284;BR-101/ES;Sul;Queda de Moto;0;0;0;1;0;0;0;0;;;0;0;1;0;0
04/08/2021;06:39:00;88;Acidente sem vítima;432,2;BR-101/ES;Sul;Veículo em Chamas;1;0;0;0;0;0;0;0;;;1;0;0;0;0
04/08/2021;07:14:00;96;Acidente sem vítima;65,6;BR-101/ES;Norte;Engavetamento;5;0;0;0;0;0;0;0;;;8;0;0;0;0
04/08/2021;08:07:00;115;Acidente sem vítima;147;BR-101/ES;Norte;Colisão Lateral;1;0;1;0;0;0;0;0;;;1;0;0;0;0
04/08/2021;09:19:00;148;Acidente sem vítima;66;BR-101/ES;Sul;Colisão Lateral;2;0;2;0;0;0;0;0;;;6;0;0;0;0
04/08/2021;12:22:00;223;Acidente com vítima;314,1;BR-101/ES;Sul;Colisão Lateral;2;0;0;0;0;0;0;0;;;6;1;0;0;0
04/08/2021;14:05:00;255;Acidente sem vítima;120,5;BR-101/ES;Norte;Colisão Traseira;1;0;2;0;0;0;0;0;;;2;0;0;0;0
04/08/2021;14:07:00;256;Acidente com vítima;269,8;BR-101/ES;Norte;Choque com Veículo Estacionado;0;1;2;0;0;0;0;0;;;1;1;0;0;0
04/08/2021;14:53:00;270;Acidente sem vítima;67;BR-101/ES;Sul;Colisão Lateral;1;0;1;0;0;0;0;0;;;1;0;0;0;0
04/08/2021;16:18:00;300;Acidente com vítima;296,2;BR-101/ES;Sul;Queda de Moto;0;0;0;1;0;0;0;0;;;0;0;1;0;0
04/08/2021;19:28:00;343;Acidente sem vítima;124;BR-101/ES;Norte;Atropelamento Animal;1;0;0;0;0;0;0;0;;;1;0;0;0;0
04/08/2021;21:01:00;364;Acidente com vítima;291;BR-101/ES;Norte;Choque;0;0;0;1;0;0;0;0;;;0;0;1;0;0
04/08/2021;21:19:00;369;Acidente com vítima;197;BR-101/ES;Sul;Saída de Pista;1;0;0;0;0;0;0;0;;;1;1;2;0;0
05/08/2021;04:55:00;86;Acidente sem vítima;391;BR-101/ES;Norte;Colisão Lateral;2;0;0;0;0;0;0;0;;;3;0;0;0;0
05/08/2021;06:56:00;107;Acidente sem vítima;294,9;BR-101/ES;Norte;Colisão Traseira;1;0;1;0;0;0;0;0;;;2;0;0;0;0
05/08/2021;10:15:00;178;Acidente sem vítima;293,6;BR-101/ES;Norte;Saída de Pista;0;0;1;0;0;0;0;0;;;1;0;0;0;0
05/08/2021;11:28:00;206;Acidente sem vítima;269,9;BR-101/ES;Sul;Colisão Traseira;2;0;0;0;0;0;0;0;;;2;0;0;0;0
05/08/2021;12:19:00;227;Acidente sem vítima;369;BR-101/ES;Sul;Colisão Traseira;2;0;0;0;0;0;0;0;;;2;0;0;0;0
05/08/2021;13:08:00;246;Acidente sem vítima;269,6;BR-101/ES;Sul;Colisão Traseira;0;0;3;0;0;0;0;0;;;2;0;0;0;0
05/08/2021;15:16:00;276;Acidente com vítima;358;BR-101/ES;Sul;Queda de Moto;0;0;0;1;0;0;0;0;;;0;0;1;0;0
05/08/2021;17:44:00;312;Acidente sem vítima;146;BR-101/ES;Norte;Colisão Lateral;2;0;0;0;0;0;0;0;;;4;0;0;0;0
05/08/2021;18:50:00;322;Acidente sem vítima;253;BR-101/ES;Sul;Colisão Traseira;2;0;0;0;0;0;0;0;;;2;0;0;0;0
05/08/2021;19:55:00;333;Acidente com vítima;65;BR-101/ES;Sul;Colisão com ciclista;0;1;2;0;0;0;0;0;;;1;0;1;0;0
05/08/2021;22:54:00;368;Acidente sem vítima;303;BR-101/ES;Sul;Choque;1;0;0;0;0;0;0;0;;;1;0;0;0;0
05/08/2021;23:16:00;373;Acidente sem vítima;287;BR-101/ES;Sul;Choque;1;0;0;0;0;0;0;0;;;1;0;0;0;0
06/08/2021;01:55:00;60;Acidente sem vítima;412,8;BR-101/ES;Sul;Atropelamento de Bovino;0;0;1;0;0;0;0;0;;;1;0;0;0;0
06/08/2021;04:51:00;88;Acidente com vítima;387,7;BR-101/ES;Norte;Colisão Lateral;4;0;2;0;0;0;0;0;;;2;2;4;0;0
06/08/2021;08:53:00;137;Acidente sem vítima;342;BR-101/ES;Norte;Tombamento;0;0;0;0;0;1;0;0;;;1;0;0;0;0
06/08/2021;10:25:00;181;Acidente sem vítima;335,2;BR-101/ES;Sul;Colisão Lateral;2;0;0;0;0;0;0;0;;;3;0;0;0;0
06/08/2021;10:54:00;196;Acidente sem vítima;398,9;BR-101/ES;Sul;Choque;1;0;0;0;0;0;0;0;;;2;0;0;0;0
06/08/2021;14:04:00;277;Acidente sem vítima;266,1;BR-101/ES;Sul;Engavetamento;1;0;4;0;0;0;0;0;;;3;0;0;0;0
06/08/2021;14:35:00;291;Acidente com vítima;282,6;BR-101/ES;Sul;Queda de Moto;0;0;0;1;0;0;0;0;;;0;0;1;0;0
06/08/2021;15:33:00;308;Acidente sem vítima;94,2;BR-101/ES;Sul;Colisão Transversal;2;0;0;0;0;0;0;0;;;4;0;0;0;0
06/08/2021;16:16:00;318;Acidente com vítima;281;BR-101/ES;Sul;Queda de Moto;0;0;0;1;0;0;0;0;;;0;2;0;0;0
06/08/2021;16:26:00;321;Acidente com vítima;146;BR-101/ES;Sul;Colisão Traseira;1;0;0;1;0;0;0;0;;;2;1;0;0;0
06/08/2021;17:26:00;337;Acidente sem vítima;290,9;BR-101/ES;Sul;Colisão Traseira;2;0;0;0;0;0;0;0;;;3;0;0;0;0
06/08/2021;18:00:00;352;Acidente com vítima;358,3;BR-101/ES;Norte;Saída de Pista;0;0;0;1;0;0;0;0;;;0;0;1;0;0
06/08/2021;18:08:00;355;Acidente sem vítima;28;BR-101/ES;Sul;Capotamento;1;0;0;0;0;0;0;0;;;2;0;0;0;0
06/08/2021;18:16:00;358;Acidente sem vítima;299;BR-101/ES;Norte;Colisão Traseira;1;0;0;1;0;0;0;0;;;2;0;0;0;0
06/08/2021;19:02:00;370;Acidente com vítima;301;BR-101/ES;Sul;Colisão com ciclista;0;1;0;1;0;0;0;0;;;0;0;2;0;0
06/08/2021;23:58:00;435;Acidente com vítima;295;BR-101/ES;Norte;Queda de ciclista;0;1;0;0;0;0;0;0;;;0;0;1;0;0
07/08/2021;00:33:00;7;Acidente com morte;272,4;BR-101/ES;Norte;Colisão Frontal;0;0;1;1;0;0;0;0;;;2;0;0;0;1
07/08/2021;00:42:00;11;Acidente sem vítima;304;BR-101/ES;Sul;Saída de Pista;1;0;0;0;0;0;0;0;;;1;0;0;0;0
07/08/2021;02:26:00;37;Acidente com vítima;276;BR-101/ES;Norte;Colisão Traseira;2;0;0;0;0;0;0;0;;;3;1;3;0;0
07/08/2021;03:39:00;46;Acidente sem vítima;356;BR-101/ES;Norte;Saída de Pista;1;0;0;0;0;0;0;0;;;1;0;0;0;0
07/08/2021;04:27:00;55;Acidente sem vítima;293,6;BR-101/ES;Sul;Saída de Pista;1;0;0;0;0;0;0;0;;;1;0;0;0;0
07/08/2021;05:38:00;64;Acidente com vítima;268,7;BR-101/ES;Norte;Colisão com ciclista;0;1;0;1;0;0;0;0;;;1;0;1;0;0
07/08/2021;06:36:00;88;Acidente sem vítima;260;BR-101/ES;Sul;Saída de Pista;1;0;0;0;0;0;0;0;;;2;0;0;0;0
07/08/2021;07:32:00;95;Acidente sem vítima;142,9;BR-101/ES;Sul;Colisão Traseira;2;0;0;0;0;0;0;0;;;10;0;0;0;0
07/08/2021;10:05:00;139;Acidente com vítima;146,1;BR-101/ES;Sul;Colisão Traseira;2;0;0;1;0;0;0;0;;;1;1;0;0;0
07/08/2021;11:44:00;188;Acidente sem vítima;270,5;BR-101/ES;Sul;Colisão Traseira;1;0;1;0;0;0;0;0;;;2;0;0;0;0
07/08/2021;13:20:00;224;Acidente com vítima;265,8;BR-101/ES;Norte;Engavetamento;3;0;0;0;0;0;0;0;;;5;1;0;0;0
07/08/2021;14:34:00;246;Acidente sem vítima;40,4;BR-101/ES;Norte;Queda de Moto;0;0;0;1;0;0;0;0;;;2;0;0;0;0
07/08/2021;18:27:00;304;Acidente sem vítima;262;BR-101/ES;Norte;Colisão Traseira;1;0;0;0;0;0;0;0;;;1;0;0;0;0
07/08/2021;18:39:00;305;Acidente com vítima;289;BR-101/ES;Norte;Queda de Moto;3;0;0;1;0;0;0;0;;;3;0;2;0;0
07/08/2021;18:46:00;306;Acidente com vítima;300;BR-101/ES;Norte;Colisão Lateral;1;0;0;1;0;0;0;0;;;1;0;1;0;0
07/08/2021;20:21:00;315;Acidente com vítima;271,3;BR-101/ES;Sul;Colisão Traseira;1;0;0;1;0;0;0;0;;;1;0;1;0;0
08/08/2021;04:50:00;60;Atropelamento sem morte;174;BR-101/ES;Sul;Atropelamento e Fuga;1;0;0;0;0;0;0;0;;;1;0;1;0;0
08/08/2021;07:21:00;86;Acidente sem vítima;383,5;BR-101/ES;Norte;Saída de Pista;0;0;1;0;0;0;0;0;;;1;0;0;0;0
08/08/2021;14:45:00;193;Acidente sem vítima;203,6;BR-101/ES;Norte;Saída de Pista;1;0;0;0;0;0;0;0;;;1;0;0;0;0
08/08/2021;16:08:00;210;Acidente sem vítima;261;BR-101/ES;Sul;Colisão Traseira;1;0;0;1;0;0;0;0;;;3;0;0;0;0
08/08/2021;17:58:00;250;Acidente sem vítima;263;BR-101/ES;Sul;Choque com Objeto Fixo;1;0;0;0;0;0;0;0;;;1;0;0;0;0
08/08/2021;18:43:00;256;Acidente sem vítima;254;BR-101/ES;Sul;Colisão Traseira;2;0;0;0;0;0;0;0;;;2;0;0;0;0
08/08/2021;19:15:00;265;Acidente com vítima;261;BR-101/ES;Sul;Colisão Traseira;1;0;1;0;1;0;0;0;;;10;5;0;0;0
08/08/2021;19:46:00;273;Acidente com vítima;274;BR-101/ES;Sul;Capotamento;1;0;0;0;0;0;0;0;;;0;0;0;1;0
08/08/2021;22:16:00;300;Acidente sem vítima;265,9;BR-101/ES;Sul;Colisão Lateral;2;0;0;0;0;0;0;0;;;2;0;0;0;0
08/08/2021;22:46:00;314;Acidente com vítima;264;BR-101/ES;Norte;Colisão Lateral;1;0;0;1;0;0;0;0;;;5;1;0;0;0
08/08/2021;23:38:00;327;Acidente com vítima;246;BR-101/ES;Sul;Colisão Traseira;2;0;0;0;0;0;0;0;;;6;3;1;0;0
09/08/2021;07:19:00;109;Acidente sem vítima;360;BR-101/ES;Sul;Colisão Traseira;2;0;0;0;0;0;0;0;;;4;0;0;0;0
09/08/2021;07:56:00;125;Acidente sem vítima;288,3;BR-101/ES;Sul;Colisão Transversal;1;0;2;0;0;0;0;0;;;2;0;0;0;0
09/08/2021;11:50:00;208;Acidente com vítima;946;BR-101/BA;Sul;Queda de Moto;0;0;0;1;0;0;0;0;;;0;1;0;0;0
09/08/2021;13:28:00;235;Acidente com vítima;148;BR-101/ES;Norte;Colisão Traseira;1;0;0;1;0;0;0;0;;;1;0;1;0;0
09/08/2021;15:01:00;263;Acidente com vítima;259,4;BR-101/ES;Norte;Tombamento;0;0;2;0;0;0;0;0;;;0;1;0;0;0
09/08/2021;16:14:00;278;Acidente com vítima;287;BR-101/ES;Sul;Colisão Lateral;1;0;0;1;0;0;0;0;;;1;0;1;0;0
09/08/2021;18:23:00;309;Acidente sem vítima;258;BR-101/ES;Sul;Engavetamento;2;0;1;0;0;0;0;0;;;4;0;0;0;0
09/08/2021;19:33:00;322;Acidente sem vítima;421;BR-101/ES;Norte;Choque;1;0;0;0;0;0;0;0;;;1;0;0;0;0
10/08/2021;06:53:00;102;Acidente sem vítima;294;BR-101/ES;Norte;Colisão Traseira;1;0;0;0;0;0;0;0;;;1;0;0;0;0
10/08/2021;07:31:00;112;Acidente sem vítima;269;BR-101/ES;Norte;Colisão Traseira;0;0;0;2;0;0;0;0;;;1;0;0;0;0
10/08/2021;08:09:00;123;Acidente com vítima;147;BR-101/ES;Sul;Colisão Transversal;1;0;0;1;0;0;0;0;;;1;1;0;0;0
10/08/2021;08:15:00;125;Acidente sem vítima;270,3;BR-101/ES;Sul;Colisão Traseira;1;0;0;1;0;0;0;0;;;2;0;0;0;0
10/08/2021;11:36:00;212;Acidente com vítima;34;BR-101/ES;Sul;Queda de Moto;0;0;0;1;0;0;0;0;;;0;0;1;0;0
10/08/2021;11:47:00;220;Acidente com vítima;233;BR-101/ES;Sul;Colisão Frontal;2;0;0;0;0;0;0;0;;;0;0;2;5;0
10/08/2021;11:54:00;223;Acidente com vítima;137;BR-101/ES;Norte;Colisão com ciclista;1;1;0;0;0;0;0;0;;;1;1;0;0;0
10/08/2021;14:45:00;284;Acidente sem vítima;231,1;BR-101/ES;Norte;Engavetamento;2;0;0;0;0;1;0;0;;;3;0;0;0;0
10/08/2021;18:28:00;351;Acidente com vítima;117,1;BR-101/ES;Sul;Colisão Traseira;1;0;1;0;0;0;0;0;;;1;0;1;0;0
10/08/2021;18:45:00;355;Acidente sem vítima;292;BR-101/ES;Norte;Engavetamento;4;0;0;0;0;0;0;0;;;6;0;0;0;0
10/08/2021;18:50:00;357;Acidente sem vítima;116,8;BR-101/ES;Norte;Colisão Traseira;0;0;2;0;0;0;0;0;;;2;0;0;0;0
10/08/2021;19:13:00;361;Acidente sem vítima;297;BR-101/ES;Sul;Colisão Traseira;1;0;0;1;0;0;0;0;;;2;0;0;0;0
10/08/2021;21:17:00;381;Acidente sem vítima;294;BR-101/ES;Norte;Colisão Traseira;2;0;0;0;0;0;0;0;;;2;0;0;0;0
11/08/2021;01:43:00;35;Acidente sem vítima;294;BR-101/ES;Sul;Choque com Objeto Fixo;1;0;0;0;0;0;0;0;;;1;0;0;0;0
11/08/2021;06:58:00;104;Acidente com vítima;268,85;BR-101/ES;Sul;Colisão Lateral;1;0;0;1;0;0;0;0;;;0;0;1;0;0
11/08/2021;07:07:00;108;Acidente sem vítima;267;BR-101/ES;Norte;Colisão Lateral;1;0;2;0;0;0;0;0;;;2;0;0;0;0
11/08/2021;07:37:00;113;Acidente sem vítima;390;BR-101/ES;Sul;Engavetamento;0;0;3;0;1;0;0;0;;;26;0;0;0;0
11/08/2021;07:55:00;120;Acidente sem vítima;946;BR-101/BA;Norte;Saída de Pista;1;0;0;0;0;0;0;0;;;1;0;0;0;0
11/08/2021;09:34:00;154;Acidente sem vítima;321;BR-101/ES;Norte;Choque;1;0;0;0;0;0;0;0;;;1;0;0;0;0
11/08/2021;09:36:00;155;Acidente com vítima;213,5;BR-101/ES;Norte;Colisão Transversal;1;0;0;1;0;0;0;0;;;2;1;0;0;0
11/08/2021;10:28:00;180;Acidente sem vítima;370;BR-101/ES;Norte;Choque com Objeto Fixo;1;0;0;0;0;0;0;0;;;2;0;0;0;0
11/08/2021;12:01:00;224;Acidente sem vítima;268;BR-101/ES;Norte;Colisão Traseira;2;0;0;0;0;0;0;0;;;5;0;0;0;0
11/08/2021;12:02:00;225;Acidente com vítima;135,9;BR-101/ES;Norte;Colisão Transversal;2;0;0;0;0;0;0;0;;;1;0;2;0;0
11/08/2021;14:43:00;276;Atropelamento sem morte;231;BR-101/ES;Sul;Atropelamento e Fuga;0;0;1;0;0;0;0;0;;;1;0;1;0;0
11/08/2021;16:25:00;303;Acidente sem vítima;0,8;BR-101/ES;Sul;Choque com Objeto Fixo;1;0;0;0;0;0;0;0;;;1;0;0;0;0
11/08/2021;17:29:00;323;Acidente com vítima;271,2;BR-101/ES;Sul;Colisão Lateral;1;0;0;1;0;0;0;0;;;1;0;1;0;0
11/08/2021;18:07:00;329;Acidente sem vítima;278;BR-101/ES;Sul;Colisão Transversal;2;0;0;0;0;0;0;0;;;2;0;0;0;0
11/08/2021;23:12:00;388;Acidente sem vítima;267,9;BR-101/ES;Norte;Colisão Traseira;2;0;0;0;0;0;0;0;;;4;0;0;0;0
12/08/2021;06:23:00;96;Acidente com vítima;291,6;BR-101/ES;Norte;Colisão Lateral;1;0;0;1;0;0;0;0;;;1;0;1;0;0
12/08/2021;07:16:00;105;Acidente sem vítima;266,5;BR-101/ES;Sul;Colisão Lateral;1;0;2;0;0;0;0;0;;;3;0;0;0;0
12/08/2021;18:27:00;313;Acidente com vítima;345;BR-101/ES;Sul;Engavetamento;1;0;3;0;0;0;0;0;;;6;2;0;0;0
12/08/2021;19:52:00;330;Acidente sem vítima;276;BR-101/ES;Norte;Choque com Objeto Fixo;1;0;0;0;0;0;0;0;;;1;0;0;0;0
12/08/2021;22:54:00;369;Acidente sem vítima;269;BR-101/ES;Norte;Saída de Pista;1;0;0;0;0;0;0;0;;;3;0;0;0;0
12/08/2021;23:46:00;377;Acidente com vítima;76;BR-101/ES;Sul;Colisão Traseira;2;0;0;0;0;0;0;0;;;2;1;0;0;0
13/08/2021;00:51:00;8;Acidente com vítima;69;BR-101/ES;Sul;Colisão Traseira;2;0;0;0;0;0;0;0;;;1;3;0;0;0
13/08/2021;06:35:00;83;Acidente com vítima;324,3;BR-101/ES;Norte;Queda de Moto;0;0;0;1;0;0;0;0;;;0;2;0;0;0
13/08/2021;07:55:00;97;Acidente sem vítima;297,2;BR-101/ES;Norte;Colisão Traseira;1;0;1;0;0;0;0;0;;;1;0;0;0;0
13/08/2021;09:13:00;134;Acidente sem vítima;212,9;BR-101/ES;Sul;Colisão Traseira;1;0;0;1;0;0;0;0;;;4;0;0;0;0
13/08/2021;16:47:00;288;Acidente com vítima;243,2;BR-101/ES;Sul;Queda de Moto;1;0;0;1;0;0;0;0;;;1;1;0;0;0
13/08/2021;17:45:00;304;Atropelamento sem morte;126,3;BR-101/ES;Sul;Atropelamento;1;0;0;0;0;0;0;0;;;2;1;0;0;0
13/08/2021;18:03:00;309;Acidente sem vítima;180;BR-101/ES;Norte;Choque com Objeto Fixo;1;0;0;0;0;0;0;0;;;1;0;0;0;0
13/08/2021;18:23:00;314;Acidente sem vítima;366;BR-101/ES;Sul;Colisão Transversal;1;0;2;0;0;0;0;0;;;2;0;0;0;0
13/08/2021;18:55:00;321;Acidente com vítima;95;BR-101/ES;Sul;Queda de Moto;0;0;0;1;0;0;0;0;;;0;1;0;0;0
13/08/2021;19:30:00;329;Acidente com vítima;271,5;BR-101/ES;Norte;Queda de Moto;0;0;0;1;0;0;0;0;;;0;1;0;0;0
13/08/2021;20:18:00;342;Acidente com vítima;279;BR-101/ES;Sul;Colisão Traseira;1;0;2;0;0;0;0;0;;;2;0;1;0;0
13/08/2021;21:34:00;363;Acidente sem vítima;285;BR-101/ES;Norte;Queda de Moto;0;0;0;1;0;0;0;0;;;1;0;0;0;0
14/08/2021;05:25:00;64;Acidente com vítima;264,4;BR-101/ES;Norte;Colisão Transversal;2;0;0;0;0;0;0;0;;;1;0;1;0;0
14/08/2021;06:53:00;90;Acidente com vítima;392,7;BR-101/ES;Sul;Saída de Pista;1;0;0;0;0;0;0;0;;;0;1;0;0;0
14/08/2021;07:16:00;96;Acidente com vítima;266,7;BR-101/ES;Norte;Queda de Moto;1;0;0;1;0;0;0;0;;;0;0;1;0;0