data;horario;n_da_ocorrencia;tipo_de_ocorrencia;km;trecho;sentido;tipo_de_acidente;automovel;bicicleta;caminhao;moto;onibus;outros;tracao_animal;transporte_de_cargas_especiais;trator_maquinas;utilitarios;ilesos;levemente_feridos;moderadamente_feridos;gravemente_feridos;mortos
30/08/2021;20:07:00;347;Acidente com vítima;278;BR-101/ES;Sul;Capotamento;1;0;0;0;0;0;0;0;;;0;0;1;0;0
30/08/2021;20:16:00;349;Acidente sem vítima;219;BR-101/ES;Sul;Capotamento;1;0;0;0;0;0;0;0;;;2;0;0;0;0
30/08/2021;22:56:00;392;Acidente sem vítima;207,9;BR-101/ES;Sul;Choque com Objeto Fixo;1;0;0;0;0;0;0;0;;;6;0;0;0;0
31/08/2021;05:28:00;83;Acidente sem vítima;266;BR-101/ES;Norte;Colisão Traseira;2;0;0;0;0;0;0;0;;;2;0;0;0;0
31/08/2021;07:40:00;108;Acidente com vítima;264;BR-101/ES;Sul;Colisão com ciclista;1;1;0;0;0;0;0;0;;;1;0;1;0;0
31/08/2021;11:30:00;209;Acidente sem vítima;264;BR-101/ES;Norte;Colisão Traseira;1;0;2;0;0;0;0;0;;;4;0;0;0;0
31/08/2021;11:58:00;218;Acidente sem vítima;383;BR-101/ES;Norte;Saída de Pista;1;0;0;0;0;0;0;0;;;1;0;0;0;0
31/08/2021;13:14:00;247;Acidente com vítima;443,6;BR-101/ES;Norte;Saída de Pista;0;0;1;0;0;0;0;0;;;1;1;0;0;0
31/08/2021;13:59:00;258;Acidente sem vítima;370;BR-101/ES;Sul;Colisão Traseira;1;0;0;1;0;0;0;0;;;2;0;0;0;0
31/08/2021;15:11:00;286;Acidente sem vítima;276;BR-101/ES;Sul;Choque;0;0;1;0;0;0;0;0;;;1;0;0;0;0
31/08/2021;17:09:00;327;Acidente sem vítima;298;BR-101/ES;Norte;Colisão Traseira;1;0;1;1;0;0;0;0;;;4;0;0;0;0
01/09/2021;03:31:00;43;Acidente sem vítima;255;BR-101/ES;Sul;Saída de Pista;1;0;0;0;0;0;0;0;;;1;0;0;0;0
01/09/2021;04:57:00;59;Acidente sem vítima;448;BR-101/ES;Norte;Saída de Pista;1;0;0;0;0;0;0;0;;;2;0;0;0;0
01/09/2021;06:11:00;88;Acidente sem vítima;265,9;BR-101/ES;Norte;Colisão Traseira;1;0;1;0;0;0;0;0;;;1;0;0;0;0
01/09/2021;06:33:00;91;Acidente com vítima;268,7;BR-101/ES;Norte;Queda de Moto;0;0;2;1;0;0;0;0;;;1;0;1;0;0
01/09/2021;07:47:00;106;Acidente sem vítima;264,6;BR-101/ES;Norte;Colisão Transversal;2;0;0;0;0;0;0;0;;;2;0;0;0;0
01/09/2021;07:55:00;109;Acidente sem vítima;284,3;BR-101/ES;Norte;Choque com Objeto Fixo;2;0;0;0;0;0;0;0;;;2;0;0;0;0
01/09/2021;08:13:00;116;Acidente sem vítima;262,9;BR-101/ES;Norte;Capotamento;1;0;0;0;0;0;0;0;;;1;0;0;0;0
01/09/2021;09:02:00;134;Acidente sem vítima;278;BR-101/ES;Sul;Choque com Objeto Fixo;1;0;0;0;0;0;0;0;;;1;0;0;0;0
01/09/2021;10:24:00;164;Acidente com vítima;233,2;BR-101/ES;Sul;Saída de Pista;0;0;0;1;0;0;0;0;;;0;0;1;0;0
01/09/2021;11:31:00;201;Acidente sem vítima;269,6;BR-101/ES;Norte;Engavetamento;2;0;0;0;0;0;0;0;;;2;0;0;0;0
01/09/2021;15:01:00;275;Acidente sem vítima;270,4;BR-101/ES;Sul;Colisão Traseira;0;0;3;0;0;0;0;0;;;1;0;0;0;0
01/09/2021;15:24:00;280;Acidente sem vítima;254,5;BR-101/ES;Sul;Engavetamento;3;0;0;0;0;0;0;0;;;3;0;0;0;0
01/09/2021;17:10:00;302;Acidente sem vítima;285,8;BR-101/ES;Norte;Capotamento;1;0;0;0;0;0;0;0;;;1;0;0;0;0
01/09/2021;18:59:00;321;Acidente sem vítima;271;BR-101/ES;Sul;Colisão Lateral;1;0;0;1;0;0;0;0;;;2;0;0;0;0
01/09/2021;19:41:00;330;Acidente sem vítima;254,4;BR-101/ES;Sul;Engavetamento;3;0;0;0;0;0;0;0;;;3;0;0;0;0
01/09/2021;21:40:00;353;Acidente sem vítima;139;BR-101/ES;Norte;Choque com Objeto Fixo;1;0;0;0;0;0;0;0;;;1;0;0;0;0
01/09/2021;22:56:00;371;Acidente com vítima;421;BR-101/ES;Sul;Tombamento;0;0;1;0;0;0;0;0;;;0;1;0;0;0
01/09/2021;23:03:00;373;Acidente sem vítima;399,7;BR-101/ES;Sul;Atropelamento Animal;1;0;0;0;0;0;0;0;;;1;0;0;0;0
02/09/2021;06:44:00;81;Acidente sem vítima;220,2;BR-101/ES;Sul;Colisão Traseira;1;0;1;0;0;0;0;0;;;2;0;0;0;0
02/09/2021;08:19:00;99;Acidente sem vítima;254,1;BR-101/ES;Sul;Engavetamento;0;0;5;0;0;0;0;0;;;4;0;0;0;0
02/09/2021;09:15:00;114;Acidente sem vítima;414;BR-101/ES;Norte;Colisão Traseira;0;0;2;0;0;0;0;0;;;1;0;0;0;0
03/09/2021;08:21:00;107;Acidente sem vítima;292,1;BR-101/ES;Norte;Colisão Traseira;0;0;3;0;0;0;0;0;;;2;0;0;0;0
03/09/2021;10:09:00;149;Acidente sem vítima;320;BR-101/ES;Norte;Choque;1;0;0;0;0;0;0;0;;;1;0;0;0;0
03/09/2021;10:10:00;151;Acidente sem vítima;942;BR-101/BA;Sul;Colisão Lateral;1;0;4;0;0;0;0;0;;;2;0;0;0;0
03/09/2021;11:50:00;203;Acidente sem vítima;352;BR-101/ES;Norte;Choque;1;0;0;0;0;0;0;0;;;1;0;0;0;0
03/09/2021;12:46:00;232;Acidente com vítima;370;BR-101/ES;Sul;Colisão Transversal;1;0;2;0;0;0;0;0;;;1;1;0;0;0
03/09/2021;13:24:00;246;Acidente sem vítima;66,1;BR-101/ES;Sul;Colisão Traseira;0;0;4;0;0;0;0;0;;;2;0;0;0;0
03/09/2021;13:54:00;255;Acidente sem vítima;117;BR-101/ES;Norte;Saída de Pista;1;0;0;0;0;0;0;0;;;1;0;0;0;0
03/09/2021;15:57:00;291;Acidente com vítima;217,6;BR-101/ES;Sul;Choque com Objeto Fixo;2;0;0;0;0;0;0;0;;;0;2;0;0;0
03/09/2021;16:24:00;299;Acidente sem vítima;269,2;BR-101/ES;Sul;Saída de Pista;1;0;0;0;0;0;0;0;;;1;0;0;0;0
03/09/2021;17:17:00;320;Atropelamento sem morte;298;BR-101/ES;Norte;Atropelamento;0;0;0;1;0;0;0;0;;;0;1;0;0;0
03/09/2021;17:29:00;322;Acidente com vítima;268;BR-101/ES;Norte;Colisão Lateral;1;0;0;1;0;0;0;0;;;0;0;1;0;0
03/09/2021;17:30:00;323;Acidente com vítima;258;BR-101/ES;Norte;Colisão Lateral;0;0;1;1;0;0;0;0;;;0;1;0;0;0
03/09/2021;21:59:00;394;Acidente sem vítima;96,1;BR-101/ES;Norte;Colisão Lateral;2;0;0;0;0;0;0;0;;;2;0;0;0;0
04/09/2021;00:39:00;8;Acidente com morte;93,7;BR-101/ES;Norte;Colisão Frontal;1;0;2;0;0;0;0;0;;;1;0;0;0;1
04/09/2021;00:54:00;13;Acidente sem vítima;262;BR-101/ES;Norte;Choque com Objeto Fixo;1;0;0;0;0;0;0;0;;;1;0;0;0;0
04/09/2021;01:55:00;26;Acidente sem vítima;266;BR-101/ES;Sul;Colisão Transversal;2;0;0;0;0;0;0;0;;;2;0;0;0;0
04/09/2021;05:27:00;61;Acidente sem vítima;67,5;BR-101/ES;Sul;Saída de Pista;1;0;0;0;0;0;0;0;;;1;0;0;0;0
04/09/2021;06:56:00;88;Acidente sem vítima;176,6;BR-101/ES;Norte;Engavetamento;3;0;0;0;0;0;0;0;;;8;0;0;0;0
04/09/2021;09:07:00;132;Acidente com vítima;414,2;BR-101/ES;Norte;Tombamento;0;0;2;0;0;0;0;0;;;0;1;0;0;0
04/09/2021;10:46:00;175;Acidente sem vítima;215;BR-101/ES;Sul;Colisão Transversal;2;0;0;0;0;0;0;0;;;4;0;0;0;0
04/09/2021;10:49:00;177;Acidente sem vítima;457;BR-101/ES;Sul;Colisão Transversal;1;0;2;0;0;0;0;0;;;4;0;0;0;0
04/09/2021;13:13:00;236;Acidente sem vítima;140,8;BR-101/ES;Sul;Colisão Lateral;2;0;0;0;0;0;0;0;;;6;0;0;0;0
04/09/2021;19:41:00;335;Acidente sem vítima;451;BR-101/ES;Norte;Saída de Pista;1;0;0;0;0;0;0;0;;;1;0;0;0;0
04/09/2021;23:45:00;391;Acidente com vítima;292,1;BR-101/ES;Norte;Colisão Lateral;0;0;0;2;0;0;0;0;;;0;1;1;0;0
05/09/2021;01:41:00;30;Acidente sem vítima;142;BR-101/ES;Sul;Colisão Traseira;2;0;0;0;0;0;0;0;;;5;0;0;0;0
05/09/2021;03:31:00;44;Acidente sem vítima;46,6;BR-101/ES;Sul;Colisão Traseira;1;0;0;0;0;0;0;0;;;1;0;0;0;0
05/09/2021;08:00:00;82;Acidente com vítima;372,7;BR-101/ES;Norte;Colisão Transversal;1;0;0;1;0;0;0;0;;;0;1;1;0;0
05/09/2021;19:19:00;282;Acidente com vítima;292;BR-101/ES;Norte;Choque com Objeto Fixo;0;0;0;1;0;0;0;0;;;0;0;1;0;0
06/09/2021;01:32:00;32;Acidente sem vítima;156;BR-101/ES;Sul;Saída de Pista;1;0;0;0;0;0;0;0;;;1;0;0;0;0
06/09/2021;07:34:00;102;Acidente sem vítima;270,46;BR-101/ES;Norte;Colisão Lateral;2;0;2;0;0;0;0;0;;;3;0;0;0;0
06/09/2021;10:09:00;150;Acidente com vítima;147,8;BR-101/ES;Sul;Queda de Moto;0;0;0;1;0;0;0;0;;;0;1;0;0;0
06/09/2021;10:52:00;166;Acidente com vítima;257,6;BR-101/ES;Sul;Colisão Lateral;2;0;0;1;0;0;0;0;;;2;1;0;0;0
06/09/2021;11:02:00;174;Acidente sem vítima;260,3;BR-101/ES;Sul;Colisão Lateral;0;0;3;0;1;0;0;0;;;3;0;0;0;0
06/09/2021;17:24:00;302;Acidente sem vítima;290,5;BR-101/ES;Norte;Colisão Lateral;1;0;2;0;0;0;0;0;;;2;0;0;0;0
06/09/2021;17:38:00;307;Acidente com vítima;160,9;BR-101/ES;Norte;Queda de Moto;0;0;0;1;0;0;0;0;;;0;1;0;0;0
06/09/2021;19:36:00;331;Acidente com vítima;147;BR-101/ES;Norte;Colisão Transversal;1;0;0;1;0;0;0;0;;;1;1;0;0;0
07/09/2021;04:28:00;62;Acidente com vítima;360,9;BR-101/ES;Norte;Saída de Pista;0;0;1;0;0;0;0;0;;;0;0;0;1;0
07/09/2021;12:25:00;198;Acidente sem vítima;255,3;BR-101/ES;Sul;Saída de Pista;1;0;0;0;0;0;0;0;;;3;0;0;0;0
07/09/2021;12:47:00;203;Acidente sem vítima;306;BR-101/ES;Sul;Saída de Pista;1;0;0;0;0;0;0;0;;;2;0;0;0;0
08/09/2021;04:50:00;52;Acidente sem vítima;293,8;BR-101/ES;Sul;Saída de Pista;1;0;0;0;0;0;0;0;;;2;0;0;0;0
08/09/2021;04:52:00;54;Acidente sem vítima;293;BR-101/ES;Norte;Colisão Traseira;1;0;0;0;0;0;0;0;;;1;0;0;0;0
08/09/2021;05:27:00;58;Acidente sem vítima;265;BR-101/ES;Sul;Choque com Objeto Fixo;0;0;0;0;1;0;0;0;;;1;0;0;0;0
08/09/2021;06:23:00;71;Acidente sem vítima;265;BR-101/ES;Sul;Colisão Traseira;1;0;0;0;1;0;0;0;;;2;0;0;0;0
08/09/2021;10:12:00;128;Acidente com vítima;112;BR-101/ES;Sul;Capotamento;1;0;0;0;0;0;0;0;;;0;1;0;0;0
08/09/2021;12:59:00;211;Acidente sem vítima;285;BR-101/ES;Norte;Engavetamento;3;0;0;0;0;0;0;0;;;3;0;0;0;0
08/09/2021;14:41:00;239;Acidente sem vítima;190;BR-101/ES;Norte;Colisão Transversal;1;0;0;1;0;0;0;0;;;6;0;0;0;0
08/09/2021;18:49:00;299;Acidente com vítima;147;BR-101/ES;Sul;Colisão Traseira;1;0;0;1;0;0;0;0;;;1;1;0;0;0
08/09/2021;19:00:00;305;Acidente com vítima;298;BR-101/ES;Norte;Colisão Traseira;1;0;0;1;0;0;0;0;;;2;1;1;0;0
08/09/2021;21:25:00;324;Acidente sem vítima;270;BR-101/ES;Norte;Colisão Lateral;1;0;1;0;0;0;0;0;;;2;0;0;0;0
08/09/2021;22:00:00;330;Acidente com vítima;946;BR-101/BA;Sul;Atropelamento de Equino;0;0;0;1;0;0;0;0;;;0;0;1;0;0
09/09/2021;07:52:00;79;Acidente com vítima;382,8;BR-101/ES;Sul;Queda de Moto;0;0;0;1;0;0;0;0;;;0;0;1;0;0
09/09/2021;18:51:00;270;Acidente com vítima;117;BR-101/ES;Norte;Saída de Pista;1;0;0;0;0;0;0;0;;;0;0;1;0;0
09/09/2021;19:07:00;273;Atropelamento com morte;295,5;BR-101/ES;Norte;Atropelamento;2;0;0;0;0;0;0;0;;;2;0;0;0;1
09/09/2021;22:25:00;304;Acidente com vítima;134;BR-101/ES;Norte;Colisão Traseira;1;0;0;1;0;0;0;0;;;1;1;0;0;0
10/09/2021;14:16:00;242;Acidente sem vítima;185,7;BR-101/ES;Sul;Colisão Traseira;0;0;3;0;0;0;0;0;;;2;0;0;0;0
10/09/2021;17:45:00;311;Acidente com vítima;334,2;BR-101/ES;Norte;Saída de Pista;1;0;0;0;0;0;0;0;;;0;5;0;0;0
10/09/2021;19:20:00;327;Acidente sem vítima;298;BR-101/ES;Norte;Engavetamento;3;0;0;0;0;0;0;0;;;3;0;0;0;0
10/09/2021;19:37:00;330;Acidente sem vítima;61;BR-101/ES;Sul;Colisão Traseira;1;0;0;1;0;0;0;0;;;2;0;0;0;0
10/09/2021;20:58:00;352;Acidente sem vítima;174;BR-101/ES;Norte;Choque;1;0;0;0;0;0;0;0;;;3;0;0;0;0
10/09/2021;23:11:00;385;Acidente com vítima;182;BR-101/ES;Norte;Queda de Moto;1;0;0;0;0;0;0;0;;;0;2;0;0;0
11/09/2021;06:36:00;79;Acidente sem vítima;283,6;BR-101/ES;Norte;Saída de Pista;1;0;0;0;0;0;0;0;;;1;0;0;0;0
11/09/2021;09:14:00;124;Acidente sem vítima;266,3;BR-101/ES;Norte;Colisão Transversal;2;0;0;0;0;0;0;0;;;5;0;0;0;0
11/09/2021;14:04:00;220;Acidente com vítima;299,8;BR-101/ES;Sul;Colisão Traseira;2;0;0;0;0;0;0;0;;;3;1;0;0;0
11/09/2021;16:20:00;257;Acidente sem vítima;191;BR-101/ES;Sul;Saída de Pista;1;0;0;0;0;0;0;0;;;1;0;0;0;0
11/09/2021;17:13:00;280;Acidente com vítima;272,4;BR-101/ES;Norte;Colisão Transversal;2;0;0;0;0;0;0;0;;;0;1;2;0;0
11/09/2021;21:01:00;323;Acidente sem vítima;446;BR-101/ES;Norte;Saída de Pista;1;0;0;0;0;0;0;0;;;1;0;0;0;0
11/09/2021;21:17:00;325;Acidente sem vítima;266,6;BR-101/ES;Norte;Colisão Traseira;1;0;0;1;0;0;0;0;;;2;0;0;0;0
11/09/2021;23:45:00;358;Acidente com vítima;293,8;BR-101/ES;Norte;Saída de Pista;1;0;0;0;0;0;0;0;;;1;2;2;0;0
12/09/2021;01:15:00;15;Acidente sem vítima;269,7;BR-101/ES;Norte;Colisão Transversal;1;0;2;0;0;0;0;0;;;4;0;0;0;0
12/09/2021;07:18:00;66;Acidente com vítima;271,9;BR-101/ES;Norte;Queda de Moto;0;0;0;1;0;0;0;0;;;0;0;2;0;0
12/09/2021;13:22:00;215;Acidente sem vítima;6,7;BR-101/ES;Sul;Choque;1;0;0;0;0;0;0;0;;;1;0;0;0;0
12/09/2021;16:35:00;271;Acidente sem vítima;270;BR-101/ES;Sul;Colisão Traseira;2;0;0;0;0;0;0;0;;;2;0;0;0;0
12/09/2021;19:29:00;332;Acidente sem vítima;395;BR-101/ES;Sul;Queda de Moto;0;0;1;1;0;0;0;0;;;2;0;0;0;0
12/09/2021;21:55:00;353;Acidente sem vítima;259;BR-101/ES;Sul;Colisão Lateral;2;0;0;1;0;0;0;0;;;4;0;0;0;0
13/09/2021;00:41:00;10;Acidente sem vítima;191;BR-101/ES;Sul;Atropelamento Animal;1;0;0;0;0;0;0;0;;;1;0;0;0;0
13/09/2021;00:55:00;15;Acidente sem vítima;149,2;BR-101/ES;Sul;Choque com Objeto Fixo;1;0;0;0;0;0;0;0;;;1;0;0;0;0
13/09/2021;06:45:00;86;Acidente com vítima;60,9;BR-101/ES;Norte;Colisão Traseira;2;0;0;0;0;0;0;0;;;4;0;1;0;0
13/09/2021;14:56:00;283;Acidente com vítima;295,7;BR-101/ES;Sul;Queda de Moto;0;0;0;1;0;0;0;0;;;0;1;1;0;0
13/09/2021;17:10:00;320;Acidente sem vítima;214,1;BR-101/ES;Sul;Colisão Lateral;1;0;1;0;0;0;0;0;;;1;0;0;0;0
13/09/2021;17:31:00;323;Acidente com vítima;261;BR-101/ES;Sul;Queda de Moto;0;0;0;1;0;0;0;0;;;0;0;1;0;0
13/09/2021;23:53:00;402;Acidente sem vítima;444;BR-101/ES;Norte;Choque;1;0;0;0;0;0;0;0;;;1;0;0;0;0
14/09/2021;05:07:00;67;Acidente sem vítima;321,5;BR-101/ES;Norte;Atropelamento de Bovino;0;0;1;0;0;0;0;0;;;1;0;0;0;0
14/09/2021;06:52:00;79;Acidente com vítima;235;BR-101/ES;Norte;Choque;0;0;1;1;0;0;0;0;;;1;2;0;0;0
14/09/2021;07:16:00;86;Acidente com vítima;287,5;BR-101/ES;Norte;Queda de Moto;0;0;0;1;0;0;0;0;;;0;0;1;0;0
14/09/2021;07:21:00;89;Acidente sem vítima;358,1;BR-101/ES;Sul;Colisão Lateral;1;0;3;0;0;0;0;0;;;2;0;0;0;0
14/09/2021;12:19:00;211;Acidente com vítima;146;BR-101/ES;Sul;Colisão Transversal;2;0;0;1;0;0;0;0;;;5;0;1;0;0
14/09/2021;13:02:00;225;Acidente sem vítima;266,3;BR-101/ES;Sul;Colisão Lateral;1;0;2;0;0;0;0;0;;;2;0;0;0;0
14/09/2021;15:23:00;259;Acidente sem vítima;270,5;BR-101/ES;Sul;Colisão Lateral;1;0;0;1;0;0;0;0;;;2;0;0;0;0
14/09/2021;16:54:00;278;Acidente com vítima;67;BR-101/ES;Sul;Colisão Traseira;1;0;0;1;0;0;0;0;;;1;0;2;0;0
14/09/2021;18:16:00;303;Acidente sem vítima;96;BR-101/ES;Norte;Atropelamento Animal;1;0;1;0;0;0;0;0;;;2;0;0;0;0
14/09/2021;18:57:00;317;Acidente com vítima;287,4;BR-101/ES;Sul;Choque;1;0;0;0;0;0;0;0;;;1;1;1;0;0
15/09/2021;06:17:00;99;Acidente sem vítima;157,7;BR-101/ES;Sul;Queda de Moto;0;0;0;1;0;0;0;0;;;1;0;0;0;0
15/09/2021;08:57:00;154;Acidente sem vítima;343,2;BR-101/ES;Sul;Colisão Traseira;2;0;0;0;0;0;0;0;;;3;0;0;0;0
15/09/2021;09:23:00;164;Acidente sem vítima;131;BR-101/ES;Sul;Colisão Lateral;1;0;3;0;0;0;0;0;;;3;0;0;0;0
15/09/2021;09:44:00;170;Acidente com vítima;267,3;BR-101/ES;Sul;Colisão Lateral;1;0;0;1;0;0;0;0;;;1;1;0;0;0
15/09/2021;13:27:00;275;Acidente sem vítima;452;BR-101/ES;Norte;Colisão Traseira;1;0;1;0;0;0;0;0;;;5;0;0;0;0
15/09/2021;13:40:00;280;Acidente sem vítima;347;BR-101/ES;Norte;Colisão Traseira;0;0;3;0;0;0;0;0;;;3;0;0;0;0
15/09/2021;13:46:00;282;Acidente sem vítima;335,5;BR-101/ES;Norte;Colisão Lateral;1;0;2;0;0;0;0;0;;;4;0;0;0;0
15/09/2021;17:16:00;346;Acidente com vítima;145;BR-101/ES;Sul;Colisão Traseira;1;0;0;1;0;0;0;0;;;1;0;1;0;0
15/09/2021;18:19:00;369;Acidente sem vítima;67,5;BR-101/ES;Norte;Colisão Traseira;1;0;0;0;0;0;0;0;;;1;0;0;0;0
15/09/2021;19:44:00;387;Acidente sem vítima;144;BR-101/ES;Norte;Colisão Traseira;3;0;0;0;0;0;0;0;;;3;0;0;0;0
15/09/2021;20:26:00;400;Acidente sem vítima;297;BR-101/ES;Sul;Choque com Objeto Fixo;1;0;0;0;0;0;0;0;;;1;0;0;0;0
16/09/2021;04:12:00;56;Acidente sem vítima;443,6;BR-101/ES;Norte;Atropelamento Animal;1;0;0;0;0;0;0;0;;;1;0;0;0;0
16/09/2021;07:15:00;107;Acidente com vítima;299,8;BR-101/ES;Sul;Colisão Lateral;1;0;0;1;0;0;0;0;;;1;0;1;0;0
16/09/2021;09:50:00;170;Acidente com vítima;251;BR-101/ES;Sul;Engavetamento;2;0;1;0;1;0;0;0;;;6;0;1;0;0
16/09/2021;10:53:00;207;Acidente sem vítima;109;BR-101/ES;Sul;Choque;1;0;0;0;0;0;0;0;;;1;0;0;0;0
16/09/2021;11:40:00;227;Acidente com vítima;430,1;BR-101/ES;Sul;Saída de Pista;1;0;0;0;0;0;0;0;;;0;0;1;0;0
16/09/2021;12:16:00;240;Acidente sem vítima;279;BR-101/ES;Norte;Choque com Objeto Fixo;1;0;0;0;0;0;0;0;;;1;0;0;0;0
16/09/2021;13:18:00;263;Acidente com vítima;157;BR-101/ES;Norte;Queda de Moto;0;0;0;1;0;0;0;0;;;0;2;0;0;0
16/09/2021;13:46:00;272;Acidente com vítima;150,5;BR-101/ES;Sul;Colisão Transversal;1;0;1;0;0;0;0;0;;;1;0;1;0;0
16/09/2021;14:14:00;282;Acidente sem vítima;151;BR-101/ES;Norte;Colisão Traseira;2;0;0;0;0;0;0;0;;;2;0;0;0;0
16/09/2021;16:56:00;327;Acidente com vítima;146;BR-101/ES;Norte;Colisão Traseira;1;0;0;1;0;0;0;0;;;1;0;1;0;0
16/09/2021;17:44:00;347;Acidente sem vítima;146,8;BR-101/ES;Norte;Engavetamento;3;0;0;0;0;0;0;0;;;3;0;0;0;0
16/09/2021;18:09:00;356;Acidente sem vítima;264;BR-101/ES;Norte;Colisão Traseira;1;0;0;0;0;0;0;0;;;1;0;0;0;0
16/09/2021;20:11:00;384;Atropelamento sem morte;267;BR-101/ES;Norte;Atropelamento;3;0;0;0;0;1;0;0;;;4;0;1;0;0
17/09/2021;07:11:00;104;Acidente com morte;177,1;BR-101/ES;Sul;Colisão Frontal;1;0;2;0;0;0;0;0;;;0;1;0;0;2
17/09/2021;09:05:00;151;Acidente com vítima;293,7;BR-101/ES;Norte;Engavetamento;2;0;1;0;0;0;0;0;;;2;1;0;0;0
17/09/2021;17:36:00;316;Acidente sem vítima;269,7;BR-101/ES;Norte;Colisão Transversal;1;0;0;1;0;0;0;0;;;2;0;0;0;0
17/09/2021;18:26:00;323;Acidente com vítima;268;BR-101/ES;Sul;Colisão Traseira;1;0;0;1;0;0;0;0;;;1;1;0;0;0
17/09/2021;18:48:00;329;Acidente com vítima;255;BR-101/ES;Sul;Colisão Transversal;1;0;0;1;0;0;0;0;;;2;1;0;0;0
17/09/2021;19:12:00;335;Acidente com vítima;69,4;BR-101/ES;Sul;Colisão Transversal;0;0;0;2;0;0;0;0;;;0;0;1;1;0
17/09/2021;21:43:00;365;Acidente com vítima;122,5;BR-101/ES;Norte;Colisão com ciclista;1;1;0;0;0;0;0;0;;;3;0;1;0;0
18/09/2021;04:32:00;67;Acidente com vítima;30,1;BR-101/ES;Sul;Colisão Traseira;1;0;2;0;0;0;0;0;;;1;3;1;0;0
18/09/2021;06:09:00;83;Acidente sem vítima;118;BR-101/ES;Norte;Colisão Lateral;1;0;1;0;0;0;0;0;;;3;0;0;0;0
18/09/2021;07:07:00;93;Acidente com vítima;304,8;BR-101/ES;Norte;Queda de Moto;0;0;0;1;0;0;0;0;;;0;1;1;0;0
18/09/2021;07:58:00;113;Acidente sem vítima;401,1;BR-101/ES;Sul;Colisão Traseira;1;0;2;0;0;0;0;0;;;2;0;0;0;0
18/09/2021;16:53:00;271;Acidente sem vítima;290;BR-101/ES;Sul;Saída de Pista;1;0;0;0;0;0;0;0;;;1;0;0;0;0
18/09/2021;19:17:00;300;Acidente com vítima;262;BR-101/ES;Sul;Colisão Traseira;1;0;0;1;0;0;0;0;;;1;0;1;0;0
18/09/2021;20:27:00;317;Acidente com vítima;76,8;BR-101/ES;Sul;Saída de Pista;0;0;1;0;0;0;0;0;;;0;0;0;1;0
19/09/2021;00:12:00;10;Acidente sem vítima;260;BR-101/ES;Sul;Colisão Traseira;1;0;1;0;0;0;0;0;;;2;0;0;0;0
19/09/2021;01:03:00;25;Acidente sem vítima;70;BR-101/ES;Norte;Colisão Traseira;2;0;0;0;0;0;0;0;;;2;0;0;0;0
19/09/2021;02:28:00;38;Acidente sem vítima;237;BR-101/ES;Sul;Saída de Pista;1;0;0;0;0;0;0;0;;;1;0;0;0;0
19/09/2021;04:11:00;49;Acidente com vítima;146,7;BR-101/ES;Norte;Colisão Traseira;2;0;0;0;0;0;0;0;;;2;1;0;0;0
19/09/2021;10:30:00;136;Acidente com vítima;57;BR-101/ES;Sul;Queda de Moto;0;0;0;1;0;0;0;0;;;0;2;0;0;0
19/09/2021;12:29:00;194;Acidente com vítima;299,9;BR-101/ES;Norte;Queda de Moto;0;0;0;1;0;0;0;0;;;0;2;0;0;0
19/09/2021;13:23:00;211;Acidente com vítima;195,3;BR-101/ES;Sul;Colisão Transversal;2;0;0;0;0;0;0;0;;;4;2;0;0;0
19/09/2021;18:15:00;306;Acidente sem vítima;267,8;BR-101/ES;Norte;Colisão Traseira;2;0;0;0;0;0;0;0;;;3;0;0;0;0
19/09/2021;21:57:00;350;Acidente com morte;411,1;BR-101/ES;Norte;Colisão com ciclista;1;1;1;1;0;0;0;0;;;1;0;1;1;2
19/09/2021;22:48:00;363;Acidente com vítima;262;BR-101/ES;Sul;Colisão Traseira;2;0;0;0;0;0;0;0;;;2;1;0;0;0
20/09/2021;03:59:00;55;Acidente sem vítima;287,4;BR-101/ES;Sul;Choque com Objeto Fixo;1;0;0;0;0;0;0;0;;;1;0;0;0;0
20/09/2021;07:18:00;103;Acidente com vítima;147,9;BR-101/ES;Sul;Colisão com ciclista;0;1;4;0;0;0;0;0;;;1;1;0;0;0
20/09/2021;08:08:00;120;Acidente sem vítima;135,6;BR-101/ES;Sul;Choque;1;0;0;0;0;0;0;0;;;1;0;0;0;0
20/09/2021;08:51:00;136;Acidente com vítima;267;BR-101/ES;Sul;Queda de Moto;0;0;0;1;0;0;0;0;;;0;0;1;0;0
20/09/2021;10:45:00;186;Acidente com vítima;90,4;BR-101/ES;Norte;Queda de Moto;0;0;0;1;0;0;0;0;;;0;0;1;0;0
20/09/2021;12:00:00;224;Acidente sem vítima;276;BR-101/ES;Norte;Veículo em Chamas;0;0;3;0;0;0;0;0;;;1;0;0;0;0
20/09/2021;14:08:00;265;Acidente sem vítima;320;BR-101/ES;Norte;Choque;1;0;0;0;0;0;0;0;;;1;0;0;0;0
20/09/2021;15:52:00;290;Acidente com vítima;270,4;BR-101/ES;Norte;Colisão Transversal;0;0;2;1;0;0;0;0;;;1;0;1;0;0
20/09/2021;17:44:00;333;Acidente com vítima;66,4;BR-101/ES;Norte;Colisão Lateral;0;0;0;2;0;1;0;0;;;0;1;1;0;0
20/09/2021;23:03:00;398;Acidente sem vítima;235;BR-101/ES;Norte;Atropelamento Animal;1;0;0;0;0;0;0;0;;;1;0;0;0;0
20/09/2021;23:58:00;413;Acidente com vítima;230;BR-101/ES;Sul;Queda de Moto;0;0;1;1;0;0;0;0;;;1;2;0;0;0