data;horario;n_da_ocorrencia;tipo_de_ocorrencia;km;trecho;sentido;tipo_de_acidente;automovel;bicicleta;caminhao;moto;onibus;outros;tracao_animal;transporte_de_cargas_especiais;trator_maquinas;utilitarios;ilesos;levemente_feridos;moderadamente_feridos;gravemente_feridos;mortos
21/09/2021;07:09:00;82;Acidente sem vítima;110,5;BR-101/ES;Sul;Colisão Traseira;1;0;1;0;0;0;0;0;;;2;0;0;0;0
21/09/2021;07:13:00;83;Acidente com vítima;276;BR-101/ES;Sul;Queda de Moto;0;0;0;1;0;0;0;0;;;0;1;0;0;0
21/09/2021;08:27:00;110;Acidente sem vítima;295;BR-101/ES;Sul;Colisão Lateral;1;0;1;0;0;0;0;0;;;2;0;0;0;0
21/09/2021;10:03:00;149;Acidente sem vítima;273;BR-101/ES;Norte;Colisão Lateral;1;0;0;0;0;1;0;0;;;1;0;0;0;0
21/09/2021;13:02:00;237;Acidente sem vítima;266,5;BR-101/ES;Sul;Colisão Traseira;1;0;0;1;0;0;0;0;;;2;0;0;0;0
21/09/2021;16:20:00;299;Acidente sem vítima;320,8;BR-101/ES;Sul;Choque com Objeto Fixo;1;0;0;0;0;0;0;0;;;5;0;0;0;0
21/09/2021;16:24:00;300;Acidente sem vítima;301,4;BR-101/ES;Norte;Atropelamento Animal;1;0;0;0;0;0;0;0;;;2;0;0;0;0
21/09/2021;18:21:00;337;Acidente com vítima;208;BR-101/ES;Norte;Queda de Moto;0;0;0;1;0;0;0;0;;;0;1;0;0;0
21/09/2021;23:33:00;397;Acidente com vítima;264;BR-101/ES;Norte;Choque com Objeto Fixo;0;0;0;1;0;0;0;0;;;0;1;0;0;0
22/09/2021;02:14:00;51;Acidente sem vítima;6;BR-101/ES;Norte;Choque com Objeto Fixo;0;0;3;0;0;0;0;0;;;1;0;0;0;0
22/09/2021;05:07:00;76;Acidente sem vítima;394,4;BR-101/ES;Sul;Tombamento;0;0;2;0;0;0;0;0;;;1;0;0;0;0
22/09/2021;20:50:00;314;Acidente sem vítima;354;BR-101/ES;Norte;Saída de Pista;0;0;1;0;0;0;0;0;;;1;0;0;0;0
22/09/2021;22:06:00;327;Acidente sem vítima;388,4;BR-101/ES;Norte;Tombamento;0;0;2;0;0;0;0;0;;;1;0;0;0;0
22/09/2021;22:56:00;349;Acidente sem vítima;388,4;BR-101/ES;Sul;Choque;1;0;0;0;0;0;0;0;;;1;0;0;0;0
23/09/2021;01:35:00;26;Acidente sem vítima;269;BR-101/ES;Norte;Choque com Objeto Fixo;1;0;0;0;0;0;0;0;;;1;0;0;0;0
23/09/2021;03:36:00;38;Atropelamento com morte;299,6;BR-101/ES;Norte;Atropelamento e Fuga;0;0;1;0;0;0;0;0;;;1;0;0;0;1
23/09/2021;10:55:00;170;Acidente com vítima;269,7;BR-101/ES;Norte;Colisão Lateral;1;0;0;1;0;0;0;0;;;1;0;1;0;0
23/09/2021;12:55:00;214;Acidente sem vítima;295,1;BR-101/ES;Norte;Colisão Traseira;0;0;1;1;0;0;0;0;;;2;0;0;0;0
23/09/2021;19:13:00;318;Acidente com vítima;389,2;BR-101/ES;Sul;Colisão Traseira;2;0;5;0;0;0;0;0;;;6;0;1;0;0
23/09/2021;19:43:00;323;Acidente sem vítima;277,7;BR-101/ES;Sul;Atropelamento de Equino;1;0;0;0;0;0;0;0;;;1;0;0;0;0
23/09/2021;21:38:00;345;Acidente sem vítima;263;BR-101/ES;Norte;Saída de Pista;1;0;0;0;0;0;0;0;;;2;0;0;0;0
23/09/2021;22:12:00;350;Acidente sem vítima;267,2;BR-101/ES;Norte;Colisão Lateral;1;0;0;0;1;0;0;0;;;2;0;0;0;0
24/09/2021;05:34:00;60;Acidente sem vítima;366,6;BR-101/ES;Sul;Saída de Pista;1;0;0;0;0;0;0;0;;;1;0;0;0;0
24/09/2021;06:30:00;69;Acidente com vítima;266;BR-101/ES;Sul;Colisão Traseira;1;0;0;1;0;0;0;0;;;5;0;1;0;0
24/09/2021;06:56:00;70;Acidente sem vítima;258;BR-101/ES;Norte;Atropelamento Animal;1;0;0;0;0;0;0;0;;;1;0;0;0;0
24/09/2021;07:38:00;88;Acidente sem vítima;270;BR-101/ES;Norte;Colisão Lateral;1;0;2;0;0;0;0;0;;;2;0;0;0;0
24/09/2021;07:58:00;98;Acidente com vítima;140,5;BR-101/ES;Norte;Colisão Transversal;0;0;0;2;0;0;0;0;;;0;1;1;0;0
24/09/2021;10:12:00;151;Acidente sem vítima;262,6;BR-101/ES;Norte;Colisão Lateral;1;0;3;0;0;0;0;0;;;3;0;0;0;0
24/09/2021;14:05:00;255;Acidente sem vítima;294,9;BR-101/ES;Sul;Colisão Lateral;1;0;2;0;0;0;0;0;;;3;0;0;0;0
24/09/2021;14:39:00;264;Acidente sem vítima;246;BR-101/ES;Sul;Choque;1;0;0;0;0;0;0;0;;;1;0;0;0;0
24/09/2021;15:17:00;279;Acidente sem vítima;947,2;BR-101/BA;Sul;Tombamento;0;0;3;0;0;0;0;0;;;1;0;0;0;0
24/09/2021;16:14:00;299;Acidente sem vítima;137;BR-101/ES;Sul;Colisão Traseira;2;0;0;0;0;0;0;0;;;3;0;0;0;0
24/09/2021;17:19:00;320;Acidente sem vítima;247;BR-101/ES;Norte;Choque;1;0;0;0;0;0;0;0;;;1;0;0;0;0
24/09/2021;17:36:00;325;Acidente com vítima;297;BR-101/ES;Norte;Colisão Traseira;1;0;0;1;0;0;0;0;;;0;1;0;0;0
24/09/2021;17:44:00;330;Acidente sem vítima;210,8;BR-101/ES;Norte;Queda de Moto;0;0;0;1;0;0;0;0;;;1;0;0;0;0
24/09/2021;17:52:00;332;Acidente sem vítima;139;BR-101/ES;Norte;Colisão Traseira;2;0;0;0;0;0;0;0;;;9;0;0;0;0
24/09/2021;18:51:00;347;Acidente sem vítima;179;BR-101/ES;Norte;Saída de Pista;1;0;0;0;0;0;0;0;;;2;0;0;0;0
24/09/2021;19:03:00;353;Acidente com vítima;270;BR-101/ES;Norte;Colisão Lateral;1;0;0;1;0;0;0;0;;;1;0;1;0;0
24/09/2021;19:40:00;365;Acidente sem vítima;241;BR-101/ES;Sul;Colisão Traseira;1;0;1;0;0;0;0;0;;;4;0;0;0;0
24/09/2021;20:14:00;378;Acidente sem vítima;278;BR-101/ES;Sul;Saída de Pista;0;0;0;0;1;0;0;0;;;1;0;0;0;0
24/09/2021;20:41:00;383;Acidente sem vítima;296,1;BR-101/ES;Sul;Colisão Lateral;1;0;2;0;0;0;0;0;;;2;0;0;0;0
25/09/2021;05:20:00;55;Acidente com vítima;402;BR-101/ES;Norte;Saída de Pista;1;0;0;0;0;0;0;0;;;0;2;0;0;0
25/09/2021;09:30:00;136;Acidente com vítima;143,3;BR-101/ES;Sul;Colisão Traseira;2;0;0;1;0;0;0;0;;;4;1;0;0;0
25/09/2021;10:16:00;152;Acidente com vítima;160;BR-101/ES;Norte;Queda de Moto;0;0;0;1;0;0;0;0;;;0;0;1;0;0
25/09/2021;11:40:00;179;Acidente com vítima;258,9;BR-101/ES;Norte;Queda de Bicicleta;0;1;0;0;0;0;0;0;;;0;0;1;0;0
25/09/2021;16:56:00;246;Acidente sem vítima;368;BR-101/ES;Sul;Engavetamento;3;0;0;0;0;0;0;0;;;3;0;0;0;0
25/09/2021;17:36:00;258;Acidente com vítima;159,1;BR-101/ES;Sul;Colisão Lateral;2;0;0;0;0;0;0;0;;;1;2;0;0;0
25/09/2021;19:38:00;286;Acidente com morte;294;BR-101/ES;Norte;Colisão com ciclista;1;1;0;0;0;0;0;0;;;2;0;0;0;1
25/09/2021;23:22:00;333;Acidente com vítima;203,6;BR-101/ES;Norte;Tombamento;0;0;0;0;1;0;0;0;;;22;0;7;0;0
26/09/2021;01:16:00;21;Acidente com vítima;29;BR-101/ES;Sul;Queda de Moto;0;0;0;1;0;0;0;0;;;0;0;0;1;0
26/09/2021;01:22:00;22;Acidente sem vítima;69;BR-101/ES;Sul;Saída de Pista;1;0;0;0;0;0;0;0;;;1;0;0;0;0
26/09/2021;02:06:00;32;Acidente sem vítima;393,6;BR-101/ES;Norte;Colisão Transversal;1;0;2;0;0;0;0;0;;;2;0;0;0;0
26/09/2021;03:55:00;54;Acidente sem vítima;326;BR-101/ES;Norte;Atropelamento de Bovino;1;0;0;0;0;0;0;0;;;1;0;0;0;0
26/09/2021;07:23:00;89;Acidente sem vítima;46,6;BR-101/ES;Sul;Saída de Pista;1;0;0;0;0;0;0;0;;;3;0;0;0;0
26/09/2021;11:26:00;144;Acidente sem vítima;144,5;BR-101/ES;Norte;Colisão Traseira;2;0;0;0;0;0;0;0;;;5;0;0;0;0
26/09/2021;12:51:00;182;Acidente com vítima;448,7;BR-101/ES;Norte;Capotamento;1;0;0;0;0;0;0;0;;;0;0;1;0;0
26/09/2021;16:32:00;218;Acidente sem vítima;337,9;BR-101/ES;Norte;Saída de Pista;0;0;2;0;0;0;0;0;;;1;0;0;0;0
26/09/2021;17:23:00;234;Acidente sem vítima;219,1;BR-101/ES;Sul;Colisão Traseira;2;0;0;0;0;0;0;0;;;9;0;0;0;0
26/09/2021;22:31:00;302;Acidente com vítima;221,7;BR-101/ES;Sul;Queda de Moto;0;0;0;1;0;0;0;0;;;0;0;1;0;0
27/09/2021;09:06:00;113;Acidente sem vítima;264,4;BR-101/ES;Norte;Colisão Lateral;1;0;1;0;0;0;0;0;;;2;0;0;0;0
27/09/2021;09:22:00;120;Acidente sem vítima;268;BR-101/ES;Sul;Colisão Lateral;1;0;1;0;0;0;0;0;;;1;0;0;0;0
27/09/2021;09:47:00;130;Acidente sem vítima;245,9;BR-101/ES;Sul;Choque;1;0;0;0;0;0;0;0;;;1;0;0;0;0
27/09/2021;10:59:00;170;Acidente sem vítima;269;BR-101/ES;Norte;Colisão Traseira;1;0;2;0;0;0;0;0;;;2;0;0;0;0
27/09/2021;12:45:00;221;Acidente sem vítima;207,9;BR-101/ES;Sul;Colisão Traseira;2;0;0;0;0;0;0;0;;;4;0;0;0;0
27/09/2021;13:23:00;238;Acidente sem vítima;257,3;BR-101/ES;Norte;Colisão Lateral;0;0;1;1;0;0;0;0;;;2;0;0;0;0
27/09/2021;14:58:00;266;Acidente sem vítima;266,4;BR-101/ES;Norte;Colisão Traseira;2;0;0;0;0;0;0;0;;;2;0;0;0;0
27/09/2021;16:10:00;290;Acidente sem vítima;204,3;BR-101/ES;Norte;Colisão Lateral;1;0;1;0;0;0;0;0;;;3;0;0;0;0
27/09/2021;16:19:00;294;Acidente sem vítima;158,7;BR-101/ES;Norte;Colisão Traseira;0;0;2;0;0;0;0;0;;;2;0;0;0;0
27/09/2021;18:01:00;325;Acidente com vítima;333;BR-101/ES;Norte;Queda de Moto;0;0;0;1;0;0;0;0;;;0;1;0;0;0
27/09/2021;19:30:00;343;Acidente com vítima;408;BR-101/ES;Sul;Tombamento;0;0;2;0;0;0;0;0;;;0;0;0;1;0
27/09/2021;22:56:00;384;Acidente com vítima;256,8;BR-101/ES;Sul;Colisão Lateral;1;0;1;0;0;0;0;0;;;3;1;0;0;0
27/09/2021;23:00:00;387;Acidente sem vítima;149,5;BR-101/ES;Sul;Choque com Objeto Fixo;0;0;2;0;0;0;0;0;;;1;0;0;0;0
28/09/2021;02:46:00;46;Acidente sem vítima;443,4;BR-101/ES;Norte;Tombamento;0;0;2;0;0;0;0;0;;;1;0;0;0;0
28/09/2021;10:51:00;166;Acidente sem vítima;380;BR-101/ES;Sul;Choque;1;0;0;0;0;0;0;0;;;1;0;0;0;0
28/09/2021;11:53:00;190;Acidente sem vítima;184,9;BR-101/ES;Norte;Saída de Pista;1;0;0;0;0;0;0;0;;;1;0;0;0;0
28/09/2021;12:24:00;210;Acidente sem vítima;268;BR-101/ES;Norte;Colisão Traseira;1;0;0;0;1;0;0;0;;;2;0;0;0;0
28/09/2021;12:45:00;219;Acidente sem vítima;266,4;BR-101/ES;Sul;Engavetamento;4;0;0;0;0;0;0;0;;;4;0;0;0;0
28/09/2021;14:10:00;240;Acidente com vítima;269;BR-101/ES;Sul;Colisão Traseira;1;0;0;0;1;0;0;0;;;1;0;1;0;0
28/09/2021;14:11:00;241;Acidente com vítima;419,5;BR-101/ES;Norte;Colisão Lateral;0;0;4;0;0;0;0;0;;;1;0;1;0;0
28/09/2021;15:29:00;267;Acidente sem vítima;419,5;BR-101/ES;Norte;Choque;0;0;2;0;0;0;0;0;;;1;0;0;0;0
28/09/2021;16:05:00;280;Acidente sem vítima;287;BR-101/ES;Sul;Colisão Lateral;2;0;0;0;0;0;0;0;;;2;0;0;0;0
28/09/2021;17:34:00;305;Acidente sem vítima;125;BR-101/ES;Norte;Engavetamento;4;0;0;0;0;0;0;0;;;5;0;0;0;0
28/09/2021;19:15:00;320;Acidente sem vítima;218,8;BR-101/ES;Sul;Colisão Traseira;1;0;3;0;0;0;0;0;;;4;0;0;0;0
29/09/2021;10:04:00;120;Acidente com vítima;212,8;BR-101/ES;Norte;Queda de Moto;0;0;0;1;0;0;0;0;;;0;0;1;0;0
29/09/2021;13:45:00;221;Acidente com vítima;159,6;BR-101/ES;Sul;Colisão com ciclista;1;1;0;0;0;0;0;0;;;1;0;1;0;0
29/09/2021;22:06:00;329;Acidente sem vítima;262;BR-101/ES;Norte;Colisão Lateral;1;0;2;0;0;0;0;0;;;3;0;0;0;0
30/09/2021;02:22:00;46;Acidente sem vítima;79,5;BR-101/ES;Norte;Atropelamento de Bovino;0;0;1;0;0;0;0;0;;;1;0;0;0;0
30/09/2021;06:05:00;86;Acidente sem vítima;223,5;BR-101/ES;Sul;Colisão Traseira;0;0;2;0;0;0;0;0;;;2;0;0;0;0
30/09/2021;07:09:00;92;Acidente com vítima;268,7;BR-101/ES;Sul;Colisão Lateral;1;0;0;1;0;0;0;0;;;1;1;1;0;0
30/09/2021;08:09:00;107;Acidente com vítima;459,7;BR-101/ES;Sul;Tombamento;0;0;2;0;0;0;0;0;;;0;1;0;0;0
30/09/2021;08:20:00;114;Atropelamento sem morte;268,4;BR-101/ES;Sul;Atropelamento;0;0;0;1;0;0;0;0;;;1;0;1;0;0
30/09/2021;09:37:00;132;Acidente sem vítima;270,6;BR-101/ES;Norte;Colisão Transversal;2;0;0;0;0;0;0;0;;;2;0;0;0;0
30/09/2021;10:12:00;146;Acidente sem vítima;267,8;BR-101/ES;Sul;Colisão Lateral;1;0;1;0;0;0;0;0;;;2;0;0;0;0
30/09/2021;13:29:00;226;Acidente sem vítima;266,5;BR-101/ES;Sul;Colisão Traseira;2;0;0;0;0;0;0;0;;;2;0;0;0;0
30/09/2021;14:14:00;241;Acidente sem vítima;142;BR-101/ES;Norte;Colisão Traseira;2;0;0;0;0;0;0;0;;;3;0;0;0;0
30/09/2021;17:03:00;279;Acidente sem vítima;393;BR-101/ES;Norte;Colisão Traseira;2;0;0;0;0;0;0;0;;;2;0;0;0;0
30/09/2021;17:48:00;295;Acidente com vítima;266,6;BR-101/ES;Norte;Colisão Lateral;1;0;0;1;0;0;0;0;;;1;0;1;0;0
01/10/2021;05:06:00;65;Acidente sem vítima;103;BR-101/ES;Sul;Choque;1;0;0;0;0;0;0;0;;;1;0;0;0;0
01/10/2021;08:17:00;108;Acidente com vítima;138,8;BR-101/ES;Sul;Colisão Lateral;1;0;1;0;0;0;0;0;;;1;2;0;0;0
01/10/2021;13:01:00;235;Acidente sem vítima;331;BR-101/ES;Sul;Choque com Objeto Fixo;1;0;0;0;0;0;0;0;;;1;0;0;0;0
01/10/2021;14:30:00;268;Acidente com vítima;159,9;BR-101/ES;Sul;Colisão Transversal;1;0;0;1;0;0;0;0;;;1;0;1;0;0
01/10/2021;16:02:00;293;Acidente com vítima;110,3;BR-101/ES;Norte;Colisão Traseira;0;0;2;0;0;0;0;0;;;1;1;0;0;0
01/10/2021;16:12:00;296;Acidente com vítima;354,4;BR-101/ES;Sul;Colisão Transversal;1;0;0;1;0;0;0;0;;;3;0;1;0;0
01/10/2021;17:08:00;320;Acidente sem vítima;207,8;BR-101/ES;Sul;Choque com Objeto Fixo;1;0;0;0;0;0;0;0;;;1;0;0;0;0
01/10/2021;18:04:00;334;Acidente sem vítima;262;BR-101/ES;Norte;Colisão Traseira;2;0;0;0;0;0;0;0;;;2;0;0;0;0
01/10/2021;18:32:00;339;Acidente sem vítima;303;BR-101/ES;Sul;Choque;1;0;1;0;0;0;0;0;;;3;0;0;0;0
01/10/2021;18:40:00;341;Acidente sem vítima;279,9;BR-101/ES;Sul;Saída de Pista;1;0;0;0;0;0;0;0;;;1;0;0;0;0
01/10/2021;19:02:00;344;Acidente sem vítima;74,4;BR-101/ES;Sul;Atropelamento Animal;0;0;0;1;0;0;0;0;;;2;0;0;0;0
02/10/2021;00:24:00;5;Acidente sem vítima;268;BR-101/ES;Sul;Saída de Pista;1;0;0;0;0;0;0;0;;;1;0;0;0;0
02/10/2021;05:52:00;83;Acidente com vítima;287,8;BR-101/ES;Sul;Queda de Moto;0;0;0;1;0;0;0;0;;;0;0;0;1;0
02/10/2021;09:05:00;142;Acidente sem vítima;265,8;BR-101/ES;Sul;Engavetamento;3;0;0;0;0;0;0;0;;;3;0;0;0;0
02/10/2021;09:06:00;144;Acidente com vítima;143,2;BR-101/ES;Sul;Colisão Lateral;2;0;1;0;0;0;0;0;;;2;2;1;0;0
02/10/2021;10:21:00;169;Acidente sem vítima;302;BR-101/ES;Sul;Colisão Lateral;2;0;0;0;0;0;0;0;;;2;0;0;0;0
02/10/2021;11:25:00;209;Acidente com vítima;165,4;BR-101/ES;Norte;Colisão Lateral;1;0;0;1;0;0;0;0;;;2;0;1;0;0
02/10/2021;13:28:00;259;Acidente com vítima;24,9;BR-101/ES;Sul;Colisão Traseira;2;0;0;0;0;0;0;0;;;1;1;1;0;0
02/10/2021;13:37:00;262;Acidente sem vítima;85,9;BR-101/ES;Norte;Engavetamento;3;0;0;0;0;0;0;0;;;8;0;0;0;0
02/10/2021;16:05:00;304;Acidente sem vítima;355;BR-101/ES;Norte;Saída de Pista;1;0;0;0;0;0;0;0;;;1;0;0;0;0
02/10/2021;22:29:00;392;Acidente com vítima;398;BR-101/ES;Sul;Capotamento;1;0;0;0;0;0;0;0;;;0;1;0;0;0
03/10/2021;08:05:00;91;Acidente sem vítima;368,5;BR-101/ES;Sul;Capotamento;1;0;0;0;0;0;0;0;;;5;0;0;0;0
03/10/2021;09:19:00;113;Acidente sem vítima;240,5;BR-101/ES;Sul;Danos Eventuais;1;0;0;0;0;0;0;0;;;2;0;0;0;0
03/10/2021;12:37:00;184;Acidente sem vítima;262;BR-101/ES;Norte;Colisão Traseira;2;0;0;0;0;0;0;0;;;2;0;0;0;0
03/10/2021;17:17:00;253;Acidente com vítima;109,7;BR-101/ES;Sul;Atropelamento Animal;0;0;0;1;0;0;0;0;;;0;0;1;0;0
03/10/2021;19:22:00;292;Acidente sem vítima;319;BR-101/ES;Sul;Atropelamento Animal;1;0;0;0;0;0;0;0;;;2;0;0;0;0
03/10/2021;20:38:00;309;Acidente com vítima;124,5;BR-101/ES;Norte;Colisão com ciclista;0;1;0;0;1;0;0;0;;;20;0;0;1;0
04/10/2021;06:30:00;84;Acidente sem vítima;244;BR-101/ES;Norte;Colisão Lateral;0;0;2;0;0;0;0;0;;;2;0;0;0;0
04/10/2021;15:22:00;250;Acidente com morte;191,2;BR-101/ES;Norte;Colisão Frontal;2;0;0;0;0;0;0;0;;;0;1;1;0;2
04/10/2021;16:00:00;256;Atropelamento sem morte;269;BR-101/ES;Sul;Atropelamento;1;0;0;1;0;0;0;0;;;1;1;1;0;0
04/10/2021;16:57:00;274;Acidente sem vítima;296,8;BR-101/ES;Sul;Tombamento;0;0;1;0;0;0;0;0;;;1;0;0;0;0
04/10/2021;17:09:00;278;Acidente sem vítima;302;BR-101/ES;Norte;Colisão Lateral;1;0;1;0;0;0;0;0;;;1;0;0;0;0
04/10/2021;19:57:00;314;Acidente com vítima;458;BR-101/ES;Norte;Colisão Transversal;1;0;2;0;0;0;0;0;;;0;2;0;0;0
04/10/2021;22:09:00;341;Acidente sem vítima;292;BR-101/ES;Norte;Danos Eventuais;0;0;1;0;0;0;0;0;;;1;0;0;0;0
05/10/2021;04:11:00;72;Acidente sem vítima;358;BR-101/ES;Sul;Choque;1;0;0;0;0;0;0;0;;;1;0;0;0;0
05/10/2021;06:24:00;96;Acidente com vítima;203,6;BR-101/ES;Norte;Queda de Moto;0;0;0;1;0;0;0;0;;;0;0;2;0;0
05/10/2021;07:24:00;109;Acidente com vítima;400,9;BR-101/ES;Sul;Queda de Moto;0;0;0;1;0;0;0;0;;;0;1;0;0;0
05/10/2021;07:55:00;125;Acidente sem vítima;249,9;BR-101/ES;Norte;Choque;1;0;0;0;0;0;0;0;;;1;0;0;0;0
05/10/2021;08:06:00;130;Acidente com morte;63,3;BR-101/ES;Norte;Colisão Lateral;1;0;1;0;0;0;0;0;;;0;1;0;0;1
05/10/2021;08:18:00;137;Acidente sem vítima;249,9;BR-101/ES;Norte;Choque;1;0;0;0;0;0;0;0;;;1;0;0;0;0
05/10/2021;08:22:00;139;Acidente sem vítima;296,8;BR-101/ES;Norte;Colisão Traseira;1;0;2;0;0;0;0;0;;;2;0;0;0;0
05/10/2021;08:33:00;142;Acidente sem vítima;354,8;BR-101/ES;Norte;Colisão Transversal;0;0;2;0;0;0;0;0;;;2;0;0;0;0
05/10/2021;09:56:00;160;Acidente sem vítima;62,9;BR-101/ES;Sul;Colisão Traseira;2;0;0;0;0;0;0;0;;;3;0;0;0;0
05/10/2021;17:14:00;306;Acidente com vítima;296,2;BR-101/ES;Norte;Colisão com ciclista;0;1;0;1;0;0;0;0;;;0;0;1;1;0
05/10/2021;18:20:00;320;Acidente sem vítima;270;BR-101/ES;Sul;Colisão Transversal;2;0;0;0;0;0;0;0;;;2;0;0;0;0
05/10/2021;20:26:00;345;Acidente com vítima;255,1;BR-101/ES;Sul;Colisão Traseira;1;0;0;1;0;0;0;0;;;3;0;0;1;0
05/10/2021;23:30:00;385;Acidente sem vítima;443;BR-101/ES;Sul;Saída de Pista;0;0;1;0;0;0;0;0;;;1;0;0;0;0
06/10/2021;01:20:00;14;Acidente com vítima;421;BR-101/ES;Sul;Queda de Moto;0;0;0;1;0;0;0;0;;;0;1;0;0;0
06/10/2021;02:37:00;29;Acidente com vítima;316,2;BR-101/ES;Sul;Choque com Objeto Fixo;0;0;2;0;0;0;0;0;;;0;1;0;0;0
06/10/2021;04:46:00;46;Acidente com vítima;215,4;BR-101/ES;Sul;Tombamento;0;0;1;0;0;0;0;0;;;2;1;0;0;0
06/10/2021;05:40:00;53;Acidente com vítima;125;BR-101/ES;Norte;Colisão Traseira;1;0;0;1;0;0;0;0;;;1;0;1;0;0
06/10/2021;08:44:00;109;Acidente sem vítima;351;BR-101/ES;Sul;Saída de Pista;1;0;0;0;0;0;0;0;;;4;0;0;0;0
06/10/2021;08:57:00;120;Acidente sem vítima;242;BR-101/ES;Norte;Choque com Objeto Fixo;1;0;0;0;0;0;0;0;;;1;0;0;0;0
06/10/2021;11:45:00;184;Acidente sem vítima;174,8;BR-101/ES;Sul;Colisão Lateral;1;0;3;0;0;0;0;0;;;2;0;0;0;0
06/10/2021;12:51:00;211;Acidente com vítima;144,1;BR-101/ES;Sul;Colisão Traseira;2;0;0;0;0;0;0;0;;;5;1;0;0;0
06/10/2021;15:36:00;262;Acidente com vítima;269,8;BR-101/ES;Sul;Colisão Lateral;1;0;0;1;0;0;0;0;;;1;0;1;0;0
06/10/2021;15:43:00;266;Atropelamento sem morte;147;BR-101/ES;Norte;Atropelamento e Fuga;0;0;0;1;0;0;0;0;;;1;0;1;0;0
06/10/2021;18:13:00;314;Atropelamento com morte;204,4;BR-101/ES;Norte;Atropelamento;0;0;1;0;0;0;0;0;;;2;0;0;0;1
06/10/2021;18:42:00;319;Acidente com vítima;331,5;BR-101/ES;Sul;Saída de Pista;1;0;0;0;0;0;0;0;;;0;0;1;0;0
06/10/2021;21:50:00;342;Acidente com vítima;262;BR-101/ES;Sul;Queda de Moto;0;0;0;1;0;0;0;0;;;0;1;0;0;0
06/10/2021;21:54:00;344;Acidente com vítima;140;BR-101/ES;Norte;Queda de Bicicleta;0;1;0;0;0;0;0;0;;;0;1;0;0;0
07/10/2021;08:26:00;114;Acidente sem vítima;147,5;BR-101/ES;Sul;Colisão Traseira;1;0;2;0;0;0;0;0;;;2;0;0;0;0
07/10/2021;15:04:00;269;Acidente com vítima;335,7;BR-101/ES;Norte;Colisão Traseira;2;0;2;0;0;0;0;0;;;1;0;1;0;0
07/10/2021;15:59:00;287;Acidente com vítima;266,5;BR-101/ES;Sul;Colisão Lateral;1;0;0;1;0;0;0;0;;;1;0;1;0;0
07/10/2021;16:27:00;294;Acidente sem vítima;172,2;BR-101/ES;Sul;Queda de Moto;0;0;0;1;0;0;0;0;;;2;0;0;0;0
07/10/2021;21:45:00;367;Acidente com vítima;147;BR-101/ES;Sul;Colisão com ciclista;1;1;0;0;0;0;0;0;;;1;1;0;0;0
07/10/2021;21:47:00;368;Acidente sem vítima;251;BR-101/ES;Norte;Choque;0;0;1;0;0;0;0;0;;;1;0;0;0;0
08/10/2021;03:41:00;68;Acidente com vítima;322,5;BR-101/ES;Norte;Saída de Pista;1;0;1;0;0;0;0;0;;;1;1;0;0;0
08/10/2021;05:30:00;81;Acidente com vítima;85;BR-101/ES;Norte;Choque;0;0;0;1;0;0;0;0;;;1;1;0;0;0
08/10/2021;08:16:00;112;Acidente sem vítima;269,7;BR-101/ES;Sul;Colisão Transversal;0;0;1;0;1;0;0;0;;;2;0;0;0;0
08/10/2021;09:22:00;130;Acidente sem vítima;266,3;BR-101/ES;Norte;Colisão Transversal;1;0;1;0;0;0;0;0;;;2;0;0;0;0
08/10/2021;13:37:00;229;Acidente sem vítima;149;BR-101/ES;Sul;Colisão Lateral;1;0;2;0;0;0;0;0;;;2;0;0;0;0
08/10/2021;18:30:00;314;Acidente sem vítima;153,3;BR-101/ES;Norte;Engavetamento;3;0;0;0;0;0;0;0;;;4;0;0;0;0
08/10/2021;19:41:00;334;Acidente sem vítima;208;BR-101/ES;Sul;Colisão Lateral;1;0;0;1;0;0;0;0;;;3;0;0;0;0
08/10/2021;20:17:00;340;Atropelamento sem morte;119;BR-101/ES;Norte;Atropelamento e Fuga;1;0;0;0;0;0;0;0;;;1;0;1;0;0
08/10/2021;20:34:00;344;Acidente sem vítima;269;BR-101/ES;Sul;Colisão Traseira;1;0;3;0;0;0;0;0;;;2;0;0;0;0
09/10/2021;04:36:00;63;Acidente sem vítima;431,5;BR-101/ES;Sul;Choque;1;0;0;0;0;1;0;0;;;2;0;0;0;0
09/10/2021;06:20:00;77;Acidente sem vítima;284,6;BR-101/ES;Norte;Choque com Objeto Fixo;1;0;0;0;0;1;0;0;;;3;0;0;0;0
09/10/2021;06:49:00;82;Acidente sem vítima;402,7;BR-101/ES;Sul;Saída de Pista;1;0;0;0;0;0;0;0;;;1;0;0;0;0
09/10/2021;07:13:00;89;Acidente com vítima;171,7;BR-101/ES;Norte;Queda de ciclista;0;1;0;0;0;0;0;0;;;0;1;0;0;0
09/10/2021;07:23:00;93;Acidente sem vítima;264,1;BR-101/ES;Sul;Colisão Traseira;2;0;0;0;0;0;0;0;;;2;0;0;0;0
09/10/2021;09:35:00;129;Acidente com vítima;176,7;BR-101/ES;Norte;Colisão Traseira;1;0;2;0;0;0;0;0;;;1;1;0;0;0
09/10/2021;10:39:00;153;Acidente sem vítima;398,9;BR-101/ES;Norte;Colisão Traseira;2;0;0;0;0;0;0;0;;;5;0;0;0;0
09/10/2021;10:49:00;159;Acidente sem vítima;256,3;BR-101/ES;Norte;Colisão Traseira;2;0;0;0;0;0;0;0;;;7;0;0;0;0
09/10/2021;11:59:00;189;Acidente com vítima;267,8;BR-101/ES;Norte;Colisão Traseira;1;0;0;1;0;0;0;0;;;0;0;1;0;0