data;horario;n_da_ocorrencia;tipo_de_ocorrencia;km;trecho;sentido;tipo_de_acidente;automovel;bicicleta;caminhao;moto;onibus;outros;tracao_animal;transporte_de_cargas_especiais;trator_maquinas;utilitarios;ilesos;levemente_feridos;moderadamente_feridos;gravemente_feridos;mortos
29/10/2021;11:09:00;208;Acidente com vítima;270,4;BR-101/ES;Norte;Colisão Traseira;1;0;1;0;0;0;0;0;;;3;0;1;0;0
29/10/2021;12:00:00;235;Acidente sem vítima;32;BR-101/ES;Norte;Colisão Transversal;2;0;0;0;0;0;0;0;;;2;0;0;0;0
29/10/2021;13:22:00;270;Acidente sem vítima;441;BR-101/ES;Sul;Engavetamento;1;0;4;0;0;0;0;0;;;3;0;0;0;0
29/10/2021;15:23:00;314;Atropelamento sem morte;240,9;BR-101/ES;Sul;Atropelamento;1;0;1;0;0;0;0;0;;;5;1;0;0;0
29/10/2021;16:05:00;332;Acidente com vítima;293,3;BR-101/ES;Norte;Colisão com ciclista;0;1;1;0;0;0;0;0;;;1;0;1;0;0
29/10/2021;16:18:00;339;Acidente com vítima;266;BR-101/ES;Norte;Colisão Traseira;1;0;0;1;0;0;0;0;;;1;0;1;0;0
29/10/2021;20:48:00;405;Acidente sem vítima;282;BR-101/ES;Sul;Saída de Pista;1;0;0;0;0;0;0;0;;;1;0;0;0;0
30/10/2021;03:06:00;43;Acidente sem vítima;368;BR-101/ES;Norte;Choque com Objeto Fixo;1;0;0;0;0;0;0;0;;;1;0;0;0;0
30/10/2021;07:37:00;93;Acidente com vítima;436;BR-101/ES;Sul;Saída de Pista;1;0;0;0;0;0;0;0;;;2;1;1;0;0
30/10/2021;10:27:00;139;Acidente com vítima;162,9;BR-101/ES;Norte;Colisão Transversal;1;0;0;1;0;0;0;0;;;1;1;0;0;0
30/10/2021;11:03:00;150;Acidente com vítima;357,3;BR-101/ES;Norte;Colisão Frontal;1;0;1;0;0;0;0;0;;;1;4;0;0;0
30/10/2021;12:19:00;194;Acidente sem vítima;304,4;BR-101/ES;Sul;Colisão Traseira;0;0;2;0;0;0;0;0;;;1;0;0;0;0
30/10/2021;14:04:00;245;Acidente sem vítima;208,1;BR-101/ES;Sul;Choque com Objeto Fixo;1;0;0;0;0;0;0;0;;;1;0;0;0;0
30/10/2021;14:25:00;253;Acidente com vítima;344;BR-101/ES;Sul;Capotamento;1;0;0;0;0;0;0;0;;;0;1;0;0;0
30/10/2021;14:41:00;258;Acidente sem vítima;209;BR-101/ES;Norte;Queda de Moto;0;0;0;1;0;0;0;0;;;2;0;0;0;0
30/10/2021;15:16:00;266;Acidente com vítima;233,6;BR-101/ES;Sul;Capotamento;1;0;0;0;0;0;0;0;;;0;2;0;0;0
30/10/2021;15:27:00;273;Acidente com vítima;183,9;BR-101/ES;Norte;Saída de Pista;1;0;0;0;0;0;0;0;;;1;1;0;0;0
30/10/2021;15:33:00;277;Acidente com vítima;354,1;BR-101/ES;Norte;Colisão Lateral;2;0;0;0;0;0;0;0;;;1;0;1;0;0
30/10/2021;16:22:00;288;Acidente sem vítima;942,5;BR-101/BA;Norte;Saída de Pista;1;0;0;0;0;0;0;0;;;1;0;0;0;0
30/10/2021;16:47:00;304;Acidente com vítima;207,8;BR-101/ES;Norte;Capotamento;1;0;0;0;0;0;0;0;;;2;1;1;0;0
30/10/2021;17:38:00;321;Acidente sem vítima;258;BR-101/ES;Norte;Colisão Traseira;2;0;0;0;0;0;0;0;;;2;0;0;0;0
30/10/2021;23:17:00;380;Atropelamento sem morte;129;BR-101/ES;Sul;Atropelamento;1;0;0;0;0;0;0;0;;;1;0;0;1;0
31/10/2021;00:33:00;7;Acidente com vítima;103,6;BR-101/ES;Sul;Saída de Pista;1;0;0;0;0;0;0;0;;;0;1;0;0;0
31/10/2021;14:53:00;226;Acidente sem vítima;944;BR-101/BA;Norte;Saída de Pista;1;0;0;0;0;0;0;0;;;1;0;0;0;0
31/10/2021;19:02:00;272;Acidente com vítima;31;BR-101/ES;Norte;Colisão Frontal;1;0;2;0;0;0;0;0;;;1;0;0;2;0
31/10/2021;20:07:00;280;Acidente com morte;286,4;BR-101/ES;Sul;Queda de Moto;0;0;0;1;0;0;0;0;;;0;0;0;0;1
01/11/2021;06:55:00;83;Sem vítima;269.400;3158;Crescente;Colisão transversal;1;0;0;0;0;0;0;0;0;0;2;0;0;0;0
01/11/2021;07:17:00;88;Sem vítima;264.400;3242;Crescente;Colisão traseira;2;0;1;1;0;0;0;0;0;0;8;0;0;0;0
01/11/2021;07:22:00;90;Sem vítima;255.000;3235;Crescente;Colisão traseira;1;0;0;0;0;0;0;0;0;1;8;0;0;0;0
01/11/2021;18:31:00;281;Sem vítima;290.000;3246;Crescente;Choque;1;0;0;0;0;0;0;0;0;0;2;0;0;0;0
02/11/2021;01:50:00;35;Sem vítima;293.000;3249;Crescente;Saída de pista;0;0;1;0;0;0;0;0;0;0;2;0;0;0;0
02/11/2021;03:19:00;55;Sem vítima;149.300;3148;Crescente;Colisão transversal;3;0;0;0;0;0;0;0;0;0;8;0;0;0;0
02/11/2021;11:23:00;182;Sem vítima;245.000;3231;Decrescente;Choque;1;0;0;0;0;0;0;0;0;0;2;0;0;0;0
02/11/2021;12:37:00;217;Sem vítima;294.200;3251;Crescente;Choque;1;0;0;0;0;0;0;0;0;0;2;0;0;0;0
02/11/2021;15:37:00;265;Com vítima;255.300;3235;Crescente;Engavetamento;2;0;0;0;0;0;0;0;0;0;6;0;2;0;0
02/11/2021;22:12:00;369;Sem vítima;118.000;3188;Decrescente;Colisão lateral no mesmo sentido;0;0;1;0;0;0;0;0;0;1;6;0;0;0;0
02/11/2021;22:52:00;380;Com vítima;414.000;3297;Decrescente;Queda de moto;0;0;0;1;0;0;0;0;0;0;0;2;0;0;0
03/11/2021;07:13:00;84;Com vítima;287.000;3247;Decrescente;Colisão transversal;1;0;0;1;0;0;0;0;0;0;2;0;2;0;0
03/11/2021;07:23:00;86;Sem vítima;143.500;3149;Decrescente;Colisão traseira;1;0;1;0;0;0;0;0;0;0;4;0;0;0;0
03/11/2021;11:45:00;197;Sem vítima;266.300;3243;Decrescente;Colisão traseira;1;0;1;0;0;0;0;0;0;0;4;0;0;0;0
03/11/2021;13:54:00;249;Com vítima;248.500;3235;Crescente;Colisão transversal;1;0;0;1;0;0;0;0;0;0;2;0;2;0;0
03/11/2021;16:08:00;281;Com vítima;267.700;3243;Decrescente;Colisão lateral no mesmo sentido;0;0;1;1;0;0;0;0;0;0;2;2;0;0;0
03/11/2021;18:43:00;321;Com vítima;87.800;3190;Crescente;Colisão lateral no mesmo sentido;2;0;1;0;0;0;0;0;0;0;1;4;0;1;0
03/11/2021;19:00:00;324;Com vítima;149.000;3149;Decrescente;Colisão traseira;2;0;0;0;0;0;0;0;0;0;2;1;0;0;0
03/11/2021;20:52:00;344;Com vítima;187.000;3196;Crescente;Capotamento;1;0;0;0;0;0;0;0;0;0;0;0;2;0;0
04/11/2021;06:37:00;80;Com vítima;270.400;3244;Decrescente;Colisão lateral no mesmo sentido;1;0;1;1;0;0;0;0;0;0;2;0;1;0;0
04/11/2021;08:40:00;117;Com vítima;109.900;3190;Crescente;Saída de pista;0;0;0;1;0;0;0;0;0;0;0;1;1;0;0
04/11/2021;08:58:00;127;Sem vítima;265.750;3242;Crescente;Colisão traseira;0;0;1;1;0;0;0;0;0;0;2;0;0;0;0
04/11/2021;09:02:00;132;Sem vítima;292.000;3247;Decrescente;Colisão lateral no mesmo sentido;0;0;1;0;0;0;0;0;0;1;2;0;0;0;0
04/11/2021;15:36:00;263;Com vítima;294.600;3250;Decrescente;Colisão lateral no mesmo sentido;0;0;0;1;0;0;0;0;0;0;0;1;0;0;0
04/11/2021;17:31:00;303;Sem vítima;146.000;3148;Crescente;Engavetamento;1;0;0;0;0;0;0;0;0;1;2;0;0;0;0
04/11/2021;20:57:00;354;Sem vítima;31.000;3186;Decrescente;Colisão traseira;0;0;3;0;0;0;0;0;0;0;4;0;0;0;0
04/11/2021;21:55:00;366;Sem vítima;181.000;3196;Crescente;Choque;1;0;0;0;0;0;0;0;0;0;2;0;0;0;0
05/11/2021;05:35:00;87;Sem vítima;320.000;3258;Decrescente;Colisão traseira;0;0;1;0;0;0;0;0;0;0;1;0;0;0;0
05/11/2021;05:57:00;93;Sem vítima;210.000;3206;Decrescente;Queda de moto;0;0;0;1;0;0;0;0;0;0;2;0;0;0;0
05/11/2021;06:09:00;95;Com vítima;215.000;3212;Crescente;Queda de moto;0;0;0;1;0;0;0;0;0;0;0;1;0;0;0
05/11/2021;08:50:00;132;Com vítima;67.600;3141;Decrescente;Colisão transversal;1;0;0;1;0;0;0;0;0;0;1;0;1;0;0
05/11/2021;11:11:00;185;Com vítima;295.400;3166;Crescente;Atropelamento de pedestre;0;0;0;0;0;0;0;0;0;0;0;0;1;0;0
05/11/2021;16:31:00;302;Com vítima;263.300;3243;Decrescente;Queda de moto;0;0;0;1;0;0;0;0;0;0;0;0;1;0;0
05/11/2021;18:18:00;327;Com vítima;229.000;3216;Crescente;Colisão transversal;1;0;0;1;0;0;0;0;0;0;1;1;0;0;0
05/11/2021;18:46:00;335;Com vítima;383.700;3293;Decrescente;Colisão transversal;1;0;0;1;0;0;0;0;0;0;0;2;2;0;0
05/11/2021;19:12:00;340;Com vítima;286.000;3246;Crescente;Atropelamento de animal;0;0;1;0;0;0;0;0;0;0;3;0;0;0;0
05/11/2021;19:42:00;344;Com vítima;187.000;3196;Crescente;Atropelamento de animal;1;0;0;0;0;0;0;0;0;0;3;0;0;0;0
05/11/2021;22:49:00;379;Sem vítima;435.000;3308;Crescente;Choque;1;0;0;0;0;0;0;0;0;0;1;0;0;0;0
05/11/2021;22:50:00;380;Com vítima;266.000;3243;Decrescente;Queda de bicicleta;0;1;0;0;0;0;0;0;0;0;0;1;0;0;0
06/11/2021;01:51:00;34;Com vítima;183.900;3194;Decrescente;Saída de pista;0;0;0;0;0;0;0;0;0;1;0;3;2;0;0
06/11/2021;03:10:00;48;Sem vítima;331.000;3262;Decrescente;Saída de pista;0;0;1;0;0;0;0;0;0;0;1;0;0;0;0
06/11/2021;06:09:00;83;Sem vítima;130.000;3188;Decrescente;Colisão lateral no mesmo sentido;1;0;1;0;0;0;0;0;0;0;5;0;0;0;0
06/11/2021;11:43:00;204;Com vítima;339.000;3266;Decrescente;Queda de bicicleta;0;1;0;0;0;0;0;0;0;0;0;0;1;0;0
06/11/2021;14:18:00;258;Sem vítima;210.000;3206;Decrescente;Choque;0;0;0;0;0;0;0;0;0;1;1;0;0;0;0
06/11/2021;14:25:00;260;Sem vítima;257.900;3239;Decrescente;Colisão lateral no mesmo sentido;0;0;0;0;1;0;0;0;0;0;1;0;0;0;0
06/11/2021;14:34:00;262;Com vítima;261.300;3241;Decrescente;Queda de moto;0;0;0;1;0;0;0;0;0;0;0;0;2;0;0
06/11/2021;16:16:00;291;Com vítima;395.000;3295;Crescente;Colisão transversal;0;0;0;2;0;0;0;0;0;0;1;0;1;0;0
06/11/2021;18:40:00;330;Sem vítima;387.000;3292;Crescente;Choque;1;0;0;0;0;0;0;0;0;0;4;0;0;0;0
06/11/2021;19:41:00;345;Sem vítima;31.100;3186;Decrescente;Colisão transversal;1;0;1;0;0;0;0;0;0;0;3;0;0;0;0
06/11/2021;20:39:00;349;Com vítima;73.400;3188;Decrescente;Capotamento;1;0;0;0;0;0;0;0;0;0;0;2;0;0;0
06/11/2021;22:26:00;369;Com vítima;80.800;3189;Crescente;Colisão transversal;0;0;1;0;0;0;0;0;0;1;4;1;1;0;0
06/11/2021;23:06:00;379;Sem vítima;94.000;3188;Decrescente;Atropelamento de animal;1;0;0;0;0;0;0;0;0;0;1;0;0;0;0
07/11/2021;05:23:00;60;Sem vítima;168.000;3196;Crescente;Colisão traseira;2;0;0;0;0;0;0;0;0;0;3;0;0;0;0
07/11/2021;05:51:00;68;Sem vítima;293.000;3249;Crescente;Choque;1;0;0;0;0;0;0;0;0;0;1;0;0;0;0
07/11/2021;06:14:00;72;Sem vítima;267.000;3158;Crescente;Colisão traseira;2;0;0;0;0;0;0;0;0;0;2;0;0;0;0
07/11/2021;07:18:00;75;Sem vítima;299.500;3251;Crescente;Colisão lateral no mesmo sentido;1;0;1;0;0;0;0;0;0;0;2;0;0;0;0
07/11/2021;10:05:00;112;Com vítima;145.900;3149;Decrescente;Colisão transversal;1;0;0;1;0;0;0;0;0;0;2;1;0;0;0
07/11/2021;10:51:00;129;Com vítima;140.900;3149;Decrescente;Queda de moto;0;0;0;1;0;0;0;0;0;0;0;1;0;0;0
07/11/2021;16:44:00;267;Sem vítima;241.500;3228;Crescente;Colisão traseira;2;0;0;0;0;0;0;0;0;0;5;0;0;0;0
07/11/2021;18:02:00;288;Sem vítima;398.900;3295;Crescente;Colisão lateral no mesmo sentido;1;0;0;0;0;0;0;0;0;0;1;0;0;0;0
07/11/2021;18:36:00;294;Com vítima;298.000;3250;Decrescente;Queda de moto;0;0;0;1;0;0;0;0;0;0;0;1;1;0;0
08/11/2021;09:28:00;119;Com vítima;122.700;3190;Crescente;Engavetamento;1;0;0;1;0;0;0;0;0;0;1;1;0;0;0
08/11/2021;09:43:00;122;Com vítima;120.000;3190;Crescente;Saída de pista;1;0;0;0;0;0;0;0;0;0;0;1;0;0;0
08/11/2021;10:35:00;134;Com vítima;277.900;3247;Decrescente;Atropelamento de animal;0;0;0;0;0;0;0;0;0;0;0;0;0;0;0
08/11/2021;11:39:00;174;Com vítima;213.000;3204;Crescente;Colisão transversal;0;0;0;2;0;0;0;0;0;0;0;1;1;0;0
08/11/2021;15:49:00;257;Sem vítima;268.100;3159;Decrescente;Engavetamento;3;0;0;0;0;0;0;0;0;0;5;0;0;0;0
08/11/2021;16:39:00;270;Com vítima;320.800;3260;Crescente;Colisão traseira;0;0;1;1;0;0;0;0;0;0;1;1;0;0;0
08/11/2021;17:03:00;275;Com vítima;256.200;3235;Crescente;Colisão frontal;1;0;1;0;0;0;0;0;0;0;3;0;0;0;1
08/11/2021;17:46:00;291;Com vítima;31.000;3184;Crescente;Colisão lateral no mesmo sentido;1;0;0;1;0;0;0;0;0;0;1;0;1;0;0
08/11/2021;23:36:00;363;Com vítima;31.600;3186;Decrescente;Queda de moto;0;0;0;1;0;0;0;0;0;0;0;0;1;0;0
09/11/2021;02:11:00;41;Com vítima;257.500;3239;Decrescente;Atropelamento de animal;0;0;0;0;0;0;0;0;0;0;0;0;0;0;0
09/11/2021;06:50:00;87;Sem vítima;176.600;3194;Decrescente;Colisão traseira;0;0;1;0;1;0;0;0;0;0;30;0;0;0;0
09/11/2021;07:13:00;96;Sem vítima;261.900;3240;Crescente;Colisão traseira;2;0;0;0;0;0;0;0;0;0;2;0;0;0;0
09/11/2021;07:15:00;98;Sem vítima;296.300;3250;Decrescente;Colisão lateral no mesmo sentido;1;0;1;0;0;0;0;0;0;0;2;0;0;0;0
09/11/2021;08:04:00;118;Com vítima;297.200;3250;Decrescente;Queda de moto;1;0;0;1;0;0;0;0;0;0;1;0;1;0;0
09/11/2021;10:21:00;154;Com vítima;295.900;3167;Decrescente;Colisão lateral no mesmo sentido;0;0;0;1;0;0;0;0;0;1;1;0;1;0;0
09/11/2021;10:53:00;166;Com vítima;387.100;3292;Crescente;Tombamento;0;0;1;0;0;0;0;0;0;0;0;1;0;0;0
09/11/2021;13:23:00;218;Sem vítima;276.400;3247;Decrescente;Colisão traseira;0;0;0;0;0;0;0;0;0;1;1;0;0;0;0
09/11/2021;18:59:00;303;Sem vítima;215.000;3211;Decrescente;Choque;1;0;0;0;0;0;0;0;0;0;1;0;0;0;0
09/11/2021;21:27:00;332;Sem vítima;367.000;3284;Decrescente;Saída de pista;1;0;0;0;0;0;0;0;0;0;2;0;0;0;0
10/11/2021;05:47:00;80;Sem vítima;8.300;3174;Crescente;Choque;0;0;1;0;0;0;0;0;0;0;1;0;0;0;0
10/11/2021;07:29:00;101;Com vítima;266.500;3242;Crescente;Colisão lateral no mesmo sentido;1;0;0;1;0;0;0;0;0;0;1;0;1;0;0
10/11/2021;09:12:00;123;Sem vítima;403.500;3299;Crescente;Colisão lateral no mesmo sentido;0;0;2;0;0;0;0;0;0;0;2;0;0;0;0
10/11/2021;10:06:00;144;Sem vítima;270.900;3247;Decrescente;Colisão traseira;1;0;1;0;0;0;0;0;0;0;2;0;0;0;0
10/11/2021;11:36:00;193;Com vítima;344.800;3266;Decrescente;Tombamento;0;0;1;0;0;0;0;0;0;0;0;0;1;0;0
10/11/2021;11:53:00;195;Com vítima;281.300;3246;Crescente;Colisão lateral no mesmo sentido;0;0;0;1;0;0;0;0;0;1;2;0;2;0;0
10/11/2021;12:34:00;210;Com vítima;146.500;3149;Decrescente;Colisão transversal;0;0;1;1;0;0;0;0;0;0;1;0;1;0;0
10/11/2021;13:23:00;225;Com vítima;66.000;3188;Decrescente;Queda de moto;0;0;0;1;0;0;0;0;0;0;0;1;1;0;0
10/11/2021;13:56:00;234;Com vítima;288.900;3247;Decrescente;Colisão transversal;1;0;1;0;0;0;0;0;0;0;1;0;1;0;0
10/11/2021;14:44:00;249;Sem vítima;145.000;3149;Decrescente;Colisão lateral no mesmo sentido;2;0;0;0;0;0;0;0;0;0;2;0;0;0;0
10/11/2021;15:26:00;260;Sem vítima;171.600;3196;Crescente;Choque;0;0;1;0;0;0;0;0;0;0;1;0;0;0;0
10/11/2021;18:23:00;308;Com vítima;265.000;3243;Decrescente;Colisão lateral no mesmo sentido;1;0;0;1;1;0;0;0;0;0;3;1;0;0;0
10/11/2021;19:06:00;321;Sem vítima;399.000;3297;Decrescente;Engavetamento;2;0;1;0;0;0;0;0;0;0;6;0;0;0;0
10/11/2021;19:16:00;323;Sem vítima;435.000;3305;Decrescente;Saída de pista;1;0;0;0;0;0;0;0;0;0;1;0;0;0;0
10/11/2021;23:05:00;371;Sem vítima;233.000;3220;Crescente;Colisão traseira;1;0;1;0;0;0;0;0;0;0;2;0;0;0;0
11/11/2021;06:52:00;66;Com vítima;290.500;3247;Decrescente;Engavetamento;3;0;0;0;0;0;0;0;0;0;2;0;1;0;0
11/11/2021;08:47:00;102;Sem vítima;125.500;3190;Crescente;Colisão traseira;0;0;2;0;0;0;0;0;0;0;2;0;0;0;0
11/11/2021;09:07:00;109;Sem vítima;67.000;3141;Decrescente;Colisão transversal;1;0;1;0;0;0;0;0;0;0;4;0;0;0;0
11/11/2021;09:25:00;115;Sem vítima;64.000;3184;Crescente;Queda de moto;0;0;0;1;0;0;0;0;0;0;2;0;0;0;0
11/11/2021;10:37:00;137;Sem vítima;359.700;3278;Crescente;Choque;1;0;0;0;0;0;0;0;0;0;1;0;0;0;0
11/11/2021;13:06:00;209;Sem vítima;250.000;3236;Decrescente;Choque;1;0;0;0;0;0;0;0;0;0;3;0;0;0;0
11/11/2021;13:45:00;225;Sem vítima;264.500;3242;Crescente;Colisão traseira;0;0;2;0;0;0;0;0;0;0;2;0;0;0;0
11/11/2021;15:23:00;246;Sem vítima;174.600;3194;Decrescente;Colisão transversal;1;0;0;0;1;0;0;0;0;0;26;0;0;0;0
11/11/2021;18:28:00;298;Sem vítima;169.500;3194;Decrescente;Colisão traseira;0;0;2;0;0;0;0;0;0;0;2;0;0;0;0
11/11/2021;18:42:00;301;Com vítima;181.000;3194;Decrescente;Saída de pista;1;0;0;0;0;0;0;0;0;0;0;3;0;0;0
11/11/2021;18:50:00;304;Com vítima;293.000;3165;Decrescente;Colisão lateral no mesmo sentido;0;0;0;1;0;0;0;0;0;0;0;0;1;0;0
12/11/2021;00:00:00;1;Sem vítima;256.000;3235;Crescente;Choque;1;0;0;0;0;0;0;0;0;0;1;0;0;0;0
12/11/2021;01:13:00;20;Sem vítima;291.500;3246;Crescente;Choque;0;0;1;0;0;0;0;0;0;0;1;0;0;0;0
12/11/2021;07:22:00;95;Sem vítima;285.400;3246;Crescente;Colisão traseira;1;0;1;0;0;0;0;0;0;0;3;0;0;0;0
12/11/2021;09:08:00;120;Com vítima;267.000;3159;Decrescente;Saída de pista;1;0;0;0;0;0;0;0;0;0;0;1;0;0;0
12/11/2021;12:06:00;184;Sem vítima;357.900;3273;Decrescente;Colisão traseira;1;0;0;0;0;0;0;0;0;0;1;0;0;0;0
12/11/2021;12:21:00;188;Com vítima;436.000;3308;Crescente;Saída de pista;1;0;0;0;0;0;0;0;0;0;0;1;0;0;0
12/11/2021;13:00:00;201;Sem vítima;207.200;3199;Decrescente;Colisão traseira;1;0;0;0;0;0;0;0;0;1;4;0;0;0;0
12/11/2021;13:24:00;211;Com vítima;212.700;3204;Crescente;Engavetamento;1;0;1;0;1;0;0;0;0;1;5;1;0;0;0
12/11/2021;14:21:00;231;Sem vítima;337.500;3264;Crescente;Colisão lateral no mesmo sentido;0;0;0;0;0;0;0;0;0;1;2;0;0;0;0
12/11/2021;15:24:00;245;Sem vítima;7.000;3325;Crescente;Colisão traseira;1;0;0;0;0;1;0;0;0;0;4;0;0;0;0
12/11/2021;16:48:00;267;Com vítima;256.700;3239;Decrescente;Colisão traseira;1;0;0;0;0;0;0;0;0;1;0;2;1;0;0
12/11/2021;17:28:00;278;Com vítima;436.700;3310;Decrescente;Saída de pista;0;0;1;0;0;0;0;0;0;0;0;0;0;1;0
12/11/2021;17:53:00;285;Com vítima;207.900;3202;Decrescente;Engavetamento;0;0;3;0;0;0;0;0;0;0;2;0;0;1;0
12/11/2021;19:45:00;320;Sem vítima;382.800;3293;Decrescente;Saída de pista;0;0;1;0;0;0;0;0;0;0;1;0;0;0;0
12/11/2021;22:55:00;386;Com vítima;208.000;3203;Crescente;Queda de moto;0;0;0;1;0;0;0;0;0;0;0;2;0;0;0
12/11/2021;23:37:00;397;Sem vítima;217.000;3213;Decrescente;Choque;1;0;0;0;0;0;0;0;0;0;3;0;0;0;0
13/11/2021;01:13:00;18;Com vítima;66.000;3188;Decrescente;Choque;0;0;0;1;0;0;0;0;0;0;0;1;0;0;0
13/11/2021;04:36:00;83;Sem vítima;270.000;3243;Decrescente;Colisão traseira;1;0;1;0;0;0;0;0;0;0;2;0;0;0;0
13/11/2021;11:19:00;184;Com vítima;256.700;3239;Decrescente;Colisão traseira;0;0;0;1;0;0;0;0;0;0;0;0;1;0;0
13/11/2021;18:15:00;319;Com vítima;66.000;3188;Decrescente;Colisão traseira;1;0;0;1;0;0;0;0;0;0;0;0;1;1;0
14/11/2021;04:40:00;60;Sem vítima;52.000;3184;Crescente;Saída de pista;1;0;0;0;0;0;0;0;0;0;3;0;0;0;0
14/11/2021;08:04:00;85;Sem vítima;940.000;3171;Crescente;Saída de pista;1;0;0;0;0;0;0;0;0;0;1;0;0;0;0
14/11/2021;09:44:00;103;Com vítima;304.700;3251;Crescente;Queda de bicicleta;0;1;0;0;0;0;0;0;0;0;0;1;0;0;0
14/11/2021;10:07:00;111;Sem vítima;145.900;3149;Decrescente;Colisão traseira;1;0;0;0;0;0;0;0;0;1;5;0;0;0;0
14/11/2021;11:09:00;142;Com vítima;113.000;3190;Crescente;Queda de moto;0;0;0;1;0;0;0;0;0;0;0;2;0;0;0
14/11/2021;11:37:00;153;Com vítima;256.000;3235;Crescente;Queda de moto;0;0;0;1;0;0;0;0;0;0;0;2;0;0;0
14/11/2021;16:35:00;226;Com vítima;189.000;3198;Decrescente;Choque;1;0;0;0;0;0;0;0;0;0;0;2;0;0;0
14/11/2021;18:51:00;259;Com vítima;269.000;3242;Crescente;Colisão transversal;1;0;0;1;0;0;0;0;0;0;2;0;1;1;0
14/11/2021;19:27:00;267;Sem vítima;171.000;3194;Decrescente;Atropelamento de animal;1;0;0;0;0;0;0;0;0;0;1;0;0;0;0
14/11/2021;23:33:00;310;Com vítima;286.000;3247;Decrescente;Saída de pista;1;0;0;0;0;0;0;0;0;0;0;2;0;0;0
14/11/2021;23:50:00;318;Sem vítima;213.000;3204;Crescente;Choque;1;0;0;0;0;0;0;0;0;0;1;0;0;0;0
15/11/2021;02:29:00;38;Com vítima;146.000;3196;Crescente;Colisão traseira;2;0;0;0;0;0;0;0;0;0;1;1;0;0;0
15/11/2021;03:09:00;45;Com vítima;270.000;3242;Crescente;Choque;1;0;0;0;0;0;0;0;0;0;0;0;0;1;0
15/11/2021;07:08:00;72;Sem vítima;401.000;3299;Crescente;Choque;1;0;0;0;0;0;0;0;0;0;1;0;0;0;0
15/11/2021;08:47:00;89;Com vítima;350.000;3268;Crescente;Saída de pista;0;0;0;0;0;0;0;0;0;1;0;0;1;1;0
15/11/2021;09:30:00;103;Com vítima;54.100;3184;Crescente;Saída de pista;0;0;0;0;0;0;0;0;0;1;2;2;0;0;0
15/11/2021;15:23:00;229;Sem vítima;144.900;3149;Decrescente;Colisão traseira;1;0;0;0;0;0;0;0;0;1;6;0;0;0;0
15/11/2021;17:10:00;260;Sem vítima;90.700;3188;Decrescente;Colisão traseira;2;0;0;0;0;0;0;0;0;0;4;0;0;0;0
16/11/2021;07:10:00;67;Sem vítima;301.000;3250;Decrescente;Choque;0;0;1;0;0;0;0;0;0;0;1;0;0;0;0
16/11/2021;10:42:00;166;Sem vítima;211.300;3204;Crescente;Colisão traseira;0;0;0;0;0;0;0;0;0;2;5;0;0;0;0
16/11/2021;15:09:00;244;Com vítima;262.000;3243;Decrescente;Colisão traseira;1;0;0;1;0;0;0;0;0;0;2;2;0;0;0
16/11/2021;15:49:00;251;Sem vítima;124.000;3188;Decrescente;Choque;1;0;1;0;0;0;0;0;0;0;2;0;0;0;0
16/11/2021;17:04:00;271;Sem vítima;449.800;3312;Crescente;Choque;0;0;0;0;0;0;0;0;0;1;1;0;0;0;0
16/11/2021;19:15:00;306;Sem vítima;268.900;3158;Crescente;Colisão traseira;0;0;0;0;1;0;0;0;0;1;2;0;0;0;0
17/11/2021;08:16:00;125;Com vítima;96.500;3190;Crescente;Queda de moto;0;0;0;1;0;0;0;0;0;0;0;1;1;0;0
17/11/2021;09:17:00;142;Sem vítima;294.100;3250;Decrescente;Colisão lateral no mesmo sentido;1;0;1;0;0;0;0;0;0;0;2;0;0;0;0
17/11/2021;10:03:00;154;Sem vítima;79.000;3184;Crescente;Colisão traseira;1;0;0;0;0;0;0;0;0;0;1;0;0;0;0
17/11/2021;14:25:00;255;Sem vítima;171.000;3194;Decrescente;Colisão traseira;0;0;2;0;0;0;0;0;0;0;2;0;0;0;0
17/11/2021;15:44:00;280;Com vítima;283.500;3247;Decrescente;Queda de moto;0;0;0;1;0;0;0;0;0;0;0;0;1;0;0
17/11/2021;16:27:00;297;Sem vítima;349.400;3268;Crescente;Saída de pista;0;0;1;0;0;0;0;0;0;0;1;0;0;0;0
17/11/2021;17:21:00;309;Sem vítima;262.200;3242;Crescente;Colisão lateral no mesmo sentido;1;0;0;0;1;0;0;0;0;0;2;0;0;0;0
18/11/2021;05:44:00;83;Sem vítima;280.200;3247;Decrescente;Choque;0;0;1;1;0;0;0;0;0;0;2;0;0;0;0