data;horario;n_da_ocorrencia;tipo_de_ocorrencia;km;trecho;sentido;tipo_de_acidente;automovel;bicicleta;caminhao;moto;onibus;outros;tracao_animal;transporte_de_cargas_especiais;trator_maquinas;utilitarios;ilesos;levemente_feridos;moderadamente_feridos;gravemente_feridos;mortos
18/11/2021;07:15:00;99;Com vítima;260.300;3241;Decrescente;Colisão traseira;0;0;0;1;0;0;0;0;0;0;0;1;0;0;0
18/11/2021;07:40:00;108;Sem vítima;213.300;3204;Crescente;Colisão traseira;1;0;1;0;0;0;0;0;0;0;2;0;0;0;0
18/11/2021;09:47:00;153;Sem vítima;424.400;3297;Decrescente;Choque;1;0;2;0;0;0;0;0;0;0;4;0;0;0;0
18/11/2021;10:45:00;183;Sem vítima;394.400;3295;Crescente;Tombamento;0;0;1;0;0;0;0;0;0;0;1;0;0;0;0
18/11/2021;12:38:00;237;Com vítima;255.000;3235;Crescente;Colisão traseira;0;0;0;1;0;0;0;0;0;0;0;0;1;0;0
18/11/2021;15:22:00;304;Sem vítima;361.000;3276;Decrescente;Colisão traseira;1;0;1;0;0;0;0;0;0;0;2;0;0;0;0
18/11/2021;16:11:00;320;Sem vítima;324.000;3262;Decrescente;Choque;1;0;0;0;0;0;0;0;0;0;1;0;0;0;0
18/11/2021;21:28:00;389;Com vítima;299.150;3250;Decrescente;Atropelamento de pedestre;1;0;0;0;0;0;0;0;0;0;2;0;0;0;1
19/11/2021;08:36:00;117;Com vítima;377.800;3291;Crescente;Colisão traseira;1;0;0;1;0;0;0;0;0;0;2;1;0;0;0
19/11/2021;08:40:00;120;Sem vítima;263.800;3242;Crescente;Colisão traseira;2;0;0;0;0;0;0;0;0;0;2;0;0;0;0
19/11/2021;09:55:00;149;Sem vítima;363.000;3279;Decrescente;Colisão traseira;0;0;0;0;0;0;0;0;0;1;1;0;0;0;0
19/11/2021;10:30:00;154;Sem vítima;269.200;3243;Decrescente;Choque;1;0;0;0;0;0;0;0;0;0;1;0;0;0;0
19/11/2021;11:07:00;172;Sem vítima;268.000;3243;Decrescente;Choque;1;0;1;0;0;0;0;0;0;0;2;0;0;0;0
19/11/2021;15:13:00;262;Com vítima;277.200;3246;Crescente;Tombamento;0;0;1;0;0;0;0;0;0;0;0;1;0;0;0
19/11/2021;16:32:00;289;Com vítima;276.000;3247;Decrescente;Colisão transversal;1;0;0;1;0;0;0;0;0;0;1;0;1;0;0
19/11/2021;17:25:00;306;Com vítima;294.000;3250;Decrescente;Colisão traseira;1;0;1;0;0;0;0;0;0;0;1;0;1;0;0
19/11/2021;19:25:00;342;Com vítima;146.000;3196;Crescente;Colisão traseira;0;0;1;1;0;0;0;0;0;0;1;0;1;0;0
19/11/2021;22:56:00;389;Sem vítima;240.000;3226;Crescente;Saída de pista;1;0;0;0;0;0;0;0;0;0;1;0;0;0;0
20/11/2021;06:53:00;81;Sem vítima;396.000;3296;Decrescente;Choque;1;0;0;0;0;0;0;0;0;0;1;0;0;0;0
20/11/2021;09:13:00;115;Sem vítima;289.000;3246;Crescente;Choque;1;0;0;0;0;0;0;0;0;0;1;0;0;0;0
20/11/2021;10:23:00;136;Sem vítima;258.000;3238;Crescente;Choque;1;0;0;0;0;0;0;0;0;0;2;0;0;0;0
20/11/2021;11:24:00;162;Sem vítima;265.800;3158;Crescente;Engavetamento;3;0;0;0;0;0;0;0;0;0;6;0;0;0;0
20/11/2021;12:06:00;173;Com vítima;87.000;3188;Decrescente;Queda de moto;0;0;0;1;0;0;0;0;0;0;0;1;1;0;0
20/11/2021;12:27:00;187;Sem vítima;265.900;3242;Crescente;Engavetamento;3;0;0;0;0;0;0;0;0;0;3;0;0;0;0
20/11/2021;12:41:00;191;Com vítima;266.000;3158;Crescente;Queda de moto;0;0;0;1;0;0;0;0;0;0;0;1;0;0;0
20/11/2021;13:40:00;211;Sem vítima;323.000;3262;Decrescente;Saída de pista;0;0;0;0;0;0;0;0;0;1;4;0;0;0;0
20/11/2021;15:51:00;257;Sem vítima;242.300;3228;Crescente;Saída de pista;0;0;1;0;0;0;0;0;0;1;2;0;0;0;0
20/11/2021;16:09:00;264;Sem vítima;266.000;3243;Decrescente;Engavetamento;2;0;1;0;0;0;0;0;0;0;4;0;0;0;0
20/11/2021;17:38:00;290;Com vítima;208.000;3203;Crescente;Choque;1;0;0;0;0;0;0;0;0;0;0;0;1;0;0
20/11/2021;22:46:00;354;Com vítima;167.800;3194;Decrescente;Colisão transversal;2;0;0;0;0;0;0;0;0;0;1;2;0;1;0
20/11/2021;23:10:00;358;Sem vítima;229.150;3215;Decrescente;Choque;1;0;0;0;0;0;0;0;0;0;2;0;0;0;0
20/11/2021;23:26:00;360;Sem vítima;284.800;3247;Decrescente;Choque;0;0;1;0;0;0;0;0;0;0;1;0;0;0;0
20/11/2021;23:37:00;362;Com vítima;214.100;3212;Crescente;Queda de moto;0;0;0;1;0;0;0;0;0;0;0;1;1;0;0
21/11/2021;07:17:00;89;Com vítima;354.000;3266;Decrescente;Saída de pista;1;0;0;0;0;0;0;0;0;0;0;1;0;0;0
21/11/2021;07:19:00;90;Com vítima;174.600;3194;Decrescente;Colisão transversal;1;0;1;0;0;0;0;0;0;0;1;1;2;1;0
21/11/2021;08:11:00;96;Sem vítima;445.000;3310;Decrescente;Capotamento;1;0;0;0;0;0;0;0;0;0;1;0;0;0;0
21/11/2021;09:39:00;113;Com vítima;282.900;3247;Decrescente;Saída de pista;1;0;0;0;0;0;0;0;0;0;0;1;0;0;0
21/11/2021;10:15:00;118;Sem vítima;219.000;3214;Crescente;Choque;1;0;0;0;0;0;0;0;0;0;1;0;0;0;0
21/11/2021;11:03:00;127;Sem vítima;234.000;3222;Decrescente;Queda de moto;0;0;0;1;0;0;0;0;0;0;2;0;0;0;0
21/11/2021;11:09:00;136;Com vítima;218.700;3214;Crescente;Atropelamento de animal;1;0;0;0;0;0;0;0;0;0;1;0;0;0;0
21/11/2021;13:25:00;190;Sem vítima;264.000;3242;Crescente;Colisão traseira;1;0;0;0;0;0;0;0;0;1;2;0;0;0;0
21/11/2021;14:10:00;202;Com vítima;291.000;3247;Decrescente;Queda de moto;0;0;0;1;0;0;0;0;0;0;0;0;2;0;0
21/11/2021;15:05:00;210;Com vítima;439.000;3308;Crescente;Colisão transversal;0;0;0;2;0;0;0;0;0;0;0;1;1;0;0
21/11/2021;15:59:00;228;Sem vítima;305.300;3250;Decrescente;Saída de pista;1;0;0;0;0;0;0;0;0;0;1;0;0;0;0
21/11/2021;20:04:00;282;Sem vítima;266.000;3243;Decrescente;Colisão lateral no mesmo sentido;2;0;0;0;0;0;0;0;0;0;2;0;0;0;0
21/11/2021;20:05:00;283;Com vítima;380.700;3292;Crescente;Colisão traseira;1;0;0;0;0;0;0;0;0;0;0;1;0;0;0
22/11/2021;06:45:00;83;Com vítima;59.000;3186;Decrescente;Colisão lateral no mesmo sentido;0;0;0;0;0;0;0;0;0;1;1;1;0;0;0
22/11/2021;07:01:00;86;Sem vítima;150.000;3196;Crescente;Colisão traseira;1;0;0;0;0;0;0;0;0;0;4;0;0;0;0
22/11/2021;07:33:00;102;Com vítima;278.500;3247;Decrescente;Choque;1;0;0;0;0;0;0;0;0;0;2;0;1;0;0
22/11/2021;08:10:00;117;Sem vítima;105.700;3188;Decrescente;Colisão traseira;2;0;0;0;0;0;0;0;0;0;2;0;0;0;0
22/11/2021;08:45:00;138;Com vítima;268.700;3242;Crescente;Atropelamento de pedestre;2;0;0;1;0;0;0;0;0;0;2;0;2;0;0
22/11/2021;09:44:00;156;Sem vítima;270.000;3242;Crescente;Colisão lateral no mesmo sentido;1;0;0;0;0;0;0;0;0;0;1;0;0;0;0
22/11/2021;13:14:00;255;Sem vítima;85.000;3188;Decrescente;Choque;1;0;0;0;0;0;0;0;0;0;1;0;0;0;0
22/11/2021;14:48:00;297;Sem vítima;221.000;3216;Crescente;Saída de pista;0;0;1;0;0;0;0;0;0;0;1;0;0;0;0
22/11/2021;15:58:00;314;Com vítima;315.000;3257;Crescente;Queda de moto;0;0;0;1;0;0;0;0;0;0;0;1;0;0;0
22/11/2021;17:58:00;348;Sem vítima;398.900;3295;Crescente;Colisão traseira;0;0;1;0;0;0;0;0;0;1;2;0;0;0;0
22/11/2021;19:09:00;363;Sem vítima;270.000;3159;Decrescente;Saída de pista;1;0;0;0;0;0;0;0;0;0;1;0;0;0;0
23/11/2021;09:51:00;147;Com vítima;229.100;3216;Crescente;Atropelamento de ciclista;1;1;0;0;0;0;0;0;0;0;2;0;1;0;0
23/11/2021;10:10:00;155;Sem vítima;126.300;3190;Crescente;Engavetamento;1;0;0;0;0;0;0;0;0;2;8;0;0;0;0
23/11/2021;12:55:00;235;Com vítima;127.000;3190;Crescente;Atropelamento de pedestre;1;0;0;0;0;0;0;0;0;0;1;1;0;0;0
23/11/2021;14:02:00;256;Com vítima;353.600;3268;Crescente;Colisão lateral no mesmo sentido;2;0;0;0;0;0;0;0;0;0;1;1;0;0;0
23/11/2021;18:01:00;329;Sem vítima;283.000;3246;Crescente;Colisão traseira;1;0;1;0;0;0;0;0;0;0;3;0;0;0;0
24/11/2021;06:34:00;70;Sem vítima;148.000;3196;Crescente;Colisão transversal;1;0;0;0;0;0;0;0;0;0;1;0;0;0;0
24/11/2021;07:06:00;76;Com vítima;331.000;3262;Decrescente;Queda de moto;0;0;0;1;0;0;0;0;0;0;0;0;2;0;0
24/11/2021;10:11:00;142;Com vítima;290.000;3246;Crescente;Colisão lateral no mesmo sentido;0;0;0;1;0;0;0;0;0;1;1;0;1;0;0
24/11/2021;11:24:00;178;Com vítima;362.000;3278;Crescente;Colisão lateral no mesmo sentido;2;0;1;0;0;0;0;0;0;0;2;3;2;1;0
24/11/2021;17:54:00;296;Sem vítima;296.000;3250;Decrescente;Colisão traseira;1;0;1;0;0;0;0;0;0;0;2;0;0;0;0
24/11/2021;18:59:00;306;Sem vítima;296.000;3250;Decrescente;Colisão lateral no mesmo sentido;0;0;0;0;0;0;0;0;0;1;3;0;0;0;0
25/11/2021;07:15:00;104;Com vítima;269.600;3243;Decrescente;Colisão transversal;1;0;1;1;0;0;0;0;0;0;2;1;0;0;0
25/11/2021;07:46:00;115;Com vítima;292.100;3247;Decrescente;Atropelamento de pedestre;0;0;0;0;0;0;0;0;0;0;0;0;0;1;0
25/11/2021;12:54:00;231;Sem vítima;285.600;3247;Decrescente;Colisão traseira;1;0;1;0;0;0;0;0;0;0;2;0;0;0;0
25/11/2021;13:45:00;247;Com vítima;270.000;3158;Crescente;Atropelamento de pedestre;0;0;0;0;0;0;0;0;0;0;0;0;1;0;0
25/11/2021;14:01:00;256;Sem vítima;145.000;3149;Decrescente;Engavetamento;2;0;0;0;0;0;0;0;0;0;2;0;0;0;0
25/11/2021;14:06:00;257;Sem vítima;33.000;3184;Crescente;Colisão transversal;1;0;0;0;0;0;0;0;0;1;2;0;0;0;0
25/11/2021;15:55:00;281;Com vítima;294.500;3251;Crescente;Choque;1;0;2;0;0;0;0;0;0;1;4;0;1;0;0
25/11/2021;17:27:00;308;Com vítima;270.500;3159;Decrescente;Atropelamento de ciclista;0;1;0;0;1;0;0;0;0;0;1;0;1;0;0
25/11/2021;19:09:00;330;Com vítima;282.900;3247;Decrescente;Queda de moto;0;0;0;1;0;0;0;0;0;0;0;2;0;0;0
25/11/2021;20:28:00;344;Com vítima;167.800;3194;Decrescente;Colisão transversal;0;0;0;1;0;0;0;0;0;1;1;1;0;1;0
26/11/2021;03:39:00;51;Sem vítima;320.800;3259;Decrescente;Choque;0;0;1;0;0;0;0;0;0;0;1;0;0;0;0
26/11/2021;06:47:00;100;Sem vítima;281.000;3246;Crescente;Choque;1;0;0;0;0;0;0;0;0;0;1;0;0;0;0
26/11/2021;07:03:00;109;Sem vítima;281.000;3246;Crescente;Choque;1;0;0;0;0;0;0;0;0;0;1;0;0;0;0
26/11/2021;09:05:00;160;Com vítima;269.500;3242;Crescente;Colisão lateral no mesmo sentido;0;0;0;1;0;0;0;0;0;0;0;0;1;0;0
26/11/2021;10:31:00;193;Sem vítima;130.000;3188;Decrescente;Colisão traseira;1;0;0;0;0;0;0;0;0;0;3;0;0;0;0
26/11/2021;10:57:00;215;Sem vítima;293.000;3249;Crescente;Colisão traseira;0;0;1;0;0;0;0;0;0;0;1;0;0;0;0
26/11/2021;12:32:00;256;Sem vítima;346.500;3268;Crescente;Choque;0;0;0;0;0;0;0;0;0;1;1;0;0;0;0
26/11/2021;12:39:00;261;Sem vítima;242.000;3228;Crescente;Colisão traseira;0;0;1;0;0;0;0;0;0;1;2;0;0;0;0
26/11/2021;13:33:00;282;Sem vítima;310.700;3253;Decrescente;Choque;1;0;0;0;0;0;0;0;0;0;1;0;0;0;0
26/11/2021;21:20:00;402;Sem vítima;372.000;3285;Crescente;Saída de pista;1;0;1;0;0;0;0;0;0;0;2;0;0;0;0
26/11/2021;21:55:00;409;Sem vítima;264.000;3242;Crescente;Colisão traseira;0;0;1;0;0;0;0;0;0;0;1;0;0;0;0
26/11/2021;22:07:00;413;Com vítima;230.000;3219;Decrescente;Atropelamento de animal;0;0;0;1;0;0;0;0;0;0;1;0;0;0;0
27/11/2021;05:37:00;61;Sem vítima;371.300;3284;Decrescente;Colisão traseira;0;0;1;0;1;0;0;0;0;0;11;0;0;0;0
27/11/2021;07:09:00;89;Sem vítima;126.000;3190;Crescente;Colisão traseira;0;0;1;0;0;0;0;0;0;0;1;0;0;0;0
27/11/2021;09:24:00;125;Sem vítima;289.000;3246;Crescente;Choque;1;0;0;0;0;0;0;0;0;0;1;0;0;0;0
27/11/2021;12:30:00;192;Com vítima;127.000;3190;Crescente;Colisão transversal;0;0;0;1;0;0;0;0;0;1;1;1;1;0;0
27/11/2021;14:41:00;232;Com vítima;296.300;3251;Crescente;Colisão traseira;0;0;0;1;0;0;0;0;0;0;0;0;2;0;0
27/11/2021;17:10:00;277;Com vítima;269.500;3159;Decrescente;Atropelamento de ciclista;1;1;0;0;0;0;0;0;0;0;1;0;1;0;0
27/11/2021;19:39:00;301;Com vítima;142.000;3148;Crescente;Queda de moto;0;0;0;1;0;0;0;0;0;0;0;1;0;0;0
28/11/2021;00:19:00;5;Sem vítima;247.000;3234;Decrescente;Atropelamento de animal;1;0;0;0;0;0;0;0;0;0;1;0;0;0;0
28/11/2021;02:52:00;39;Sem vítima;294.000;3251;Crescente;Choque;1;0;0;0;0;0;0;0;0;0;1;0;0;0;0
28/11/2021;05:56:00;67;Sem vítima;287.500;3246;Crescente;Saída de pista;1;0;0;0;0;0;0;0;0;0;1;0;0;0;0
28/11/2021;07:13:00;76;Com vítima;262.000;3242;Crescente;Colisão traseira;1;0;0;1;0;0;0;0;0;0;1;1;0;0;0
28/11/2021;10:21:00;119;Sem vítima;6.000;3323;Decrescente;Saída de pista;1;0;0;0;0;0;0;0;0;0;3;0;0;0;0
28/11/2021;12:39:00;172;Sem vítima;255.500;3235;Crescente;Colisão lateral no mesmo sentido;1;0;1;0;0;0;0;0;0;0;3;0;0;0;0
28/11/2021;13:31:00;193;Com vítima;273.000;3247;Decrescente;Choque;1;0;0;0;0;0;0;0;0;0;1;0;1;0;0
28/11/2021;15:17:00;231;Sem vítima;267.000;3243;Decrescente;Colisão traseira;1;0;0;0;0;0;0;0;0;0;1;0;0;0;0
28/11/2021;15:22:00;234;Com vítima;381.000;3292;Crescente;Choque;0;0;0;0;0;0;0;0;0;1;0;0;2;0;0
28/11/2021;15:42:00;241;Sem vítima;161.000;3196;Crescente;Choque;1;0;0;0;0;0;0;0;0;0;1;0;0;0;0
28/11/2021;16:14:00;248;Sem vítima;294.000;3250;Decrescente;Colisão traseira;1;0;0;0;0;0;0;0;0;0;2;0;0;0;0
28/11/2021;17:43:00;270;Com vítima;144.000;3148;Crescente;Queda de moto;0;0;0;1;0;0;0;0;0;0;0;1;0;0;0
28/11/2021;19:12:00;292;Sem vítima;137.000;3196;Crescente;Choque;1;0;0;0;0;0;0;0;0;0;4;0;0;0;0
28/11/2021;19:36:00;299;Com vítima;98.600;3190;Crescente;Colisão frontal;2;0;0;0;0;0;0;0;0;0;0;0;1;2;0
28/11/2021;22:59:00;342;Com vítima;158.000;3194;Decrescente;Colisão traseira;1;0;2;0;0;0;0;0;0;0;5;3;0;0;0
29/11/2021;03:56:00;60;Com vítima;293.000;3249;Crescente;Queda de moto;0;0;0;1;0;0;0;0;0;0;0;1;0;0;0
29/11/2021;06:32:00;91;Com vítima;299.200;3250;Decrescente;Colisão traseira;0;0;0;1;0;0;0;0;0;0;1;0;1;0;0
29/11/2021;07:01:00;95;Sem vítima;80.500;3188;Decrescente;Capotamento;1;0;0;0;0;0;0;0;0;0;1;0;0;0;0
29/11/2021;09:28:00;136;Sem vítima;297.800;3251;Crescente;Colisão traseira;1;0;1;0;0;0;0;0;0;0;2;0;0;0;0
29/11/2021;09:40:00;143;Sem vítima;380.000;3292;Crescente;Colisão lateral no mesmo sentido;0;0;1;0;0;0;0;0;0;1;3;0;0;0;0
29/11/2021;10:06:00;153;Sem vítima;387.000;3292;Crescente;Choque;1;0;0;0;0;0;0;0;0;0;1;0;0;0;0
29/11/2021;10:12:00;155;Sem vítima;267.000;3242;Crescente;Colisão traseira;2;0;0;0;0;0;0;0;0;0;2;0;0;0;0
29/11/2021;12:54:00;234;Sem vítima;268.000;3158;Crescente;Colisão lateral no mesmo sentido;1;0;1;0;0;0;0;0;0;0;5;0;0;0;0
29/11/2021;13:02:00;238;Sem vítima;264.900;3159;Decrescente;Choque;1;0;0;0;0;0;0;0;0;0;1;0;0;0;0
29/11/2021;16:18:00;287;Sem vítima;264.900;3242;Crescente;Engavetamento;2;0;0;0;0;0;0;0;0;0;2;0;0;0;0
29/11/2021;16:19:00;288;Sem vítima;270.400;3245;Crescente;Colisão traseira;1;0;1;0;0;0;0;0;0;0;2;0;0;0;0
29/11/2021;17:45:00;320;Com vítima;267.900;3159;Decrescente;Colisão lateral no mesmo sentido;1;0;0;2;0;0;0;0;0;0;2;1;0;0;0
30/11/2021;02:24:00;39;Sem vítima;371.000;3284;Decrescente;Choque;0;0;0;0;0;0;0;0;0;1;1;0;0;0;0
30/11/2021;06:27:00;87;Com vítima;278.500;3247;Decrescente;Queda de moto;0;0;0;1;0;0;0;0;0;0;0;1;1;0;0
30/11/2021;07:33:00;101;Sem vítima;61.000;3186;Decrescente;Colisão traseira;1;0;0;1;0;0;0;0;0;0;3;0;0;0;0
30/11/2021;08:50:00;121;Sem vítima;370.500;3285;Crescente;Colisão transversal;1;0;1;0;0;0;0;0;0;0;5;0;0;0;0
30/11/2021;09:16:00;133;Com vítima;146.600;3196;Crescente;Atropelamento de ciclista;0;1;1;0;0;0;0;0;0;0;0;2;0;0;0
30/11/2021;10:54:00;180;Com vítima;127.000;3146;Crescente;Colisão lateral no mesmo sentido;0;0;0;1;0;0;0;0;0;1;1;1;0;0;0
30/11/2021;14:08:00;251;Sem vítima;127.000;3146;Crescente;Colisão traseira;1;0;1;0;0;0;0;0;0;0;2;0;0;0;0
30/11/2021;21:41:00;386;Sem vítima;253.000;3237;Decrescente;Saída de pista;0;0;1;0;0;0;0;0;0;0;1;0;0;0;0
01/12/2021;01:43:00;6;Com vítima;366.000;3284;Decrescente;Queda de moto;0;0;0;1;0;0;0;0;0;0;0;1;0;0;0
01/12/2021;02:25:00;13;Sem vítima;242.000;3228;Crescente;Colisão traseira;0;0;1;0;0;0;0;0;0;0;1;0;0;0;0
01/12/2021;05:44:00;22;Com vítima;284.000;3163;Decrescente;Saída de pista;1;0;0;0;0;0;0;0;0;0;0;0;1;0;0
01/12/2021;06:07:00;26;Sem vítima;171.000;3194;Decrescente;Colisão traseira;0;0;1;0;0;0;0;0;0;0;1;0;0;0;0
01/12/2021;06:45:00;30;Com vítima;266.000;3242;Crescente;Colisão traseira;0;0;0;1;0;0;0;0;0;0;0;0;1;0;0
01/12/2021;07:38:00;40;Sem vítima;272.000;3246;Crescente;Saída de pista;1;0;0;0;0;0;0;0;0;0;1;0;0;0;0
01/12/2021;07:56:00;43;Sem vítima;267.000;3242;Crescente;Colisão lateral no mesmo sentido;1;0;0;1;0;0;0;0;0;0;2;0;0;0;0
01/12/2021;10:13:00;73;Sem vítima;123.000;3188;Decrescente;Colisão traseira;1;0;0;0;0;0;0;0;0;0;1;0;0;0;0
01/12/2021;12:33:00;97;Com vítima;438.000;3308;Crescente;Colisão transversal;0;0;0;1;0;1;0;0;0;0;1;0;1;0;0
01/12/2021;19:58:00;178;Com vítima;253.000;3235;Crescente;Saída de pista;0;0;1;0;0;0;0;0;0;0;0;0;1;0;0
01/12/2021;23:31:00;197;Sem vítima;264.000;3243;Decrescente;Acidentes de outra natureza;1;0;0;0;0;0;0;0;0;0;2;0;0;0;0
02/12/2021;04:32:00;14;Sem vítima;413.000;3301;Crescente;Saída de pista;0;0;1;0;0;0;0;0;0;0;2;0;0;0;0
02/12/2021;09:48:00;76;Sem vítima;330.000;3262;Decrescente;Colisão traseira;0;0;0;2;0;0;0;0;0;0;2;0;0;0;0
02/12/2021;09:53:00;77;Sem vítima;359.000;3274;Crescente;Colisão traseira;2;0;0;0;0;0;0;0;0;0;2;0;0;0;0
02/12/2021;11:40:00;92;Sem vítima;357.000;3266;Decrescente;Colisão traseira;1;0;1;0;0;0;0;0;0;0;3;0;0;0;0
02/12/2021;11:49:00;94;Sem vítima;370.005;3285;Crescente;Colisão traseira;2;0;0;0;0;0;0;0;0;0;2;0;0;0;0
02/12/2021;12:06:00;96;Sem vítima;279.000;3246;Crescente;Colisão traseira;0;0;1;0;0;1;0;0;0;0;2;0;0;0;0
02/12/2021;16:16:00;126;Com vítima;86.006;3188;Decrescente;Colisão traseira;2;0;0;0;0;0;0;0;0;0;3;0;1;0;0
02/12/2021;17:55:00;144;Com vítima;291.000;3247;Decrescente;Colisão traseira;1;0;0;0;0;0;0;0;0;0;1;0;1;0;0
02/12/2021;20:05:00;169;Sem vítima;278.300;3247;Decrescente;Saída de pista;0;0;0;1;0;1;0;0;0;0;2;0;0;0;0
02/12/2021;22:57:00;183;Com vítima;277.700;3247;Decrescente;Capotamento;1;0;0;0;0;0;0;0;0;0;0;1;0;0;0
03/12/2021;02:25:00;10;Com vítima;413.700;3301;Crescente;Saída de pista;1;0;0;0;0;0;0;0;0;0;0;0;1;0;0
03/12/2021;12:20:00;114;Com vítima;70.000;3188;Decrescente;Colisão transversal;2;0;0;0;0;0;0;0;0;0;3;1;0;0;0
03/12/2021;15:02:00;137;Sem vítima;108.000;3190;Crescente;Colisão traseira;1;0;0;0;0;0;0;0;0;0;3;0;0;0;0
03/12/2021;15:07:00;139;Sem vítima;201.200;3196;Crescente;Colisão traseira;1;0;0;0;0;0;0;0;0;0;2;0;0;0;0
03/12/2021;15:13:00;142;Sem vítima;209.000;3202;Decrescente;Colisão traseira;2;0;0;0;0;0;0;0;0;0;2;0;0;0;0
03/12/2021;15:26:00;146;Sem vítima;368.000;3285;Crescente;Capotamento;1;0;0;0;0;0;0;0;0;0;1;0;0;0;0
03/12/2021;16:10:00;152;Sem vítima;283.000;3247;Decrescente;Colisão lateral no mesmo sentido;1;0;0;0;0;0;0;0;0;0;2;0;0;0;0
03/12/2021;19:21:00;184;Com vítima;69.000;3184;Crescente;Colisão traseira;0;0;0;2;0;0;0;0;0;0;0;1;1;0;0
03/12/2021;19:25:00;187;Sem vítima;209.000;3202;Decrescente;Colisão traseira;1;0;0;0;0;1;0;0;0;0;2;0;0;0;0
03/12/2021;20:15:00;198;Com vítima;80.000;3184;Crescente;Queda de moto;0;0;0;1;0;0;0;0;0;0;0;1;0;0;0
03/12/2021;20:55:00;202;Sem vítima;254.600;3235;Crescente;Colisão traseira;1;0;1;0;0;0;0;0;0;0;2;0;0;0;0
03/12/2021;21:06:00;203;Sem vítima;137.800;3196;Crescente;Colisão frontal;0;0;1;0;0;0;0;0;0;0;1;0;0;0;0
03/12/2021;22:47:00;222;Com vítima;297.000;3251;Crescente;Choque;0;0;0;1;0;0;0;0;0;0;0;0;1;0;0
03/12/2021;22:54:00;224;Sem vítima;119.000;3188;Decrescente;Saída de pista;1;0;0;0;0;0;0;0;0;0;1;0;0;0;0
04/12/2021;01:09:00;6;Sem vítima;26.000;3184;Crescente;Colisão traseira;1;0;0;0;0;1;0;0;0;0;2;0;0;0;0
04/12/2021;02:43:00;7;Com vítima;390.800;3292;Crescente;Saída de pista;1;0;0;0;0;0;0;0;0;0;0;1;0;0;0
04/12/2021;09:04:00;56;Com vítima;250.900;3235;Crescente;Colisão traseira;1;0;0;0;0;0;0;0;0;0;1;1;0;0;0
04/12/2021;11:11:00;75;Sem vítima;66.000;3188;Decrescente;Colisão lateral no mesmo sentido;1;0;1;0;0;0;0;0;0;0;3;0;0;0;0
04/12/2021;12:14:00;87;Com vítima;68.000;3141;Decrescente;Queda de moto;1;0;0;0;0;0;0;0;0;0;0;0;1;0;0
04/12/2021;15:50:00;128;Com vítima;271.005;3160;Decrescente;Atropelamento de pedestre;0;0;0;0;0;0;0;0;0;0;0;0;1;0;0
04/12/2021;22:28:00;180;Sem vítima;145.000;3148;Crescente;Saída de pista;1;0;0;0;0;0;0;0;0;0;1;0;0;0;0
04/12/2021;22:47:00;182;Com vítima;371.000;3285;Crescente;Queda de moto;0;0;0;1;0;0;0;0;0;0;0;0;1;0;0
04/12/2021;23:07:00;185;Com vítima;371.800;3285;Crescente;Atropelamento de ciclista;0;1;0;0;0;1;0;0;0;0;1;0;0;0;1
05/12/2021;01:24:00;4;Sem vítima;173.000;3194;Decrescente;Queda de moto;0;0;0;1;0;0;0;0;0;0;1;0;0;0;0
05/12/2021;02:36:00;8;Com vítima;293.800;3250;Decrescente;Capotamento;1;0;0;0;0;0;0;0;0;0;0;2;0;0;0
05/12/2021;03:15:00;13;Sem vítima;145.000;3194;Decrescente;Colisão traseira;2;0;0;0;0;0;0;0;0;0;5;0;0;0;0
05/12/2021;05:13:00;18;Sem vítima;315.500;3258;Decrescente;Choque;1;0;0;0;0;0;0;0;0;0;1;0;0;0;0
05/12/2021;16:40:00;130;Com vítima;383.900;3292;Crescente;Colisão traseira;1;0;0;0;0;1;0;0;0;0;1;1;0;0;0
06/12/2021;06:04:00;20;Sem vítima;398.000;3295;Crescente;Choque;1;0;0;0;0;0;0;0;0;0;1;0;0;0;0
06/12/2021;07:12:00;32;Sem vítima;368.500;3284;Decrescente;Choque;1;0;0;0;0;0;0;0;0;0;1;0;0;0;0
06/12/2021;07:21:00;36;Sem vítima;270.000;3243;Decrescente;Colisão traseira;2;0;0;0;0;1;0;0;0;0;3;0;0;0;0
06/12/2021;08:27:00;51;Com vítima;284.000;3247;Decrescente;Queda de moto;0;0;0;1;0;0;0;0;0;0;0;0;2;0;0
06/12/2021;13:36:00;99;Sem vítima;274.000;3246;Crescente;Queda de moto;1;0;0;0;0;0;0;0;0;0;1;0;0;0;0
06/12/2021;14:09:00;103;Sem vítima;359.000;3274;Crescente;Choque;1;0;0;0;0;0;0;0;0;0;1;0;0;0;0