data;horario;n_da_ocorrencia;tipo_de_ocorrencia;km;trecho;sentido;tipo_de_acidente;automovel;bicicleta;caminhao;moto;onibus;outros;tracao_animal;transporte_de_cargas_especiais;trator_maquinas;utilitarios;ilesos;levemente_feridos;moderadamente_feridos;gravemente_feridos;mortos
06/12/2021;15:58:00;124;Sem vítima;265.000;3243;Decrescente;Colisão traseira;1;0;0;0;0;0;0;0;0;1;2;0;0;0;0
06/12/2021;19:53:00;154;Sem vítima;271.500;3246;Crescente;Colisão traseira;1;0;0;0;0;0;0;0;0;0;2;0;0;0;0
06/12/2021;20:18:00;156;Sem vítima;270.150;3243;Decrescente;Colisão lateral no mesmo sentido;1;0;0;0;0;1;0;0;0;0;2;0;0;0;0
07/12/2021;04:25:00;13;Com vítima;274.900;3246;Crescente;Atropelamento de animal;2;0;1;0;0;0;0;0;0;0;3;0;1;0;0
07/12/2021;06:13:00;23;Com vítima;277.000;3247;Decrescente;Colisão transversal;0;0;1;0;0;1;0;0;0;0;0;0;2;0;0
07/12/2021;10:49:00;72;Sem vítima;264.800;3242;Crescente;Saída de pista;1;0;0;0;0;0;0;0;0;0;1;0;0;0;0
07/12/2021;11:22:00;81;Com vítima;347.000;3266;Decrescente;Colisão traseira;2;0;1;0;0;0;0;0;0;0;3;1;1;0;0
07/12/2021;12:13:00;91;Sem vítima;440.000;3308;Crescente;Saída de pista;1;0;0;0;0;0;0;0;0;0;1;0;0;0;0
07/12/2021;13:23:00;109;Com vítima;264.000;3242;Crescente;Colisão traseira;2;0;0;0;0;0;0;0;0;0;2;1;0;0;0
07/12/2021;16:05:00;132;Sem vítima;286.000;3247;Decrescente;Saída de pista;1;0;0;0;0;0;0;0;0;0;1;0;0;0;0
07/12/2021;16:32:00;135;Com vítima;422.000;3301;Crescente;Saída de pista;1;0;0;0;0;0;0;0;0;0;0;1;0;0;0
07/12/2021;18:17:00;151;Com vítima;320.800;3260;Crescente;Atropelamento de animal;1;0;0;0;0;0;0;0;0;0;0;0;1;0;0
08/12/2021;03:09:00;11;Com vítima;299.000;3251;Crescente;Queda de bicicleta;0;1;0;0;0;0;0;0;0;0;0;1;0;0;0
08/12/2021;12:14:00;78;Sem vítima;68.000;3188;Decrescente;Colisão traseira;1;0;1;0;0;0;0;0;0;0;4;0;0;0;0
08/12/2021;15:18:00;118;Com vítima;270.003;3242;Crescente;Colisão traseira;0;0;0;1;0;1;0;0;0;0;1;1;0;0;0
08/12/2021;20:12:00;168;Sem vítima;258.400;3238;Crescente;Colisão traseira;0;0;1;0;0;1;0;0;0;0;2;0;0;0;0
08/12/2021;20:34:00;173;Com vítima;258.400;3238;Crescente;Saída de pista;1;0;0;0;0;0;0;0;0;0;0;0;1;0;0
08/12/2021;22:15:00;184;Com vítima;270.500;3244;Decrescente;Colisão traseira;2;0;0;0;0;0;0;0;0;0;2;1;0;0;0
08/12/2021;23:16:00;188;Com vítima;143.100;3194;Decrescente;Acidentes de outra natureza;0;0;0;1;0;0;0;0;0;0;0;0;0;0;1
09/12/2021;06:28:00;16;Sem vítima;371.009;3285;Crescente;Saída de pista;1;0;0;0;0;0;0;0;0;0;1;0;0;0;0
09/12/2021;10:25:00;58;Com vítima;299.000;3251;Crescente;Queda de moto;0;0;0;1;0;0;0;0;0;0;0;1;0;0;0
09/12/2021;16:45:00;139;Sem vítima;271.000;3246;Crescente;Colisão traseira;0;0;0;1;0;1;0;0;0;0;2;0;0;0;0
09/12/2021;19:04:00;156;Sem vítima;317.200;3258;Decrescente;Colisão traseira;2;0;1;0;0;0;0;0;0;0;4;0;0;0;0
09/12/2021;19:26:00;159;Com vítima;955.500;3172;Decrescente;Atropelamento de pedestre;0;0;0;0;0;0;0;0;0;0;0;0;0;0;1
10/12/2021;00:39:00;3;Sem vítima;273.000;3246;Crescente;Tombamento;0;0;1;0;0;0;0;0;0;0;1;0;0;0;0
10/12/2021;08:16:00;51;Com vítima;276.000;3246;Crescente;Saída de pista;1;0;0;0;0;0;0;0;0;0;0;0;1;0;0
10/12/2021;09:47:00;76;Sem vítima;123.700;3190;Crescente;Engavetamento;0;0;2;0;0;1;0;0;0;0;6;0;0;0;0
10/12/2021;09:47:00;78;Com vítima;956.000;3172;Decrescente;Tombamento;0;0;1;0;0;0;0;0;0;0;0;0;1;0;0
10/12/2021;13:08:00;111;Sem vítima;237.000;3220;Crescente;Colisão lateral no mesmo sentido;0;0;0;0;0;1;0;0;0;0;1;0;0;0;0
10/12/2021;14:06:00;127;Com vítima;123.900;3188;Decrescente;Engavetamento;3;0;1;0;0;2;0;0;0;0;13;0;2;0;2
10/12/2021;17:28:00;157;Sem vítima;354.000;3268;Crescente;Saída de pista;0;0;1;0;0;0;0;0;0;0;2;0;0;0;0
10/12/2021;18:42:00;165;Sem vítima;148.000;3196;Crescente;Colisão transversal;2;0;0;0;0;0;0;0;0;0;2;0;0;0;0
10/12/2021;21:24:00;196;Sem vítima;130.000;3190;Crescente;Colisão lateral no mesmo sentido;0;0;1;0;0;1;0;0;0;0;3;0;0;0;0
10/12/2021;22:55:00;207;Com vítima;289.000;3247;Decrescente;Atropelamento de animal;0;0;0;0;0;0;0;0;0;0;0;0;0;0;0
11/12/2021;00:01:00;1;Com vítima;35.000;3184;Crescente;Atropelamento de animal;1;0;0;0;0;0;0;0;0;0;0;0;1;0;0
11/12/2021;10:04:00;73;Sem vítima;265.000;3242;Crescente;Colisão traseira;2;0;0;0;0;0;0;0;0;0;2;0;0;0;0
11/12/2021;11:58:00;91;Sem vítima;269.000;3242;Crescente;Engavetamento;2;0;0;0;0;0;0;0;0;0;5;0;0;0;0
11/12/2021;12:42:00;100;Com vítima;164.000;3196;Crescente;Atropelamento de ciclista;0;1;0;0;0;1;0;0;0;0;1;1;0;0;0
11/12/2021;15:44:00;142;Sem vítima;42.000;3184;Crescente;Colisão lateral no mesmo sentido;1;0;1;0;0;0;0;0;0;0;4;0;0;0;0
11/12/2021;21:51:00;191;Sem vítima;268.000;3159;Decrescente;Colisão traseira;2;0;0;0;0;0;0;0;0;0;4;0;0;0;0
11/12/2021;22:52:00;199;Sem vítima;89.000;3190;Crescente;Saída de pista;0;0;1;0;0;0;0;0;0;0;1;0;0;0;0
12/12/2021;11:40:00;82;Sem vítima;422.003;3301;Crescente;Choque;1;0;0;0;0;0;0;0;0;0;1;0;0;0;0
12/12/2021;14:10:00;113;Com vítima;248.005;3235;Crescente;Colisão traseira;1;0;0;1;0;0;0;0;0;0;1;0;1;0;0
12/12/2021;15:37:00;138;Sem vítima;298.000;3168;Crescente;Colisão transversal;1;0;0;0;0;0;0;0;0;0;1;0;0;0;0
12/12/2021;17:37:00;167;Com vítima;371.400;3284;Decrescente;Atropelamento de pedestre;1;0;0;0;0;0;0;0;0;0;0;0;1;0;2
12/12/2021;18:42:00;174;Com vítima;260.300;3241;Decrescente;Colisão traseira;1;0;0;0;0;0;0;0;0;0;2;1;0;0;0
12/12/2021;23:38:00;207;Com vítima;393.000;3292;Crescente;Queda de moto;0;0;0;1;0;0;0;0;0;0;0;2;0;0;0
13/12/2021;10:07:00;76;Sem vítima;257.000;3239;Decrescente;Colisão traseira;2;0;0;0;0;0;0;0;0;0;3;0;0;0;0
13/12/2021;10:12:00;77;Com vítima;270.000;3159;Decrescente;Atropelamento de pedestre;1;0;0;0;0;0;0;0;0;0;1;0;1;0;0
13/12/2021;10:50:00;81;Sem vítima;146.000;3196;Crescente;Colisão traseira;1;0;0;0;0;0;0;0;0;0;1;0;0;0;0
13/12/2021;11:57:00;99;Com vítima;394.000;3293;Decrescente;Colisão lateral em sentido contrário;1;0;0;0;0;0;0;0;0;0;0;2;0;0;0
13/12/2021;15:09:00;134;Com vítima;347.200;3266;Decrescente;Colisão lateral em sentido contrário;1;0;0;0;0;0;0;0;0;0;0;2;1;0;0
13/12/2021;19:09:00;184;Sem vítima;452.000;3318;Decrescente;Atropelamento de animal;0;0;0;0;0;1;0;0;0;0;1;0;0;0;0
13/12/2021;20:41:00;198;Com vítima;265.400;3242;Crescente;Atropelamento de pedestre;1;0;0;0;0;0;0;0;0;0;1;0;0;1;0
13/12/2021;20:50:00;199;Sem vítima;447.000;3311;Crescente;Colisão lateral em sentido contrário;1;0;0;0;0;1;0;0;0;0;2;0;0;0;0
14/12/2021;06:17:00;23;Sem vítima;347.000;3266;Decrescente;Colisão lateral em sentido contrário;0;0;1;0;0;1;0;0;0;0;2;0;0;0;0
14/12/2021;08:34:00;57;Sem vítima;282.000;3247;Decrescente;Colisão frontal;2;0;0;0;0;0;0;0;0;0;2;0;0;0;0
14/12/2021;09:26:00;72;Com vítima;293.000;3248;Decrescente;Queda de moto;0;0;0;1;0;0;0;0;0;0;0;1;0;0;0
14/12/2021;13:20:00;116;Sem vítima;294.000;3250;Decrescente;Engavetamento;2;0;0;0;0;0;0;0;0;0;5;0;0;0;0
14/12/2021;15:02:00;133;Sem vítima;341.000;3266;Decrescente;Colisão lateral em sentido contrário;2;0;0;0;0;1;0;0;0;0;4;0;0;0;0
14/12/2021;19:25:00;177;Com vítima;298.800;3168;Crescente;Atropelamento de ciclista;0;1;0;0;0;0;0;0;0;0;0;1;0;0;0
15/12/2021;07:01:00;24;Sem vítima;269.000;3159;Decrescente;Colisão traseira;1;0;0;1;0;0;0;0;0;0;2;0;0;0;0
15/12/2021;07:08:00;28;Sem vítima;262.000;3242;Crescente;Choque;1;0;0;0;0;0;0;0;0;0;1;0;0;0;0
15/12/2021;07:26:00;34;Com vítima;147.000;3148;Crescente;Queda de moto;0;0;0;1;0;0;0;0;0;0;0;1;0;0;0
15/12/2021;07:26:00;35;Com vítima;240.000;3225;Decrescente;Colisão traseira;1;0;0;1;0;0;0;0;0;0;1;0;1;0;0
15/12/2021;07:44:00;43;Com vítima;266.005;3242;Crescente;Colisão lateral no mesmo sentido;1;0;0;1;0;0;0;0;0;0;1;0;1;0;0
15/12/2021;09:31:00;69;Sem vítima;80.000;3184;Crescente;Colisão traseira;2;0;0;0;0;0;0;0;0;0;4;0;0;0;0
15/12/2021;09:47:00;74;Sem vítima;289.000;3246;Crescente;Choque;1;0;0;0;0;0;0;0;0;0;1;0;0;0;0
15/12/2021;10:53:00;81;Sem vítima;265.000;3242;Crescente;Colisão traseira;3;0;0;0;0;1;0;0;0;0;7;0;0;0;0
15/12/2021;11:57:00;98;Sem vítima;382.000;3293;Decrescente;Engavetamento;3;0;0;0;0;0;0;0;0;0;7;0;0;0;0
15/12/2021;12:45:00;102;Sem vítima;265.000;3242;Crescente;Colisão traseira;2;0;0;0;0;0;0;0;0;0;2;0;0;0;0
15/12/2021;13:57:00;114;Com vítima;68.000;3184;Crescente;Engavetamento;3;0;1;0;1;1;0;0;0;0;5;3;0;0;0
15/12/2021;16:37:00;152;Com vítima;293.000;3248;Decrescente;Queda de moto;0;0;0;1;0;0;0;0;0;0;0;0;1;0;0
15/12/2021;18:54:00;183;Com vítima;316.000;3258;Decrescente;Colisão traseira;1;0;0;0;0;1;0;0;0;0;1;1;0;0;0
15/12/2021;19:07:00;186;Com vítima;269.800;3242;Crescente;Queda de moto;0;0;0;1;0;0;0;0;0;0;0;1;0;0;0
15/12/2021;20:05:00;195;Com vítima;340.700;3268;Crescente;Colisão lateral no mesmo sentido;0;0;0;0;0;2;0;0;0;0;1;1;0;0;0
16/12/2021;01:42:00;9;Sem vítima;266.300;3243;Decrescente;Colisão transversal;0;0;0;1;0;1;0;0;0;0;2;0;0;0;0
16/12/2021;02:09:00;11;Com vítima;263.900;3243;Decrescente;Choque;0;0;0;1;0;0;0;0;0;0;0;0;0;1;0
16/12/2021;05:56:00;30;Com vítima;189.000;3198;Decrescente;Atropelamento de animal;1;0;0;0;0;0;0;0;0;0;2;0;1;0;0
16/12/2021;06:11:00;32;Com vítima;278.000;3246;Crescente;Queda de moto;0;0;0;1;0;0;0;0;0;0;0;2;0;0;0
16/12/2021;06:49:00;38;Sem vítima;271.500;3246;Crescente;Colisão traseira;0;0;0;1;0;0;0;0;0;0;1;0;0;0;0
16/12/2021;08:56:00;69;Sem vítima;281.000;3246;Crescente;Choque;1;0;0;0;0;0;0;0;0;0;1;0;0;0;0
16/12/2021;10:13:00;88;Sem vítima;331.000;3261;Crescente;Choque;1;0;0;0;0;0;0;0;0;0;1;0;0;0;0
16/12/2021;11:14:00;99;Sem vítima;234.600;3220;Crescente;Colisão traseira;2;0;0;0;0;0;0;0;0;0;4;0;0;0;0
16/12/2021;12:33:00;114;Sem vítima;42.000;3184;Crescente;Choque;1;0;0;0;0;0;0;0;0;0;1;0;0;0;0
16/12/2021;13:18:00;121;Com vítima;118.005;3190;Crescente;Colisão frontal;1;0;1;0;0;0;0;0;0;0;2;1;0;0;0
16/12/2021;14:21:00;135;Sem vítima;103.000;3188;Decrescente;Colisão traseira;1;0;0;0;0;0;0;0;0;0;5;0;0;0;0
16/12/2021;15:58:00;153;Sem vítima;262.500;3157;Decrescente;Colisão traseira;2;0;0;0;0;0;0;0;0;0;2;0;0;0;0
16/12/2021;16:21:00;158;Sem vítima;270.000;3242;Crescente;Colisão traseira;0;0;0;2;0;0;0;0;0;0;2;0;0;0;0
16/12/2021;16:46:00;165;Sem vítima;270.000;3242;Crescente;Queda de bicicleta;0;1;0;0;0;0;0;0;0;0;1;0;0;0;0
16/12/2021;16:58:00;168;Sem vítima;272.000;3246;Crescente;Colisão transversal;2;0;0;0;0;0;0;0;0;0;2;0;0;0;0
16/12/2021;17:00:00;169;Sem vítima;398.900;3297;Decrescente;Colisão traseira;0;0;1;0;0;1;0;0;0;0;2;0;0;0;0
16/12/2021;18:49:00;195;Sem vítima;96.700;3188;Decrescente;Colisão lateral em sentido contrário;2;0;0;0;0;0;0;0;0;0;6;0;0;0;0
16/12/2021;19:18:00;202;Com vítima;69.000;3188;Decrescente;Colisão lateral no mesmo sentido;0;1;0;1;0;0;0;0;0;0;0;2;0;0;0
16/12/2021;21:33:00;218;Com vítima;139.000;3194;Decrescente;Colisão frontal;1;0;0;1;0;0;0;0;0;0;1;0;1;0;0
16/12/2021;23:49:00;228;Sem vítima;129.100;3188;Decrescente;Colisão transversal;1;0;0;0;0;1;0;0;0;0;2;0;0;0;0
17/12/2021;03:10:00;6;Com vítima;140.050;3148;Crescente;Queda de moto;0;0;0;1;0;0;0;0;0;0;0;1;0;0;0
17/12/2021;06:22:00;32;Com vítima;288.000;3246;Crescente;Colisão lateral no mesmo sentido;0;0;1;0;0;0;0;0;0;1;2;0;1;0;0
17/12/2021;07:22:00;43;Sem vítima;358.000;3272;Crescente;Colisão traseira;1;0;0;0;0;0;0;0;0;0;1;0;0;0;0
17/12/2021;07:32:00;47;Com vítima;270.006;3242;Crescente;Colisão traseira;1;0;0;1;0;0;0;0;0;0;1;0;1;0;0
17/12/2021;09:07:00;74;Com vítima;269.000;3242;Crescente;Atropelamento de pedestre;0;0;0;1;0;0;0;0;0;0;0;0;2;0;0
17/12/2021;11:24:00;111;Com vítima;298.000;3168;Crescente;Colisão traseira;1;0;0;1;0;0;0;0;0;0;1;0;1;0;0
17/12/2021;11:27:00;112;Com vítima;213.000;3204;Crescente;Colisão lateral no mesmo sentido;1;0;0;1;0;0;0;0;0;0;1;0;1;0;0
17/12/2021;18:26:00;193;Com vítima;394.700;3293;Decrescente;Saída de pista;0;0;0;0;0;1;0;0;0;0;0;1;0;0;0
17/12/2021;18:56:00;204;Sem vítima;4.000;3324;Crescente;Atropelamento de animal;1;0;0;0;0;0;0;0;0;0;4;0;0;0;0
17/12/2021;20:10:00;219;Com vítima;298.000;3250;Decrescente;Colisão traseira;0;0;0;1;0;1;0;0;0;0;1;0;1;0;0
17/12/2021;22:50:00;237;Sem vítima;61.000;3184;Crescente;Colisão traseira;2;0;0;0;0;0;0;0;0;0;2;0;0;0;0
17/12/2021;23:08:00;240;Sem vítima;295.000;3251;Crescente;Choque;1;0;0;0;0;0;0;0;0;0;1;0;0;0;0
18/12/2021;02:26:00;11;Sem vítima;357.700;3271;Crescente;Choque;0;0;1;0;0;0;0;0;0;0;1;0;0;0;0
18/12/2021;04:24:00;15;Com vítima;265.400;3243;Decrescente;Colisão frontal;1;0;0;1;0;0;0;0;0;0;1;0;0;1;0
18/12/2021;09:53:00;68;Sem vítima;448.000;3312;Crescente;Saída de pista;1;0;0;0;0;0;0;0;0;0;1;0;0;0;0
18/12/2021;13:34:00;106;Sem vítima;342.000;3268;Crescente;Saída de pista;1;0;0;0;0;0;0;0;0;0;1;0;0;0;0
18/12/2021;14:21:00;116;Sem vítima;362.000;3278;Crescente;Saída de pista;1;0;0;0;0;0;0;0;0;0;1;0;0;0;0
18/12/2021;14:49:00;119;Com vítima;221.000;3216;Crescente;Colisão lateral em sentido contrário;3;0;1;0;0;0;0;0;0;0;6;0;1;0;0
18/12/2021;15:53:00;128;Sem vítima;74.000;3188;Decrescente;Choque;1;0;0;0;0;0;0;0;0;0;1;0;0;0;0
18/12/2021;15:59:00;129;Com vítima;148.000;3148;Crescente;Colisão traseira;1;0;0;1;0;0;0;0;0;0;1;1;0;0;0
18/12/2021;17:08:00;139;Sem vítima;398.000;3297;Decrescente;Acidentes de outra natureza;1;0;0;0;0;0;0;0;0;0;1;0;0;0;0
18/12/2021;18:03:00;147;Com vítima;177.000;3194;Decrescente;Capotamento;1;0;0;0;0;0;0;0;0;0;3;1;0;0;0
18/12/2021;18:05:00;149;Sem vítima;274.500;3246;Crescente;Saída de pista;1;0;0;0;0;0;0;0;0;0;1;0;0;0;0
18/12/2021;18:42:00;159;Com vítima;336.500;3266;Decrescente;Saída de pista;1;0;0;0;0;0;0;0;0;0;0;0;1;0;0
18/12/2021;18:52:00;160;Sem vítima;147.000;3148;Crescente;Colisão traseira;3;0;0;0;0;0;0;0;0;0;3;0;0;0;0
19/12/2021;00:57:00;1;Com vítima;146.000;3149;Decrescente;Colisão traseira;2;0;0;0;0;0;0;0;0;0;0;2;0;0;0
19/12/2021;06:56:00;20;Sem vítima;27.100;3182;Decrescente;Saída de pista;1;0;0;0;0;0;0;0;0;0;1;0;0;0;0
19/12/2021;09:06:00;48;Sem vítima;442.000;3308;Crescente;Choque;1;0;0;0;0;0;0;0;0;0;1;0;0;0;0
19/12/2021;10:19:00;61;Sem vítima;124.000;3188;Decrescente;Choque;1;0;0;0;0;0;0;0;0;0;4;0;0;0;0
19/12/2021;13:27:00;101;Sem vítima;265.800;3158;Crescente;Engavetamento;2;0;0;0;0;0;0;0;0;0;3;0;0;0;0
19/12/2021;13:59:00;105;Com vítima;269.800;3159;Decrescente;Atropelamento de pedestre;0;0;0;0;0;0;0;0;0;0;0;0;1;0;0
19/12/2021;14:25:00;111;Sem vítima;295.007;3251;Crescente;Colisão traseira;2;0;0;0;0;0;0;0;0;0;5;0;0;0;0
19/12/2021;14:29:00;113;Sem vítima;279.000;3246;Crescente;Saída de pista;1;0;0;0;0;0;0;0;0;0;3;0;0;0;0
19/12/2021;14:58:00;121;Com vítima;234.000;3222;Decrescente;Queda de moto;0;0;0;1;0;0;0;0;0;0;0;0;1;0;0
19/12/2021;15:15:00;123;Sem vítima;307.900;3251;Crescente;Choque;1;0;0;0;0;0;0;0;0;0;2;0;0;0;0
19/12/2021;16:36:00;142;Sem vítima;318.000;3258;Decrescente;Choque;1;0;0;0;0;0;0;0;0;0;2;0;0;0;0
19/12/2021;16:44:00;143;Sem vítima;278.000;3247;Decrescente;Saída de pista;1;0;0;0;0;0;0;0;0;0;2;0;0;0;0
19/12/2021;18:10:00;158;Com vítima;396.000;3295;Crescente;Saída de pista;1;0;0;0;0;0;0;0;0;0;0;1;1;0;0
19/12/2021;18:38:00;162;Com vítima;255.000;3235;Crescente;Atropelamento de ciclista;0;1;0;1;0;0;0;0;0;0;0;2;1;0;0
19/12/2021;19:07:00;166;Com vítima;134.000;3194;Decrescente;Choque;1;0;0;0;0;0;0;0;0;0;0;1;0;0;0
19/12/2021;20:00:00;178;Com vítima;263.900;3243;Decrescente;Colisão lateral em sentido contrário;1;0;0;0;0;0;0;0;0;0;1;0;1;0;0
19/12/2021;22:24:00;196;Sem vítima;406.500;3301;Crescente;Tombamento;0;0;0;0;0;1;0;0;0;0;1;0;0;0;0
19/12/2021;23:24:00;201;Sem vítima;17.800;3180;Crescente;Saída de pista;1;0;0;0;0;0;0;0;0;0;1;0;0;0;0
20/12/2021;12:25:00;98;Sem vítima;106.000;3190;Crescente;Colisão traseira;1;0;0;0;0;0;0;0;0;0;2;0;0;0;0
20/12/2021;13:39:00;109;Sem vítima;205.000;3198;Decrescente;Colisão transversal;2;0;0;0;0;0;0;0;0;0;2;0;0;0;0
20/12/2021;16:45:00;151;Com vítima;180.000;3196;Crescente;Queda de moto;0;0;0;1;0;0;0;0;0;0;0;1;0;0;0
20/12/2021;19:44:00;190;Sem vítima;149.000;3196;Crescente;Colisão lateral no mesmo sentido;1;0;0;0;0;0;0;0;0;0;1;0;0;0;0
20/12/2021;19:50:00;192;Sem vítima;140.000;3149;Decrescente;Acidentes de outra natureza;1;0;0;0;0;0;0;0;0;0;1;0;0;0;0
20/12/2021;22:01:00;202;Sem vítima;452.000;3316;Crescente;Choque;1;0;0;0;0;0;0;0;0;0;1;0;0;0;0
21/12/2021;05:39:00;7;Com vítima;297.000;3250;Decrescente;Atropelamento de ciclista;0;0;0;1;0;0;0;0;0;0;0;0;1;0;0
21/12/2021;07:39:00;37;Sem vítima;18.500;3182;Decrescente;Saída de pista;1;0;0;0;0;0;0;0;0;0;3;0;0;0;0
21/12/2021;08:59:00;65;Sem vítima;292.000;3247;Decrescente;Colisão traseira;0;0;1;0;0;0;0;0;0;0;1;0;0;0;0
21/12/2021;10:30:00;88;Com vítima;145.900;3149;Decrescente;Colisão traseira;1;0;0;0;1;0;0;0;0;0;6;1;0;0;0
21/12/2021;12:40:00;107;Sem vítima;222.900;3216;Crescente;Capotamento;1;0;0;0;0;0;0;0;0;0;1;0;0;0;0
21/12/2021;13:03:00;110;Sem vítima;394.000;3294;Crescente;Engavetamento;3;0;0;0;0;0;0;0;0;0;8;0;0;0;0
21/12/2021;13:36:00;120;Sem vítima;118.000;3190;Crescente;Tombamento;1;0;0;0;0;0;0;0;0;0;1;0;0;0;0
21/12/2021;13:59:00;125;Sem vítima;9.000;3173;Decrescente;Saída de pista;1;0;0;0;0;0;0;0;0;0;3;0;0;0;0
21/12/2021;15:26:00;136;Sem vítima;266.000;3243;Decrescente;Colisão traseira;1;0;0;0;0;1;0;0;0;0;2;0;0;0;0
21/12/2021;16:21:00;148;Sem vítima;452.000;3318;Decrescente;Choque;1;0;0;0;0;0;0;0;0;0;1;0;0;0;0
21/12/2021;20:55:00;192;Com vítima;145.900;3196;Crescente;Colisão transversal;1;0;1;0;0;0;0;0;0;0;2;1;0;0;0
21/12/2021;21:55:00;200;Sem vítima;171.000;3196;Crescente;Choque;1;0;0;0;0;0;0;0;0;0;1;0;0;0;0
21/12/2021;23:53:00;214;Sem vítima;268.500;3159;Decrescente;Choque;1;0;0;0;0;0;0;0;0;0;1;0;0;0;0
21/12/2021;23:55:00;215;Sem vítima;264.000;3242;Crescente;Colisão traseira;2;0;1;0;0;0;0;0;0;0;3;0;0;0;0
22/12/2021;01:42:00;8;Sem vítima;442.000;3310;Decrescente;Atropelamento de animal;1;0;0;0;0;0;0;0;0;0;2;0;0;0;0
22/12/2021;01:59:00;12;Sem vítima;418.800;3301;Crescente;Colisão lateral em sentido contrário;0;0;2;0;0;0;0;0;0;0;2;0;0;0;0
22/12/2021;09:48:00;97;Com vítima;379.000;3290;Decrescente;Colisão lateral no mesmo sentido;1;0;0;1;0;0;0;0;0;0;2;1;0;0;0
22/12/2021;10:27:00;112;Com vítima;95.005;3188;Decrescente;Colisão transversal;1;0;0;0;0;1;0;0;0;0;3;0;1;0;0
22/12/2021;10:31:00;115;Sem vítima;267.000;3158;Crescente;Colisão lateral no mesmo sentido;1;0;0;0;0;1;0;0;0;0;2;0;0;0;0
22/12/2021;10:50:00;119;Sem vítima;254.000;3235;Crescente;Colisão traseira;2;0;0;0;0;0;0;0;0;0;3;0;0;0;0
22/12/2021;11:49:00;135;Sem vítima;208.000;3203;Crescente;Colisão lateral no mesmo sentido;2;0;0;0;0;0;0;0;0;0;2;0;0;0;0
22/12/2021;13:44:00;154;Com vítima;290.000;3246;Crescente;Queda de moto;0;0;0;1;0;0;0;0;0;0;0;2;0;0;0
22/12/2021;15:00:00;167;Sem vítima;22.005;3184;Crescente;Saída de pista;1;0;0;0;0;0;0;0;0;0;1;0;0;0;0
22/12/2021;16:02:00;182;Com vítima;270.000;3158;Crescente;Engavetamento;3;0;0;0;0;0;0;0;0;0;3;1;0;0;0
22/12/2021;16:54:00;192;Com vítima;357.200;3269;Crescente;Colisão traseira;1;0;1;0;0;0;0;0;0;0;5;2;0;0;0
22/12/2021;18:32:00;215;Com vítima;179.000;3194;Decrescente;Colisão lateral em sentido contrário;1;0;0;0;0;1;0;0;0;0;0;1;4;0;0
22/12/2021;18:56:00;220;Sem vítima;206.000;3200;Crescente;Colisão traseira;1;0;1;0;0;0;0;0;0;0;2;0;0;0;0
22/12/2021;20:28:00;237;Sem vítima;229.000;3215;Decrescente;Colisão traseira;1;0;0;0;1;0;0;0;0;0;3;0;0;0;0
23/12/2021;04:36:00;19;Com vítima;309.000;3253;Decrescente;Atropelamento de animal;1;0;0;0;0;0;0;0;0;0;0;0;1;0;0
23/12/2021;06:39:00;33;Sem vítima;346.000;3266;Decrescente;Colisão traseira;0;0;0;0;1;1;0;0;0;0;3;0;0;0;0
23/12/2021;07:49:00;50;Sem vítima;284.800;3247;Decrescente;Saída de pista;1;0;0;0;0;0;0;0;0;0;1;0;0;0;0
23/12/2021;08:59:00;71;Com vítima;126.000;3190;Crescente;Queda de moto;0;0;0;1;0;0;0;0;0;0;0;1;0;0;0
23/12/2021;11:08:00;103;Sem vítima;317.000;3258;Decrescente;Saída de pista;1;0;0;0;0;0;0;0;0;0;2;0;0;0;0
23/12/2021;11:30:00;110;Sem vítima;257.000;3239;Decrescente;Colisão traseira;1;0;0;0;0;0;0;0;0;1;2;0;0;0;0
23/12/2021;14:40:00;147;Sem vítima;229.000;3215;Decrescente;Colisão lateral no mesmo sentido;1;0;1;0;0;0;0;0;0;0;2;0;0;0;0
23/12/2021;16:01:00;171;Sem vítima;115.005;3190;Crescente;Saída de pista;1;0;0;0;0;0;0;0;0;0;1;0;0;0;0
23/12/2021;16:29:00;178;Sem vítima;233.000;3220;Crescente;Colisão traseira;2;0;0;0;0;0;0;0;0;0;4;0;0;0;0
23/12/2021;16:40:00;184;Sem vítima;21.000;3184;Crescente;Saída de pista;1;0;0;0;0;0;0;0;0;0;2;0;0;0;0
23/12/2021;19:02:00;221;Sem vítima;398.000;3295;Crescente;Atropelamento de animal;1;0;0;0;0;0;0;0;0;0;5;0;0;0;0