data;horario;n_da_ocorrencia;tipo_de_ocorrencia;km;trecho;sentido;tipo_de_acidente;automovel;bicicleta;caminhao;moto;onibus;outros;tracao_animal;transporte_de_cargas_especiais;trator_maquinas;utilitarios;ilesos;levemente_feridos;moderadamente_feridos;gravemente_feridos;mortos
23/12/2021;19:14:00;228;Sem vítima;227.000;3216;Crescente;Engavetamento;2;0;0;0;1;0;0;0;0;0;4;0;0;0;0
23/12/2021;20:50:00;244;Com vítima;288.800;3246;Crescente;Atropelamento de pedestre;1;0;0;0;0;0;0;0;0;0;1;0;0;0;1
23/12/2021;21:03:00;250;Com vítima;256.000;3237;Decrescente;Colisão lateral em sentido contrário;1;0;0;1;0;0;0;0;0;0;1;0;1;0;0
24/12/2021;05:12:00;22;Com vítima;442.100;3310;Decrescente;Colisão frontal;1;0;1;0;0;1;0;0;0;0;4;0;0;2;4
24/12/2021;11:32:00;100;Com vítima;393.600;3293;Decrescente;Colisão traseira;0;0;0;1;0;0;0;0;0;0;0;1;0;0;0
24/12/2021;12:55:00;114;Sem vítima;448.200;3312;Crescente;Saída de pista;0;0;0;0;0;1;0;0;0;0;1;0;0;0;0
24/12/2021;12:59:00;116;Sem vítima;144.300;3149;Decrescente;Colisão traseira;2;0;0;0;0;0;0;0;0;0;3;0;0;0;0
24/12/2021;14:19:00;139;Com vítima;276.000;3247;Decrescente;Colisão traseira;1;0;1;0;0;0;0;0;0;0;1;0;1;0;0
24/12/2021;15:15:00;149;Sem vítima;106.000;3190;Crescente;Saída de pista;1;0;0;0;0;0;0;0;0;0;1;0;0;0;0
24/12/2021;16:52:00;180;Sem vítima;359.900;3278;Crescente;Choque;1;0;0;0;0;0;0;0;0;0;1;0;0;0;0
24/12/2021;18:27:00;203;Sem vítima;350.900;3268;Crescente;Saída de pista;1;0;0;0;0;0;0;0;0;0;2;0;0;0;0
24/12/2021;18:44:00;207;Sem vítima;140.000;3149;Decrescente;Colisão transversal;1;0;1;0;0;0;0;0;0;0;5;0;0;0;0
24/12/2021;20:09:00;223;Com vítima;23.000;3184;Crescente;Colisão traseira;1;0;0;1;0;0;0;0;0;0;1;0;1;0;0
24/12/2021;20:23:00;226;Com vítima;321.000;3262;Decrescente;Choque;0;0;0;1;0;0;0;0;0;0;0;1;0;0;0
24/12/2021;20:41:00;232;Com vítima;270.000;3243;Decrescente;Atropelamento de pedestre;1;0;0;0;0;0;0;0;0;0;1;1;0;0;0
24/12/2021;23:07:00;254;Sem vítima;133.000;3196;Crescente;Tombamento;1;0;0;0;0;0;0;0;0;0;5;0;0;0;0
25/12/2021;02:00:00;9;Com vítima;17.500;3182;Decrescente;Colisão transversal;1;0;1;0;0;0;0;0;0;0;0;6;0;0;0
25/12/2021;09:59:00;53;Sem vítima;71.100;3184;Crescente;Atropelamento de animal;1;0;0;0;0;0;0;0;0;0;1;0;0;0;0
25/12/2021;15:02:00;95;Com vítima;422.900;3297;Decrescente;Colisão frontal;1;0;0;0;0;1;0;0;0;0;0;1;0;0;1
25/12/2021;15:59:00;108;Com vítima;266.000;3158;Crescente;Queda de moto;0;0;0;1;0;0;0;0;0;0;0;0;1;0;0
25/12/2021;19:14:00;131;Sem vítima;98.500;3188;Decrescente;Colisão transversal;1;0;0;0;0;0;0;0;0;0;5;0;0;0;0
25/12/2021;23:50:00;153;Sem vítima;445.000;3310;Decrescente;Choque;1;0;0;0;0;0;0;0;0;0;1;0;0;0;0
26/12/2021;01:01:00;5;Sem vítima;262.000;3243;Decrescente;Colisão traseira;2;0;0;0;0;0;0;0;0;0;2;0;0;0;0
26/12/2021;02:48:00;12;Sem vítima;65.800;3188;Decrescente;Choque;1;0;0;0;0;0;0;0;0;0;1;0;0;0;0
26/12/2021;05:30:00;18;Sem vítima;221.500;3216;Crescente;Choque;1;0;0;0;0;0;0;0;0;0;1;0;0;0;0
26/12/2021;12:03:00;66;Sem vítima;266.000;3159;Decrescente;Engavetamento;3;0;0;0;0;0;0;0;0;0;3;0;0;0;0
26/12/2021;14:04:00;82;Sem vítima;110.000;3190;Crescente;Colisão traseira;1;0;0;0;0;0;0;0;0;0;3;0;0;0;0
26/12/2021;16:37:00;124;Com vítima;9.000;3174;Crescente;Queda de moto;0;0;0;1;0;0;0;0;0;0;0;1;0;0;0
26/12/2021;17:25:00;135;Sem vítima;268.000;3159;Decrescente;Colisão traseira;2;0;0;0;0;0;0;0;0;0;2;0;0;0;0
26/12/2021;19:09:00;154;Sem vítima;316.000;3257;Crescente;Colisão lateral no mesmo sentido;2;0;0;0;0;0;0;0;0;0;5;0;0;0;0
26/12/2021;19:54:00;167;Com vítima;387.000;3293;Decrescente;Queda de moto;0;0;0;1;0;0;0;0;0;0;0;2;0;0;0
26/12/2021;21:04:00;176;Sem vítima;274.000;3247;Decrescente;Atropelamento de animal;0;0;0;0;0;0;0;0;0;0;0;0;0;0;0
26/12/2021;21:14:00;179;Sem vítima;255.000;3235;Crescente;Colisão traseira;2;0;0;0;0;0;0;0;0;0;2;0;0;0;0
26/12/2021;21:53:00;186;Sem vítima;251.000;3235;Crescente;Engavetamento;3;0;0;0;0;0;0;0;0;0;6;0;0;0;0
26/12/2021;21:57:00;188;Sem vítima;274.000;3247;Decrescente;Atropelamento de animal;0;0;0;0;0;1;0;0;0;0;2;0;0;0;0
27/12/2021;09:42:00;70;Sem vítima;120.000;3188;Decrescente;Choque;1;0;0;0;0;0;0;0;0;0;2;0;0;0;0
27/12/2021;13:51:00;126;Sem vítima;160.000;3196;Crescente;Colisão transversal;1;0;1;0;0;0;0;0;0;0;4;0;0;0;0
27/12/2021;15:57:00;148;Com vítima;267.000;3243;Decrescente;Queda de moto;0;0;0;1;0;0;0;0;0;0;0;0;4;0;0
27/12/2021;18:00:00;163;Com vítima;279.000;3246;Crescente;Colisão traseira;0;0;0;1;0;0;0;0;0;0;0;0;2;0;0
28/12/2021;08:36:00;46;Sem vítima;79.000;3188;Decrescente;Colisão traseira;0;0;1;0;0;1;0;0;0;0;2;0;0;0;0
28/12/2021;10:22:00;75;Sem vítima;205.000;3196;Crescente;Colisão transversal;1;0;0;1;0;0;0;0;0;0;3;0;0;0;0
28/12/2021;11:22:00;90;Sem vítima;266.300;3242;Crescente;Colisão traseira;2;0;0;0;0;0;0;0;0;0;6;0;0;0;0
28/12/2021;15:55:00;139;Sem vítima;420.000;3297;Decrescente;Choque;1;0;0;0;0;0;0;0;0;0;1;0;0;0;0
28/12/2021;16:32:00;149;Com vítima;277.000;3246;Crescente;Queda de moto;0;0;0;1;0;0;0;0;0;0;0;1;1;0;0
28/12/2021;19:24:00;183;Com vítima;287.000;3246;Crescente;Colisão traseira;1;0;0;1;0;0;0;0;0;0;3;0;1;0;0
28/12/2021;23:13:00;215;Com vítima;2.500;3324;Crescente;Tombamento;0;0;0;0;0;1;0;0;0;0;0;1;1;0;0
29/12/2021;00:14:00;1;Com vítima;416.100;3297;Decrescente;Saída de pista;1;0;0;0;0;0;0;0;0;0;0;0;1;0;0
29/12/2021;02:49:00;7;Sem vítima;13.500;3176;Crescente;Choque;0;0;1;0;0;0;0;0;0;0;1;0;0;0;0
29/12/2021;04:52:00;10;Sem vítima;294.000;3251;Crescente;Colisão lateral no mesmo sentido;1;0;0;0;0;0;0;0;0;0;2;0;0;0;0
29/12/2021;08:30:00;52;Sem vítima;57.009;3186;Decrescente;Colisão transversal;1;0;0;0;0;0;0;0;0;0;4;0;0;0;0
29/12/2021;13:34:00;121;Com vítima;284.000;3247;Decrescente;Capotamento;1;0;0;0;0;0;0;0;0;0;0;1;0;0;0
29/12/2021;14:40:00;134;Com vítima;333.000;3261;Crescente;Saída de pista;1;0;0;0;0;0;0;0;0;0;0;1;0;0;0
29/12/2021;15:32:00;142;Sem vítima;181.000;3196;Crescente;Engavetamento;1;0;0;0;0;0;0;0;0;0;3;0;0;0;0
29/12/2021;18:14:00;166;Sem vítima;252.000;3235;Crescente;Colisão traseira;0;0;2;0;0;0;0;0;0;0;2;0;0;0;0
29/12/2021;19:19:00;175;Sem vítima;265.800;3243;Decrescente;Colisão traseira;2;0;0;0;0;0;0;0;0;0;2;0;0;0;0
30/12/2021;09:24:00;61;Sem vítima;35.000;3186;Decrescente;Saída de pista;1;0;0;0;0;0;0;0;0;0;5;0;0;0;0
30/12/2021;09:38:00;67;Sem vítima;304.000;3251;Crescente;Choque;0;0;1;0;0;0;0;0;0;0;1;0;0;0;0
30/12/2021;10:42:00;79;Sem vítima;255.000;3235;Crescente;Engavetamento;4;0;0;0;0;0;0;0;0;0;6;0;0;0;0
30/12/2021;11:23:00;85;Com vítima;306.000;3251;Crescente;Tombamento;0;0;0;0;0;1;0;0;0;0;0;1;0;0;0
30/12/2021;14:51:00;114;Com vítima;272.000;3160;Decrescente;Colisão transversal;1;0;0;0;1;0;0;0;0;0;1;1;0;3;0
30/12/2021;18:20:00;151;Com vítima;138.000;3194;Decrescente;Queda de moto;0;0;0;1;0;0;0;0;0;0;0;2;0;0;0
31/12/2021;01:25:00;6;Sem vítima;168.000;3194;Decrescente;Saída de pista;1;0;0;0;0;0;0;0;0;0;1;0;0;0;0
31/12/2021;04:28:00;10;Com vítima;43.700;3184;Crescente;Choque;1;0;0;0;0;0;0;0;0;0;0;4;0;0;0
31/12/2021;06:02:00;21;Sem vítima;202.000;3196;Crescente;Saída de pista;1;0;0;0;0;0;0;0;0;0;2;0;0;0;0
31/12/2021;11:09:00;78;Com vítima;391.000;3292;Crescente;Colisão transversal;2;0;0;0;0;0;0;0;0;0;0;7;2;0;0
31/12/2021;12:53:00;93;Com vítima;219.000;3214;Crescente;Saída de pista;0;0;1;0;0;0;0;0;0;0;0;0;1;0;0
31/12/2021;13:38:00;97;Com vítima;266.400;3242;Crescente;Colisão transversal;1;0;0;1;0;0;0;0;0;0;0;0;2;0;0
31/12/2021;14:18:00;101;Sem vítima;205.150;3198;Decrescente;Colisão lateral em sentido contrário;2;0;0;0;0;0;0;0;0;0;5;0;0;0;0
31/12/2021;15:14:00;115;Sem vítima;218.000;3213;Decrescente;Saída de pista;1;0;0;0;0;0;0;0;0;0;1;0;0;0;0
31/12/2021;15:19:00;117;Sem vítima;259.000;3241;Decrescente;Colisão lateral em sentido contrário;2;0;0;0;0;0;0;0;0;0;3;0;0;0;0
31/12/2021;15:21:00;118;Sem vítima;394.000;3293;Decrescente;Colisão traseira;1;0;0;0;0;0;0;0;0;0;1;0;0;0;0
31/12/2021;17:33:00;146;Com vítima;304.500;3251;Crescente;Colisão traseira;1;0;0;0;0;0;0;0;0;0;1;0;1;0;0
31/12/2021;18:06:00;149;Com vítima;261.000;3240;Crescente;Queda de bicicleta;0;1;0;0;0;0;0;0;0;0;0;0;1;0;0
01/01/2022;00:46:00;4;Com vítima;117.000;3188;Decrescente;Saída de pista;0;0;0;0;0;1;0;0;0;0;0;1;0;0;0
01/01/2022;06:25:00;22;Com vítima;446.000;3310;Decrescente;Saída de pista;1;0;0;0;0;0;0;0;0;0;0;0;2;0;0
01/01/2022;09:15:00;40;Sem vítima;85.000;3188;Decrescente;Colisão traseira;2;0;0;0;0;0;0;0;0;0;2;0;0;0;0
01/01/2022;11:25:00;61;Sem vítima;358.000;3273;Decrescente;Colisão traseira;2;0;0;0;0;0;0;0;0;0;6;0;0;0;0
01/01/2022;17:37:00;118;Sem vítima;395.200;3293;Decrescente;Choque;0;0;0;0;0;0;0;0;0;1;1;0;0;0;0
02/01/2022;11:17:00;59;Com vítima;282.000;3247;Decrescente;Queda de moto;0;0;0;1;0;0;0;0;0;0;0;1;0;0;0
02/01/2022;11:48:00;68;Sem vítima;115.600;3190;Crescente;Engavetamento;3;0;0;0;0;0;0;0;0;0;10;0;0;0;0
02/01/2022;12:52:00;82;Sem vítima;115.300;3190;Crescente;Engavetamento;2;0;0;0;0;0;0;0;0;0;7;0;0;0;0
02/01/2022;14:21:00;97;Sem vítima;265.800;3158;Crescente;Colisão transversal;2;0;0;0;0;0;0;0;0;0;2;0;0;0;0
02/01/2022;15:03:00;102;Sem vítima;393.000;3292;Crescente;Colisão transversal;0;0;0;1;0;0;0;0;0;0;2;0;0;0;0
02/01/2022;16:09:00;116;Com vítima;159.000;3194;Decrescente;Colisão traseira;1;0;0;1;0;0;0;0;0;0;2;2;0;0;0
02/01/2022;16:39:00;124;Sem vítima;231.000;3220;Crescente;Colisão traseira;1;0;0;0;0;0;0;0;0;0;4;0;0;0;0
02/01/2022;17:40:00;141;Com vítima;125.000;3188;Decrescente;Queda de moto;0;0;0;1;0;0;0;0;0;0;0;1;0;0;0
02/01/2022;19:36:00;167;Com vítima;293.300;3248;Decrescente;Queda de moto;0;0;0;1;0;0;0;0;0;0;0;1;1;0;0
02/01/2022;20:25:00;177;Sem vítima;7.000;3326;Decrescente;Colisão lateral no mesmo sentido;1;0;0;0;0;0;0;0;0;0;4;0;0;0;0
02/01/2022;21:17:00;184;Com vítima;136.000;3194;Decrescente;Colisão traseira;1;0;0;1;0;0;0;0;0;0;3;3;0;0;0
02/01/2022;21:50:00;188;Com vítima;297.500;3251;Crescente;Atropelamento de ciclista;1;1;0;0;0;0;0;0;0;0;1;0;0;1;0
03/01/2022;07:06:00;41;Sem vítima;271.000;3158;Crescente;Colisão traseira;2;0;0;0;0;0;0;0;0;0;2;0;0;0;0
03/01/2022;07:40:00;51;Com vítima;269.000;3243;Decrescente;Colisão traseira;0;0;1;1;0;0;0;0;0;0;1;1;0;0;0
03/01/2022;08:48:00;69;Com vítima;338.000;3264;Crescente;Colisão lateral em sentido contrário;0;0;1;1;0;1;0;0;0;0;3;0;0;1;0
03/01/2022;11:02:00;104;Sem vítima;256.000;3235;Crescente;Colisão traseira;1;0;1;0;0;0;0;0;0;0;2;0;0;0;0
03/01/2022;11:03:00;105;Sem vítima;90.000;3190;Crescente;Colisão traseira;2;0;0;0;0;0;0;0;0;0;2;0;0;0;0
03/01/2022;11:06:00;106;Com vítima;422.000;3301;Crescente;Colisão transversal;2;0;0;0;0;0;0;0;0;0;0;3;0;0;0
03/01/2022;11:30:00;109;Com vítima;256.000;3235;Crescente;Atropelamento de pedestre;1;0;0;0;0;0;0;0;0;0;2;0;1;0;0
03/01/2022;14:30:00;126;Sem vítima;388.000;3293;Decrescente;Colisão lateral em sentido contrário;2;0;0;0;0;0;0;0;0;0;6;0;0;0;0
03/01/2022;15:39:00;136;Sem vítima;102.000;3190;Crescente;Engavetamento;3;0;0;0;0;0;0;0;0;0;3;0;0;0;0
03/01/2022;16:46:00;145;Sem vítima;121.000;3190;Crescente;Colisão traseira;1;0;0;0;0;0;0;0;0;1;6;0;0;0;0
03/01/2022;17:19:00;151;Com vítima;284.000;3247;Decrescente;Queda de moto;0;0;0;1;0;0;0;0;0;0;0;1;1;0;0
04/01/2022;03:42:00;13;Com vítima;36.300;3184;Crescente;Atropelamento de animal;0;0;0;0;0;1;0;0;0;0;1;0;0;0;0
04/01/2022;07:06:00;33;Com vítima;159.000;3196;Crescente;Saída de pista;1;0;0;0;0;0;0;0;0;0;2;1;1;0;0
04/01/2022;07:37:00;39;Sem vítima;230.000;3220;Crescente;Colisão traseira;2;0;0;0;0;0;0;0;0;0;3;0;0;0;0
04/01/2022;09:40:00;85;Sem vítima;127.000;3190;Crescente;Colisão traseira;2;0;0;0;0;0;0;0;0;0;5;0;0;0;0
04/01/2022;10:12:00;91;Sem vítima;213.000;3208;Decrescente;Engavetamento;2;0;1;0;0;0;0;0;0;0;4;0;0;0;0
04/01/2022;10:12:00;92;Sem vítima;297.000;3251;Crescente;Colisão traseira;2;0;0;0;0;0;0;0;0;0;2;0;0;0;0
04/01/2022;14:41:00;138;Sem vítima;104.000;3190;Crescente;Acidentes de outra natureza;0;0;1;0;0;0;0;0;0;0;2;0;0;0;0
04/01/2022;17:50:00;169;Sem vítima;331.000;3261;Crescente;Choque;1;0;0;0;0;0;0;0;0;0;1;0;0;0;0
04/01/2022;18:47:00;176;Com vítima;297.700;3250;Decrescente;Atropelamento de ciclista;1;1;0;0;0;0;0;0;0;0;1;0;0;1;0
04/01/2022;19:30:00;186;Com vítima;93.000;3190;Crescente;Colisão lateral em sentido contrário;1;0;0;0;0;0;0;0;0;0;0;1;1;0;0
04/01/2022;21:28:00;202;Com vítima;420.800;3301;Crescente;Colisão frontal;1;0;1;0;0;0;0;0;0;0;1;0;0;0;1
05/01/2022;06:53:00;28;Com vítima;354.400;3266;Decrescente;Choque;0;0;0;1;0;0;0;0;0;0;0;0;0;0;1
05/01/2022;12:12:00;99;Com vítima;293.000;3249;Crescente;Engavetamento;0;0;3;0;1;0;0;0;0;0;3;1;1;0;0
05/01/2022;12:36:00;104;Sem vítima;310.000;3254;Crescente;Colisão traseira;0;0;0;0;0;0;0;0;0;1;1;0;0;0;0
05/01/2022;14:29:00;126;Sem vítima;380.300;3293;Decrescente;Choque;0;0;1;0;0;0;0;0;0;0;1;0;0;0;0
05/01/2022;16:03:00;142;Com vítima;74.000;3188;Decrescente;Colisão traseira;1;0;0;1;0;0;0;0;0;0;2;0;0;1;0
05/01/2022;16:50:00;154;Com vítima;71.900;3184;Crescente;Colisão traseira;0;0;0;1;0;1;0;0;0;0;1;1;0;0;0
06/01/2022;10:49:00;95;Com vítima;220.150;3215;Decrescente;Colisão transversal;1;0;0;1;0;0;0;0;0;0;0;0;0;2;0
06/01/2022;12:35:00;113;Sem vítima;272.300;3247;Decrescente;Choque;1;0;0;0;0;0;0;0;0;0;1;0;0;0;0
06/01/2022;17:40:00;167;Com vítima;17.400;3181;Decrescente;Queda de moto;0;0;0;1;0;0;0;0;0;0;0;1;0;0;0
06/01/2022;19:00:00;182;Sem vítima;64.000;3184;Crescente;Choque;0;0;0;1;0;0;0;0;0;0;1;0;0;0;0
06/01/2022;22:21:00;213;Com vítima;287.100;3246;Crescente;Saída de pista;1;0;0;0;0;0;0;0;0;0;1;1;0;0;0
06/01/2022;23:20:00;221;Sem vítima;287.500;3247;Decrescente;Choque;1;0;0;0;0;0;0;0;0;0;1;0;0;0;0
07/01/2022;00:19:00;1;Com vítima;203.950;3198;Decrescente;Queda de moto;0;0;0;1;0;0;0;0;0;0;0;0;1;0;0
07/01/2022;06:49:00;13;Sem vítima;433.000;3306;Crescente;Colisão lateral no mesmo sentido;1;0;1;0;0;0;0;0;0;0;2;0;0;0;0
07/01/2022;09:01:00;34;Sem vítima;181.000;3196;Crescente;Colisão transversal;1;0;0;0;0;1;0;0;0;0;4;0;0;0;0
07/01/2022;10:11:00;47;Sem vítima;129.000;3190;Crescente;Colisão traseira;1;0;1;1;0;0;0;0;0;0;6;0;0;0;0
07/01/2022;10:48:00;56;Sem vítima;292.700;3246;Crescente;Colisão traseira;0;0;1;0;1;0;0;0;0;0;7;0;0;0;0
07/01/2022;11:10:00;61;Sem vítima;256.000;3235;Crescente;Colisão traseira;2;0;0;0;0;0;0;0;0;0;2;0;0;0;0
07/01/2022;13:08:00;76;Com vítima;353.000;3266;Decrescente;Saída de pista;1;0;0;0;0;0;0;0;0;0;0;1;1;0;0
07/01/2022;13:57:00;84;Com vítima;369.000;3284;Decrescente;Colisão traseira;1;0;1;0;0;0;0;0;0;0;3;3;0;0;0
07/01/2022;14:07:00;87;Sem vítima;315.000;3257;Crescente;Choque;1;0;0;0;0;0;0;0;0;0;1;0;0;0;0
07/01/2022;16:59:00;112;Com vítima;119.000;3190;Crescente;Atropelamento de animal;1;0;0;0;0;0;0;0;0;0;0;0;1;0;0
07/01/2022;18:27:00;132;Sem vítima;282.000;3246;Crescente;Choque;2;0;0;0;0;0;0;0;0;0;2;0;0;0;0
07/01/2022;19:01:00;136;Com vítima;279.000;3246;Crescente;Saída de pista;1;0;0;0;0;0;0;0;0;0;3;0;1;0;0
07/01/2022;19:59:00;148;Com vítima;208.000;3203;Crescente;Colisão traseira;2;0;0;0;0;0;0;0;0;0;2;1;0;0;0
07/01/2022;20:20:00;151;Sem vítima;279.000;3247;Decrescente;Capotamento;2;0;0;0;0;0;0;0;0;0;2;0;0;0;0
07/01/2022;20:51:00;158;Com vítima;297.000;3251;Crescente;Colisão traseira;1;0;0;0;0;0;0;0;0;1;4;1;0;0;0
08/01/2022;01:52:00;4;Sem vítima;61.000;3184;Crescente;Colisão lateral no mesmo sentido;0;0;0;0;0;1;0;0;0;0;1;0;0;0;0
08/01/2022;05:46:00;19;Sem vítima;447.000;3310;Decrescente;Saída de pista;1;0;0;0;0;0;0;0;0;0;4;0;0;0;0
08/01/2022;06:30:00;25;Com vítima;260.000;3241;Decrescente;Capotamento;1;0;0;0;0;0;0;0;0;0;0;0;3;0;0
08/01/2022;08:46:00;48;Sem vítima;448.200;3312;Crescente;Capotamento;1;0;0;0;0;0;0;0;0;0;2;0;0;0;0
08/01/2022;09:43:00;56;Com vítima;209.000;3202;Decrescente;Colisão transversal;2;0;0;0;0;0;0;0;0;0;5;0;1;0;0
08/01/2022;10:20:00;61;Com vítima;312.800;3254;Crescente;Capotamento;1;0;0;0;0;0;0;0;0;0;0;0;0;1;0
08/01/2022;10:24:00;63;Sem vítima;446.000;3308;Crescente;Queda de moto;0;0;0;1;0;0;0;0;0;0;1;0;0;0;0
08/01/2022;14:36:00;94;Sem vítima;316.000;3258;Decrescente;Choque;1;0;0;0;0;0;0;0;0;0;1;0;0;0;0
08/01/2022;15:56:00;113;Com vítima;149.000;3196;Crescente;Atropelamento de pedestre;0;0;0;0;1;0;0;0;0;0;17;0;1;0;0
08/01/2022;16:04:00;114;Sem vítima;249.000;3235;Crescente;Saída de pista;1;0;0;0;0;0;0;0;0;0;3;0;0;0;0
08/01/2022;17:22:00;125;Com vítima;266.000;3159;Decrescente;Colisão traseira;2;0;0;0;0;0;0;0;0;0;2;0;1;0;0
08/01/2022;21:52:00;155;Com vítima;288.400;3246;Crescente;Atropelamento de pedestre;1;0;0;0;0;0;0;0;0;0;1;0;0;0;1
09/01/2022;06:04:00;16;Com vítima;270.800;3247;Decrescente;Choque;1;0;0;0;0;0;0;0;0;0;0;0;1;0;0
09/01/2022;07:18:00;23;Sem vítima;67.200;3141;Decrescente;Choque;1;0;0;0;0;0;0;0;0;0;1;0;0;0;0
09/01/2022;09:57:00;47;Sem vítima;262.000;3242;Crescente;Colisão traseira;2;0;0;0;0;0;0;0;0;0;2;0;0;0;0
09/01/2022;17:18:00;117;Com vítima;348.000;3266;Decrescente;Saída de pista;1;0;0;0;0;0;0;0;0;0;1;1;0;0;0
09/01/2022;18:36:00;130;Sem vítima;332.000;3262;Decrescente;Choque;1;0;0;0;0;0;0;0;0;0;1;0;0;0;0
09/01/2022;18:54:00;133;Com vítima;77.000;3184;Crescente;Colisão traseira;2;0;0;0;0;0;0;0;0;0;1;6;0;0;0
09/01/2022;20:01:00;148;Sem vítima;258.000;3238;Crescente;Choque;1;0;0;0;0;0;0;0;0;0;3;0;0;0;0
10/01/2022;07:07:00;36;Sem vítima;294.000;3250;Decrescente;Colisão traseira;2;0;0;0;0;0;0;0;0;0;2;0;0;0;0
10/01/2022;07:14:00;38;Com vítima;270.800;3247;Decrescente;Colisão traseira;1;0;0;1;0;0;0;0;0;0;1;1;0;0;0
10/01/2022;08:42:00;60;Com vítima;71.000;3188;Decrescente;Colisão lateral no mesmo sentido;0;0;0;1;0;0;0;0;0;0;0;1;0;0;0
10/01/2022;09:28:00;69;Com vítima;91.000;3188;Decrescente;Queda de moto;0;0;0;1;0;0;0;0;0;0;0;1;1;0;0
10/01/2022;10:10:00;88;Com vítima;137.800;3196;Crescente;Queda de moto;0;0;0;1;0;0;0;0;0;0;0;1;0;0;0
10/01/2022;13:36:00;141;Sem vítima;262.500;3242;Crescente;Colisão traseira;2;0;0;0;0;0;0;0;0;0;7;0;0;0;0
10/01/2022;16:11:00;176;Com vítima;228.000;3216;Crescente;Colisão lateral no mesmo sentido;1;0;1;0;0;0;0;0;0;0;4;1;0;0;0
10/01/2022;16:37:00;182;Com vítima;293.000;3249;Crescente;Queda de moto;0;0;0;1;0;0;0;0;0;0;0;0;1;0;0
10/01/2022;18:02:00;193;Sem vítima;162.000;3194;Decrescente;Colisão traseira;2;0;0;0;0;0;0;0;0;0;3;0;0;0;0
10/01/2022;20:17:00;209;Sem vítima;293.000;3248;Decrescente;Colisão lateral no mesmo sentido;1;0;0;1;0;0;0;0;0;0;2;0;0;0;0
11/01/2022;06:48:00;25;Com vítima;269.000;3158;Crescente;Colisão traseira;0;0;0;1;1;0;0;0;0;0;1;1;0;0;0
11/01/2022;07:48:00;41;Sem vítima;307.000;3251;Crescente;Colisão traseira;2;0;0;0;0;0;0;0;0;0;3;0;0;0;0
11/01/2022;10:29:00;85;Sem vítima;269.000;3242;Crescente;Engavetamento;3;0;0;0;0;0;0;0;0;0;3;0;0;0;0
11/01/2022;14:34:00;119;Com vítima;396.000;3295;Crescente;Colisão frontal;1;0;0;1;0;0;0;0;0;0;3;0;0;1;0
11/01/2022;14:38:00;123;Com vítima;282.000;3247;Decrescente;Queda de moto;0;0;0;1;0;0;0;0;0;0;0;2;0;0;0
11/01/2022;14:41:00;125;Com vítima;146.500;3194;Decrescente;Engavetamento;2;0;0;1;0;0;0;0;0;0;2;1;0;0;0
11/01/2022;21:10:00;187;Sem vítima;82.500;3190;Crescente;Colisão lateral em sentido contrário;2;0;1;0;0;0;0;0;0;0;6;0;0;0;0
12/01/2022;07:09:00;34;Sem vítima;269.000;3242;Crescente;Colisão traseira;1;0;0;0;0;0;0;0;0;1;2;0;0;0;0
12/01/2022;07:37:00;38;Com vítima;296.000;3166;Crescente;Atropelamento de ciclista;0;1;0;0;0;1;0;0;0;0;1;1;0;0;0
12/01/2022;08:27:00;55;Sem vítima;53.000;3184;Crescente;Colisão traseira;2;0;0;0;0;0;0;0;0;0;6;0;0;0;0
12/01/2022;10:30:00;84;Com vítima;65.000;3188;Decrescente;Colisão lateral em sentido contrário;0;0;0;1;0;0;0;0;0;1;1;0;1;0;0
12/01/2022;11:57:00;100;Com vítima;65.800;3188;Decrescente;Colisão traseira;0;0;1;0;0;0;0;0;0;1;3;1;0;0;0
12/01/2022;13:56:00;120;Sem vítima;281.000;3247;Decrescente;Saída de pista;0;0;0;0;0;1;0;0;0;0;1;0;0;0;0
12/01/2022;15:00:00;136;Sem vítima;152.000;3196;Crescente;Tombamento;0;0;1;0;0;0;0;0;0;0;2;0;0;0;0
12/01/2022;15:39:00;149;Sem vítima;441.000;3308;Crescente;Colisão traseira;1;0;0;0;0;0;0;0;0;1;7;0;0;0;0
12/01/2022;18:19:00;190;Sem vítima;363.000;3280;Crescente;Choque;2;0;0;0;0;0;0;0;0;0;28;0;0;0;0
12/01/2022;19:01:00;194;Sem vítima;269.000;3159;Decrescente;Colisão lateral no mesmo sentido;1;0;1;0;0;0;0;0;0;0;2;0;0;0;0
12/01/2022;19:36:00;202;Sem vítima;286.000;3247;Decrescente;Colisão traseira;1;0;0;0;0;1;0;0;0;0;2;0;0;0;0
13/01/2022;02:20:00;9;Com vítima;276.000;3247;Decrescente;Atropelamento de animal;0;0;0;0;0;0;0;0;0;1;0;0;1;0;0