data;horario;n_da_ocorrencia;tipo_de_ocorrencia;km;trecho;sentido;tipo_de_acidente;automovel;bicicleta;caminhao;moto;onibus;outros;tracao_animal;transporte_de_cargas_especiais;trator_maquinas;utilitarios;ilesos;levemente_feridos;moderadamente_feridos;gravemente_feridos;mortos
13/01/2022;02:58:00;13;Com vítima;134.000;3196;Crescente;Atropelamento de animal;0;0;0;0;0;0;0;0;0;0;0;0;0;0;0
13/01/2022;08:42:00;60;Sem vítima;291.000;3247;Decrescente;Colisão lateral no mesmo sentido;1;0;0;0;0;1;0;0;0;0;2;0;0;0;0
13/01/2022;15:07:00;132;Sem vítima;343.000;3266;Decrescente;Colisão traseira;0;0;0;0;0;2;0;0;0;0;2;0;0;0;0
13/01/2022;16:38:00;165;Sem vítima;238.800;3225;Decrescente;Colisão transversal;2;0;0;0;0;0;0;0;0;0;5;0;0;0;0
13/01/2022;16:57:00;169;Sem vítima;293.000;3165;Decrescente;Colisão transversal;1;0;0;0;0;0;0;0;0;0;1;0;0;0;0
14/01/2022;02:34:00;11;Com vítima;3.000;3323;Decrescente;Atropelamento de animal;1;0;0;0;0;0;0;0;0;0;1;0;1;0;0
14/01/2022;02:57:00;15;Sem vítima;110.000;3188;Decrescente;Saída de pista;0;0;1;0;0;0;0;0;0;0;1;0;0;0;0
14/01/2022;08:27:00;59;Com vítima;264.600;3243;Decrescente;Colisão transversal;0;0;0;1;0;1;0;0;0;0;2;0;1;0;0
14/01/2022;14:09:00;124;Sem vítima;424.900;3301;Crescente;Colisão traseira;0;0;1;0;0;1;0;0;0;0;3;0;0;0;0
14/01/2022;15:08:00;138;Com vítima;292.200;3246;Crescente;Saída de pista;0;0;0;1;0;0;0;0;0;0;0;0;1;0;0
14/01/2022;15:49:00;148;Sem vítima;54.900;3186;Decrescente;Colisão traseira;2;0;0;0;0;0;0;0;0;0;2;0;0;0;0
14/01/2022;18:02:00;171;Sem vítima;298.000;3251;Crescente;Queda de moto;0;0;0;1;0;0;0;0;0;0;1;0;0;0;0
14/01/2022;20:29:00;203;Sem vítima;325.000;3261;Crescente;Engavetamento;2;0;1;0;0;0;0;0;0;0;6;0;0;0;0
14/01/2022;20:30:00;204;Sem vítima;65.900;3184;Crescente;Colisão traseira;2;0;0;0;0;0;0;0;0;0;2;0;0;0;0
14/01/2022;22:01:00;215;Com vítima;293.000;3249;Crescente;Saída de pista;1;0;0;0;0;0;0;0;0;0;1;1;0;0;0
14/01/2022;22:28:00;220;Com vítima;123.000;3188;Decrescente;Colisão traseira;0;0;0;1;0;1;0;0;0;0;1;0;0;0;1
14/01/2022;23:13:00;222;Com vítima;149.000;3194;Decrescente;Atropelamento de pedestre;0;0;1;0;0;0;0;0;0;0;1;0;0;0;1
15/01/2022;02:54:00;11;Com vítima;372.300;3285;Crescente;Tombamento;0;0;1;0;0;0;0;0;0;0;0;1;0;0;0
15/01/2022;03:33:00;16;Com vítima;302.000;3250;Decrescente;Queda de moto;0;0;0;1;0;0;0;0;0;0;0;1;0;0;0
15/01/2022;09:01:00;39;Sem vítima;372.000;3285;Crescente;Colisão traseira;2;0;0;0;0;0;0;0;0;0;4;0;0;0;0
15/01/2022;09:38:00;54;Sem vítima;178.000;3194;Decrescente;Colisão transversal;2;0;0;0;0;0;0;0;0;0;10;0;0;0;0
15/01/2022;10:34:00;63;Com vítima;343.000;3266;Decrescente;Colisão traseira;1;0;0;1;0;0;0;0;0;0;1;1;0;0;0
15/01/2022;17:14:00;123;Sem vítima;287.000;3246;Crescente;Colisão traseira;2;0;0;0;0;0;0;0;0;0;3;0;0;0;0
15/01/2022;19:55:00;152;Sem vítima;257.000;3238;Crescente;Colisão lateral no mesmo sentido;2;0;0;0;0;0;0;0;0;0;7;0;0;0;0
16/01/2022;05:03:00;17;Sem vítima;287.000;3246;Crescente;Colisão transversal;1;0;0;0;0;0;0;0;0;0;3;0;0;0;0
16/01/2022;13:52:00;85;Sem vítima;255.000;3235;Crescente;Colisão traseira;2;0;0;0;0;0;0;0;0;0;5;0;0;0;0
16/01/2022;14:59:00;98;Sem vítima;126.000;3190;Crescente;Colisão traseira;2;0;0;0;0;0;0;0;0;0;2;0;0;0;0
16/01/2022;19:14:00;141;Sem vítima;90.000;3190;Crescente;Colisão traseira;1;0;0;0;0;0;0;0;0;0;3;0;0;0;0
16/01/2022;19:57:00;153;Sem vítima;262.000;3243;Decrescente;Colisão traseira;2;0;0;0;0;0;0;0;0;0;2;0;0;0;0
16/01/2022;21:56:00;168;Sem vítima;435.500;3308;Crescente;Tombamento;0;0;1;0;0;0;0;0;0;0;1;0;0;0;0
16/01/2022;22:50:00;174;Com vítima;260.600;3240;Crescente;Queda de moto;0;0;0;1;0;0;0;0;0;0;0;1;0;0;0
17/01/2022;01:47:00;12;Com vítima;350.000;3266;Decrescente;Saída de pista;1;0;0;0;0;0;0;0;0;0;0;0;1;1;0
17/01/2022;06:42:00;28;Com vítima;265.000;3242;Crescente;Colisão traseira;0;0;0;1;0;0;0;0;0;1;1;0;1;0;0
17/01/2022;08:57:00;52;Sem vítima;159.900;3196;Crescente;Colisão transversal;1;0;1;0;0;0;0;0;0;0;3;0;0;0;0
17/01/2022;10:34:00;71;Sem vítima;317.300;3258;Decrescente;Saída de pista;0;0;0;0;0;1;0;0;0;0;1;0;0;0;0
17/01/2022;15:51:00;134;Sem vítima;85.900;3188;Decrescente;Colisão traseira;2;0;0;0;0;0;0;0;0;0;2;0;0;0;0
17/01/2022;19:38:00;167;Com vítima;267.800;3159;Decrescente;Atropelamento de ciclista;1;1;0;0;0;0;0;0;0;0;1;0;0;1;0
18/01/2022;07:11:00;28;Sem vítima;190.500;3198;Decrescente;Colisão traseira;2;0;0;0;0;0;0;0;0;0;6;0;0;0;0
18/01/2022;07:22:00;34;Com vítima;292.000;3246;Crescente;Colisão transversal;1;0;0;1;0;0;0;0;0;0;1;2;0;0;0
18/01/2022;08:41:00;51;Sem vítima;265.400;3243;Decrescente;Choque;1;0;0;0;0;0;0;0;0;0;1;0;0;0;0
18/01/2022;08:47:00;53;Sem vítima;271.000;3247;Decrescente;Engavetamento;1;0;0;0;0;1;0;0;0;0;3;0;0;0;0
18/01/2022;08:59:00;58;Com vítima;276.000;3246;Crescente;Queda de moto;0;0;0;1;0;0;0;0;0;0;0;1;0;0;0
18/01/2022;09:48:00;67;Com vítima;15.100;3180;Crescente;Colisão lateral em sentido contrário;2;0;0;0;0;0;0;0;0;0;5;2;0;0;0
18/01/2022;14:38:00;119;Com vítima;169.500;3196;Crescente;Saída de pista;1;0;0;0;0;0;0;0;0;0;0;0;1;0;0
18/01/2022;17:01:00;149;Sem vítima;267.000;3158;Crescente;Colisão traseira;2;0;0;0;0;0;0;0;0;0;3;0;0;0;0
18/01/2022;17:23:00;154;Com vítima;146.000;3149;Decrescente;Colisão traseira;1;0;0;1;0;0;0;0;0;0;1;0;1;0;0
18/01/2022;17:37:00;157;Sem vítima;270.000;3159;Decrescente;Colisão traseira;2;0;0;0;0;0;0;0;0;0;3;0;0;0;0
18/01/2022;17:48:00;163;Com vítima;125.600;3190;Crescente;Colisão lateral no mesmo sentido;1;0;0;1;0;0;0;0;0;0;5;0;1;0;0
19/01/2022;07:43:00;45;Com vítima;385.800;3293;Decrescente;Saída de pista;0;0;1;0;0;0;0;0;0;0;0;1;0;0;0
19/01/2022;09:04:00;60;Sem vítima;320.000;3257;Crescente;Colisão traseira;1;0;1;0;0;0;0;0;0;0;4;0;0;0;0
19/01/2022;10:49:00;76;Sem vítima;270.000;3243;Decrescente;Colisão traseira;2;0;0;0;0;1;0;0;0;0;3;0;0;0;0
19/01/2022;11:59:00;90;Com vítima;160.005;3196;Crescente;Colisão transversal;1;0;1;0;0;0;0;0;0;0;2;1;0;0;0
19/01/2022;16:45:00;136;Com vítima;268.000;3159;Decrescente;Colisão traseira;0;0;0;1;0;1;0;0;0;0;1;0;1;0;0
19/01/2022;18:15:00;154;Com vítima;365.000;3282;Crescente;Queda de moto;0;0;0;1;0;0;0;0;0;0;0;1;0;0;0
19/01/2022;19:55:00;165;Com vítima;337.500;3264;Crescente;Queda de moto;0;0;0;1;0;0;0;0;0;0;0;0;0;1;0
19/01/2022;20:02:00;168;Sem vítima;270.400;3244;Decrescente;Colisão traseira;1;0;1;0;0;0;0;0;0;0;2;0;0;0;0
19/01/2022;20:19:00;169;Sem vítima;267.000;3159;Decrescente;Colisão traseira;1;0;0;0;1;0;0;0;0;0;2;0;0;0;0
20/01/2022;07:31:00;33;Sem vítima;270.000;3242;Crescente;Colisão traseira;1;0;0;0;0;0;0;0;0;0;1;0;0;0;0
20/01/2022;08:53:00;61;Com vítima;289.200;3246;Crescente;Queda de moto;0;0;0;1;0;0;0;0;0;0;0;0;1;0;0
20/01/2022;17:05:00;162;Sem vítima;301.000;3250;Decrescente;Colisão traseira;2;0;0;0;0;0;0;0;0;0;3;0;0;0;0
20/01/2022;18:27:00;173;Sem vítima;326.000;3261;Crescente;Colisão lateral no mesmo sentido;1;0;0;0;0;1;0;0;0;0;2;0;0;0;0
20/01/2022;22:29:00;202;Sem vítima;293.400;3249;Crescente;Choque;1;0;0;0;0;0;0;0;0;0;1;0;0;0;0
21/01/2022;06:41:00;25;Sem vítima;261.000;3240;Crescente;Colisão traseira;2;0;0;0;0;0;0;0;0;0;3;0;0;0;0
21/01/2022;06:55:00;30;Com vítima;289.200;3246;Crescente;Colisão traseira;0;0;0;0;1;1;0;0;0;0;2;2;0;1;0
21/01/2022;07:57:00;42;Sem vítima;266.000;3158;Crescente;Colisão traseira;1;0;0;1;0;0;0;0;0;0;2;0;0;0;0
21/01/2022;08:53:00;58;Sem vítima;66.500;3141;Decrescente;Colisão frontal;2;0;0;0;0;0;0;0;0;0;2;0;0;0;0
21/01/2022;09:02:00;60;Com vítima;77.000;3188;Decrescente;Colisão traseira;0;0;1;1;0;0;0;0;0;0;2;1;0;0;0
21/01/2022;09:50:00;75;Sem vítima;267.900;3159;Decrescente;Engavetamento;2;0;0;0;0;0;0;0;0;0;2;0;0;0;0
21/01/2022;10:40:00;85;Sem vítima;260.100;3241;Decrescente;Tombamento;0;0;0;0;0;1;0;0;0;0;1;0;0;0;0
21/01/2022;11:32:00;99;Com vítima;179.000;3194;Decrescente;Colisão transversal;1;0;0;1;0;0;0;0;0;0;1;0;0;1;0
21/01/2022;12:30:00;111;Sem vítima;150.100;3194;Decrescente;Colisão traseira;1;0;1;0;0;0;0;0;0;0;2;0;0;0;0
21/01/2022;13:15:00;119;Sem vítima;241.000;3227;Crescente;Colisão lateral no mesmo sentido;1;0;0;0;0;1;0;0;0;0;2;0;0;0;0
21/01/2022;16:39:00;174;Com vítima;127.000;3146;Crescente;Colisão traseira;1;0;0;1;0;0;0;0;0;0;1;1;0;0;0
21/01/2022;18:05:00;193;Sem vítima;238.000;3225;Decrescente;Colisão lateral no mesmo sentido;1;0;0;1;0;0;0;0;0;0;2;0;0;0;0
21/01/2022;19:17:00;206;Com vítima;361.000;3278;Crescente;Queda de moto;0;0;0;1;0;0;0;0;0;0;0;1;0;0;0
21/01/2022;22:42:00;238;Sem vítima;320.000;3257;Crescente;Choque;0;0;0;0;0;1;0;0;0;0;1;0;0;0;0
22/01/2022;06:10:00;34;Sem vítima;243.000;3228;Crescente;Choque;0;0;0;1;0;0;0;0;0;0;2;0;0;0;0
22/01/2022;07:23:00;47;Sem vítima;316.000;3258;Decrescente;Choque;1;0;0;0;0;0;0;0;0;0;1;0;0;0;0
22/01/2022;14:34:00;119;Sem vítima;399.700;3297;Decrescente;Colisão traseira;2;0;0;0;0;0;0;0;0;0;3;0;0;0;0
22/01/2022;19:13:00;151;Com vítima;67.000;3141;Decrescente;Queda de moto;0;0;0;1;0;0;0;0;0;0;0;0;1;0;0
22/01/2022;19:56:00;158;Com vítima;941.000;3171;Crescente;Colisão transversal;1;0;0;0;0;1;0;0;0;0;1;1;0;0;0
22/01/2022;23:24:00;172;Sem vítima;294.300;3250;Decrescente;Colisão traseira;1;0;1;0;0;0;0;0;0;0;2;0;0;0;0
23/01/2022;01:41:00;4;Com vítima;441.000;3308;Crescente;Queda de moto;0;0;0;1;0;0;0;0;0;0;0;1;0;0;0
23/01/2022;02:14:00;5;Sem vítima;149.000;3194;Decrescente;Colisão lateral no mesmo sentido;2;0;0;0;0;0;0;0;0;0;3;0;0;0;0
23/01/2022;09:27:00;55;Com vítima;261.000;3241;Decrescente;Tombamento;1;0;1;0;0;0;0;0;0;0;0;2;1;0;0
23/01/2022;13:06:00;91;Sem vítima;265.500;3243;Decrescente;Colisão traseira;2;0;0;0;0;0;0;0;0;0;3;0;0;0;0
23/01/2022;13:53:00;97;Sem vítima;247.000;3234;Decrescente;Colisão lateral em sentido contrário;2;0;0;0;0;0;0;0;0;0;2;0;0;0;0
23/01/2022;14:51:00;103;Com vítima;947.000;3172;Decrescente;Queda de moto;0;0;0;1;0;0;0;0;0;0;0;0;1;0;0
23/01/2022;22:12:00;158;Com vítima;266.000;3158;Crescente;Saída de pista;1;0;0;0;0;0;0;0;0;0;0;2;2;0;0
24/01/2022;07:34:00;41;Com vítima;285.008;3247;Decrescente;Colisão traseira;0;0;1;1;0;0;0;0;0;0;1;1;0;0;0
24/01/2022;09:24:00;76;Com vítima;204.400;3198;Decrescente;Colisão lateral no mesmo sentido;0;0;0;1;0;0;0;0;0;0;0;1;0;0;0
24/01/2022;12:23:00;120;Sem vítima;241.000;3227;Crescente;Colisão traseira;1;0;0;0;0;0;0;0;0;0;1;0;0;0;0
24/01/2022;13:37:00;127;Com vítima;232.500;3219;Decrescente;Colisão lateral em sentido contrário;0;0;1;0;1;0;0;0;0;0;4;2;0;0;0
24/01/2022;15:20:00;143;Sem vítima;298.000;3168;Crescente;Colisão transversal;1;0;0;0;0;1;0;0;0;0;2;0;0;0;0
24/01/2022;15:38:00;146;Com vítima;442.000;3310;Decrescente;Colisão transversal;2;0;0;0;0;0;0;0;0;0;3;0;0;1;0
25/01/2022;09:24:00;78;Sem vítima;264.000;3243;Decrescente;Colisão lateral no mesmo sentido;1;0;0;1;0;0;0;0;0;0;3;0;0;0;0
25/01/2022;09:59:00;91;Sem vítima;317.200;3258;Decrescente;Choque;1;0;0;0;0;0;0;0;0;0;4;0;0;0;0
25/01/2022;11:03:00;105;Sem vítima;148.500;3149;Decrescente;Engavetamento;3;0;0;0;0;0;0;0;0;0;3;0;0;0;0
25/01/2022;15:25:00;157;Com vítima;355.800;3266;Decrescente;Colisão lateral no mesmo sentido;1;0;0;1;0;0;0;0;0;0;1;0;1;0;0
25/01/2022;15:38:00;162;Sem vítima;355.800;3268;Crescente;Engavetamento;1;0;1;0;0;1;0;0;0;0;3;0;0;0;0
25/01/2022;19:24:00;196;Com vítima;240.000;3226;Crescente;Colisão transversal;1;0;1;0;0;0;0;0;0;0;1;0;1;0;0
25/01/2022;22:10:00;214;Com vítima;293.000;3248;Decrescente;Queda de moto;0;0;0;1;0;0;0;0;0;0;0;0;1;0;0
26/01/2022;07:25:00;27;Com vítima;270.800;3246;Crescente;Colisão traseira;1;0;0;1;0;0;0;0;0;0;1;0;1;0;0
26/01/2022;09:51:00;57;Sem vítima;206.200;3199;Decrescente;Choque;1;0;0;0;0;0;0;0;0;0;3;0;0;0;0
26/01/2022;15:49:00;123;Sem vítima;422.000;3301;Crescente;Colisão traseira;0;0;1;0;0;1;0;0;0;0;3;0;0;0;0
26/01/2022;17:30:00;144;Sem vítima;373.000;3284;Decrescente;Colisão lateral no mesmo sentido;1;0;0;0;0;1;0;0;0;0;4;0;0;0;0
26/01/2022;18:27:00;157;Sem vítima;314.000;3256;Decrescente;Choque;1;0;0;0;0;0;0;0;0;0;1;0;0;0;0
26/01/2022;20:58:00;176;Com vítima;447.000;3311;Crescente;Capotamento;0;0;0;0;0;0;0;0;0;1;0;2;0;0;0
27/01/2022;04:49:00;18;Sem vítima;180.000;3194;Decrescente;Saída de pista;1;0;0;0;0;0;0;0;0;0;1;0;0;0;0
27/01/2022;07:03:00;23;Com vítima;292.000;3247;Decrescente;Queda de moto;0;0;0;1;0;0;0;0;0;0;0;1;0;0;0
27/01/2022;12:05:00;77;Sem vítima;68.000;3188;Decrescente;Engavetamento;1;0;2;0;0;0;0;0;0;2;7;0;0;0;0
27/01/2022;17:50:00;140;Com vítima;267.700;3158;Crescente;Atropelamento de pedestre;0;0;0;0;0;0;0;0;0;0;0;0;0;1;0
27/01/2022;19:03:00;150;Sem vítima;141.000;3149;Decrescente;Colisão traseira;2;0;0;0;0;0;0;0;0;0;2;0;0;0;0
28/01/2022;10:33:00;73;Com vítima;199.250;3198;Decrescente;Colisão traseira;1;0;0;0;0;1;0;0;0;0;1;0;0;0;1
28/01/2022;10:42:00;75;Sem vítima;425.000;3297;Decrescente;Saída de pista;1;0;0;0;0;0;0;0;0;0;1;0;0;0;0
28/01/2022;13:38:00;100;Sem vítima;264.000;3242;Crescente;Colisão traseira;1;0;1;0;0;0;0;0;0;0;2;0;0;0;0
28/01/2022;14:54:00;116;Sem vítima;285.000;3247;Decrescente;Colisão traseira;2;0;0;0;0;1;0;0;0;0;3;0;0;0;0
28/01/2022;16:21:00;135;Sem vítima;106.000;3188;Decrescente;Engavetamento;1;0;1;0;0;1;0;0;0;0;4;0;0;0;0
28/01/2022;16:45:00;137;Com vítima;270.000;3243;Decrescente;Colisão lateral no mesmo sentido;0;0;0;1;0;1;0;0;0;0;1;0;1;0;0
28/01/2022;17:10:00;143;Com vítima;269.000;3242;Crescente;Queda de moto;0;0;0;1;0;0;0;0;0;0;0;0;1;0;0
28/01/2022;18:10:00;155;Sem vítima;298.000;3251;Crescente;Engavetamento;3;0;0;0;0;0;0;0;0;0;3;0;0;0;0
29/01/2022;05:36:00;16;Com vítima;300.200;3250;Decrescente;Atropelamento de pedestre;0;0;0;0;0;1;0;0;0;0;1;0;0;0;1
29/01/2022;06:11:00;18;Com vítima;126.400;3188;Decrescente;Queda de moto;0;0;0;1;0;0;0;0;0;0;0;2;0;0;0
29/01/2022;07:53:00;38;Com vítima;58.000;3184;Crescente;Queda de moto;0;0;0;1;0;0;0;0;0;0;0;2;0;0;0
29/01/2022;14:37:00;128;Sem vítima;101.400;3190;Crescente;Colisão traseira;0;0;1;0;0;1;0;0;0;0;2;0;0;0;0
29/01/2022;18:46:00;175;Com vítima;125.300;3190;Crescente;Atropelamento de ciclista;0;1;0;0;0;1;0;0;0;0;1;0;2;0;0
29/01/2022;19:55:00;189;Com vítima;324.100;3261;Crescente;Colisão frontal;1;0;0;1;0;0;0;0;0;0;1;0;0;1;0
29/01/2022;20:42:00;197;Com vítima;293.600;3164;Crescente;Queda de moto;0;0;0;1;0;0;0;0;0;0;0;0;1;0;0
30/01/2022;02:39:00;10;Com vítima;219.000;3214;Crescente;Atropelamento de animal;1;0;0;0;0;0;0;0;0;0;0;0;1;0;0
30/01/2022;12:38:00;64;Com vítima;291.700;3246;Crescente;Queda de moto;0;0;0;1;0;0;0;0;0;0;1;0;1;0;0
30/01/2022;14:27:00;88;Sem vítima;219.100;3213;Decrescente;Colisão lateral no mesmo sentido;1;0;0;0;0;1;0;0;0;0;5;0;0;0;0
30/01/2022;14:37:00;94;Com vítima;286.800;3247;Decrescente;Saída de pista;1;0;0;0;0;0;0;0;0;0;1;0;1;0;0
30/01/2022;14:59:00;97;Sem vítima;287.100;3247;Decrescente;Saída de pista;1;0;0;0;0;0;0;0;0;0;1;0;0;0;0
30/01/2022;15:57:00;108;Sem vítima;353.000;3268;Crescente;Queda de moto;0;0;0;1;0;0;0;0;0;0;2;0;0;0;0
30/01/2022;16:23:00;113;Sem vítima;197.000;3198;Decrescente;Saída de pista;1;0;0;0;0;0;0;0;0;0;1;0;0;0;0
30/01/2022;16:48:00;121;Com vítima;369.000;3284;Decrescente;Atropelamento de ciclista;0;1;1;0;0;0;0;0;0;0;1;0;0;0;1
30/01/2022;19:02:00;148;Com vítima;285.000;3246;Crescente;Queda de moto;0;0;0;1;0;0;0;0;0;0;0;1;0;0;0
30/01/2022;19:54:00;158;Sem vítima;124.000;3188;Decrescente;Colisão traseira;2;0;0;0;0;0;0;0;0;0;7;0;0;0;0
31/01/2022;05:06:00;18;Sem vítima;282.000;3247;Decrescente;Choque;2;0;0;0;0;0;0;0;0;0;2;0;0;0;0
31/01/2022;09:22:00;52;Com vítima;176.002;3194;Decrescente;Queda de moto;0;0;0;1;0;0;0;0;0;0;0;0;1;0;0
31/01/2022;10:12:00;58;Sem vítima;212.000;3208;Decrescente;Saída de pista;1;0;0;0;0;0;0;0;0;0;4;0;0;0;0
31/01/2022;15:21:00;121;Com vítima;418.000;3297;Decrescente;Colisão frontal;2;0;0;0;0;0;0;0;0;0;7;1;0;0;0
31/01/2022;20:38:00;171;Sem vítima;272.000;3246;Crescente;Choque;1;0;0;0;0;0;0;0;0;0;1;0;0;0;0
01/02/2022;08:19:00;42;Sem vítima;267.000;3159;Decrescente;Colisão lateral no mesmo sentido;1;0;1;0;0;0;0;0;0;0;2;0;0;0;0
01/02/2022;08:24:00;44;Com vítima;264.000;3243;Decrescente;Colisão traseira;1;0;0;1;0;0;0;0;0;0;1;1;1;0;0
01/02/2022;10:11:00;63;Sem vítima;297.000;3251;Crescente;Colisão traseira;1;0;1;0;0;1;0;0;0;0;3;0;0;0;0
01/02/2022;13:57:00;105;Sem vítima;436.000;3309;Decrescente;Saída de pista;0;0;1;0;0;0;0;0;0;0;2;0;0;0;0
01/02/2022;14:16:00;110;Sem vítima;262.000;3242;Crescente;Colisão traseira;2;0;0;0;0;0;0;0;0;0;2;0;0;0;0
01/02/2022;18:35:00;152;Com vítima;270.800;3246;Crescente;Colisão lateral no mesmo sentido;0;0;0;1;0;0;0;0;0;0;0;0;1;0;0
01/02/2022;21:36:00;169;Com vítima;260.600;3240;Crescente;Colisão lateral em sentido contrário;1;0;0;0;0;1;0;0;0;0;1;0;1;0;0
02/02/2022;02:05:00;5;Sem vítima;176.000;3194;Decrescente;Colisão traseira;0;0;1;0;0;1;0;0;0;0;2;0;0;0;0
02/02/2022;06:23:00;17;Com vítima;269.900;3159;Decrescente;Colisão transversal;0;0;0;1;1;0;0;0;0;0;1;0;1;0;0
02/02/2022;11:28:00;85;Sem vítima;271.000;3246;Crescente;Colisão transversal;1;0;0;0;0;0;0;0;0;1;2;0;0;0;0
02/02/2022;13:16:00;100;Sem vítima;246.800;3234;Decrescente;Acidentes de outra natureza;1;0;0;0;0;0;0;0;0;0;1;0;0;0;0
02/02/2022;16:29:00;135;Com vítima;202.980;3196;Crescente;Colisão transversal;1;0;0;1;0;0;0;0;0;0;1;0;1;0;0
03/02/2022;01:32:00;3;Sem vítima;413.000;3297;Decrescente;Choque;1;0;0;0;0;0;0;0;0;0;1;0;0;0;0
03/02/2022;06:48:00;21;Com vítima;264.400;3243;Decrescente;Colisão lateral no mesmo sentido;1;0;0;2;0;0;0;0;0;0;2;0;2;0;0
03/02/2022;07:00:00;25;Sem vítima;274.200;3246;Crescente;Colisão lateral no mesmo sentido;2;0;0;0;0;0;0;0;0;0;2;0;0;0;0
03/02/2022;08:07:00;47;Sem vítima;262.600;3243;Decrescente;Colisão traseira;2;0;0;0;0;0;0;0;0;0;3;0;0;0;0
03/02/2022;08:24:00;49;Sem vítima;18.900;3184;Crescente;Colisão lateral em sentido contrário;1;0;0;0;0;1;0;0;0;0;3;0;0;0;0
03/02/2022;14:13:00;100;Com vítima;139.400;3148;Crescente;Queda de moto;0;0;0;1;0;0;0;0;0;0;0;2;0;0;0
03/02/2022;14:32:00;102;Sem vítima;258.500;3238;Crescente;Choque;1;0;0;0;0;0;0;0;0;0;2;0;0;0;0
03/02/2022;16:23:00;121;Sem vítima;270.000;3242;Crescente;Colisão traseira;1;0;0;0;0;1;0;0;0;0;2;0;0;0;0
03/02/2022;18:03:00;138;Com vítima;213.000;3208;Decrescente;Colisão traseira;0;0;0;2;0;0;0;0;0;0;3;0;1;0;0
03/02/2022;20:14:00;158;Com vítima;135.900;3194;Decrescente;Colisão transversal;0;0;0;1;0;0;0;0;0;0;0;1;1;0;0
03/02/2022;20:28:00;161;Sem vítima;189.000;3196;Crescente;Saída de pista;1;0;0;0;0;0;0;0;0;0;2;0;0;0;0
03/02/2022;20:48:00;164;Com vítima;66.000;3188;Decrescente;Atropelamento de ciclista;0;1;0;0;0;1;0;0;0;0;1;0;1;0;0
04/02/2022;04:47:00;14;Sem vítima;289.900;3247;Decrescente;Choque;1;0;0;0;0;0;0;0;0;0;1;0;0;0;0
04/02/2022;05:18:00;18;Sem vítima;313.000;3254;Crescente;Tombamento;0;0;1;0;0;0;0;0;0;0;1;0;0;0;0
04/02/2022;09:27:00;69;Com vítima;276.400;3247;Decrescente;Colisão traseira;1;0;0;1;0;0;0;0;0;0;1;1;0;0;0
04/02/2022;10:08:00;72;Com vítima;204.000;3196;Crescente;Colisão lateral no mesmo sentido;1;0;0;1;0;0;0;0;0;0;1;1;0;0;0
04/02/2022;10:23:00;77;Com vítima;282.800;3246;Crescente;Colisão frontal;0;0;0;1;0;0;0;0;0;0;0;0;1;0;0
04/02/2022;22:46:00;205;Sem vítima;171.700;3194;Decrescente;Choque;1;0;0;0;0;0;0;0;0;0;1;0;0;0;0
04/02/2022;23:23:00;208;Com vítima;77.000;3188;Decrescente;Colisão traseira;0;0;0;1;0;0;0;0;0;0;0;1;0;0;0
04/02/2022;23:26:00;211;Sem vítima;70.500;3188;Decrescente;Atropelamento de animal;1;0;0;0;0;0;0;0;0;0;1;0;0;0;0
05/02/2022;05:47:00;18;Sem vítima;302.000;3251;Crescente;Tombamento;0;0;1;0;0;0;0;0;0;0;1;0;0;0;0
05/02/2022;07:21:00;25;Sem vítima;265.000;3242;Crescente;Colisão traseira;2;0;0;0;0;0;0;0;0;0;2;0;0;0;0
05/02/2022;07:36:00;28;Com vítima;203.200;3196;Crescente;Colisão traseira;1;0;0;1;0;0;0;0;0;0;1;1;0;0;0
05/02/2022;10:00:00;59;Sem vítima;288.000;3246;Crescente;Colisão lateral no mesmo sentido;1;0;1;0;0;0;0;0;0;0;2;0;0;0;0
05/02/2022;11:03:00;77;Sem vítima;291.000;3246;Crescente;Colisão lateral no mesmo sentido;1;0;1;0;0;0;0;0;0;0;2;0;0;0;0
05/02/2022;11:26:00;83;Com vítima;67.000;3188;Decrescente;Colisão transversal;1;0;1;0;0;0;0;0;0;0;2;2;0;0;0
05/02/2022;12:54:00;98;Com vítima;309.000;3254;Crescente;Queda de moto;0;0;0;1;0;0;0;0;0;0;0;0;1;0;0
05/02/2022;14:00:00;108;Sem vítima;307.000;3251;Crescente;Saída de pista;1;0;0;0;0;0;0;0;0;0;1;0;0;0;0
05/02/2022;14:03:00;109;Sem vítima;289.000;3246;Crescente;Colisão traseira;1;0;0;0;0;0;0;0;0;0;1;0;0;0;0