data;horario;n_da_ocorrencia;tipo_de_ocorrencia;km;trecho;sentido;tipo_de_acidente;automovel;bicicleta;caminhao;moto;onibus;outros;tracao_animal;transporte_de_cargas_especiais;trator_maquinas;utilitarios;ilesos;levemente_feridos;moderadamente_feridos;gravemente_feridos;mortos
05/02/2022;15:50:00;124;Sem vítima;66.000;3184;Crescente;Colisão traseira;2;0;0;1;0;0;0;0;0;0;7;0;0;0;0
05/02/2022;17:31:00;136;Com vítima;99.000;3190;Crescente;Colisão traseira;0;0;0;1;0;0;0;0;0;0;1;0;1;0;0
05/02/2022;19:14:00;145;Com vítima;62.000;3186;Decrescente;Atropelamento de ciclista;0;1;0;0;0;0;0;0;0;0;0;0;1;0;0
05/02/2022;19:39:00;154;Com vítima;23.000;3184;Crescente;Queda de moto;0;0;0;1;0;0;0;0;0;0;0;1;0;0;0
05/02/2022;20:39:00;161;Com vítima;431.200;3305;Decrescente;Colisão lateral em sentido contrário;1;0;0;0;0;2;0;0;0;0;2;0;1;0;0
06/02/2022;02:40:00;7;Sem vítima;380.000;3293;Decrescente;Saída de pista;1;0;0;0;0;0;0;0;0;0;1;0;0;0;0
06/02/2022;14:47:00;99;Sem vítima;104.500;3188;Decrescente;Queda de moto;0;0;0;1;0;0;0;0;0;0;2;0;0;0;0
06/02/2022;21:03:00;170;Com vítima;286.500;3246;Crescente;Choque;2;0;0;0;0;0;0;0;0;0;1;0;1;0;0
06/02/2022;22:25:00;173;Com vítima;231.000;3219;Decrescente;Colisão lateral em sentido contrário;2;0;1;0;0;0;0;0;0;0;3;1;0;0;0
06/02/2022;23:02:00;176;Com vítima;391.000;3293;Decrescente;Queda de moto;0;0;0;1;0;0;0;0;0;0;0;1;0;0;0
07/02/2022;05:07:00;12;Com vítima;135.900;3196;Crescente;Atropelamento de animal;1;0;0;0;0;0;0;0;0;0;2;0;1;0;0
07/02/2022;06:35:00;25;Com vítima;198.700;3198;Decrescente;Saída de pista;1;0;0;0;0;0;0;0;0;0;0;1;0;0;0
07/02/2022;07:01:00;31;Sem vítima;207.000;3200;Crescente;Colisão traseira;1;0;1;0;0;0;0;0;0;0;2;0;0;0;0
07/02/2022;07:55:00;45;Com vítima;270.100;3243;Decrescente;Queda de moto;0;0;0;1;0;0;0;0;0;0;0;0;1;0;0
07/02/2022;12:27:00;112;Com vítima;299.000;3169;Decrescente;Colisão lateral no mesmo sentido;0;0;0;1;0;0;0;0;0;0;0;1;0;0;0
07/02/2022;15:24:00;155;Com vítima;388.100;3293;Decrescente;Colisão lateral em sentido contrário;0;0;1;0;0;1;0;0;0;0;1;1;0;0;0
07/02/2022;15:51:00;161;Com vítima;67.600;3141;Decrescente;Colisão lateral no mesmo sentido;1;0;0;1;0;0;0;0;0;0;3;0;1;0;0
07/02/2022;17:12:00;188;Com vítima;65.500;3184;Crescente;Colisão traseira;0;0;0;1;0;0;0;0;0;1;2;1;0;0;0
07/02/2022;18:05:00;198;Sem vítima;270.000;3243;Decrescente;Colisão lateral no mesmo sentido;1;0;1;0;0;0;0;0;0;0;2;0;0;0;0
07/02/2022;18:43:00;205;Com vítima;142.300;3148;Crescente;Atropelamento de ciclista;0;1;0;0;0;0;0;0;0;0;0;0;1;0;0
07/02/2022;20:51:00;226;Com vítima;142.000;3149;Decrescente;Queda de moto;0;0;0;1;0;0;0;0;0;0;0;0;1;0;0
08/02/2022;07:58:00;53;Com vítima;137.000;3196;Crescente;Queda de moto;0;0;0;1;0;0;0;0;0;0;0;1;0;0;0
08/02/2022;09:53:00;83;Sem vítima;255.400;3235;Crescente;Colisão traseira;2;0;0;0;0;0;0;0;0;0;3;0;0;0;0
08/02/2022;15:43:00;137;Sem vítima;214.000;3212;Crescente;Colisão traseira;1;0;1;0;0;0;0;0;0;0;5;0;0;0;0
08/02/2022;18:53:00;178;Com vítima;88.000;3188;Decrescente;Queda de moto;0;0;0;1;0;0;0;0;0;0;0;2;0;0;0
08/02/2022;21:01:00;193;Sem vítima;294.800;3250;Decrescente;Engavetamento;3;0;0;0;0;0;0;0;0;0;3;0;0;0;0
09/02/2022;11:47:00;80;Com vítima;65.000;3184;Crescente;Atropelamento de pedestre;1;0;0;0;0;0;0;0;0;0;2;0;1;0;0
09/02/2022;11:57:00;82;Com vítima;120.800;3188;Decrescente;Choque;1;0;0;1;0;0;0;0;0;0;3;0;1;0;0
09/02/2022;19:33:00;150;Sem vítima;277.000;3246;Crescente;Saída de pista;1;0;0;0;0;0;0;0;0;0;1;0;0;0;0
09/02/2022;19:34:00;151;Sem vítima;290.000;3246;Crescente;Colisão traseira;0;0;0;1;0;0;0;0;0;1;2;0;0;0;0
09/02/2022;20:17:00;154;Com vítima;271.000;3160;Decrescente;Colisão traseira;0;0;0;2;0;0;0;0;0;0;1;1;0;0;0
09/02/2022;22:16:00;167;Sem vítima;28.900;3182;Decrescente;Tombamento;0;0;0;0;0;1;0;0;0;0;1;0;0;0;0
10/02/2022;04:13:00;15;Com vítima;266.300;3242;Crescente;Colisão traseira;1;0;1;0;0;0;0;0;0;0;1;0;1;0;0
10/02/2022;06:36:00;21;Com vítima;163.500;3196;Crescente;Saída de pista;0;0;1;0;0;0;0;0;0;0;0;1;0;0;0
10/02/2022;09:04:00;66;Sem vítima;241.000;3227;Crescente;Saída de pista;1;0;0;0;0;0;0;0;0;0;1;0;0;0;0
10/02/2022;09:58:00;79;Sem vítima;101.600;3188;Decrescente;Choque;0;0;1;0;0;0;0;0;0;0;2;0;0;0;0
10/02/2022;12:23:00;101;Sem vítima;216.000;3214;Crescente;Colisão traseira;0;0;2;0;0;0;0;0;0;0;2;0;0;0;0
10/02/2022;12:40:00;105;Sem vítima;250.900;3237;Decrescente;Colisão lateral no mesmo sentido;1;0;0;0;0;1;0;0;0;0;2;0;0;0;0
10/02/2022;13:27:00;109;Com vítima;270.500;3159;Decrescente;Colisão transversal;1;0;0;1;0;0;0;0;0;0;1;0;1;0;0
10/02/2022;17:44:00;161;Sem vítima;339.000;3266;Decrescente;Saída de pista;1;0;0;0;0;0;0;0;0;0;1;0;0;0;0
10/02/2022;19:18:00;177;Com vítima;254.000;3235;Crescente;Colisão transversal;1;0;0;1;0;0;0;0;0;0;1;0;1;0;0
10/02/2022;21:19:00;195;Sem vítima;273.300;3247;Decrescente;Colisão transversal;2;0;0;0;0;0;0;0;0;0;2;0;0;0;0
11/02/2022;05:18:00;21;Sem vítima;452.000;3318;Decrescente;Colisão traseira;0;0;0;0;0;2;0;0;0;0;2;0;0;0;0
11/02/2022;05:20:00;22;Sem vítima;270.000;3243;Decrescente;Saída de pista;1;0;0;0;0;0;0;0;0;0;1;0;0;0;0
11/02/2022;06:50:00;38;Com vítima;298.000;3250;Decrescente;Colisão traseira;1;0;1;0;0;0;0;0;0;0;2;0;1;0;0
11/02/2022;09:01:00;67;Com vítima;208.000;3203;Crescente;Saída de pista;1;0;0;0;0;0;0;0;0;0;0;1;0;0;0
11/02/2022;13:38:00;126;Sem vítima;281.500;3247;Decrescente;Colisão lateral no mesmo sentido;1;0;0;0;0;0;0;0;0;0;1;0;0;0;0
11/02/2022;13:43:00;128;Sem vítima;285.900;3246;Crescente;Choque;1;0;0;0;0;0;0;0;0;0;1;0;0;0;0
11/02/2022;14:13:00;133;Com vítima;258.500;3239;Decrescente;Choque;1;0;0;0;0;0;0;0;0;0;0;1;0;0;0
11/02/2022;15:33:00;150;Com vítima;146.800;3194;Decrescente;Colisão traseira;1;0;0;1;0;0;0;0;0;0;3;1;0;0;0
11/02/2022;17:27:00;173;Sem vítima;145.000;3149;Decrescente;Engavetamento;3;0;0;0;0;0;0;0;0;0;3;0;0;0;0
11/02/2022;17:41:00;178;Sem vítima;302.000;3250;Decrescente;Colisão traseira;1;0;0;0;0;0;0;0;0;0;1;0;0;0;0
11/02/2022;17:49:00;182;Com vítima;186.500;3196;Crescente;Colisão lateral no mesmo sentido;1;0;0;1;0;0;0;0;0;0;2;0;0;0;1
11/02/2022;18:44:00;187;Com vítima;377.000;3291;Crescente;Queda de moto;0;0;0;1;0;0;0;0;0;0;0;1;0;0;0
11/02/2022;19:52:00;207;Sem vítima;120.000;3188;Decrescente;Colisão traseira;2;0;0;0;0;0;0;0;0;0;5;0;0;0;0
11/02/2022;21:09:00;222;Sem vítima;348.000;3266;Decrescente;Colisão traseira;1;0;0;0;0;0;0;0;0;0;3;0;0;0;0
11/02/2022;23:16:00;234;Com vítima;256.300;3235;Crescente;Atropelamento de pedestre;0;0;0;0;1;0;0;0;0;0;1;0;0;1;0
12/02/2022;08:37:00;58;Com vítima;145.000;3149;Decrescente;Colisão lateral no mesmo sentido;1;0;0;1;0;0;0;0;0;0;1;1;0;0;0
12/02/2022;08:48:00;61;Com vítima;208.006;3202;Decrescente;Colisão lateral no mesmo sentido;2;0;0;0;0;0;0;0;0;0;5;1;0;0;0
12/02/2022;11:47:00;91;Com vítima;300.000;3251;Crescente;Queda de moto;0;0;0;1;0;0;0;0;0;0;1;0;2;0;0
12/02/2022;12:18:00;96;Com vítima;259.000;3240;Crescente;Colisão traseira;1;0;0;0;1;0;0;0;0;0;2;1;0;0;0
12/02/2022;18:14:00;146;Com vítima;140.000;3149;Decrescente;Colisão traseira;1;0;0;1;0;0;0;0;0;0;4;1;0;0;0
12/02/2022;20:18:00;161;Com vítima;240.000;3225;Decrescente;Colisão lateral em sentido contrário;2;0;0;0;0;0;0;0;0;0;3;0;2;0;0
12/02/2022;22:34:00;179;Sem vítima;260.000;3241;Decrescente;Colisão traseira;2;0;0;0;0;0;0;0;0;0;3;0;0;0;0
13/02/2022;05:17:00;14;Com vítima;265.300;3243;Decrescente;Queda de moto;0;0;0;1;0;0;0;0;0;0;0;1;0;0;0
13/02/2022;07:14:00;21;Com vítima;255.500;3235;Crescente;Colisão transversal;1;0;0;0;0;1;0;0;0;0;1;1;0;0;0
13/02/2022;12:09:00;53;Sem vítima;262.005;3242;Crescente;Choque;1;0;0;0;0;0;0;0;0;0;4;0;0;0;0
13/02/2022;14:07:00;66;Com vítima;293.500;3248;Decrescente;Queda de moto;0;0;0;1;0;0;0;0;0;0;0;0;1;0;0
13/02/2022;16:46:00;85;Sem vítima;207.000;3200;Crescente;Saída de pista;1;0;0;0;0;0;0;0;0;0;1;0;0;0;0
13/02/2022;17:44:00;101;Com vítima;208.000;3203;Crescente;Colisão transversal;2;0;0;0;0;0;0;0;0;0;4;1;1;0;0
13/02/2022;22:34:00;126;Sem vítima;280.700;3246;Crescente;Choque;1;0;0;0;0;0;0;0;0;0;1;0;0;0;0
14/02/2022;00:04:00;1;Com vítima;350.000;3268;Crescente;Colisão traseira;0;0;0;1;0;0;0;0;0;0;0;0;1;0;0
14/02/2022;03:00:00;10;Sem vítima;159.000;3196;Crescente;Acidentes de outra natureza;1;0;0;0;0;0;0;0;0;0;1;0;0;0;0
14/02/2022;06:16:00;21;Sem vítima;194.800;3198;Decrescente;Saída de pista;1;0;0;0;0;0;0;0;0;0;2;0;0;0;0
14/02/2022;10:05:00;60;Sem vítima;257.800;3239;Decrescente;Colisão traseira;2;0;0;0;0;0;0;0;0;0;4;0;0;0;0
14/02/2022;12:04:00;94;Sem vítima;307.000;3250;Decrescente;Choque;0;0;0;0;0;0;0;0;0;1;1;0;0;0;0
14/02/2022;13:38:00;107;Com vítima;100.200;3190;Crescente;Colisão transversal;0;0;1;1;0;0;0;0;0;0;2;0;1;0;0
14/02/2022;15:27:00;126;Sem vítima;276.000;3247;Decrescente;Tombamento;1;0;0;0;0;0;0;0;0;0;1;0;0;0;0
14/02/2022;15:54:00;134;Sem vítima;160.000;3196;Crescente;Colisão transversal;1;0;0;1;0;0;0;0;0;0;2;0;0;0;0
14/02/2022;19:30:00;165;Sem vítima;145.200;3149;Decrescente;Colisão lateral no mesmo sentido;1;0;1;0;0;0;0;0;0;0;4;0;0;0;0
15/02/2022;04:27:00;20;Sem vítima;161.200;3194;Decrescente;Saída de pista;0;0;0;0;0;1;0;0;0;0;1;0;0;0;0
15/02/2022;07:43:00;43;Com vítima;944.200;3172;Decrescente;Colisão transversal;1;0;0;1;0;0;0;0;0;0;1;0;0;1;0
15/02/2022;09:00:00;74;Com vítima;133.000;3196;Crescente;Queda de moto;0;0;0;1;0;0;0;0;0;0;0;0;0;1;0
15/02/2022;12:32:00;128;Sem vítima;246.800;3234;Decrescente;Acidentes de outra natureza;1;0;0;0;0;0;0;0;0;0;1;0;0;0;0
15/02/2022;12:39:00;129;Sem vítima;258.500;3238;Crescente;Acidentes de outra natureza;1;0;0;0;0;0;0;0;0;0;1;0;0;0;0
15/02/2022;14:08:00;144;Sem vítima;205.500;3198;Decrescente;Colisão traseira;2;0;0;0;0;0;0;0;0;0;3;0;0;0;0
15/02/2022;14:32:00;150;Sem vítima;445.700;3308;Crescente;Colisão traseira;1;0;0;0;1;0;0;0;0;0;22;0;0;0;0
15/02/2022;18:29:00;211;Com vítima;442.600;3310;Decrescente;Colisão transversal;0;0;0;1;0;0;0;0;0;0;0;0;1;1;0
15/02/2022;19:19:00;219;Sem vítima;393.300;3293;Decrescente;Colisão lateral em sentido contrário;2;0;0;0;0;0;0;0;0;0;2;0;0;0;0
15/02/2022;21:53:00;247;Sem vítima;265.700;3242;Crescente;Colisão traseira;1;0;2;0;0;0;0;0;0;0;3;0;0;0;0
16/02/2022;06:33:00;22;Com vítima;287.000;3246;Crescente;Colisão transversal;0;0;0;1;1;0;0;0;0;0;1;0;0;1;0
16/02/2022;06:47:00;24;Sem vítima;1.000;3324;Crescente;Saída de pista;0;0;0;0;0;1;0;0;0;0;1;0;0;0;0
16/02/2022;08:30:00;57;Com vítima;261.000;3240;Crescente;Colisão traseira;1;0;0;1;0;0;0;0;0;0;1;0;1;0;0
16/02/2022;08:42:00;59;Sem vítima;452.000;3316;Crescente;Colisão traseira;0;0;1;0;0;1;0;0;0;0;2;0;0;0;0
16/02/2022;09:38:00;83;Com vítima;294.700;3250;Decrescente;Colisão lateral no mesmo sentido;0;0;0;1;0;0;0;0;0;0;1;1;0;0;0
16/02/2022;12:07:00;112;Sem vítima;295.000;3251;Crescente;Colisão traseira;0;0;0;0;0;2;0;0;0;0;2;0;0;0;0
16/02/2022;12:13:00;114;Sem vítima;406.000;3301;Crescente;Colisão lateral no mesmo sentido;1;0;0;0;0;0;0;0;0;0;1;0;0;0;0
16/02/2022;12:16:00;116;Sem vítima;264.000;3242;Crescente;Colisão lateral no mesmo sentido;1;0;1;0;0;0;0;0;0;0;2;0;0;0;0
16/02/2022;16:30:00;164;Sem vítima;270.000;3243;Decrescente;Colisão traseira;1;0;0;0;0;1;0;0;0;0;3;0;0;0;0
16/02/2022;17:43:00;176;Sem vítima;287.000;3246;Crescente;Colisão lateral no mesmo sentido;1;0;0;0;0;0;0;0;0;0;1;0;0;0;0
16/02/2022;21:54:00;198;Com vítima;141.000;3148;Crescente;Choque;1;0;0;1;0;0;0;0;0;0;2;0;0;1;0
16/02/2022;22:09:00;199;Com vítima;62.000;3184;Crescente;Queda de moto;0;0;0;1;0;0;0;0;0;0;0;1;0;0;0
17/02/2022;05:05:00;13;Sem vítima;325.600;3261;Crescente;Colisão traseira;1;0;1;0;0;0;0;0;0;0;3;0;0;0;0
17/02/2022;06:53:00;23;Com vítima;144.000;3149;Decrescente;Queda de moto;0;0;0;1;0;0;0;0;0;0;0;0;1;0;0
17/02/2022;07:59:00;40;Com vítima;66.000;3184;Crescente;Colisão transversal;0;1;0;1;0;0;0;0;0;0;1;1;0;0;0
17/02/2022;09:11:00;63;Sem vítima;208.000;3203;Crescente;Colisão lateral no mesmo sentido;1;0;1;0;0;0;0;0;0;0;3;0;0;0;0
17/02/2022;09:13:00;64;Sem vítima;242.000;3228;Crescente;Colisão traseira;2;0;0;0;0;0;0;0;0;0;3;0;0;0;0
17/02/2022;10:58:00;86;Com vítima;279.000;3246;Crescente;Queda de moto;0;0;0;1;0;0;0;0;0;0;0;0;1;0;0
17/02/2022;11:56:00;97;Sem vítima;58.000;3184;Crescente;Colisão transversal;2;0;0;0;0;0;0;0;0;0;4;0;0;0;0
17/02/2022;13:07:00;104;Com vítima;29.000;3182;Decrescente;Queda de bicicleta;0;0;0;1;0;0;0;0;0;0;0;1;0;0;0
17/02/2022;14:23:00;119;Sem vítima;293.000;3248;Decrescente;Colisão transversal;2;0;0;0;0;0;0;0;0;0;2;0;0;0;0
17/02/2022;15:12:00;124;Sem vítima;147.005;3149;Decrescente;Engavetamento;3;0;0;0;0;0;0;0;0;0;3;0;0;0;0
17/02/2022;15:53:00;130;Sem vítima;323.000;3262;Decrescente;Saída de pista;1;0;0;0;0;0;0;0;0;0;1;0;0;0;0
17/02/2022;19:22:00;159;Com vítima;267.800;3242;Crescente;Atropelamento de ciclista;0;1;0;1;0;0;0;0;0;0;1;0;1;0;0
17/02/2022;22:04:00;176;Sem vítima;203.000;3196;Crescente;Saída de pista;1;0;0;0;0;0;0;0;0;0;3;0;0;0;0
18/02/2022;02:23:00;11;Com vítima;146.500;3194;Decrescente;Colisão transversal;1;0;1;0;0;0;0;0;0;0;1;1;1;0;0
18/02/2022;07:21:00;35;Sem vítima;59.000;3186;Decrescente;Choque;2;0;0;0;0;0;0;0;0;0;2;0;0;0;0
18/02/2022;12:34:00;105;Com vítima;146.600;3148;Crescente;Engavetamento;3;0;0;1;0;0;0;0;0;0;3;1;0;0;0
18/02/2022;13:10:00;113;Sem vítima;145.300;3148;Crescente;Colisão traseira;2;0;0;0;0;0;0;0;0;0;2;0;0;0;0
18/02/2022;13:16:00;115;Com vítima;276.000;3246;Crescente;Queda de moto;0;0;0;1;0;0;0;0;0;0;0;0;1;0;0
18/02/2022;13:41:00;118;Sem vítima;362.000;3278;Crescente;Choque;1;0;0;0;0;0;0;0;0;0;1;0;0;0;0
18/02/2022;14:09:00;125;Sem vítima;146.000;3148;Crescente;Colisão traseira;1;0;0;1;0;0;0;0;0;0;2;0;0;0;0
18/02/2022;14:16:00;127;Com vítima;284.000;3247;Decrescente;Queda de moto;0;0;0;1;0;0;0;0;0;0;1;1;0;0;0
18/02/2022;14:37:00;131;Sem vítima;327.400;3261;Crescente;Choque;1;0;0;0;0;0;0;0;0;0;1;0;0;0;0
18/02/2022;14:47:00;137;Com vítima;146.000;3196;Crescente;Queda de moto;0;0;0;1;0;0;0;0;0;0;0;1;0;0;0
18/02/2022;15:52:00;158;Com vítima;287.000;3246;Crescente;Colisão traseira;1;0;0;0;0;0;0;0;0;0;0;2;0;0;0
18/02/2022;16:42:00;164;Com vítima;126.900;3146;Crescente;Queda de bicicleta;0;1;0;0;0;0;0;0;0;0;0;1;0;0;0
18/02/2022;20:46:00;221;Sem vítima;304.000;3250;Decrescente;Colisão transversal;1;0;1;0;0;0;0;0;0;0;2;0;0;0;0
19/02/2022;00:00:00;1;Sem vítima;274.000;3246;Crescente;Choque;1;0;0;0;0;0;0;0;0;0;1;0;0;0;0
19/02/2022;02:11:00;10;Com vítima;128.000;3190;Crescente;Colisão frontal;2;0;0;0;0;0;0;0;0;0;4;1;0;0;0
19/02/2022;02:46:00;12;Sem vítima;270.000;3242;Crescente;Colisão traseira;0;0;1;0;0;0;0;0;0;0;2;0;0;0;0
19/02/2022;07:18:00;34;Sem vítima;355.900;3266;Decrescente;Tombamento;0;0;0;0;0;1;0;0;0;0;1;0;0;0;0
19/02/2022;15:41:00;141;Sem vítima;380.000;3293;Decrescente;Colisão lateral em sentido contrário;2;0;0;0;0;0;0;0;0;0;4;0;0;0;0
19/02/2022;18:38:00;175;Sem vítima;135.000;3194;Decrescente;Saída de pista;1;0;0;0;0;0;0;0;0;0;2;0;0;0;0
19/02/2022;19:14:00;180;Sem vítima;945.000;3172;Decrescente;Colisão transversal;1;0;0;0;0;0;0;0;0;0;1;0;0;0;0
19/02/2022;19:33:00;182;Com vítima;139.900;3148;Crescente;Queda de moto;0;0;0;1;0;0;0;0;0;0;0;1;0;0;0
19/02/2022;20:48:00;196;Sem vítima;66.300;3184;Crescente;Colisão transversal;1;0;0;1;0;0;0;0;0;0;3;0;0;0;0
19/02/2022;22:21:00;200;Com vítima;297.000;3166;Crescente;Colisão traseira;1;0;0;0;1;0;0;0;0;0;2;0;1;0;0
20/02/2022;03:10:00;11;Com vítima;235.950;3220;Crescente;Saída de pista;1;0;0;0;0;0;0;0;0;0;0;1;3;0;0
20/02/2022;03:52:00;12;Sem vítima;149.500;3196;Crescente;Choque;1;0;0;0;0;0;0;0;0;0;1;0;0;0;0
20/02/2022;05:51:00;18;Com vítima;162.800;3194;Decrescente;Atropelamento de ciclista;0;1;0;0;0;0;0;0;0;0;0;0;0;1;0
20/02/2022;11:10:00;87;Sem vítima;1.000;3324;Crescente;Choque;1;0;0;0;0;0;0;0;0;0;1;0;0;0;0
20/02/2022;15:11:00;151;Com vítima;371.000;3285;Crescente;Colisão transversal;1;0;0;0;0;0;0;0;0;1;2;0;1;0;0
20/02/2022;16:03:00;164;Sem vítima;414.000;3301;Crescente;Tombamento;0;0;0;0;0;1;0;0;0;0;1;0;0;0;0
20/02/2022;17:14:00;176;Sem vítima;256.400;3239;Decrescente;Choque;1;0;0;0;0;0;0;0;0;0;1;0;0;0;0
20/02/2022;18:28:00;186;Com vítima;393.000;3292;Crescente;Colisão transversal;2;0;0;0;0;0;0;0;0;0;3;0;1;0;0
20/02/2022;22:42:00;212;Com vítima;146.700;3149;Decrescente;Colisão transversal;1;0;0;1;0;0;0;0;0;0;2;0;1;1;0
21/02/2022;00:18:00;1;Com vítima;295.000;3166;Crescente;Choque;0;0;0;1;0;0;0;0;0;0;0;0;1;0;0
21/02/2022;05:54:00;20;Sem vítima;272.000;3246;Crescente;Colisão traseira;1;0;0;0;0;0;0;0;0;0;1;0;0;0;0
21/02/2022;06:20:00;25;Sem vítima;426.000;3301;Crescente;Saída de pista;1;0;0;0;0;0;0;0;0;0;1;0;0;0;0
21/02/2022;07:05:00;36;Sem vítima;262.000;3242;Crescente;Colisão traseira;1;0;0;0;0;1;0;0;0;0;3;0;0;0;0
21/02/2022;08:11:00;51;Com vítima;399.800;3295;Crescente;Colisão transversal;1;0;1;0;0;0;0;0;0;0;0;1;0;0;1
21/02/2022;08:26:00;55;Com vítima;144.000;3148;Crescente;Colisão lateral no mesmo sentido;1;0;1;0;0;0;0;0;0;0;3;1;0;0;0
21/02/2022;08:37:00;58;Sem vítima;295.000;3250;Decrescente;Colisão lateral no mesmo sentido;1;0;0;1;0;0;0;0;0;0;2;0;0;0;0
21/02/2022;09:03:00;69;Sem vítima;267.800;3158;Crescente;Colisão traseira;1;0;0;0;0;1;0;0;0;0;2;0;0;0;0
21/02/2022;09:51:00;82;Com vítima;388.000;3292;Crescente;Capotamento;1;0;0;0;0;0;0;0;0;0;0;1;0;0;0
21/02/2022;16:08:00;143;Sem vítima;297.000;3250;Decrescente;Colisão traseira;0;0;0;2;0;0;0;0;0;0;2;0;0;0;0
21/02/2022;16:32:00;148;Sem vítima;238.000;3225;Decrescente;Colisão traseira;3;0;0;0;0;1;0;0;0;0;6;0;0;0;0
21/02/2022;17:15:00;155;Com vítima;129.900;3188;Decrescente;Queda de bicicleta;0;1;0;0;0;0;0;0;0;0;0;1;0;0;0
21/02/2022;17:32:00;157;Com vítima;262.000;3243;Decrescente;Colisão transversal;0;0;0;2;0;0;0;0;0;0;1;0;1;0;0
21/02/2022;18:52:00;174;Sem vítima;230.000;3219;Decrescente;Colisão traseira;1;0;0;0;0;0;0;0;0;1;3;0;0;0;0
21/02/2022;19:26:00;188;Com vítima;179.000;3194;Decrescente;Queda de moto;0;0;0;1;0;0;0;0;0;0;0;1;1;0;0
21/02/2022;20:50:00;198;Com vítima;458.000;3319;Crescente;Colisão transversal;1;0;0;0;0;1;0;0;0;0;1;0;1;0;0
21/02/2022;21:14:00;200;Com vítima;204.000;3198;Decrescente;Queda de moto;0;0;0;1;0;0;0;0;0;0;0;1;1;0;0
22/02/2022;06:27:00;22;Sem vítima;299.000;3250;Decrescente;Colisão traseira;1;0;0;0;0;1;0;0;0;0;2;0;0;0;0
22/02/2022;08:35:00;56;Sem vítima;118.800;3190;Crescente;Acidentes de outra natureza;1;0;0;0;0;0;0;0;0;0;2;0;0;0;0
22/02/2022;09:34:00;75;Com vítima;288.000;3247;Decrescente;Atropelamento de pedestre;0;0;0;0;0;0;0;0;0;0;0;0;0;0;1
22/02/2022;09:38:00;77;Com vítima;270.700;3246;Crescente;Colisão lateral no mesmo sentido;0;0;0;2;0;0;0;0;0;0;1;2;0;0;0
22/02/2022;10:44:00;96;Sem vítima;276.000;3247;Decrescente;Colisão traseira;0;0;1;0;0;0;0;0;0;0;3;0;0;0;0
22/02/2022;11:49:00;111;Com vítima;145.000;3148;Crescente;Colisão traseira;0;0;1;0;1;0;0;0;0;0;2;1;0;0;0
22/02/2022;12:36:00;115;Sem vítima;213.000;3208;Decrescente;Colisão traseira;2;0;0;0;0;0;0;0;0;0;2;0;0;0;0
22/02/2022;15:42:00;148;Sem vítima;69.100;3184;Crescente;Saída de pista;1;0;0;0;0;0;0;0;0;0;2;0;0;0;0
22/02/2022;19:20:00;186;Com vítima;146.100;3148;Crescente;Atropelamento de ciclista;0;1;0;1;0;0;0;0;0;0;0;1;1;0;0
23/02/2022;05:56:00;16;Sem vítima;443.100;3308;Crescente;Saída de pista;1;0;0;0;0;0;0;0;0;0;1;0;0;0;0
23/02/2022;08:39:00;66;Com vítima;208.000;3203;Crescente;Queda de moto;0;0;0;1;0;0;0;0;0;0;0;0;0;1;0
23/02/2022;11:06:00;101;Sem vítima;204.000;3196;Crescente;Colisão transversal;2;0;0;0;0;0;0;0;0;0;2;0;0;0;0
23/02/2022;12:10:00;119;Com vítima;94.000;3188;Decrescente;Engavetamento;0;0;1;0;0;0;0;0;0;3;5;7;2;0;0
23/02/2022;12:24:00;122;Sem vítima;269.300;3243;Decrescente;Colisão traseira;1;0;0;0;0;0;0;0;0;0;2;0;0;0;0
23/02/2022;14:13:00;142;Sem vítima;265.000;3159;Decrescente;Colisão transversal;1;0;0;1;0;0;0;0;0;0;2;0;0;0;0
23/02/2022;14:45:00;150;Com vítima;237.000;3220;Crescente;Saída de pista;1;0;0;0;0;0;0;0;0;0;0;1;1;0;0
23/02/2022;17:38:00;180;Com vítima;16.900;3180;Crescente;Queda de moto;0;0;0;1;0;0;0;0;0;0;0;0;1;0;0
23/02/2022;17:48:00;184;Sem vítima;295.800;3251;Crescente;Colisão traseira;1;0;0;0;0;1;0;0;0;0;2;0;0;0;0
23/02/2022;18:27:00;196;Com vítima;298.800;3169;Decrescente;Queda de moto;0;0;0;1;0;0;0;0;0;0;0;0;1;0;0
23/02/2022;18:38:00;198;Sem vítima;204.000;3198;Decrescente;Colisão transversal;2;0;0;0;0;0;0;0;0;0;3;0;0;0;0